# https://github.com/mikedh/trimesh
v -24.00379669 21.04890451 -7.60226174
v -23.84879725 20.93314384 -6.88115285
v -23.86337213 21.59504658 -7.33824528
v -23.72226081 20.23133186 -7.66865456
v -23.48426300 19.27232530 -7.39112090
v -23.37452507 19.59208151 -5.84657419
v -23.24945366 22.30469234 -4.76694238
v -23.54544475 20.68395915 -8.31094294
v -23.09341000 21.25484105 -4.19127021
v -23.34130072 21.96404461 -8.78145899
v -22.65858760 18.59076316 -7.81206482
v -23.14164790 19.13978426 -6.35583526
v -23.27667365 22.70646549 -7.73676053
v -22.71344080 23.55274948 -2.69596347
v -23.07145105 19.72320611 -8.27928450
v -22.71569111 22.44927327 -2.23179718
v -23.02902286 19.50405927 -5.64169321
v -23.83014259 20.16754847 6.34299298
v -22.24811846 20.40350482 -8.69863704
v -22.49823420 15.81723958 -10.00677930
v -22.50843234 20.84472152 -4.02792415
v -22.46365949 24.35974982 -3.24470371
v -22.57468409 23.12727588 -2.10171095
v -22.85438515 23.09130431 -5.15383024
v -22.25670983 24.53250658 -2.62958244
v -22.47349448 16.52722903 -9.86975745
v -22.02495331 19.08280723 -8.24037069
v -22.56204508 20.03996869 -4.65043607
v -22.27853085 21.21445169 -2.89567369
v -22.10718201 23.91825068 -1.31775218
v -21.69219052 19.13221853 -7.81745987
v -21.87833182 15.81311232 -11.22964857
v -21.99652650 22.27776440 -1.26701905
v -22.03999628 18.72130026 -7.43482492
v -21.52086466 21.42306124 -9.13409996
v -21.96913845 18.13965969 -4.99860053
v -21.38474393 25.46494458 -3.72147143
v -21.75841277 15.27204844 -10.85515343
v -21.67213137 24.77028530 -9.00624990
v -21.26824451 21.07317899 -8.47105407
v -21.47680859 25.09738393 -1.81191290
v -21.32885714 24.26146590 -8.91915289
v -21.58762020 23.75737879 -9.56887749
v -20.64205063 25.09734429 2.41304760
v -21.53132845 17.03922205 -11.26286613
v -21.55844922 24.39938830 -10.09261276
v -21.76719473 17.53198090 -6.40262057
v -21.56800816 17.69497694 -10.63577368
v -21.80148346 20.62614387 -3.66669246
v -21.31918653 16.71804358 -10.03315896
v -21.55894665 20.45753836 -4.31104145
v -21.22234069 16.13518934 -10.95487448
v -21.21089007 18.20263973 -7.94827346
v -21.15551488 17.44945962 -6.77764175
v -21.13349928 19.64327354 -7.80239069
v -21.56516928 24.30239620 -1.26445092
v -21.14171103 18.35028982 -4.12166583
v -21.25366641 17.92648983 -9.98576136
v -20.61081688 26.10245102 -9.45245225
v -20.67379526 20.36331046 -1.24873131
v -21.25706702 24.98144828 -8.79940824
v -20.83608109 16.02071900 -11.60620296
v -20.61308625 17.79087822 -7.11540389
v -20.70771082 25.52067986 -10.09178411
v -20.83550357 18.79000143 -10.98897893
v -21.15287259 24.11558704 -10.32561216
v -21.02474378 20.75282057 -4.65717493
v -21.25276492 20.82662990 -4.30284163
v -20.88124041 24.66417846 -8.25819910
v -21.06352451 19.74610431 -2.36338938
v -20.25200900 18.99173799 -3.93198063
v -21.11706123 19.81686046 -8.31527473
v -20.37121432 23.09134934 -0.66079189
v -21.19954547 22.59128810 -0.68083114
v -20.69774509 20.14342645 -7.38053346
v -20.24338454 26.23345807 -9.06940034
v -21.16069993 25.31530573 -8.46457812
v -20.50283836 17.90225227 -9.21685387
v -21.07261803 18.35197031 -8.87277676
v -21.27357784 18.57922063 -8.07907961
v -20.21712968 26.17887192 -2.57494490
v -20.80641549 21.26796119 -7.94862871
v -20.47423601 23.47567796 1.82257919
v -20.06213600 22.25966729 -10.05980393
v -20.98378409 23.34377316 -10.13055584
v -20.22663737 25.25414452 -10.77978653
v -20.98190507 25.97962690 -3.08420641
v -21.14025591 22.12066650 -1.07319333
v -20.55791814 26.16971820 -10.27722399
v -20.18227812 25.61124384 -6.17649827
v -20.01161854 26.25975192 -4.30178965
v -20.22846389 14.42554054 -10.67098276
v -20.47896064 18.42813217 -8.01877059
v -20.26397518 16.84236097 -6.28535232
v -20.68087261 18.57195269 -9.91097692
v -20.39353495 15.78740536 -11.61065029
v -20.38448002 23.60204194 -10.65123774
v -20.49707192 28.35956540 -10.12995352
v -20.48442762 19.22664698 -8.51138400
v -20.23064502 28.26946304 -9.45720107
v -20.51830636 27.55600543 -10.55701599
v -20.56232333 19.60105528 -9.20048905
v -20.34449022 22.36357170 -1.15062626
v -20.42873461 20.80139212 -5.12934712
v -20.96157357 18.10129085 -11.96604863
v -20.03854069 25.88365380 -10.89484019
v -20.50121841 19.57895785 -3.57830191
v -20.21676773 21.23839615 -4.97389252
v -20.23980934 26.98789167 -11.15694557
v -20.21752818 20.85565340 -5.90447944
v -20.13948301 26.36054268 -8.43127510
v -19.89261423 18.93367638 -11.64142724
v -20.49802590 17.02436596 -5.35984111
v -20.24621603 24.40874214 -11.00826016
v -20.20260803 20.41138099 -11.39212984
v -19.83036527 28.78865549 -13.49196585
v -19.63131141 22.92051350 -10.25048924
v -20.21358180 19.31240865 -7.67181203
v -18.73234425 24.47649396 3.25364173
v -20.16225882 19.05924880 -6.98044122
v -20.22394208 23.07727970 -1.11804412
v -20.23870298 20.49450365 -7.37655922
v -20.58273005 16.96144180 -12.42904537
v -20.21989299 28.20972716 -8.82293854
v -20.15693189 14.30087933 -10.00677603
v -19.86623311 25.21681493 -7.18375358
v -20.01694691 30.01771092 -11.60507184
v -20.02377381 17.55790117 -12.54711629
v -19.92781165 18.11754408 -12.45634005
v -20.04655935 19.99413001 -7.28470349
v -19.96481047 20.31958469 -11.98974551
v -19.96771571 18.43605427 -7.30144147
v -19.34595080 26.19938535 -5.24211488
v -19.65818062 19.91213167 -9.19890291
v -19.60295544 14.61727600 -10.05274952
v -19.79027956 17.63515837 -7.79937882
v -19.85612889 22.88095810 -1.55605222
v -19.97092557 23.33772960 -1.09187470
v -19.96890173 19.54401338 -4.35833113
v -19.98575089 19.80225739 -6.39154701
v -19.91596303 29.65160211 -13.29549811
v -19.81851199 19.01897408 -10.10617333
v -19.96649445 26.83219585 -11.79260085
v -20.11124942 19.06261937 -3.02992507
v -20.06964229 24.61072267 -1.68777479
v -19.89807310 19.56036422 -6.69823452
v -19.56485207 26.27100990 -7.38945042
v -19.78436920 30.82214671 -11.52359661
v -19.90550067 29.67090689 -9.34301172
v -19.75498311 19.87812614 -5.46055796
v -19.21025531 30.65182145 -14.21751301
v -19.65625463 21.81753567 -5.33742814
v -19.75382311 20.05170880 -8.19512265
v -19.46453269 25.77180557 -6.08747248
v -19.86434485 20.48327340 -6.94822855
v -19.78332664 30.26325088 -11.93703095
v -19.66828290 19.90429216 -5.85668807
v -19.78071377 28.75964146 -8.19241526
v -19.85340368 15.67717605 -10.06598927
v -19.75885515 23.91579987 -1.63940065
v -19.65215625 14.66422074 -9.09574231
v -19.06372935 26.64800436 -3.44926139
v -19.29074820 22.25937805 -4.29437184
v -19.77407698 19.85050766 -3.94089661
v -20.17754783 25.33284207 -1.55594449
v -19.43070618 22.93261157 -2.77328674
v -19.26850041 24.78040595 -1.70858776
v -19.45862769 30.39604192 -9.36259132
v -19.44639167 22.65051045 3.70113494
v -19.33793313 23.40662139 -2.21037456
v -19.36866656 23.95007505 -2.76626814
v -19.60005198 21.07923922 -5.91600447
v -18.96714179 21.56525957 -1.18170570
v -19.48976173 20.43768903 -5.12620634
v -19.13247420 21.58608219 -5.95093240
v -19.71240277 17.70650639 -4.30883249
v -19.31826982 19.69880253 -1.07632005
v -19.17310580 20.25738751 -8.48001262
v -19.20282049 21.01062109 -0.77615856
v -19.61500565 28.78425589 -14.11995811
v -19.55849847 21.10505636 -4.72448751
v -17.48100071 18.41465916 2.80057879
v -19.10818048 21.51374930 6.64513125
v -19.33610289 21.15758944 -3.85004027
v -19.27881456 21.01041922 -6.62300109
v -19.28485890 26.36788388 -12.21162997
v -19.14836285 21.51547265 -3.45127606
v -19.18236371 23.20059330 5.67582070
v -19.24370014 15.18833148 -8.57777385
v -18.76074509 25.41983547 -1.14665948
v -19.38786099 26.77042817 -5.86493136
v -19.18367828 15.74530630 -10.28684677
v -19.54600116 17.02121152 -12.57662202
v -19.06134596 23.13771486 -3.10402090
v -19.20857929 26.64501859 -5.38392345
v -19.47361426 20.54910457 -7.46740472
v -19.08230092 23.37882126 4.76928925
v -19.21811376 21.77396985 -9.30539436
v -18.87823571 26.41422329 -4.72843096
v -18.82231812 22.08797422 -5.07240559
v -19.17044356 26.85674174 -4.80367042
v -19.21875586 25.12125809 -10.99835649
v -19.18929325 22.03285668 -4.48994276
v -19.13537384 17.74129338 -7.46646398
v -18.99470759 29.57266988 -8.24744770
v -18.92526020 27.17037626 -13.79873378
v -19.28006983 15.71511502 -11.30963160
v -19.14299270 21.91497761 -5.35459260
v -18.92439024 28.56359014 -7.61501579
v -18.65650381 21.65163414 5.23121160
v -19.32935772 31.26282014 -12.83305360
v -18.76111365 24.67516475 -11.19527056
v -18.91307820 20.25659382 -4.11075052
v -18.64187783 21.51152574 -6.58528943
v -18.65365987 22.56506614 -4.49246639
v -18.48355160 27.33023679 -14.36837368
v -19.16315348 26.92659651 -6.80312286
v -18.94097847 22.36358203 -3.91857169
v -18.81541622 17.64185668 -9.39153418
v -18.64801237 27.23668709 -4.81283433
v -18.82802833 21.88331653 -1.84097991
v -19.11855152 22.17511758 -2.98732536
v -18.93492456 17.51613311 -7.87933310
v -18.75139418 17.68987576 -7.46195247
v -18.68622221 19.65972572 -4.86620148
v -18.76293030 23.55882769 -1.69842710
v -18.64400001 31.97804616 -11.30774045
v -18.85773636 22.68586877 -1.58959802
v -19.06126069 31.81764685 -12.45794230
v -18.54197272 16.65783214 -9.79140308
v -18.40949260 17.45270217 -4.91014968
v -18.70191487 21.58621651 5.74168250
v -18.40836666 23.63046573 -2.71940689
v -18.65044320 21.13490366 -6.87457478
v -19.18660407 18.77948848 -2.62670741
v -18.46034446 32.05458840 -13.35916982
v -18.72585745 16.43589502 -11.96681047
v -1.17403604 43.50403379 5.82449740
v -18.75234339 22.54912656 -9.84383704
v -18.53283075 16.57415230 -8.22724573
v -18.92698802 21.98287172 -2.20073012
v -18.34710041 26.52432394 -4.24858508
v -18.63421093 26.01264617 -12.10651158
v -18.63568566 30.43266364 -15.00593756
v -18.04858027 28.96397141 -15.56430573
v -19.94229704 16.58765877 -13.29006856
v -18.84739315 22.81919884 -2.01863002
v -18.92693321 17.10855958 -7.13471963
v -18.29923525 24.18294709 -1.74659338
v -18.67053443 23.27974166 -1.11827099
v -18.76049215 21.64411390 -8.98757894
v -18.37352108 24.42723815 -1.48217982
v -17.70265713 31.49099160 -9.38531028
v -18.46207641 23.19730629 -3.39254684
v -18.21105324 26.67478291 -13.82547016
v -18.43671024 30.18919731 -8.40446198
v -18.66170661 23.21237237 -3.74123739
v -17.85165657 18.77132969 -4.56220245
v -18.45789885 21.28519802 6.60047550
v -18.04188024 32.27061441 -13.21548138
v -18.43191945 21.96766758 -1.67394744
v -18.53939215 29.43442731 -8.00015833
v -18.50352093 24.15712243 2.99417983
v -18.55771606 24.75539767 4.38085846
v -18.59663786 30.82299552 -14.68294829
v -18.34735473 22.58666262 -0.19043095
v -4.91523456 43.00082056 -7.76491700
v -18.56096997 24.09996104 -0.54508364
v -17.57454945 19.77019197 -1.31803775
v -18.34839842 21.66029033 -6.13373978
v -18.46305956 18.11308107 -9.93039875
v -18.18610902 17.05108611 -6.07649734
v -17.06870475 18.83819551 -9.44306870
v -18.51185358 17.80972172 -11.98452602
v -18.43520665 22.59147947 -0.80305742
v -18.43864868 20.54032685 -7.78167135
v -17.97085255 19.74653328 -4.30635309
v -18.48442917 16.77494992 -7.82461163
v -18.01509597 27.67077244 -6.32187614
v -18.41052362 20.20716265 -8.45183670
v -17.92202402 30.16701942 -7.83737373
v -18.49640634 26.06494291 -2.29095264
v -17.88425317 17.36214181 -7.26154655
v -18.22614913 25.21688069 6.74851706
v -18.52531432 22.72254238 -10.40191691
v -17.66267939 17.77076035 -13.03740633
v -17.88327363 21.37668221 -6.54628764
v -18.18887181 25.70105192 5.69714255
v -18.28395275 20.46105799 -0.84981645
v -18.28393923 24.41976340 2.34381079
v -18.19515147 18.04620548 -11.19870474
v -18.25450967 31.63720013 -14.40558246
v -18.51778462 24.69175457 2.16136514
v -18.21966817 17.79718747 -8.23083066
v -18.02398692 19.14724462 -3.92935793
v -18.11412709 19.73740433 -8.55179241
v -18.19373274 17.45602644 -10.13479433
v 9.52556484 37.45944266 -14.44214415
v -17.82941646 22.53695155 -9.91009300
v -17.75829316 26.29515805 -3.36749118
v -18.23591446 16.47586650 -10.89379563
v -17.60378417 18.24291420 -9.67864567
v -17.93539036 24.85877307 -1.22054475
v -18.09944660 30.58511698 -15.18197249
v -17.22723147 18.47339103 4.00965420
v -18.06108987 25.56953812 8.08721334
v -17.91947062 32.36386619 -13.86104552
v -17.42322533 26.61833202 -14.35660710
v -17.57596411 28.73614535 -15.61457134
v -18.06332546 22.43716684 8.57306715
v -17.08695452 26.80453142 0.45864003
v -18.08524805 22.86180718 7.51346865
v -17.61027336 28.52608308 -6.35806655
v -17.71747403 25.67589625 3.87535985
v -17.81971166 31.56644643 -14.86232139
v -17.70263289 23.56963070 8.78980165
v -17.72911348 19.89504444 -7.99605171
v -17.87054681 19.02297447 -9.13070331
v -17.80662421 23.35339934 -10.74048281
v -17.91736549 28.70137069 -6.88436035
v -17.39291495 22.33359434 -9.34693596
v -18.12894026 26.86255996 -4.27179944
v -17.95191860 25.09774054 10.67385717
v -17.47698862 26.70714213 -4.28517100
v -17.87335400 20.65414211 -7.47540520
v -17.93489077 22.08421318 -5.64237048
v -17.75743888 18.53535772 -8.15036483
v 9.29417922 37.35903117 -14.51481515
v -17.64502786 19.62082070 -5.07976057
v -18.56494030 17.26722415 -12.62130966
v -17.68824215 16.81914499 5.24521827
v -17.25224464 22.74325669 -8.27033486
v -17.90429742 26.15434618 10.09034298
v -17.41285192 23.16454541 -10.16914670
v -17.83125746 17.73704997 -8.50119192
v -19.26186708 21.21606028 -4.39098154
v -17.75420724 32.65397314 -12.88086049
v -17.80515566 20.79556725 -6.86163222
v -17.33114609 29.62720948 -16.02071623
v -17.96888048 25.97048067 -1.78057435
v -17.64747486 16.45389531 6.91013467
v -17.68935776 24.25189663 11.16761721
v -17.52768507 19.01278766 -8.01804979
v -17.60862372 21.46429314 -1.47382285
v -17.47122411 28.04864955 -15.63760776
v -18.10358443 21.84299054 -0.97059344
v -17.28548473 24.82349369 -11.98807792
v -17.44967322 24.45869250 9.55843181
v -17.36764126 22.23960194 -7.33260351
v -17.45026441 18.13671737 -8.05632947
v -17.49461010 24.20543009 -11.58258763
v -16.98390067 28.83719945 -6.45525165
v -17.10578954 24.08390389 11.04660446
v -17.45291451 31.70008598 -9.89733083
v -17.42792017 29.66920676 -6.87269300
v -18.13829121 22.68556061 6.83132400
v -16.14628697 32.93528018 -14.46066093
v -17.05377104 24.32837289 -11.53194887
v -17.25590408 20.87031274 -6.13484372
v -17.35827709 27.06445658 9.75577720
v -16.34907022 25.94801710 -2.28917776
v -17.22239150 27.40100587 11.06954286
v -17.59341096 19.63707638 -7.61142876
v -17.73409597 31.21473555 -15.42201354
v -17.52727603 27.70935833 -5.95703468
v -17.14350453 24.30413344 9.40133593
v -17.08944842 22.83366543 -6.19618458
v -17.34470112 19.90589045 -5.31424364
v -16.86111672 27.38430119 6.10223146
v -16.99525807 18.01666188 -12.05313636
v 3.42952209 46.95563728 -16.00176668
v -17.04747992 25.83900707 -4.46346929
v -17.85443246 25.61281307 5.52237593
v -16.60469948 23.20086998 -9.45526871
v -16.88510741 27.37101539 -5.75999543
v -16.98328468 20.87580473 -1.41200505
v -17.40708273 20.02696531 -7.09441760
v -17.48527580 27.50800469 9.74772413
v -17.43600323 21.95556582 -5.32383273
v -17.03000853 20.47848634 -5.57403281
v -17.00272152 23.19619072 -7.93622148
v -17.15512157 27.91650614 9.49276650
v -17.12784935 28.74798385 -15.87916041
v -16.61413622 21.23566991 -4.76210828
v -16.90603169 28.20257387 11.37977039
v -16.75080973 27.25979054 4.04074996
v -16.62200545 23.91941357 -11.38149743
v -17.13144259 27.16289257 3.54735380
v -17.38236752 26.09257974 -4.11338481
v 10.99071625 4.59315180 -41.94075044
v -17.13121289 21.44594995 -1.16434228
v -17.13066922 21.79288657 -0.71051757
v -16.96604839 20.00509903 -5.95809916
v -16.62151204 28.47847989 10.14258696
v -17.19060983 20.15975676 -6.43928117
v -17.10935952 27.56215575 5.79524214
v -16.66402965 28.67892400 -16.15113431
v -17.28828591 19.17438425 -3.90935207
v -16.97697338 21.32264637 -5.44207667
v -16.28802882 30.34298122 -16.13623902
v -16.68140616 28.17950995 5.23231804
v -16.79646667 28.18256567 6.78765802
v -16.53909789 25.50376976 -13.12531340
v -16.94473540 20.36252940 -4.89056598
v -17.26817515 18.60547796 -7.96721066
v -17.27991508 19.08933911 -2.70809742
v -16.39689077 23.16860971 7.67954832
v -16.38951893 31.92457072 -8.33974166
v -16.90391131 22.00785769 5.66004412
v -16.62882825 25.33296895 -4.68871776
v -16.74855355 26.71562020 0.40301176
v -16.96619782 18.29119619 -12.16873591
v -16.51014314 23.13759844 -8.28347028
v -16.68927438 18.94676529 -5.67318816
v -16.64557930 27.52594241 -15.57167011
v -16.80271172 27.94341284 9.44981502
v -16.70304984 28.49607873 12.12198502
v -17.07621758 29.27676573 -6.58390943
v -17.63517647 28.82819912 -2.17856485
v -16.04113461 32.33592421 -15.12223775
v -16.52006639 19.34242436 -6.15825955
v -16.79845861 19.70751576 -5.46375336
v -16.58556964 20.18088479 -4.86989552
v -16.72559222 22.77085277 -3.67505231
v -16.77962420 33.13093661 -12.71775396
v -16.65545824 27.83428114 6.78885395
v -16.41758289 22.97714695 6.24354160
v -16.19378507 20.49053457 -8.68280218
v -17.15681482 25.82249372 13.73259665
v -16.55846800 20.54364088 -1.65212074
v -16.84683590 28.80511203 12.09520711
v -16.67927983 26.02340491 12.26668555
v -16.61632506 21.74084214 -4.35374794
v -16.23491315 33.68183127 -11.51830965
v -16.56582323 27.87117664 1.87752990
v -16.27267533 29.03863042 6.31888666
v -16.02923170 19.64098472 -8.25678133
v -16.46442745 27.88282735 4.98941736
v -16.42252774 25.99728143 -2.92852488
v -16.43452001 25.33972457 -4.02475719
v -16.40754284 23.82764645 -6.13010535
v -16.89073473 26.17668023 -4.52724253
v -16.36376972 32.64730771 -11.10994473
v -16.62526090 33.03163092 -13.49525531
v -16.85503690 18.37415843 -7.15092506
v -16.41871940 27.50573231 0.42099003
v -16.62469142 29.24752184 11.97027759
v -16.32991948 21.95295882 -0.95240759
v -16.28594236 21.66497721 -1.96434742
v -16.40347899 27.69326554 2.27610824
v -16.29756487 26.06683805 -13.64494709
v -16.69968421 20.87426391 -4.78938791
v -16.03535102 27.00380583 -5.67861205
v -16.31537791 23.38504309 -8.77158121
v -16.11362132 20.19914563 -2.67452038
v -16.17191062 23.62694414 -3.80823271
v -16.30233616 24.68875357 -5.35230883
v -16.10009965 29.18688376 9.83517973
v -16.58468173 22.28721594 -5.19823309
v -16.26749838 28.82218872 4.78398281
v -15.84722133 23.85910071 6.90717789
v -16.31851526 28.45736215 16.52795906
v -15.66389719 23.68316759 -10.16943998
v -16.25966037 29.68614258 15.60629502
v -16.48813503 23.13270635 -3.45131636
v -15.84900848 21.21791647 -8.54048894
v -16.36450661 25.89083755 -4.57384425
v -15.73940893 24.34516454 8.31392710
v -16.20870932 20.06336479 -4.20382821
v -16.66332531 21.82257446 -0.37179695
v -17.01413304 25.29678690 11.36833957
v -15.89315540 29.08094508 6.62932541
v -16.09306675 24.41160293 -3.91237225
v -16.11016531 31.23142331 -15.80758112
v -15.60929364 19.33996498 4.55676586
v -16.04264615 29.92137897 10.17391734
v -16.21867993 20.57967323 -4.64394034
v -16.17638523 27.89878192 -15.67240443
v -16.08159745 23.21958335 -5.01635924
v -15.98886461 22.17904101 -2.36935187
v -14.87191996 22.25648242 -0.29761520
v -15.79983126 21.56013200 -2.27915278
v -16.02214914 28.64428745 1.31481883
v -15.78062488 24.84937345 -5.28498842
v -15.93471665 28.24957944 15.47374836
v -16.19086409 29.34561432 12.03668665
v -15.86533161 29.77783169 -16.32501893
v -16.71596042 32.23416130 -9.49839267
v -16.33176313 22.56754644 5.13746054
v -15.62548566 24.11444677 -5.95193660
v -15.88504105 20.93228568 -7.57608161
v -15.66892625 25.63881779 -13.84423834
v -16.01209734 27.73310312 16.84649223
v -16.26221076 30.47501414 -7.17782333
v -15.79389334 24.67112277 10.28814900
v -15.82173563 28.46653326 1.56671255
v -15.37370094 30.07038005 -16.09807343
v -16.42521341 31.98906450 -8.91245596
v -15.89147334 32.71735806 -14.58783669
v -16.39352111 25.65267243 13.64106137
v -15.64297013 20.38663401 -7.66216881
v -16.61437366 26.26565870 13.97274824
v -16.49736640 25.65322786 -3.58963465
v -15.30902024 31.37929106 -15.92437520
v -15.90617719 29.52119870 5.85763878
v -15.93296894 30.25887975 15.09911569
v -15.81176906 22.20633210 -0.90713453
v -15.63557117 28.94232960 2.69590646
v -15.69380211 22.41253160 -1.83845085
v -15.84155141 25.32675915 -13.29948599
v -15.85515366 21.94283055 -2.64792568
v -15.57915497 22.68488883 -3.96875110
v -15.80262887 28.94508374 4.72344240
v -15.92018973 29.16626002 -6.15189592
v -15.91269607 34.36045601 -12.50515125
v -15.75943710 29.15084464 0.99241196
v -15.59122894 26.01661836 -5.46743833
v -2.66369182 13.91621240 -24.78522354
v -16.69096792 25.44082323 -4.17026598
v -15.77834868 23.10614733 4.63280540
v -15.37171215 30.39590772 9.77107315
v -15.10214900 32.14756472 -8.50181699
v -15.70640212 21.02471312 -2.99154579
v -16.12246027 22.74760298 3.25470137
v -15.65548527 29.35224932 5.63648728
v -15.57037698 23.72692436 6.72298998
v -15.15162521 29.67691310 17.70597413
v -15.65562073 31.64504718 -4.50638697
v -15.42074223 27.21813570 -14.68493146
v -14.33218636 26.46421850 7.00432952
v -15.38758208 34.00334066 -10.83571183
v -15.59156356 30.98182330 15.89381968
v -16.61349113 25.78675300 11.84003302
v -15.50248561 28.30207260 -6.15193560
v -15.40370880 29.12577482 0.85367667
v -15.95007215 23.43387613 4.59119426
v -15.35499453 23.97228710 5.96816627
v -15.47054429 30.86516446 14.21978715
v -15.37809391 23.54496448 -1.20631367
v -15.60360735 23.64698864 -9.55421972
v -15.81412337 26.54758485 -5.77722166
v -15.58817151 34.33887261 -12.97490117
v -15.44493535 24.11648525 -7.36853371
v -15.24574308 21.58966250 -3.46864453
v -15.60232739 22.67644333 -1.48786584
v -15.40156540 27.68692950 16.73201677
v -15.81397882 30.47441054 16.25117271
v -15.47484469 25.41475328 -2.16854595
v -15.24460764 28.91745998 -16.11560614
v -15.45324319 29.00996887 -6.24016327
v -14.97816169 31.93568799 15.12893764
v -14.93559503 27.83246051 -6.22004294
v -15.40040221 23.01723220 -0.70639256
v -15.54017615 30.53033908 -6.90862935
v -15.23099653 21.54350049 -5.05675763
v -15.27251756 24.35459602 4.05545745
v -15.40230597 22.14570707 -5.40256242
v -15.33880738 33.74767854 -14.32336918
v -15.06225797 23.15604868 -5.26568284
v -14.94632499 29.78724066 18.98135761
v -15.62150509 34.11253267 -11.40407462
v -15.45273946 31.17813990 -7.15367894
v -14.93712651 26.20495549 11.63632003
v -14.50305100 24.68090986 -12.19738287
v -14.91343921 34.69626442 -12.51620437
v -15.10477356 24.83063416 -6.95171495
v 15.05382647 17.04620961 -7.78004307
v -15.32550411 23.90677523 -9.96056125
v -15.10467845 32.81795253 18.34438603
v -15.18400748 33.75234348 -15.52616014
v -15.11782838 26.45889388 -5.99494857
v -15.01253860 23.84533330 -1.36132134
v -15.32824371 28.84384466 17.14782733
v -14.99171935 22.88007699 -4.20623847
v -14.98598898 24.80250279 -1.96327878
v -14.22048905 22.90425255 0.41420638
v -15.03020715 32.21996120 18.47710024
v -15.13034775 32.33430187 -8.90596492
v -15.00896662 32.57907682 16.58142668
v -15.01950029 31.02710476 -16.10623887
v -15.31848408 32.55468946 -10.16158123
v -14.58688241 21.23875180 -3.19064925
v -14.62325671 24.49282903 -11.54424617
v -15.34034554 31.67356524 18.94331998
v -14.78148788 29.88088586 0.29467705
v -14.74875366 23.91230117 -9.98420679
v -15.24039433 23.86274257 -10.68105558
v -14.80947350 29.59734118 18.02108951
v -15.06454572 25.66483054 9.95825263
v -14.80031634 31.74222702 8.26312913
v -14.84815553 34.58847761 -13.31999414
v -14.92507884 21.70276974 -4.52390520
v -14.79517704 22.24850683 -4.18480613
v -14.92797499 35.66307541 -14.41159671
v -14.93644957 29.77168123 1.23296477
v -14.15417888 33.55639510 -16.31170164
v -14.85252772 30.27885453 2.86619562
v -14.68832260 35.47874324 -13.11767626
v -14.44056325 27.23841206 13.26784983
v -14.42813028 27.93724317 -6.31015172
v -14.55671171 23.06549964 -1.66727248
v -14.35539445 27.14050610 -6.82311084
v -14.65687803 32.51015981 16.10935568
v -14.66693449 32.81872636 14.11485172
v -14.27662248 32.42399206 -9.67951418
v -14.74227486 27.20047932 -6.39254630
v -14.66865144 32.58651617 12.41165442
v -14.29015118 25.52686352 3.90995389
v -14.67999659 24.46467923 -1.79942545
v -14.64930479 25.74789378 9.96428073
v -14.48385328 26.67561880 11.45484115
v -14.96842008 30.82814531 8.14227293
v -14.63193070 36.15094113 -14.29930911
v -14.47871136 34.42788041 -13.00342258
v -14.45926021 30.56874472 -6.98149395
v -14.48866734 30.83337553 20.27112760
v -13.91473576 26.00110008 -8.18484886
v -14.63895923 32.24060901 13.94431475
v -14.48203596 24.19941062 -9.19503553
v -14.26866266 25.01302272 0.76795598
v -14.70758562 27.90732249 -14.88712899
v 9.41663220 37.80937154 -14.64943094
v -14.43954854 25.87903031 4.12795398
v -14.11947489 34.40313186 -12.15084211
v -14.56679743 36.62820253 -13.89568137
v -14.51889746 31.99757788 23.00805663
v -14.42868093 30.20784213 -6.99242535
v -14.52773761 25.97653038 6.27168079
v -14.48988309 32.21350953 12.11539360
v -14.49140015 26.59110758 9.72249900
v -14.39199552 33.29024161 18.43392142
v -14.66831278 36.09214536 -15.71943127
v -14.56299963 33.37731495 22.10536670
v -14.35949483 33.23841377 -10.06615335
v -14.41818619 25.38241713 0.61483433
v -14.77540274 33.62758001 -10.25836640
v -15.74240493 27.43787942 14.58754472
v -20.06846282 21.39398795 -6.98626609
v -14.47852188 26.18433106 -14.25769364
v -14.09174303 35.92506215 -12.64588519
v -14.36502217 32.15807080 6.00114872
v -23.31955547 20.19439015 4.76352833
v -14.38714888 27.08301716 12.20784097
v -14.65448261 29.62004210 19.95010691
v -14.55537462 21.52541353 -2.49125584
v -15.19993466 33.20410802 -4.14325697
v -14.03483346 32.06390680 5.75280761
v -13.86919112 22.53530776 -4.25815654
v -14.23129962 27.13763924 10.59086569
v -14.35946246 26.26349948 9.74604003
v -14.05893654 31.48535794 21.15996955
v -14.22285405 34.60726680 -12.62480481
v -14.30546100 36.52532191 -12.81121058
v -14.18106795 34.43882577 -11.74616770
v -14.39601984 24.41076454 -2.42223457
v -14.25092349 31.56280638 23.19539288
v -14.13872990 26.54022976 5.22858111
v -14.16601720 26.77420237 -14.25696070
v -14.12361831 26.69763966 10.48528485
v -13.78446280 28.87435615 -1.04452932
v -14.32419333 24.62899477 -11.23444054
v -14.20249917 25.93352594 6.01987006
v -13.98195298 33.80424843 13.04647026
v -14.03075312 26.30165398 2.59304594
v -4.00470059 10.86479411 -5.43832394
v -13.97862603 24.50636691 -10.77810045
v -13.85023383 31.30041522 -7.54596791
v -13.97385948 28.34621492 15.34670976
v -13.84595338 32.95918461 23.29029314
v -13.81705159 33.18499692 -10.03948989
v -7.30362381 21.18587579 -6.65979935
v -13.70099971 30.18452325 -7.03799419
v -14.05994513 25.99800617 0.54514487
v -13.83739744 29.03251904 -6.63524321
v -13.87472573 32.95369283 -16.38631268
v -13.72179113 29.29260635 -0.70284240
v -14.31216730 32.10145073 7.40497107
v -14.36709163 21.72457073 1.27948706
v -11.80615797 25.12016928 -0.07188016
v -14.43875211 32.15668103 -8.12661446
v -14.01109591 27.17258272 12.28748115
v -13.61405228 31.55787544 22.99349497
v -13.08111154 31.26298582 -16.12308263
v -13.62770810 35.00440938 21.12929821
v -14.46447321 32.37273038 -8.75651725
v -13.84602805 33.42834730 8.77463317
v -14.09261691 21.62879478 -2.35616048
v -13.75735196 28.58375192 -14.85236497
v -13.54407174 29.02199975 -7.00212864
v 11.40511818 4.24285982 -42.17203972
v -13.93360013 34.13561529 14.79873508
v -13.45053289 37.00017610 -16.14828862
v -13.81896723 26.46439216 5.48223735
v -13.58817980 26.45769569 -8.05607788
v -13.80318086 22.91217555 -3.92373826
v -13.82220548 35.62197046 -12.14601993
v -13.74258091 34.11917607 -10.90379874
v -13.78441294 27.62053169 12.22409108
v -13.59915877 34.16063790 15.23023625
v -14.02567152 34.47227774 22.70777963
v -13.78825082 28.79365118 16.23277379
v -13.62960735 33.74651886 12.68821665
v -13.77696478 37.88608273 -13.40846852
v -13.64550555 32.21767416 -9.71642919
v -13.76661567 34.11476849 -9.83841139
v -13.33279449 22.87665118 -3.47780696
v -14.04684398 24.91422272 -8.57873188
v -13.67095488 32.99438603 7.40020047
v -13.87079677 26.64347456 7.46676800
v -13.67317780 33.61914098 8.29744442
v -13.61582533 22.55439962 -2.53207071
v -13.69828523 26.06821504 0.79749257
v -13.78494635 32.94115064 8.85792424
v -13.80930639 33.70725980 -10.37434427
v -13.62582357 38.26072904 -14.30651653
v -19.01866710 22.19435423 -2.65492022
v -13.69490468 24.66458012 -11.15497536
v -13.56719758 27.71631987 6.83492024
v -13.76956552 26.14242830 2.17095862
v -13.19544633 28.13732547 9.57295932
v -13.10149257 28.93657985 -15.54139799
v -13.37018559 24.70693381 -9.73816091
v -13.28345301 26.97077909 1.58775791
v -13.53945363 33.52550414 -9.91956689
v -13.52904279 33.29742919 -16.40376047
v -14.07094500 31.64802858 4.31807385
v -13.59571851 34.03546282 -11.74686337
v -13.48989293 34.30180214 10.34335638
v -13.41808319 31.78455195 -8.71228895
v -13.56095659 35.22441967 17.63807375
v -13.10113064 34.42838653 11.27210803
v -13.19841563 26.52958505 -13.55865200
v -13.14874082 20.78832016 -3.57549499
v -12.71544600 31.39795911 2.83071997
v -13.40014314 34.88732187 -11.27107976
v -13.06002290 31.44923516 -8.55682326
v -13.05162787 27.67885472 2.94207664
v -13.45684208 22.55751068 1.90275358
v -13.41837267 27.12800972 5.18586281
v -13.14838750 34.55248545 -8.96259832
v -13.58347440 1.25048987 -4.22040903
v 0.88496609 38.19276382 -20.07112808
v -13.30180931 0.82927160 -6.45680804
v -13.54923417 22.12663843 -3.76760213
v -13.45610364 33.93439430 23.90443549
v -13.43828646 34.85147627 18.02423650
v -12.92566258 30.04872224 -16.09086633
v -13.39767639 28.29577785 -7.55846837
v -13.65163138 0.19697894 -3.41411200
v -13.58272514 33.78086315 26.28195922
v -13.32758403 22.36742997 -3.30515798
v -13.40909127 37.87487124 -12.59728059
v -13.22104539 35.69043251 16.81025982
v -13.13847372 33.49124689 26.45889713
v -13.51569233 0.43506752 -6.55223904
v -13.08967233 38.32015047 -12.15961563
v -13.71341682 1.41419815 -6.74539891
v -13.02535613 0.43385441 -6.29574890
v 6.75977988 40.77580346 -18.84513705
v -13.10950064 28.86841904 -7.38491381
v -13.54487486 33.00953609 6.81568788
v -13.36981512 35.08341987 -9.57604332
v -13.26486111 29.52314596 16.02784369
v -13.21922902 27.21787646 -0.90956231
v -8.44994279 8.43016584 -15.77696879
v -13.45788367 33.73372290 -9.09788242
v -13.74560769 35.21119007 20.04650169
v -13.32666915 30.17459809 1.02837185
v -13.26970454 32.83634883 -9.17208619
v -5.25224325 12.01584081 -13.73640507
v -12.70631621 0.06621278 -6.35470236
v -13.06570582 28.16478618 -14.01704605
v -13.38528019 33.54419906 8.04121755
v -12.78229682 32.02922501 -16.48267947
v -13.13970996 33.70049750 24.65224047
v -13.28300012 38.39602708 -13.90557095
v -13.37484583 33.94298252 -16.55796845
v -1.79788476 28.14597210 -21.28550495
v -13.13702062 29.56394557 14.53541476
v -13.27716763 28.87018277 15.16239752
v -13.31398762 27.97304204 5.79401152
v -12.84758938 2.23427262 -7.84645229
v -12.93318712 35.27170981 11.06498582
v -13.32992928 31.71762947 -9.98930573
v -0.78892857 39.86695989 -1.09025699
v -12.79471502 31.20810348 -8.31186944
v -13.22208277 37.18987397 -11.94375601
v -12.98446328 20.59107874 -4.29031191
v -13.01428836 30.49654151 19.17027086
v -13.23342544 0.46901806 -8.22630844
v -12.91637846 29.31833365 14.95232129
v -13.19896381 29.29593260 -15.60635336
v -13.21508441 27.43213907 -0.19449792
v -13.65166812 32.53575946 4.86756472
v -13.28189289 34.90067315 16.43436891
v -12.65504482 28.52510575 0.38168831
v -13.16429172 28.30704092 10.25445469
v -15.94713021 28.43651338 -6.28049559
v -13.05878271 34.79595223 13.05310909
v -13.15248644 32.32376879 -9.78323795
v -12.98051529 36.20702475 18.06645654
v -13.12055176 26.17373593 -12.74094282
v -12.05696117 36.06852677 -16.81228179
v -13.07225911 0.36754541 -3.64202995
v -12.85972477 31.65552102 -9.21344815
v -12.99910626 34.42411155 -8.73536157
v -13.01796803 37.63173765 -11.68145910
v -12.97572950 1.47675652 -10.43205693
v -12.34826416 33.04797405 5.82231199
v -12.86478914 21.26196348 -3.95788316
v -13.05051335 2.52691702 -8.22558705
v -12.51941986 35.40918589 11.15002502
v -13.03462245 27.71940401 1.01605154
v -12.89995693 34.28030884 8.48852263
v -12.71219106 30.30516543 -0.54243826
v -12.69593014 31.68125769 1.35120516
v -3.87646975 20.90105647 -22.42350254
v -13.03226056 30.34959010 -0.68490278
v -13.05508883 38.87176785 -13.99863336
v -11.97989966 28.70859451 -14.60632087
v -11.99389985 33.23110568 3.95216410
v -12.83537554 2.57591560 -6.34620182
v -12.94421689 35.74321071 -10.89509809
v -12.82382690 36.74636737 24.13472518
v -13.02421975 36.49460362 22.41354630
v -12.67624619 34.74749551 26.74484809
v -12.76938629 33.03852618 23.46986473
v -13.31504274 28.46535379 9.00960326
v -12.34795441 36.96970655 19.87243931
v -12.49395868 26.34025409 -12.17292032
v -12.83292708 2.48944611 -5.14155155
v -12.78688765 2.47582855 -10.49299594
v -12.72678863 28.49678425 1.62792405
v -12.82454207 2.81930538 -11.70169540
v -12.92455765 35.46636043 33.23596199
v -12.80233596 1.46714802 -9.91192070
v -12.96990653 30.03076603 1.31333780
v -12.42950304 26.01384177 -9.14678910
v -12.71644372 35.41183276 13.59709973
v -13.08150441 38.53139361 -15.14527339
v -12.36371344 33.35083455 -8.07462440
v -20.60218076 21.00510920 -4.51650936
v -12.33669697 29.75526570 9.21113628
v -12.52899275 0.71842997 -10.02293805
v -12.83031778 29.71081793 16.25544726
v -12.65475702 29.13920364 -8.46296528
v -12.79809916 1.12142139 -11.58980102
v -12.62540983 30.40829722 15.32685235
v -12.77739391 35.90670967 13.51948907
v -13.13913847 33.60674526 25.51363046
v -12.97786837 0.36201527 -7.69707579
v -12.38511271 31.58151832 1.72657830
v -12.68346428 36.14005583 -8.54370356
v 0.89478581 48.50850643 -13.65871665
v -12.47898441 28.37713163 3.01733441
v -13.02042282 1.60688497 -4.04797401
v -12.53698544 28.07433159 -13.07076440
v -12.24652433 29.63161821 -15.84252816
v -12.31196450 35.53359563 10.31848724
v -12.32570529 3.57826959 -7.98094610
v 3.26849632 43.27135548 -18.63513293
v -12.29244547 0.30011542 -10.68391316
v -12.40309916 31.14376187 -15.81464502
v -12.62632267 37.14530254 20.09440286
v -12.08474889 38.30226016 -11.25655400
v -12.69403204 0.55990865 -10.88811386
v -13.72654761 34.70170018 20.17933256
v -12.44514800 35.86506814 12.05120631
v -12.44250459 2.76103590 -12.22668421
v -12.54301732 30.28864994 -15.86134941
v -12.41024193 8.34608701 -11.57630658
v -12.10709739 30.17470063 6.82089662
v -12.42508817 39.06522882 31.45476992
v -12.33449410 8.67813304 -10.69159055
v -12.21965474 30.58296965 -9.81399361
v -12.48467552 3.35144063 -10.00523684
v -12.45003052 10.61943255 -7.70955249
v -12.21806050 26.69959500 -9.24086321
v -12.04270844 36.26648106 30.28412186
v -12.84774893 34.10074528 7.23686074
v -11.80850133 0.43374997 -5.79369605
v -12.18437997 32.29271352 22.11744906
v -12.40769696 31.04697634 -9.15193153
v -12.06363221 3.35815722 -7.54463332
v -12.03242092 2.79830609 -6.06802806
v -8.88207194 29.51066883 -3.63744244
v -12.39559088 2.89476934 -9.88610753
v -12.48892464 2.98099220 -12.67719603
v -12.40394487 36.35873992 -10.49109041
v -12.34806372 31.95632137 3.70180531
v -12.21119709 39.14591487 28.74631096
v -12.27068820 38.76025837 31.59094598
v -12.22909403 31.14173768 14.63872688
v -12.44785406 7.60420514 -10.85752544
v -12.30347702 3.51863937 -9.35171892
v -12.05626347 12.46694378 -8.98851910
v -11.72050399 39.16557568 -15.41437527
v -12.37993390 30.90884328 16.36474553
v -12.05044154 4.23566688 -12.24860490
v -12.07185141 29.93928335 2.43865379
v -12.43155721 35.99465765 -7.94120619
v -12.21571900 4.17029335 -9.53785238
v -12.15819436 2.41551580 -12.25112071
v -12.31688340 1.23930476 -12.39399390
v -12.14449357 0.47897885 -12.08491627
v -11.90225121 38.35382848 -16.09546908
v -12.26504918 4.17557231 -11.52328898
v -12.93416894 28.01193410 6.36184262
v 0.71500391 44.57730557 -17.76900103
v -12.43434191 37.53144322 20.48579925
v -12.19319202 0.83209894 -13.18086073
v -11.78047704 32.24599107 -7.96938588
v -12.33554227 9.47909002 -11.19870102
v -12.03994704 32.00466318 18.62504311
v -12.02456055 35.84928082 28.11662262
v -11.97389067 37.69358183 20.75925100
v -12.01795681 3.33671117 -6.24194303
v 15.65245121 32.39564255 -11.77866732
v -12.06811461 37.25233090 15.05416875
v -12.16973190 26.40666940 -3.59565405
v -12.14450793 33.18049657 -7.52346961
v -12.18576381 29.59616901 3.45262723
v -12.09311962 39.65766427 31.52494460
v -11.94213139 30.04532103 -10.19305058
v -12.67124017 25.81242316 -12.02437241
v -12.12503331 38.47444678 -9.69533468
v -12.29242672 3.73971805 -13.08813154
v -11.82715620 8.04586701 -13.11046271
v 18.49402887 25.62919374 -13.72535236
v -12.05895827 38.04777549 -10.25386003
v -11.86905267 0.68312766 -12.43370380
v -11.94096068 35.89217437 -7.26831622
v -10.92157331 30.77065370 -13.49197629
v -12.08329471 7.24441329 -11.66239925
v -12.18700153 10.12237485 -8.46792955
v -11.96822693 30.37007234 -15.82401378
v -11.97168286 10.84432309 -6.36594782
v -12.03253577 9.98329952 -7.30765894
v -11.15712062 0.08213561 -7.38080038
v -11.98714035 31.45839066 18.53079434
v -12.02013098 10.03109210 -5.86461411
v -11.95950150 37.24580080 17.65298794
v -11.76770532 39.67259945 -11.14745394
v -12.53744241 33.97889300 -7.70357297
v -11.75354302 8.73889012 -6.20566845
v -11.85752294 32.92319173 5.22927907
v -11.64372183 39.25137531 -11.33488305
v -11.45743073 27.18421698 -3.00998521
v -12.24467401 30.62157124 -10.09110824
v -11.83943190 38.01807785 21.64096271
v -11.88987143 37.54979934 14.56754406
v -12.16692800 11.80428271 -6.70444604
v -11.87207300 5.94153643 -12.17416475
v -12.04137581 37.93185272 18.77912499
v -12.04319241 31.18654718 -15.33595931
v -12.76785299 37.79940148 31.77465369
v -11.95881156 37.91908654 -8.92910894
v -11.47203146 10.04360973 -9.62617171
v -11.46505667 6.21641543 -8.89470027
v -11.48757763 40.08376146 -8.67301054
v -11.75629188 31.25410127 14.43468527
v -11.69090361 36.27949213 10.35509758
v -11.88148323 37.72925091 -9.57766450
v -11.76331983 10.23821584 -12.67697639
v -11.87241740 38.96609464 -11.65148075
v -11.49580309 32.98662868 3.97410670
v -11.64367967 9.12819109 -5.85299111
v -11.65684700 35.17630957 -6.66040885
v -11.82751361 12.15325939 -6.23281458
v -11.39232887 31.72757943 9.18501391
v -11.64612341 37.08445007 13.21152323
v -11.60694112 3.95328809 -14.34602355
v -11.81821905 8.76178055 -7.16435455
v -11.12019420 0.41891191 -5.64847281
v -11.85991550 4.51106939 -10.03952847
v -11.69190121 12.08935426 -9.33314942
v -12.10200564 2.55451496 -13.09556484
v -11.62971201 39.81397649 -12.63543793
v -11.85599794 9.17880157 -9.50382141
v -11.63074057 4.04731150 -8.52445196
v -11.45485276 38.81742968 22.58080705
v -11.64545401 37.36762356 14.20533241
v -11.69069963 0.84897392 -14.21258742
v -11.14479374 29.34577408 -14.54110553
v -11.86179256 36.70867378 -16.83007853
v -11.70090713 40.55977417 -9.70576005
v -11.73499104 10.58477087 -11.52121672
v -11.83534852 27.29545831 -9.06337733
v -12.05915526 27.70990868 -12.56374742
v -10.00147387 28.29824080 -3.99050125
v -11.84406119 26.61085541 -9.49052654
v -11.83225715 9.55822144 -5.35271694
v -11.78201010 4.69085609 -9.47631039
v -11.63574995 39.45380332 29.14448468
v -12.13201771 36.69443354 34.29935810
v -11.69871343 30.21714370 -10.74484815
v -11.38629439 34.16914463 25.47915162
v -11.11609474 10.66085041 -10.10289573
v -11.78277862 36.28004393 -6.97624169
v -10.96189469 33.49037519 -6.60586358
v -11.50459478 0.90993865 -5.56500029
v -11.71119547 0.41565652 -9.87263666
v -11.51615734 10.97505685 -5.60766003
v -10.55256552 0.86850273 -14.67490891
v -11.73749690 8.74204302 -5.46873006
v -11.29651261 16.50315925 -11.55467962
v -11.46686474 38.10810470 17.66574345
v -11.68201165 7.94262739 -6.02998792
v -11.65004813 14.37745517 -10.92645401
v -11.28288125 32.45322964 13.02666560
v -11.22364927 34.66198012 25.93008217
v -11.27955492 31.58316158 7.68816244
v -3.87822078 19.69439813 -7.67708342
v -11.56478682 2.04529694 -14.74825356
v -10.98731630 1.37874845 -15.11383266
v -10.94419744 33.11689160 -16.65937223
v -11.84412752 30.81409150 12.60435013
v -11.73393343 37.12704766 -8.43186041
v -11.53378279 30.47000774 6.23070048
v -10.89298089 0.26083924 -11.64515645
v -11.10686897 38.81115163 18.14704546
v -11.98478153 4.39806645 -12.99837417
v -11.57656449 39.81286775 -8.27297225
v -11.63507847 9.06375511 -13.63149601
v -11.56274096 38.39686986 -7.90222282
v -11.39527959 5.98908286 -8.30467347
v -11.52459106 13.19680171 -10.85970482
v -10.92608793 3.19610150 -14.47622414
v -11.46618764 40.94269244 33.22353085
v -11.45269973 7.12642187 -8.37102639
v -11.66096223 30.28956401 6.96841142
v -12.27834623 29.62661360 -9.20060296
v -11.05031666 28.59230071 -9.81322240
v -11.42114916 31.15728479 5.02551433
v -11.26143984 2.32882657 -5.79570964
v -11.45022086 13.89783038 -10.77129966
v -11.19051070 28.41698333 -9.50417180
v -11.43704060 31.25577835 6.28655503
v -11.24615251 27.93061811 -10.53853759
v -11.88555154 30.22177308 8.46954006
v -10.81586842 31.89129094 8.77473918
v -11.89118835 30.80668117 8.11071764
v -11.71592502 39.63083041 31.21011164
v -11.27720575 10.76952461 -11.59053653
v -1.54277145 39.84073496 -2.87577403
v -11.16180441 39.53542771 19.82010663
v -11.50632491 10.71817753 -5.09912147
v -11.09335245 41.14939235 -10.69782767
v -11.35395360 0.73725217 -12.38868184
v -11.34576853 10.32410661 -12.88754332
v -11.05784058 36.07728765 -16.99058412
v -11.73176680 30.41284138 -10.35988083
v -11.12441897 32.20113002 13.38338397
v -11.23151371 8.03407363 -7.31715239
v -11.12900592 11.64582046 -10.42871301
v -11.08771671 35.42591567 -6.38084160
v -11.13827425 27.74239501 -10.27641955
v -11.27755618 14.11004108 -11.54894780
v -11.37432710 5.10825862 -14.17918644
v -11.15778895 13.68729676 -11.38765890
v -11.08916912 0.65959162 -13.47185118
v -10.13231497 36.84007688 11.74683060
v -10.62821018 30.22635258 -11.61388992
v -11.20830996 28.60257121 -11.87066023
v 6.79195381 51.17922459 -8.88957175
v -11.27997402 34.85934716 6.43205138
v -11.32409103 37.07667155 -7.36738779
v -11.25449797 33.58088293 20.45623920
v -8.37933094 44.96155456 29.37987347
v -10.88941264 39.44050047 20.24061681
v -10.44660975 29.78778497 -11.72904878
v -11.20138523 40.67442406 27.34298059
v -11.02316793 28.21822965 -10.88984924
v -11.07521286 3.61646562 -7.57021871
v -11.46900208 31.00713194 -15.17932139
v -11.26847113 32.68935295 15.31961808
v -11.00097611 38.55235988 15.69621476
v -10.57041578 5.01679290 -7.41048866
v -10.90905920 37.57997283 -7.63581409
v -10.93830133 33.70442123 21.63540565
v -11.15564841 29.63400285 -10.00861328
v -10.81860552 16.31428426 -13.29599970
v -10.91490519 4.83352077 -14.54045526
v -10.91147473 34.84024056 6.64557445
v -11.58022830 39.95638664 -13.64847690
v -11.15170344 9.09389039 -13.92620734
v -10.84544634 29.11938779 -13.76690697
v -11.18777452 34.82595223 8.53233033
v -11.07730843 40.15851952 27.50185427
v -10.93197526 29.17342870 -11.12797894
v -11.03660221 33.50074849 18.15094149
v -10.57315638 0.20159206 -9.62519782
v -10.98014703 30.74986200 -13.95647579
v -10.87660461 34.18893973 -16.76591385
v -10.66361334 12.94858997 -11.73439923
v -11.44031288 33.66956868 6.33185910
v -12.28680320 31.07021337 18.90106186
v -10.69489179 15.70084514 -13.03503848
v -11.06964098 2.79238755 -7.13000747
v -10.93168837 0.20027576 -6.91166865
v -11.07072939 8.76650329 -14.54638698
v -10.96448437 34.68599006 25.02235080
v -10.84812306 7.26469051 -4.07422222
v -11.07036403 40.98420823 29.08827680
v -11.45638726 12.71223616 -5.25402454
v -10.90798937 2.30562047 -15.06591886
v -10.97609868 41.39725911 -9.48441083
v -10.79609665 30.30132743 -14.52463698
v -10.91801056 9.65838737 -3.50322953
v -22.41128731 18.75294046 -7.48243625
v -10.85339603 28.93380301 -10.95964667
v -10.69804569 36.71768023 9.83223325
v -10.57616376 5.26641666 -14.90532234
v -10.57606058 30.34217699 -9.22832117
v -10.73784058 30.98349138 -8.51816548
v -10.21253163 36.81488427 30.36884936
v -10.51844445 1.17371330 -6.73837197
v -11.00305082 34.45869412 8.06707984
v -10.61532172 6.62879205 -4.76537251
v -10.89596922 6.29975407 -7.36106387
v -10.72317415 10.84253931 -10.20695110
v -10.07783107 33.43285607 -16.59068432
v -10.73174164 30.46630034 -11.97739469
v -10.78114251 16.91505902 -7.84146476
v -10.21560760 9.78473248 -14.79917556
v -10.74037610 41.21972311 -11.32680911
v -11.01845767 10.81345028 -13.42275010
v -10.70746354 4.82936786 -8.02486048
v -10.54854221 7.67739089 -3.80786050
v -9.77220737 36.15009348 21.12084621
v -10.37808506 33.06864782 11.30439383
v -10.72662839 4.17055087 -7.92374358
v -10.69737849 12.99955289 -4.12225995
v -10.13373503 37.50435980 -6.32926149
v -10.73042070 40.24065321 -7.48392666
v -10.99850937 40.72611739 -8.45201859
v -10.90318469 16.14251408 -8.03423737
v -10.19022029 2.20240102 -7.06532571
v -9.70469185 36.76018773 -5.74304692
v -10.63578552 33.12067413 9.01403348
v -9.75393090 32.58066968 -6.78762231
v -10.74635085 31.13571704 -13.68452112
v -10.71905601 33.15722872 11.53474489
v -10.57770584 30.09242266 -12.29212254
v -10.72666597 40.06628662 -12.61279926
v -10.16012643 38.83950033 -15.95970009
v -10.76483783 30.02575998 -14.23935907
v -10.36991235 41.63360780 -10.69292827
v -11.05092383 11.28836926 -12.10151584
v -10.66435122 35.10309413 -5.95008384
v -10.16920776 33.88752592 11.31374314
v -10.50331367 30.53804643 -12.41500626
v -10.61658779 33.05528183 7.38805001
v -10.26447714 3.79564392 -15.21591157
v -10.55136326 11.97332467 -10.79394109
v -10.62694351 1.02607713 -15.63405145
v -10.40646764 6.50087186 -5.35112479
v -10.59267307 18.55137080 -13.74111053
v -10.27922411 30.16019439 -13.30775410
v -10.97635093 30.97972858 -14.34915001
v -10.29398147 9.98056890 -3.27780518
v -9.97982956 30.62128393 -9.18318707
v -21.88058652 21.09323558 3.71460770
v -10.41706090 40.22960531 -13.86551616
v -10.27893126 36.48401071 28.58636325
v -10.62996320 37.51735407 -16.46986866
v -10.51825008 38.13481674 -16.32924913
v -10.21261192 32.87636605 -16.08256682
v -10.09851934 40.99878887 -13.11804105
v -10.31696789 19.59952684 -11.40832574
v -10.82085609 33.58229340 19.93129178
v -10.39538994 35.09578603 24.47468944
v -10.19736588 18.02471882 -6.42553647
v -10.21701512 17.14749270 -5.65537427
v -10.38181147 29.55361176 -12.00671843
v -10.32381472 11.35540119 -10.61841157
v -10.49001025 11.98567826 -4.24119403
v -10.28492823 37.89681154 -7.11271537
v -9.76341526 35.80835194 -16.83302487
v -10.56655645 0.30908551 -12.98731241
v -10.76121868 13.58776272 -12.14077947
v -11.00274210 33.42165472 16.59117593
v -10.15698171 38.59388986 -6.82576331
v -9.87252606 5.76938306 -6.07285444
v 6.72147505 52.03577824 -9.87167823
v -10.26828167 29.26295622 -12.29707110
v -10.37320658 0.55177334 -12.28182236
v -10.40655184 8.07436352 -3.28919927
v -10.39796935 19.26219921 -13.44141151
v -10.37415825 34.77069533 22.56302018
v -10.34127622 39.97786765 -14.76222403
v -9.83696176 31.45677502 -7.86874307
v -10.38353748 34.04767956 -6.24006575
v -10.32758201 8.66772943 -15.39308607
v -9.64625335 0.62643412 -11.58113783
v -10.22778316 41.99988878 26.30049009
v -10.44977244 39.33744199 -6.80917178
v -10.22624466 34.46819985 18.41937098
v -0.67402339 33.43291730 -20.16131116
v 10.94900407 13.44783494 -3.46391704
v -10.39142777 34.09722163 14.00288610
v -10.27894852 36.58790208 10.97950703
v -10.10571705 2.70519994 -7.55357794
v -10.24227293 34.60504121 17.03553045
v -10.92846384 41.35659598 34.06401340
v -9.84388507 20.79116641 -14.67894842
v -10.28944101 40.78915400 20.95428609
v -10.55228028 34.75743369 24.86820771
v -10.27749098 13.31189432 -3.94374031
v -10.26091010 41.50585241 23.18929680
v -10.45623364 10.61223927 -3.38641596
v -10.74410241 16.82625386 -8.45608480
v -9.97321802 13.14005919 -12.21709042
v -10.08960308 4.03015711 -7.96211315
v -10.17160600 40.02359854 16.80730919
v -9.54549333 11.46232006 -10.97662042
v -10.13261108 1.77382876 -5.03080464
v -10.29988239 41.87595477 -10.50432939
v -10.28532783 34.64344920 20.61446073
v -10.20621594 42.27188159 31.49981257
v -10.24349988 0.59650893 -6.82562447
v -10.22310786 0.74279184 -5.13504180
v -10.00805958 36.62864102 9.65735194
v -10.77106461 35.38702861 9.34791710
v -9.69483730 17.14063747 -4.82954666
v -10.15875476 41.33897765 20.59811551
v -10.02197902 42.31461955 25.99751669
v -9.73175152 0.46391927 -8.53634764
v -9.28052736 30.48467582 -11.43399810
v -9.83117420 34.66423662 10.81302708
v -10.05796577 41.92950549 27.83027854
v -9.90029347 17.64850727 -15.07939010
v -10.22365877 32.13404914 -15.79094210
v -9.70740652 0.32294992 -8.10881029
v -9.97435819 34.13473276 13.70602543
v -10.11794823 18.38430315 -15.14560185
v -10.12173575 40.78886140 -7.12262037
v -9.88313036 16.83221571 -5.25483014
v -9.80420858 12.09089029 -3.59507116
v -9.54055828 35.83423030 20.16993274
v -10.07868013 20.70195410 -12.48317902
v -9.97615217 1.06994596 -6.25204606
v 20.97831039 26.39163380 -4.77178966
v -9.53947852 8.62485043 -15.81870816
v -10.55415628 36.49364735 31.90036440
v -10.02195719 38.10813360 -16.10441349
v -9.75738348 37.47977707 30.19469727
v -9.86171903 6.38714885 -5.15487769
v -9.93593752 42.27834179 -8.51328049
v -10.00189496 0.33778847 -14.27046233
v -9.48503494 2.81082400 -6.36419381
v -9.49392477 16.60353091 -15.73782408
v -9.91670620 6.39592710 -4.55843837
v -10.24213016 41.40477131 26.38132890
v -9.89922013 17.63492935 -5.96748933
v -9.32901603 39.47160937 -15.12174956
v -8.94275907 36.99718805 22.33897420
v -9.37364458 5.72693607 -15.69281509
v -9.89349168 13.61633005 -3.42019343
v -9.76624916 4.75383906 -7.35385270
v -10.73567604 41.66645218 35.06076231
v -9.48648012 0.78788685 -12.52022851
v -9.22286629 30.42167519 -10.32638661
v -9.86921651 9.32544322 -2.45689780
v -9.55533982 0.18793553 -5.00653418
v -9.75174722 41.40023573 20.42078341
v -9.87809146 32.71935856 -15.95337436
v -9.97780040 34.39779471 12.21346142
v -9.55604067 35.82782443 16.18292130
v -9.69315679 35.60474658 10.25847735
v -9.70164964 0.63713216 -4.80314096
v -9.82456984 20.23239171 -11.42505395
v -9.12411885 3.38613450 -5.22599804
v -9.25839252 42.04451351 20.07815990
v -8.53102472 12.76708509 -12.60528222
v -9.87386684 10.51099475 -2.60339286
v -9.83350477 36.89300519 27.91631690
v -9.34336393 41.58003734 -11.76634790
v -9.78232052 37.50756804 12.57325510
v -10.03147601 2.28730863 -16.28447736
v -9.86089304 20.61456121 -11.70806672
v -9.44654583 35.64726221 13.18129550
v -9.77654303 7.32778819 -3.27988184
v -9.51819517 35.90299104 20.71675414
v -9.71475538 1.38284633 -16.40406057
v -9.55895791 18.12525417 -5.54765984
v -9.68086929 0.61927663 -15.84255636
v -9.62615603 1.89603664 -4.86363665
v -9.65251725 37.33366619 31.72515331
v -9.40027512 0.77860019 -2.06691192
v -9.65165689 36.39755753 21.87087886
v -10.21624707 40.02371230 36.56108306
v -9.07839117 32.02850430 -14.26135204
v -9.35782782 37.41205902 -6.09753558
v -9.83567960 2.76539248 -6.63165908
v -9.61576734 3.47545994 -7.25985106
v -9.64667990 0.37174239 -6.08651631
v -9.30938536 39.70766478 -6.44387385
v -9.46011184 21.70438066 -12.84946502
v -9.41902435 42.73079695 -10.03694836
v -9.19043866 42.15147404 -7.62038951
v -9.76956284 38.70762171 12.97328279
v -9.38283830 43.55995164 27.02418100
v -9.48542511 39.83137265 -14.67533779
v -9.77792397 42.15243945 -10.96883074
v -8.92372734 34.43891211 -16.51819362
v -9.26091052 37.50550801 29.21040605
v -8.84783698 21.45328590 -8.26935954
v -9.21992096 11.42643366 -13.06935082
v -9.46293450 5.73147982 -5.22395642
v -9.43626749 37.82889242 28.71631740
v -9.66542447 11.11587599 -13.88922524
v -9.49025732 38.45835983 14.25602784
v 7.23279451 9.88803718 -20.61657318
v -9.94569037 43.04882329 34.36696818
v -9.28924787 40.05942556 -6.65587288
v -9.14137703 0.16973953 -9.06137144
v -9.03192789 4.01518756 -15.78574621
v -9.24919262 37.00290817 25.80220906
v -9.23544622 0.30302555 -1.83151535
v -9.56622574 0.15851922 -6.62226969
v -9.09400648 0.64964176 -12.29440618
v -9.23542244 32.96672688 -6.83857805
v -9.13397372 2.41859936 -3.69277097
v -9.45929857 40.98893347 -14.20243074
v -9.34984722 10.06796026 -15.01135004
v -9.79070743 42.01670731 -8.15985556
v -8.53230387 15.91755890 -3.72751515
v -9.24139347 35.56374128 15.09168275
v -9.08922646 9.46751237 -15.50480866
v -9.74669721 6.74437236 -3.45540957
v -9.43258946 0.34446684 -3.05987354
v -9.04729246 35.85554380 14.82705120
v -8.75521124 38.62615864 -6.57307342
v -9.27269545 37.85624096 31.51398818
v -7.77153873 21.53878771 -17.99293782
v -8.89936185 44.74086890 29.55506063
v -9.76235099 7.57151833 -2.83232830
v -8.88352987 21.04107612 -7.34295999
v -8.74769439 10.77824827 -2.12897992
v -9.12473044 39.36470941 15.49795240
v -8.98098156 39.26065995 -14.85691028
v -9.04922627 36.34857145 17.98142700
v -9.10078872 11.35760623 -10.72821555
v -8.57519814 35.61560906 -5.54822172
v -9.01427034 2.31211228 -16.41815824
v -9.08869164 1.00128126 -16.28625120
v -8.92981567 31.99412137 -13.60763841
v -9.08879669 30.57032743 -12.02336677
v -9.04853997 32.59618576 -15.45565124
v -9.07259906 40.61375719 -6.65703457
v -9.03417030 38.55724582 12.82961501
v -8.70833577 44.16010202 27.29728037
v -8.89705418 2.89853583 -4.86357941
v -8.72805988 42.07917673 -12.74204146
v -9.22964598 5.48991810 -5.73675958
v -7.71456634 13.29719555 -2.91952184
v -9.20676592 30.51448209 -9.45885879
v -8.77136757 10.23889247 -14.64090083
v 7.76855547 14.33312804 -29.08071651
v -8.30369381 18.42525992 -4.97483419
v 4.38710186 50.64150133 -4.61242512
v -8.91429502 0.44315326 -2.01864045
v -9.27243030 38.35142230 14.12248866
v -9.01831142 15.48817187 -15.65005290
v -9.06437638 19.08764470 -16.59573600
v -8.69386146 3.70849907 -6.47683125
v -8.89336239 36.69525667 13.95695001
v -9.15875799 43.48620661 24.31541699
v -8.60211653 9.71690011 -2.01657526
v -8.03129545 7.59159081 -2.39738246
v -8.78421025 11.16727495 -13.03527375
v -4.35836257 47.46093106 35.84872179
v -7.98164279 42.29974357 -11.63995277
v -8.66340314 36.61624790 -16.09403895
v -9.12774291 18.45106475 -16.88182685
v -8.55888940 30.58993877 -10.69256706
v -8.02868180 32.65435392 -14.47964216
v -22.05654696 22.15103654 3.20259771
v -9.13253259 0.78012424 -15.29740072
v -8.62865158 12.18262733 -2.99073705
v -8.97785904 44.01044281 25.06792030
v -8.86475908 45.28740256 32.94065763
v -9.13182803 13.04720920 -3.02774814
v -8.53492643 30.79395825 -11.79233359
v -9.11898351 33.48758298 -6.21760738
v -8.43110396 6.00864669 -15.94140855
v -8.42976817 42.99274377 -8.76523621
v -8.75049916 39.10282450 15.66637670
v -8.34515785 6.03855285 -4.50702848
v -8.87974527 37.06132135 21.29281877
v -8.44907752 0.32489511 -14.90451233
v -8.71830839 38.89256395 27.89376659
v -8.26798105 35.27313692 -16.13154372
v -8.63127216 44.01801384 25.73632421
v -8.40611099 42.51750799 -7.87209898
v -8.21989658 39.02877725 27.19188505
v -8.09534932 40.16820290 -14.86509490
v -8.67800903 3.44823004 -5.06361735
v -8.81982419 37.01722031 15.69331504
v -8.69914673 30.76707202 -11.15555516
v -3.79946898 10.88576841 -6.18075386
v -7.96441564 12.03919244 -11.83530534
v -8.51986659 11.48657619 -10.99312259
v -8.82513934 33.04865922 -6.64888088
v -8.36957951 37.87453916 20.12244093
v -8.41394654 44.06616703 23.95349525
v -7.82003763 0.45373086 -15.39933998
v -8.51473818 2.83775929 -16.79729385
v -9.10006839 17.45691099 -4.59550213
v -7.99715758 31.52359276 -12.67350192
v -8.29727237 10.39188832 -14.59705253
v -8.95726029 38.87140052 -15.57625832
v -8.09307816 2.44426274 -4.74700872
v -9.11269977 14.34622898 -14.26977883
v -8.70168241 22.70475812 -9.84692507
v -8.76241889 42.50435821 -8.43540400
v -8.59005688 39.41131496 30.22387873
v -8.58794882 40.66370365 15.93515017
v -8.46762529 0.48189079 -16.40151838
v -8.36656219 15.74288650 -16.32060193
v -7.62247016 5.49591423 -5.05902021
v -8.31662344 22.41879055 -8.59955677
v -8.07856151 3.90408378 -7.05096029
v -8.84508545 2.20218555 -3.26941233
v -8.43771460 40.57161410 -14.56367946
v -8.33850156 40.76896663 18.26212751
v -8.38226762 38.44700612 -5.82655623
v -8.22809283 39.91002087 33.61734516
v -8.21963451 44.63239502 25.13813897
v -8.80577433 22.66197629 -13.71833432
v -9.69788514 41.18200262 19.50176772
v -8.12944417 36.11847675 -5.78246168
v -8.49116483 40.49744874 17.46009795
v -7.96123982 0.19005597 -6.01298502
v -7.61368074 35.19832447 -6.10379342
v -8.68824251 9.83332096 -14.87411111
v 9.27592354 36.46360349 -8.54813419
v -7.82856415 0.75671924 -4.53167942
v -8.41149116 0.44261143 -4.67660703
v -8.53586676 42.74076298 -10.69858994
v -8.37698368 9.55218879 -15.29758252
v -2.19729697 52.15047569 -9.99503219
v -7.81596828 42.66912088 19.23427904
v -8.19272213 40.58082356 16.04416889
v -8.21372230 39.12861353 28.13328198
v -8.92703047 45.64514123 36.44233334
v -8.51789685 32.45302171 -7.25618906
v -8.40044797 22.34660041 -9.22712877
v -8.08925078 40.70254398 -14.40987510
v -7.59456374 11.62019213 -2.49537735
v -7.84124023 34.56208524 -15.73500730
v -8.08842223 40.72300137 -6.42772996
v -8.44108099 37.43092043 18.83750599
v -7.50931876 17.03258584 -17.87391741
v -8.33683919 41.48716544 -6.79489205
v -9.15478216 44.71689237 36.27930353
v -7.94416760 42.05132772 -13.50476551
v -7.96060076 10.28592419 -1.96352304
v -8.21443682 13.03480691 -13.71164196
v -7.71472382 9.30577355 -1.97003958
v -8.24257270 37.95265266 -5.36478010
v -4.45870451 47.85296273 39.57532990
v -8.54136150 42.70525399 -10.37112297
v -8.02528635 3.15620551 -5.66595392
v -7.89061784 40.10575363 26.61019604
v -8.23885770 3.32900608 -6.20395849
v -8.32579289 41.34193003 -14.34203319
v -7.97972290 38.64996375 17.39293564
v -8.05206199 40.36475485 15.89900005
v -7.94816843 23.78237611 -11.79790607
v -8.76063739 37.40150661 18.28216997
v -6.97491400 39.47040197 -5.73543244
v -7.68217763 32.37135097 -7.68241082
v -7.68733622 40.74626665 -14.64189728
v -7.36305177 41.41528692 -6.94720794
v -7.30453769 39.68163792 20.83730430
v -8.03929828 47.20140079 36.91726811
v -7.23335472 33.40278470 -7.17107189
v -7.94121008 31.76998813 -8.21867392
v -7.59076628 2.25410818 -4.73687192
v -7.44129492 37.02157491 -14.81859915
v 11.97938819 16.15146371 -3.83036228
v -7.47527667 39.74861206 -6.49561414
v -7.99301609 35.36597431 -15.62281486
v -7.94817403 39.24452131 21.25246410
v -7.80682174 45.53259177 26.51608199
v -7.86486178 23.14226209 -10.28898590
v -7.87371991 40.87572328 31.77214029
v -7.52256865 48.26120861 37.79842038
v -7.02921531 42.11068356 35.40793840
v -7.26864454 2.90042871 -6.26043183
v -8.38946619 21.09472998 -6.90274777
v -7.04237281 6.08064652 -15.99194070
v -7.71505471 40.58298829 28.04101044
v -7.42449939 17.54682440 -4.39426296
v -7.44420794 5.11104994 -5.73572975
v -7.89502624 43.00548470 -10.66827414
v -7.04770859 32.02130977 -9.59601110
v 7.46435087 41.10614804 2.22120184
v -7.17207776 41.60031651 -13.83770893
v -7.31116848 1.88321674 -5.95920100
v -7.06994559 39.63889480 -14.56334990
v -6.79022682 22.56267083 -7.96004440
v -7.99989083 22.97648735 -9.22332418
v -7.01389229 24.15936217 -12.79678445
v -7.50461038 42.53193928 20.75749924
v -8.14097257 1.70380876 -16.93955059
v -7.54225176 39.31658833 21.18363852
v -12.63355540 31.04660683 18.91869285
v -7.21844414 42.80790174 -8.04355789
v -8.02509835 7.06088113 -2.89672456
v -7.04871871 0.41507369 -6.04133691
v -7.50730637 40.08194762 26.26639247
v -7.57041321 40.18120381 23.47595055
v -7.71108363 35.82998991 -6.23846425
v -7.40743354 37.96838199 -13.77833087
v -8.43893202 17.98542091 -4.86056054
v -7.55765054 0.40614794 -4.65807175
v -10.51845710 35.12451178 22.76802654
v -7.08433222 48.42326355 38.21098883
v -7.31782179 34.20507017 -14.90430010
v -7.18093288 33.46065301 -13.09761665
v -7.14752036 37.34181203 -14.21299653
v -7.42934612 40.02934467 20.69674760
v -7.45356106 39.78595138 23.56510383
v -7.34022300 46.91050194 30.83000539
v -7.44052030 23.45947819 -16.49209672
v -7.35177758 36.96790236 -5.33479481
v -7.31014203 40.74902870 28.56875487
v -7.14995543 42.46494196 19.19337240
v -7.32707353 42.30580383 -11.44849616
v -7.36676020 0.53720037 -5.83999226
v -7.52766655 46.16339211 25.65923430
v -7.72182614 4.95619825 -16.23645583
v -7.41405488 22.08788909 -18.03275745
v -7.58075154 35.01869351 -15.35159206
v -7.25585726 31.65557446 -9.54262396
v -7.17309933 4.62596198 -6.79471402
v -7.22300911 0.98991045 -5.09568368
v -6.80651879 2.69778910 -6.95970613
v -7.92717664 41.25059194 35.15296309
v -6.94814741 10.29363587 -14.17870691
v -7.02187484 38.02163558 -5.29488429
v -2.85500558 50.43408014 -9.88808164
v -6.88112115 9.58513100 -14.68173314
v -7.27172714 40.84089392 26.06609393
v -6.67864687 11.97108854 -3.17233885
v -6.67648777 0.26432494 -8.79615849
v 10.76569796 6.72143568 -35.70797385
v -7.21949537 21.36698530 -18.45426543
v -6.57447913 2.72521806 -16.82190620
v -6.73840413 6.25140607 -4.68398535
v -7.33218244 42.40076319 -13.18363530
v -7.58626655 0.23794047 -8.00379744
v -9.13092706 0.44921884 -11.51493932
v -7.14672476 6.58219273 -3.14805530
v -6.01961155 13.35174224 -17.17797515
v -7.03445918 42.46512023 -12.25818534
v -6.40854100 38.25226826 -5.25282308
v -7.11378945 40.57352981 20.23643301
v -7.52986897 16.08506769 -17.69561546
v -6.12040651 44.09735770 33.63996362
v -6.89573892 38.29947850 -13.58349154
v -6.94890363 5.57412749 -5.61792810
v -7.24332328 46.17933951 24.75563629
v -6.36771018 19.83014545 -19.57880410
v -6.92083044 39.19527386 -14.17374486
v -6.90390924 43.13421102 -10.07557107
v -7.18877820 35.33563034 -6.64995851
v -6.97580379 25.71929778 -14.54432422
v -7.11139762 32.52478858 -12.49126991
v -6.89499305 32.22838968 -8.70030385
v -6.54186903 12.92288874 -3.32774067
v -6.92959750 37.06777444 -13.57261239
v -7.08642098 18.66648320 -5.02893484
v -6.93593224 22.06848332 -18.85397827
v -6.74617296 26.04817255 -15.92710666
v -6.58668662 40.27798567 -6.69930607
v -6.83848651 41.11469439 -14.34152268
v -2.11533477 40.16279253 -2.04131816
v -6.69936260 1.50111901 -6.28691565
v -7.12046703 24.31783493 -15.15287139
v -6.79140837 0.45576481 -7.46308161
v -6.33654860 17.15890768 -4.47947349
v -1.69798077 50.39778602 -5.58106308
v -6.56671428 36.93026724 -5.62444136
v -6.68839631 7.78475049 -2.53818923
v -6.88831216 26.56030042 -14.35712921
v -6.64547709 41.76625942 22.95568511
v -6.48584183 32.69795343 -7.55432841
v -6.67206900 36.29500214 -13.94373316
v -6.27355786 42.77059091 -8.61519762
v -6.76059046 25.97537359 -14.07944778
v -6.77726052 9.75970137 -2.42836231
v -6.53591554 31.39717358 -8.56149747
v -7.43651729 40.97652358 31.64046107
v -6.66617769 47.59603179 28.43284880
v -6.66487400 27.62311833 -13.87851413
v -5.74758241 42.36281750 -12.68700167
v -6.61418976 4.08858574 -7.44534417
v -6.44124089 34.96645574 -14.99610134
v -6.56224075 14.51645415 -17.80633853
v -6.62957315 34.45357030 -7.48700576
v -6.88584329 6.21427535 -4.14620369
v -6.65874140 34.91020470 -7.79017418
v -6.71097656 31.50276546 -10.78602096
v -6.28209169 0.55617312 -8.23882087
v -6.71539116 30.82412172 -10.56434546
v 8.34764943 9.23689904 -22.23917638
v -6.53754632 23.48997938 -18.81714740
v -7.07227854 41.61796557 27.50236472
v -6.80913479 0.62335521 -6.39299729
v -6.27419420 4.64669962 -7.14546562
v -6.47355400 5.65830197 -5.76584324
v -6.24623045 9.85205355 -2.80684476
v -6.08703649 43.57920608 29.69177317
v -6.90742328 42.98870456 -8.78749145
v -6.74476535 44.46487419 23.24363410
v -6.01254897 22.03843801 -7.54756843
v -6.48382726 20.48060451 -19.73441646
v -6.09840235 37.40185399 -5.67306282
v -6.61039481 41.87224476 -13.54138413
v -6.53377633 1.03194932 -5.47029829
v -6.99938071 0.55809030 -16.51936013
v -5.86090859 0.15158430 -6.75938737
v -6.44529277 42.15222160 27.36147054
v -6.91875025 42.15864994 -7.26370513
v -6.49798338 42.22886718 25.46828572
v -6.58308034 42.36422331 27.19304418
v -6.12626386 42.15162028 25.20930223
v -5.97316173 3.48156327 -6.60263864
v -6.37167891 1.70216838 -4.86591460
v -6.74994981 13.83879651 -16.94037288
v -6.14171866 33.20103072 -14.81999669
v -6.21069386 26.67834622 -16.26152565
v -6.56860314 10.29546388 -2.50164183
v -6.39379285 36.52663822 -14.39522531
v -6.13234368 40.49286839 -13.98096707
v -5.87072590 42.79491157 -10.49115455
v -6.59615792 49.04626334 37.75480678
v -5.90459248 21.86659357 -20.34354797
v -6.25791730 27.27979187 -11.37547103
v -6.53581442 39.58105334 -14.22270581
v -5.98399939 29.32159920 -14.95499514
v -6.44556855 35.00436601 -15.32038673
v -6.18104334 33.42582959 -15.38008050
v -5.19485306 48.66592837 30.11192457
v -7.36355174 12.44068045 -13.45159759
v -6.59646516 7.22472191 -3.22093096
v -5.64170483 30.54534421 -14.73125067
v -5.44772675 12.72885276 -16.23147829
v -6.30128227 0.43162412 -6.09687029
v 7.94168526 40.65557510 -0.69369693
v -5.93286539 32.41122685 -15.52139038
v -5.95439317 3.97947498 -7.20826451
v -5.64332840 20.43469916 -6.56502685
v -6.24743081 14.89836440 -18.19134215
v -1.95736127 28.08478189 -26.48461798
v -6.37376577 7.88536226 -2.86404382
v -6.33660849 22.69512598 -8.32859267
v -6.08324446 6.87566549 -3.48258737
v -5.88317060 4.40622984 -15.85970698
v -6.01750910 39.37489092 -5.92002054
v -5.74496188 29.13036806 -12.36113553
v -5.98937587 36.97217758 -5.87377204
v -6.13683823 30.64638354 -8.59425200
v -5.47391910 11.74895825 -3.78721036
v -6.00215068 43.67036209 33.23047561
v -6.33293973 36.53902319 -5.77962026
v -6.14685263 44.56405121 37.21124294
v -5.68785694 2.34455805 -4.93810640
v -5.81690695 44.44478253 36.88522707
v -5.99840095 43.15381827 29.81576632
v -5.87446640 42.93254490 -9.81731857
v -6.04250632 17.97728567 -4.97156493
v -5.94929466 37.05412959 -15.61947566
v -6.48040598 41.92349106 -7.40993788
v -5.93049223 0.38300297 -15.52654924
v -5.40438434 19.62059216 -20.46721111
v -5.83259824 10.93148610 -13.17521027
v -5.63131410 0.57025394 -15.94658580
v -5.97919161 6.43413778 -4.28723306
v -5.78099951 23.68929147 -19.47211892
v -5.62740267 42.53292544 -8.80417781
v -5.38842465 8.16878717 -3.29040420
v -5.62674266 8.96238852 -15.26712286
v -6.07481859 45.42485934 23.39073188
v -5.77981035 26.90461077 -16.45328563
v -5.66955424 25.93466050 -17.65507815
v -5.68998391 21.63262882 -7.62560952
v -6.14570751 40.86445374 -13.96796562
v -0.84869879 13.41578509 -27.09069252
v -5.67768193 10.07273254 -14.42344700
v -5.53274517 0.22943683 -9.06916865
v -5.49149925 14.55113966 -18.66032105
v -5.92787422 5.88297829 -15.69453146
v -5.79468432 38.23029182 -15.72405829
v -5.64565566 2.84801334 -16.34994766
v -4.87915764 32.96678932 -5.96812022
v -5.55808602 1.54989466 -16.45025568
v -6.27190706 6.23628347 -4.84296234
v -12.21783786 30.77188105 12.27050100
v -5.60035201 45.97859507 23.37371587
v -5.13235815 25.39158172 -18.71532539
v -5.92488335 23.86395179 -9.24110660
v -6.03227554 42.03878381 -12.92172547
v -5.30658476 0.33878308 -12.38340974
v -12.43702999 31.22733902 3.27326203
v -5.49880538 29.82491526 -14.88572583
v -5.80944593 37.63855318 -15.33092703
v -5.33139753 7.67727020 -3.79527882
v -5.88173329 24.64551372 -9.77585235
v -6.70456172 49.10951505 39.50884254
v -5.68480369 45.85244284 -5.07465010
v -5.08624423 28.49732744 -9.65340252
v -5.58769784 30.30841140 -15.56592207
v -5.63385193 39.95737514 -15.00495203
v -5.68304953 43.84145921 -10.56005380
v -5.61706083 24.91952461 -8.88165823
v -5.47214888 44.17649556 26.68050225
v -5.25788565 23.96555890 -19.57431760
v -5.78655580 9.48373144 -2.87874128
v -5.08828066 30.77721528 -15.35432029
v -5.81506203 31.34897742 -7.59075829
v -5.39321082 4.07514218 -15.27460564
v -4.70406431 11.91761248 -12.60308137
v -5.49746718 43.36258620 -11.70726706
v -5.44324949 10.74530609 -13.10698080
v -5.34971854 37.26568579 -16.73499536
v -5.43318516 0.85684094 -14.71122023
v -5.54668989 43.86035013 -12.17693884
v -5.21519144 1.37092441 -3.04757402
v -5.10184295 36.83841148 -16.98937612
v -5.47933765 32.90794373 -15.81121467
v -5.25746901 2.25985546 -15.90568880
v -5.14128428 45.45818126 -4.00160251
v -5.30264012 7.68348256 -15.27439011
v -5.39539247 39.96614060 -6.38984380
v -5.60609066 26.20794473 -18.34600811
v -5.36328871 9.51955319 -14.63621300
v -5.61903602 0.63176210 -14.04429088
v -5.30098603 28.10404574 -9.44651181
v -2.32145985 43.43563658 -19.39930844
v -5.73953064 6.03619422 -5.66112723
v -5.39637340 3.44098103 -6.43723970
v -5.17438067 23.35457969 -8.23212858
v -5.11344543 38.12498299 -5.95028082
v -5.05721355 5.48786566 -15.14750244
v -5.30464429 45.11691963 -6.02498348
v -5.37681840 44.49804820 10.25944151
v -5.43396819 22.24706515 -8.64446092
v -5.07135830 42.36011772 -14.99085417
v -5.06818423 9.88553389 -14.47655509
v -5.27284175 38.76774384 -5.91846607
v -9.37941032 38.30627511 31.52659920
v -5.77138255 43.46591684 24.64133595
v -5.45714005 42.82629108 9.00867512
v -5.07798830 4.65649692 -7.77643396
v -5.20576542 46.08557485 36.96048377
v -5.52096918 44.44836400 9.19905232
v -5.12902328 0.45128767 -4.96229762
v -5.15704299 45.23571193 9.12044000
v -0.00419383 25.45804383 -23.52627198
v -5.25386846 45.10567706 10.04636613
v -4.48108871 17.21942091 -20.49724858
v -4.77730924 31.86982487 -6.62216092
v -4.95543798 47.37071087 -5.85505579
v -5.03701506 45.55642665 31.13422934
v -4.79129819 46.98352685 38.36263213
v -5.08897892 0.38093219 -8.45299887
v -5.01329125 43.93064018 -13.46803064
v -4.97169615 40.71416200 -6.30488372
v -5.18318791 43.62601213 -3.40281095
v -4.64204668 34.15935364 -17.37386755
v -4.83507812 24.52419708 -7.97504788
v -4.80595279 8.58299338 -15.29836606
v -4.84034940 0.62139293 -14.28735453
v -4.60225300 16.34393028 -5.37050093
v -5.09044085 44.83307721 -3.23488951
v -4.90571313 20.23057513 -20.80145794
v -5.39025233 3.41184911 -5.24141491
v -4.95675507 43.97206499 -3.23763750
v -5.03491367 45.90659416 37.22758861
v -4.42358669 34.34024645 -5.13116894
v -5.20690816 42.02370292 9.22775237
v -1.71230034 35.26269273 -24.08470325
v -5.08699182 23.00938091 -20.43477739
v -4.92806990 7.13063774 -4.98527721
v -4.84460283 43.57771089 -13.16762099
v -5.47241026 42.74831647 10.11138271
v -5.06636098 44.65093306 8.44472950
v -5.64899484 0.66537187 -15.11001695
v -4.93422263 42.84716194 -13.97679761
v -5.02774062 44.76895555 25.78335216
v -5.48441359 17.19862348 -5.12966590
v -4.63460559 46.58090895 -2.78717479
v -5.07016723 43.85548147 -1.16888050
v -5.44868820 14.98750509 -19.00763967
v -5.22651758 34.59882277 -17.11631966
v -5.04965625 0.27123764 -10.95778139
v -4.66052785 11.18602943 -11.16555725
v -4.70426422 28.26277700 -18.25395741
v -5.06355835 25.59053989 -19.31266206
v -8.84082241 45.22124898 37.36112588
v -4.96078668 29.95492187 -17.08415280
v -4.75566979 31.19912175 -7.09934945
v -5.43684894 14.55133606 -4.56064027
v -4.72794567 7.51632597 -6.17059129
v -4.87542810 43.28321837 -14.28233467
v -4.94118836 43.29597775 -1.29775870
v -4.34563665 28.39500391 -8.36943208
v -4.84260343 44.64178346 -1.14301903
v -4.80138402 10.54291857 -4.08372213
v -5.10752363 0.91712885 -15.63064026
v -4.52859427 40.65901863 -16.30954498
v -4.76204102 47.64728207 23.25551854
v -4.85391866 44.54450469 26.06919653
v -4.34376722 37.55121293 -4.73137741
v -4.18512780 44.75749261 -7.96938653
v -4.87748821 42.96779417 -1.19175651
v -4.82336956 47.20591934 39.46502771
v -4.74067224 45.13521736 10.33071324
v -4.83589331 45.10524510 24.87581028
v 9.29591079 29.56529207 -13.59361684
v -4.95260682 10.97374043 -13.15389514
v -4.65104674 45.32638126 9.53511369
v -4.87064699 2.49152906 -3.72879731
v -4.70046764 34.62096361 -17.71332743
v -4.81967741 50.07089612 40.56376066
v -5.01520407 43.60453368 -0.66200341
v -5.07491226 44.20575573 26.55191701
v -4.84517512 43.55475002 -8.42796217
v -4.78299089 21.84413435 -8.34848899
v -4.36187715 0.49113658 -11.91517329
v -4.76734261 4.08240956 -7.70647574
v -4.57209866 45.64981592 -1.19836383
v -4.77976777 5.63032547 -7.52663476
v -10.10522653 16.73905545 -14.99455103
v -4.73345923 42.00732091 -3.50314335
v -4.76033229 33.96296457 -5.35431246
v -4.53258871 41.78024009 -1.27490607
v -3.95412027 21.71133780 -22.52396554
v -4.82157851 23.51219443 -8.07310185
v -4.66885968 45.95698000 29.86184342
v -4.48493053 48.39409518 27.69201623
v -5.02976778 42.84952560 8.56429493
v -4.66516121 41.98805980 9.13270465
v -4.68513895 31.42183342 -6.43137305
v -4.57398374 42.84563851 10.48383861
v -4.59560731 43.24122568 -1.85403275
v -4.46578104 27.79715108 -8.15388939
v -4.63673452 6.31616318 -7.87658748
v -4.56296904 38.67417708 -17.26765466
v -4.60186171 46.68756736 34.09067665
v -4.53629771 25.23846893 -7.93218031
v 6.15852044 5.92543044 -25.20660413
v -22.54162555 23.30763774 -9.17484022
v -4.41025422 46.57730267 29.70586279
v -4.89193934 42.33673613 8.47041492
v -4.21620948 28.99903774 -18.11325834
v -4.81349553 13.96842125 -18.36195090
v -4.56002703 3.62699025 -6.81411603
v -4.66638227 3.36958806 -5.30868209
v -4.80471438 3.00609808 -5.11963328
v -4.45904830 44.65186923 0.18106341
v -4.64575156 46.56801576 38.03008953
v -4.30887666 43.72051803 9.11273288
v -4.96828890 40.96744306 -15.94802999
v -4.71129274 46.96749550 -11.21042937
v -4.36185172 26.83328783 -19.51655362
v -4.52655050 0.33096145 -2.10449711
v -4.60046676 30.59699672 -7.13599877
v -4.64027430 7.81714601 -6.46558059
v -4.25065266 41.74635775 -1.39832826
v -4.45049192 17.47600676 -5.75746807
v -3.84410036 7.77811313 -14.62782214
v -4.44885444 45.44359144 -7.99408134
v -4.50500232 43.17933137 -15.43186285
v -4.25521579 45.54591041 -7.75641549
v -4.49762819 31.80175013 -6.67578678
v -4.35067199 46.27692325 -8.10808204
v -4.59249411 26.66139930 -19.10981401
v -4.26421837 31.28342533 -17.26679541
v -4.47699115 43.62957958 9.59881189
v -4.14158555 7.51381926 -7.60182854
v -4.58398020 38.43732132 -5.06088222
v -4.68833308 44.76225405 -0.39285067
v -4.45690662 0.54210358 -8.86120476
v -4.50134308 10.00204803 -4.23756605
v -4.75076260 21.73877725 -21.14643941
v -4.52208964 8.55068085 -4.60992782
v -4.10518737 11.01956314 -12.43277676
v -3.97578077 13.04614584 -16.06563169
v -4.30671982 40.67708722 -17.08506906
v -4.87637571 42.18489929 10.46765938
v -4.30543569 32.06625646 -5.48068752
v -4.34333615 5.24909759 -14.43871880
v -4.52618919 10.33324074 -4.68153711
v -4.44306772 30.00919396 -17.92487512
v 5.59838629 4.04996382 -29.03738120
v -4.46437511 42.56009964 -15.30413283
v -4.26277902 0.78972477 -14.70142753
v -4.40273982 8.29806943 -5.38264491
v -4.15803421 16.83997041 -21.84244383
v -4.29625100 1.16556365 -2.77434917
v -4.26358906 0.71854847 -11.41070113
v -4.87705141 44.83523523 10.59841233
v -4.57356885 45.42967674 -0.53484318
v -4.72620670 23.03664586 -8.18749254
v -4.35388316 42.17379132 -6.41558205
v -4.72368020 45.08355595 8.61023690
v -4.35204891 15.31165626 -19.72753060
v -4.13679562 40.93171198 -5.76841918
v -4.10653632 33.73555404 -5.36580601
v -4.33368875 42.82957619 -0.37492296
v -4.26497950 11.07229266 -10.78026313
v -4.31216229 14.03310564 -5.97303128
v -4.20973292 35.54356716 -4.39136517
v -4.31257545 39.71185029 -5.13970865
v -4.28771374 44.23682335 -14.02085964
v -4.53764533 45.04656259 -14.15399930
v -4.15067449 46.24801617 -8.70120797
v -4.55046269 0.17652141 -5.13832338
v -4.47076493 3.07468587 -6.52213866
v -4.21589740 29.44728811 -6.97090273
v -4.23136438 47.63589869 -11.35135213
v -3.91388477 37.91470034 -4.82667907
v -4.15881649 38.35374558 -17.58660881
v -4.22978867 4.49858677 -8.89345433
v -3.65189203 23.53132260 -6.26889942
v -3.89337297 4.19211447 -14.15693381
v -4.30868936 30.45349098 -7.25943816
v -4.44502956 8.84186384 -5.06172551
v -4.11911614 3.07357934 -13.71384796
v -4.22162304 33.08524948 -17.85011252
v -3.79340832 4.75223177 -13.60319339
v -4.15568116 27.94974517 -19.00266430
v -3.38986346 37.47527247 -18.49777230
v -3.77248502 0.32180132 -6.69858188
v -3.99961792 4.29195742 -9.22950654
v -3.67473816 29.30781408 -6.07774001
v -3.98071249 27.63681343 -8.02890541
v -3.98178962 4.04779824 -8.41814084
v -4.10886887 27.23095968 -19.09027134
v -3.88413499 40.77026725 -17.51061893
v -3.79393878 12.59798607 -14.80967567
v -4.00659621 18.79138948 -21.37699945
v -4.11989439 41.74030600 1.30881170
v -4.04622588 8.38268261 -6.15530775
v -4.04531916 44.26822841 -14.66072220
v -4.18026471 3.38758286 -14.22562434
v -4.13885900 0.64009188 -4.98345105
v -3.70536860 31.25823729 -5.48358263
v -3.80916323 33.47467997 -17.98049929
v -3.73330084 47.20380853 -12.94538941
v -4.03998816 14.68545437 -18.62504239
v -4.35150838 30.12199245 -17.30678414
v -3.92552625 20.96197917 -6.93451130
v -3.76392808 47.90183508 -8.81002744
v -4.33273978 48.27131226 -4.06566429
v -3.94897678 9.83669814 -5.07343488
v -4.22637572 33.98491901 -5.08776394
v -4.35828119 9.25279705 -14.86782144
v -4.06510551 43.65628561 9.96150048
v -3.87652490 46.20703379 -8.27641027
v -3.99919167 5.79606223 -8.66372008
v -3.75932832 28.64264664 -7.07690999
v -3.95268926 1.10861312 -5.00769210
v -3.90662943 43.15076535 -15.99944424
v -3.23179610 42.97920606 9.63220646
v -3.95814351 42.63949945 -16.73868193
v -3.92538531 47.04187430 -0.82464863
v -4.17864286 11.90459485 -13.06613924
v -3.86858868 1.53500765 -14.09658753
v -3.83697555 10.31353962 -9.70488611
v -3.89638917 31.03518733 -17.98359743
v -3.98008418 24.74798645 -6.34577650
v -4.04627681 0.39668611 -8.21606323
v -3.13300502 29.67358113 -5.71133908
v -3.67576494 10.06171038 -6.47016924
v -3.32431168 45.40327390 1.06718114
v -3.95472612 9.97932360 -13.93218572
v -4.25110399 0.88929797 -13.83762799
v -4.09733871 47.95482483 -3.21753575
v -3.82547671 1.35733663 -14.68261674
v -4.04794912 39.10520081 -17.71415075
v -4.03582454 48.75779750 -5.47811428
v -3.62345396 38.06764644 -18.12410761
v -4.07105933 0.43706051 -6.28270078
v -3.70747155 38.93940214 -5.13814592
v -3.70538010 40.37743863 -5.74878028
v -3.47359301 0.52976237 -12.01738577
v -3.56432046 46.21323986 -14.54326238
v -4.04961094 32.77296121 -4.88964453
v -3.73571144 2.77624431 -6.94077927
v -4.30231699 42.27712874 1.48257824
v -3.53836423 0.73463186 -5.25074925
v -3.94402888 3.14924606 -8.53401871
v -3.33099898 8.55889747 -13.81412545
v -3.70577425 19.72954669 -7.34468565
v -3.60048959 0.93880918 -8.69574051
v -3.71357401 1.40828365 -6.46776980
v -3.55754452 3.91900458 -9.23710321
v -3.42384357 0.50616941 -10.74290198
v -3.35320158 5.04655829 -10.54461875
v -3.42859953 11.15113529 -9.75109198
v -4.08055433 11.86077880 -12.08808911
v -3.93688864 28.68065830 -8.23547261
v -3.66010779 45.13438889 -14.97521490
v -3.45348716 0.82217973 -6.80890113
v -3.44792553 46.91094018 -8.66578373
v -3.63372063 40.84927957 0.43724263
v -3.64750168 37.71819434 -4.41054303
v -3.63897163 33.15743030 -18.34142691
v -3.16939459 10.36089833 -12.14964316
v -3.70296599 26.83819116 -20.12228023
v -3.54315925 21.61084434 -6.41906424
v -3.60832465 26.73521546 -6.58068697
v -3.40387554 43.22899142 9.98802832
v -3.25822372 12.55371344 -22.38832265
v -3.43834961 49.25631667 -2.55601013
v -3.42164932 39.33933686 -4.56521123
v -3.42483699 40.45591504 -17.58797893
v -3.61976383 48.76197390 -4.56768345
v -3.83161988 35.08620144 -4.62328654
v -3.67079724 24.33993946 -6.12862854
v -3.62615061 16.60402759 -6.68638216
v -3.65371371 3.00872473 -13.35579044
v -3.66981882 31.37719523 -4.81455028
v -3.54382921 36.13921634 -4.16921318
v -3.52787203 14.11101768 -17.39450339
v -3.26475231 48.74682176 -7.48848888
v -3.49548053 19.31747899 -7.96325511
v -3.65214136 47.22644289 -10.66652202
v -3.13854346 44.13637822 9.85955721
v -3.53790430 31.34603622 -17.66475877
v -3.74055369 9.32596157 -8.06717807
v -3.34254574 48.88644002 -5.95834634
v -3.26141537 49.38965966 -3.19940334
v -3.58833581 45.64941458 -14.48717818
v -3.65761734 44.76624782 -15.50711102
v -3.67954951 3.33223295 -8.71468147
v -3.22700369 47.45414348 -0.16527952
v -16.38434757 28.93513509 -3.95699996
v -3.49660677 42.66662418 1.91580753
v -3.41192445 1.22997192 -13.78179073
v -3.35404423 43.66654665 1.91840032
v -3.47964546 32.12470433 -4.28146401
v -3.21618274 11.00490550 -7.30466356
v -3.86377469 47.38636909 -1.51469839
v -3.50660310 0.48707736 -9.21117702
v -3.32904090 44.89496226 -15.14851918
v -3.50521224 2.39786384 -11.11595434
v -3.28768820 26.34097196 -20.59425464
v -3.51949829 21.01365654 -6.24769742
v -3.62664143 48.10257149 -1.10931178
v -3.17418667 12.03606927 -9.78213243
v -3.12039632 41.51424234 2.83994149
v -3.65386456 37.16464395 -4.71657427
v -3.44218919 1.69550622 -8.62768805
v -3.49388214 5.20017604 -11.21279725
v -3.13078567 30.61644085 -19.43350252
v -3.50580405 21.25245719 -6.67719127
v -3.49885790 47.49561451 -11.52125771
v -3.17925313 26.28612117 -6.12298716
v -3.13528264 6.89089830 -10.67857959
v -3.36947692 46.66554726 -13.86471627
v -3.23147553 2.60674332 -9.29100136
v -3.29907282 2.45772650 -11.51030147
v -3.22831737 25.95810186 -21.20745768
v -2.86814293 12.43851913 -11.56760956
v -4.59114480 49.60581498 36.97867600
v -3.20639029 5.47658658 -11.72680045
v -3.29645768 3.97985798 -10.70376161
v -3.21464140 42.41944842 2.75018965
v -3.40496076 42.74891174 -16.74216136
v -3.12735880 11.48000917 -8.98340490
v -3.36125489 4.31908823 -12.54076592
v -3.07430569 48.88522068 0.06270568
v -2.83161809 32.48462980 -4.01759711
v -3.39381919 4.08879094 -11.24449725
v -3.53415123 40.19940430 -3.34604174
v -3.56951844 24.71171953 -5.49093434
v -3.09204111 23.63695739 -5.67228469
v -3.20433873 12.61125162 -13.86333100
v -3.36575294 10.31963934 -10.63581102
v -3.28311321 12.20860246 -10.77069527
v -2.90149564 2.86371736 -11.38418585
v -2.92716286 34.52281696 -3.33383164
v -3.35053571 47.56907243 1.73018676
v -2.79418753 26.84865116 -6.45897238
v -3.10225575 6.34297978 -10.48319391
v -3.21816053 11.76862208 -10.60310774
v -3.19176673 2.23335403 -10.60569687
v -3.36253062 10.69660085 -11.19398367
v -2.84222228 6.77688891 -11.55840936
v -3.23119576 21.98274888 -22.88048010
v -3.10912664 32.15881933 -18.71315324
v -2.80570145 30.75683496 -19.44667381
v -2.89170692 12.27863161 -8.64932947
v -3.07572166 47.37341598 0.23842602
v -3.40466863 0.87761008 -11.27309867
v -3.22608120 9.39411568 -13.24213732
v -3.20332997 45.98174222 2.03101365
v -3.03350758 47.50046754 3.20125586
v -3.17467386 2.51999416 -10.95274209
v -3.06500560 1.47614728 -9.31251671
v -3.70040226 43.32858116 -16.60896878
v -2.80439597 35.54432060 -3.24173190
v -3.15657609 10.03121702 -11.70140498
v -3.07724080 1.04216157 -10.65090215
v -3.21221777 7.93586150 -13.18840030
v -3.11138477 48.47667795 0.52370028
v -3.12020262 29.30915289 -5.40736469
v -3.15505208 46.10004529 1.16805507
v -3.16876586 42.38382748 -17.54136060
v -2.89918571 39.97573319 -4.64335731
v -7.60059678 47.91144495 36.40214303
v -2.96242290 18.77094072 -7.70128220
v -3.12013997 42.53201172 4.35391130
v -3.10449485 18.15942067 -8.24823096
v -3.01093886 41.14472872 -21.19472604
v -3.05486391 26.58135155 -5.71905695
v -2.93009532 8.24183038 -9.43822007
v -2.96806324 47.17253808 -8.61641956
v -2.86714075 43.37355268 4.09572354
v -2.80645973 13.26963990 -8.98033079
v -5.19610873 43.02631254 -4.75286174
v -2.78200233 12.53602807 -10.04795347
v -2.73674346 31.40065922 -19.40318443
v -3.21723146 4.04189062 -13.05021030
v -2.88659209 46.88124205 1.77944599
v -3.00292183 48.04334192 -19.08382568
v -3.13386721 47.50507867 -10.76485833
v -3.08073641 41.07924871 3.41486869
v -2.90707080 13.39345490 -8.12544298
v -2.75838822 44.72577619 -16.00639593
v -2.84531437 2.76937082 -10.34439854
v -2.88584534 46.17077774 -14.31130796
v -2.93838039 40.59855333 -18.32335587
v -2.99428749 18.70970843 -6.98148342
v -3.06003625 13.82545675 -16.64361395
v -2.98968900 47.54355093 -19.27278549
v -3.15962916 28.83281369 -6.27797924
v -3.54090282 16.26909797 -7.07377760
v -2.46589732 11.53143121 -19.31558558
v -2.57412996 48.96683965 2.65466260
v -2.81660411 12.73473811 -11.09044739
v -0.92963647 9.56434849 -25.80445029
v -2.95665680 46.11839196 2.18904738
v -2.93111688 47.34929877 -13.64734015
v -3.48537597 24.01106282 -5.51117547
v -2.97864575 41.33817319 -22.39216590
v -2.72436485 9.63663838 -11.73566538
v -3.12571609 23.43197178 -22.66867600
v -2.92676888 8.78766238 -9.61068719
v -4.96326912 44.90123023 -9.22097468
v -2.31831002 39.88351109 -18.85370048
v -2.59998164 22.01683371 -5.58331937
v -2.83992553 7.11409339 -10.01070993
v -2.75005169 8.11833993 -12.18238023
v -2.85728165 43.12111084 -19.77453266
v -2.50092934 37.84550400 -3.66995353
v -2.35175382 50.26997934 -4.43601236
v -2.82847980 47.24609389 -15.71730019
v -2.71977855 9.70314383 -10.64660273
v -2.65677637 48.23101823 -11.30162181
v -2.89764018 31.45419382 -3.71226891
v -2.84367018 48.31483023 -8.54818033
v -2.80999509 48.58170663 -7.78746919
v -2.58787280 13.96260968 -8.63341759
v -2.61855892 52.27460335 -13.73778247
v -2.39216312 50.44366752 -2.86421797
v -2.70261962 32.11551049 -3.34127663
v -3.21557615 43.06611739 9.22361196
v -3.00791616 49.99585365 -2.80486392
v -2.40421978 33.67012790 -3.44753034
v -3.16483358 19.78583736 -23.18074629
v -2.54284570 8.25733784 -10.46211508
v -2.42986559 19.93621318 -23.76837928
v -2.82745226 37.83862337 -18.26612526
v -2.79450157 44.62428064 3.01733159
v -2.51083417 47.69369207 -12.57795866
v -2.26512744 31.38199383 -19.71364161
v -2.41653013 18.37928054 -7.25914208
v -2.74071500 47.20312806 2.49848635
v -2.65770107 41.22948667 3.88489286
v -2.84761327 46.34732189 3.28226254
v -2.65127769 47.02791901 -13.82173065
v -2.62137477 17.60599693 -8.51616947
v -2.51689636 32.59882619 -3.70182751
v -2.66313352 39.36402267 -3.61713350
v -3.09912941 20.70818547 -5.81867642
v -2.76690262 40.62094942 2.06821355
v -2.07615523 35.82465117 -3.24163475
v -3.50831022 43.38245777 9.01814087
v -2.53610733 34.78072232 -19.00315046
v -2.76284233 45.07640334 3.39331248
v -2.64868816 41.81865363 4.57688746
v -2.27983015 40.33028173 3.26352914
v -2.56126752 48.31701040 -16.02578546
v -1.89642413 49.77346238 -6.92568377
v -2.21491462 49.18932698 0.93976629
v -2.70228801 38.54578764 -3.33450425
v -2.38331347 40.36249068 -20.42077748
v -2.74257610 34.25360024 -19.17468846
v -2.32510629 36.36459834 -3.23350930
v -3.07309026 18.30342205 -23.24496794
v -2.29868865 40.85054482 -22.40998109
v -2.95109861 44.06718438 2.95732415
v -2.37384174 45.94088461 -17.70033858
v -2.81623087 49.18053331 1.93811818
v -2.95552863 43.73206011 -16.43272537
v -2.29212491 24.60757602 -4.72879616
v -2.35899320 32.81465972 -19.31042736
v -2.49348636 21.59045060 -5.15153216
v -2.48391168 41.49595561 -22.45578072
v -2.56439726 45.38794856 3.36281374
v -1.99236670 35.06096713 -19.40378423
v -2.14394792 48.40881454 -16.03733723
v -2.42268114 34.86511755 -3.08475371
v -2.46905383 27.33735726 -20.69695140
v -2.46294711 11.12405161 -22.70093754
v -2.42269538 52.39985014 -13.75250458
v -2.41864044 41.01247740 6.28599420
v -2.42378253 17.58312468 -8.32532266
v -2.20552960 33.89634038 -3.37046480
v -2.42006725 47.57658030 -19.36040519
v -2.14672226 44.58147334 -16.54372085
v -2.40429987 41.25950821 5.92806930
v -2.36580624 13.83750222 -9.46156751
v -2.29571149 35.71860156 -21.77448178
v -2.42199608 52.42560873 -12.17662335
v -2.46683872 51.93508937 -9.87677982
v -2.10839256 12.17114199 -17.12551803
v -2.34027538 13.37618655 -9.54143751
v -1.83717491 30.00990374 -4.28321038
v -2.66633461 21.00262757 -23.67761772
v -2.20819659 42.03048082 5.60858672
v -2.25487536 34.62071773 -2.64149608
v -1.89887897 43.57612760 -17.93193805
v -2.17291674 34.65321144 -23.89597439
v -1.95008720 47.35766694 -14.13871401
v -2.20326790 35.22613232 -23.97915619
v -2.09725320 14.62188849 -9.28398807
v -2.37218058 28.68825093 -4.98550223
v -2.15027091 14.69471025 -14.52200646
v -2.02434349 40.01445680 5.96264425
v -2.28968315 45.16776922 3.92642902
v -1.92941496 49.07615343 0.58918437
v -2.29512486 46.90387075 3.89555406
v -1.92876365 44.58906331 4.12269939
v -1.78270983 39.69021572 -3.64514338
v -2.12145363 38.98930231 -3.30444842
v -2.18583904 37.87264634 -3.29093150
v -2.24703765 25.36562866 -22.47227484
v -2.06866977 38.30235848 -21.68894641
v -1.81614356 43.91663540 4.76331745
v -2.13726950 22.85413059 -23.61808490
v -1.85643258 14.34580788 -10.84693189
v -1.78125556 49.82152190 -12.74213873
v -2.25289955 28.16248292 -5.72010274
v -5.97858978 16.18008563 -19.17098676
v -2.10980843 31.37057309 -20.08256594
v -2.06410926 27.83515902 -6.31913015
v -2.08023956 16.15433829 -9.51409841
v -1.73998999 18.89280586 -6.02685181
v -1.88285566 39.15011500 -2.89102020
v -1.99931169 30.58484946 -22.95978585
v -2.21238180 35.37434565 -2.70306739
v -1.87556555 15.18545083 -11.04289055
v -2.05374385 30.29302954 -20.53090673
v -1.73576219 40.21786134 -19.73538583
v -1.96791758 28.62076635 -26.50521765
v -2.03525953 11.76100160 -16.33159196
v -1.81881190 39.02552683 -19.55316856
v -1.88957650 16.83968526 -25.50021625
v -1.52858606 23.05574436 -4.64906774
v -1.47907625 17.20285801 -7.46606291
v -1.63272467 31.43118151 -23.74256991
v -1.98956573 22.39352256 -23.55703482
v -1.72791347 37.10755234 -3.16165710
v -1.60299944 29.16141222 -4.24836994
v -1.48042091 19.27927667 -5.83385386
v -1.85895983 13.84252188 -14.90720331
v -2.12877077 31.02430287 -4.03457987
v -2.08023449 42.33835834 6.16689536
v -1.31309950 49.87990133 -7.15145588
v -1.94081907 45.35414858 3.99797319
v -1.49175869 33.11206871 -19.41269583
v -2.39681483 30.49729187 -4.28399916
v -1.57315425 45.24891462 -17.02830010
v -2.25882289 47.07231471 4.20092763
v -1.64355037 13.23759717 -14.31363826
v -1.60375598 42.85167325 6.10978030
v -1.75421728 14.92207692 -12.87241701
v -2.02893295 29.67463307 -4.24168055
v -1.70048123 15.04352725 -11.86989114
v -2.12365872 23.97932253 -4.97669113
v -1.25486337 28.22413119 -5.92284527
v -1.88477001 16.07187410 -9.54371753
v -1.18996716 27.18540597 -21.95840601
v -1.92549324 22.30433808 -5.21311921
v -0.95873488 40.60108820 1.35883386
v -1.73747700 41.42451685 6.60491103
v -1.65575220 48.18896921 -12.77908509
v -1.20680969 49.52423809 -0.11197954
v -1.60776803 25.21554424 -4.84678856
v -1.74790685 41.70247945 -20.63813603
v -1.82581621 14.90118038 -14.22071444
v -1.22058846 43.94250535 9.87783317
v -1.57129711 38.31163591 -21.78388717
v -1.24508700 47.31848344 -15.73649888
v -1.22308582 46.11940947 -16.69620818
v -1.46972445 28.03302664 -23.93981712
v -1.61725257 34.66916003 -23.86622783
v -1.54994476 34.67409179 -20.81881853
v -1.16332308 14.80666733 -11.52351685
v -1.59465443 24.28922780 -4.80246472
v -1.52328367 42.78046202 -18.97293454
v -1.64242832 31.96725127 -2.64513315
v -1.33164911 33.95926142 -19.67024385
v -1.69637107 41.75449368 8.25589405
v -1.21236509 34.18285903 -2.70970021
v -0.72322095 9.12188917 -21.18923186
v -1.34685691 41.10166314 -19.68940663
v -1.75454885 18.00341486 -25.40348162
v -1.53935997 22.82495869 -23.68619027
v -1.65735505 11.25905952 -25.25690800
v -1.37635258 21.49747470 -24.34766038
v -1.16575621 13.50126485 -13.89881218
v -1.29114456 44.42204494 -18.04751809
v -1.48872993 32.09811757 -20.71365833
v -1.34806031 39.63420653 5.50393319
v -1.32644637 38.93592812 -20.08235320
v -1.54994303 11.95453018 -15.47703233
v -1.43459868 42.71297496 6.21246602
v -1.53978717 41.45502987 7.58732370
v -1.61050293 41.75593663 8.88839404
v -1.52898328 41.60759263 8.55620729
v -1.50686546 10.66701181 -17.25631230
v -1.48788838 28.66961200 -26.55766829
v -1.23467029 32.58118276 -2.49758823
v -1.32710498 41.47972067 8.88077390
v -1.38189770 10.35081074 -17.00712996
v -1.46404337 40.46459620 8.53071807
v -1.59141826 34.55957902 -2.32923823
v -1.46626979 33.29426393 -19.74946768
v -1.72516894 27.10409628 -5.30055584
v -1.21519494 22.25972528 -4.45828289
v -0.90001934 49.38410822 -11.67814446
v -1.68552084 15.80822406 -9.29438954
v -1.55421499 21.56050579 -4.65582570
v -1.51286062 50.61638921 -2.78853360
v -1.02698391 29.97080916 -4.00876704
v -1.29906169 11.99218213 -14.74245345
v -1.37742439 40.53475894 7.85798375
v -1.05711528 34.64327937 -20.74052506
v -0.86368432 45.77084178 4.92533190
v -1.29124944 18.81198033 -6.18050163
v -0.88842687 11.26745443 -27.51068926
v -1.17416549 35.50848846 -2.14902766
v -1.20018757 31.41648641 -23.84878452
v -1.31220974 17.11733828 -25.56589805
v -1.35705593 42.67169465 8.91256263
v -1.03281471 39.67629214 8.21298454
v -1.21781309 29.06066308 -4.48630024
v -1.06472633 27.98709648 -23.81374325
v -1.19895746 10.33170101 -16.60652375
v -1.14654324 27.20802367 -5.57369714
v -0.86124486 16.28517397 -8.08011278
v -1.38978507 47.56361926 -14.88177278
v -0.97015805 35.97997406 -22.31372877
v -0.64920318 48.99560991 0.18353825
v -1.46686761 27.99275804 -26.49028510
v -0.88648534 27.14196606 -4.88262053
v -0.78225961 28.20336764 -5.01560013
v -0.73802196 49.06558184 1.22391268
v -1.16784749 17.67534195 -7.11220193
v -1.28661284 50.43306003 -11.65526201
v -0.42226959 24.41971759 -4.39853450
v -0.88603450 9.85051325 -24.57979942
v -1.45215095 46.05798138 4.32563706
v -0.79395030 27.22407012 -22.26799862
v -1.11662633 17.00685676 -26.18191011
v -0.80284835 14.80830674 -10.00585816
v -0.93677180 12.93340169 -13.54881584
v -0.94875441 17.81653536 -6.59767604
v -0.88707331 25.61183313 -23.22480931
v -0.62876332 21.21664818 -24.59472188
v -0.59224483 48.41343985 -14.55069580
v 12.11655553 21.68792301 -17.64833781
v -0.87710627 41.36243639 9.10882022
v -0.81014094 43.19185101 9.70447734
v -0.98019466 38.33867224 -2.32491712
v -0.87818272 44.15360119 9.42601795
v -0.86709171 40.32551332 8.76811658
v -0.77452194 23.43393932 -24.20291137
v -0.99602121 14.18627000 -12.83212590
v -0.88149068 43.25061298 9.15741347
v -1.04931914 10.29356523 -26.27062227
v -0.43633181 37.33769667 -2.53281338
v -0.05388836 28.18241689 -5.37742317
v -0.64199256 37.95014353 -20.24940352
v -0.98615469 15.06923635 -26.46669368
v -0.88948687 42.79303618 9.88638632
v -0.64820283 30.61374037 -23.44071767
v -0.59251728 41.22872261 9.87300578
v -0.89423150 45.51187147 4.25217271
v -0.80818255 43.66882863 9.98316802
v -0.87634241 18.15761982 -25.70675789
v -0.79258374 10.44542245 -16.41328131
v -0.88907560 9.39340120 -20.82650922
v -0.75366624 30.52182966 -3.32179066
v -0.87069035 31.46231600 -3.01871072
v -0.28685075 44.77224319 -17.90050046
v -0.77177782 48.83506167 3.12211109
v -0.23538277 49.42292795 -11.92597506
v -0.86423414 32.15155167 -20.96449579
v -0.74552550 29.44320823 -3.65335842
v -0.88926942 44.48045546 9.33458101
v -0.67211913 43.05359082 10.42819530
v -0.81981907 32.86363791 -2.72939689
v -0.46962241 45.41518579 4.80347173
v -0.70183073 39.14689847 -2.58077339
v -0.75796569 31.09977163 -3.27407411
v -0.38616871 14.18332897 -11.24333973
v -0.91298651 44.25245934 10.31907682
v -0.73122465 43.64726147 9.00667705
v -0.48157023 37.50197674 -2.56333204
v -0.71843203 8.84450558 -20.25196996
v -0.41138423 35.29002209 -20.22124192
v -0.91109139 50.75158737 -4.29303911
v 0.41984982 39.51478628 8.33193226
v -0.87161317 41.81514517 10.13249389
v -0.70085966 29.00870134 -24.41331022
v -0.87781877 18.81519828 -25.87511811
v -0.37545603 43.69105461 7.41467866
v -0.68501556 44.69951956 9.45798839
v -0.63910197 43.81997618 10.51468607
v -0.39523438 15.89029284 -8.00972005
v -0.39450099 11.44208822 -28.20303381
v -0.46312202 31.42020492 -2.57812817
v -0.63005713 49.81547695 -8.98402704
v -0.56396943 44.40365458 10.36762751
v -0.74032703 39.45808666 -20.08763453
v -0.59703278 35.39912198 -2.30700383
v -0.38630740 50.66059033 -3.07043086
v -0.63220185 17.91168957 -26.27346622
v -0.57354592 8.95759340 -19.79329847
v -0.34710431 21.66357769 -24.64535250
v -0.54828049 50.06300594 -7.29591312
v -0.32087065 13.06884489 -28.25260789
v -0.32023558 33.20905705 -2.56343072
v -0.49722221 36.12165723 -2.51071691
v -0.17841439 39.22186782 -2.06063169
v -0.45269342 10.77698032 -28.16495772
v -0.17064981 44.59419200 9.92339779
v 0.44931027 46.01549536 5.61450543
v 0.48173485 18.65937610 -5.20968488
v -1.28889121 22.70753456 -4.73185684
v -0.61209186 10.25184113 -16.14942454
v -0.34664922 46.95077295 -16.33510493
v -0.07290971 44.63015520 9.02704467
v 0.52614484 48.32090537 2.12816406
v -0.19019442 35.71229069 -1.98623235
v -0.88947343 48.23764526 4.08235117
v -0.19476164 11.68348537 -14.18031771
v -1.18358822 19.12211379 -5.55579116
v -0.27269077 32.73401551 -2.10959487
v 1.32277891 7.45468508 -28.62184025
v -0.09552672 40.41888302 10.35684658
v -1.32846162 25.12068327 -4.41667544
v 0.02271771 21.66338941 -4.21743110
v 0.36070515 30.15843463 -3.35004952
v -0.44894228 49.76252776 -1.08880366
v -0.38007357 13.53137849 -13.27092631
v -0.26846794 12.37441831 -28.63000241
v -0.08269856 8.52601059 -20.34611191
v -0.30088234 49.25042947 -0.41595926
v -0.14740528 34.95469610 -1.93178238
v 0.06952522 44.41868763 9.53804351
v 0.17362627 44.78428589 6.61774723
v 0.20367557 18.99229955 -5.27694325
v -0.13908717 13.83542713 -27.41464102
v -0.08959344 10.10999089 -16.22432950
v -0.09412200 28.32167811 -22.14471399
v -0.40730123 13.07124502 -13.33326074
v 0.42101214 38.28716997 -1.96359411
v -0.07022528 14.39525275 -27.64942462
v 0.05070233 19.64016680 -4.74698531
v 0.01115431 24.87515351 -4.09359325
v 0.07443177 43.08731865 10.93533222
v -0.25333842 8.48032182 -19.51716500
v -0.64339818 34.12366294 -20.08826469
v 0.43051186 41.33143532 10.94083009
v 0.29905703 11.91531803 -13.97635461
v 0.30976928 44.51157156 8.10846600
v -0.21809074 14.50336627 -10.59510156
v 0.08996724 8.95354110 -22.39259184
v 0.46773499 10.35951598 -15.33752920
v -0.01514818 11.44490686 -28.99566157
v -0.21822936 42.66536292 10.86745168
v 0.15145540 22.70929502 -26.43616538
v 0.18020815 45.18792504 5.78663361
v 0.22391133 8.50019991 -22.59848716
v 0.49529929 8.49173610 -19.01537803
v 0.41380464 7.75573134 -22.06293617
v 0.13191905 43.98772651 10.52182996
v -0.04901339 28.84508094 -3.79131574
v 0.16747044 18.03339957 -26.39402692
v 0.21467051 11.88301274 -28.96709616
v 0.35467094 27.47641199 -4.86889839
v 0.20104961 8.06491325 -21.35335473
v 0.34679785 12.16012436 -29.34197253
v 0.67161951 15.99389693 -7.36415769
v 1.02318511 39.89428280 10.49472132
v 0.39587743 18.90693114 -26.08224373
v 0.06283959 23.82918755 -24.40023360
v 1.09003567 46.96005241 -15.93812092
v 0.40911435 48.18228900 1.23115162
v 0.60823154 17.80293413 -5.92241365
v 0.30476602 7.71729236 -22.98786978
v 0.78040888 36.44272997 -2.26571352
v 0.45233965 29.63232081 -3.28327881
v 0.72372787 11.34553634 -14.14874403
v 0.76121579 45.39188673 5.76673325
v 0.66498251 14.91300852 -27.96721532
v 0.78860471 41.48151972 -19.29276141
v 0.11170757 8.14557683 -23.42765363
v 0.18881806 13.65888940 -28.50385608
v 0.34193410 18.27804614 -26.88405091
v 0.21885660 26.26094423 -4.30813728
v 0.80943224 32.71004600 -2.03662174
v 0.79509945 33.39300906 -2.36454562
v 0.86782164 48.51538369 0.59285011
v 1.26702906 44.02175587 10.28334256
v 1.83110062 40.08574389 7.14773944
v 0.65356537 46.91072914 4.64940746
v 1.04434507 18.47061231 -26.89330693
v 0.57773095 16.52331032 -27.60481137
v 0.95306849 29.37691696 -3.62372549
v 1.13158775 38.79696322 -2.18191007
v 0.59206998 24.64984241 -4.31414163
v 0.60508584 13.22728896 -12.92668020
v -0.12383442 31.05498304 -21.32746746
v 1.12040800 7.04290548 -24.55983859
v 1.15591877 23.48749534 -26.86907589
v 0.57016575 23.65341173 -26.64917932
v -0.00787043 27.23521506 -22.35258964
v 1.12126111 24.60588521 -4.15754936
v 0.73443797 35.49356566 -1.82481548
v 0.30880997 16.52294047 -27.08784629
v 0.99310335 22.54788809 -3.95031177
v 0.79413320 27.16762267 -4.83815073
v 0.72525688 8.07173664 -19.61362057
v 0.46329603 44.68423482 7.19065695
v 0.88956572 20.55305550 -4.31548606
v 0.11691637 49.78806406 -8.50240017
v 0.79263657 7.31211010 -22.51217839
v 0.74022986 14.41798873 -9.72076483
v 0.86886259 28.37252519 -4.89102079
v 0.92893503 16.19251328 -7.24844971
v 0.77185011 7.57333733 -22.21351826
v 1.01888478 28.37337631 -5.08413362
v 1.25029052 49.19414821 -10.12429862
v -2.80866883 28.23797376 -7.01272495
v 0.87387832 45.95713805 5.18900285
v 0.70434154 27.43909369 -5.25679874
v 0.82576224 31.68981254 -2.25278863
v 0.97495100 17.76787273 -27.55773055
v 1.06171251 8.30693305 -18.65936615
v 0.48584862 7.41076291 -22.70338572
v 0.96119072 6.98313724 -22.35756596
v 1.01903049 19.24162693 -27.02881022
v 1.04505225 50.16418354 -0.42026513
v 1.03687701 30.22239853 -3.32970163
v 1.01303227 9.47413929 -16.78965370
v 1.20548522 21.14483748 -28.62649438
v 1.10052424 22.52054993 -24.90987190
v 1.14088321 45.65213255 5.64110397
v 1.46324991 13.52158716 -29.58418119
v 0.87453651 8.45662079 -19.25808144
v 1.14281329 17.85944307 -5.73078878
v 1.23880173 29.68104916 -3.17642995
v 0.90650620 34.80733319 -2.03843762
v 1.10907502 36.31660048 -2.41477119
v 2.03809309 40.81352141 11.20513439
v 1.21812844 44.71424076 6.91594847
v 0.47045031 49.30127705 0.31257589
v 1.25245028 15.00805057 -8.46125449
v 1.29482673 44.20709308 8.76978717
v 1.14171639 14.44035461 -10.14125820
v 1.18986362 47.42593434 2.90867383
v 1.13095542 8.24495979 -29.51451172
v 1.45741901 28.56575062 -3.84753533
v 1.39677522 15.48694258 -28.31098483
v 0.79092218 31.29308363 -2.77288923
v 1.72661481 12.80647347 -12.80601318
v 1.61341411 41.78573337 11.38693903
v 1.20429604 14.97823716 -27.99586155
v 1.27679282 34.73384430 -2.34103325
v 0.80529852 47.66275101 2.09676875
v 1.93188308 17.51927914 -27.83501662
v 1.88634294 50.81496687 -6.20507309
v 1.45664316 14.36950446 -9.66214338
v 1.20135981 38.03389304 -2.47484618
v 1.12236997 45.13383964 5.99762958
v 1.44745993 19.48270333 -4.56870861
v 1.26998857 14.67293801 -28.62937234
v 2.06568613 26.73489372 -22.31550404
v 1.33986509 27.51689617 -4.75848785
v 1.92831865 39.49774816 9.82910240
v 1.99759764 38.08797938 -2.38860715
v 1.32695558 7.51423061 -21.37093197
v 1.18338364 31.43787598 -2.69789122
v 1.66899327 8.54441318 -18.14155918
v 1.60388924 32.94497659 -2.02061910
v 1.28802417 34.99598878 -2.06241991
v 1.39612322 44.54310439 7.72615195
v 1.41302109 9.57929147 -30.88711642
v 2.28052047 5.89296679 -24.14795645
v 1.35796762 11.48176440 -14.13745819
v 0.55325202 22.99933765 -4.27541540
v 1.54753641 7.87817256 -30.39689063
v 2.51420716 44.61665988 7.49390667
v 1.58080631 14.06283426 -29.18509713
v 1.27916063 26.76455171 -4.25479953
v 2.03586403 44.22120541 9.16686552
v 1.91663596 6.49838531 -26.04566438
v 2.17411367 6.13649203 -22.96982474
v 1.73674509 45.86968093 5.17822116
v 1.61900779 7.34900370 -28.94882068
v 1.88196011 38.86953843 -1.86709026
v 1.72228597 34.07074539 -2.14504791
v 1.74479009 6.19700648 -25.65132897
v 1.87007881 7.01707002 -21.43517473
v 1.64131403 9.09534902 -30.87030382
v 1.31480449 50.85336032 -4.37105763
v 1.81458749 20.24515771 -28.76200293
v 2.64542735 40.23866056 4.82258304
v 2.02831767 9.64484985 -31.39118708
v 1.29678532 22.14836219 -25.41805451
v 1.78947956 19.42178711 -27.95986986
v 2.18048760 40.06370711 2.34542526
v 1.75935073 9.93151791 -16.19966070
v 1.26917302 33.45321960 -2.40800345
v 1.45241671 16.26003461 -6.78318555
v 3.06970116 19.64035348 -4.47186623
v 1.42179005 44.92454779 6.33312086
v 1.49073627 8.32205721 -18.96935080
v 1.38095673 27.55534093 -5.17013892
v 2.41744694 50.41303681 -7.60850580
v 1.74282337 13.73281764 -29.91481625
v 1.69982809 45.23563720 5.60991026
v 2.12683984 43.83482944 10.59350421
v 1.41103477 50.98584077 -2.28550216
v 3.22969422 48.90937889 -12.60599129
v 2.26764360 45.22914533 5.34887023
v 2.22675418 39.48961683 9.12713762
v 1.93385051 46.31904405 3.80635874
v 2.21504617 8.45423176 -18.35528281
v 2.20608001 10.26042485 -31.73651539
v 1.53498403 6.34310138 -24.64346374
v 2.08842932 10.17576178 -15.59704487
v 2.28228968 47.71573975 2.30007602
v 2.33461827 15.79790515 -28.70308924
v 1.70110695 35.93861761 -1.95544968
v 2.78319575 13.86626101 -11.98666264
v 0.99661773 43.27263211 11.08463288
v 2.21935905 42.18074409 11.31278126
v 3.29410309 35.46090048 -1.96718922
v 2.19176983 20.85683674 -30.34901703
v 2.14044125 21.40051352 -30.21346757
v 2.15223136 6.77091134 -21.30344314
v 1.88279573 6.87608044 -29.20982370
v 2.38546497 11.69748176 -14.05403524
v 2.37157646 46.35449761 3.63268644
v 2.11464938 20.17739555 -28.30952030
v 2.14324564 39.66551297 0.45570721
v 2.34543478 15.03674304 -8.26633702
v 2.78155748 19.14355515 -4.94455584
v 1.98021648 32.00295117 -2.06124037
v 2.33109000 5.68855798 -26.60022918
v 2.08887581 13.70163955 -12.59073314
v 2.27693622 18.58976995 -27.70619396
v 2.57429811 9.66085319 -31.96083710
v 3.49450974 30.38491152 -3.26924083
v 2.22940497 20.02403737 -26.85167782
v 2.24236771 5.68416163 -25.17828426
v 2.49904921 43.88468746 10.70458789
v 2.54873469 6.09474229 -27.03880859
v 2.15313580 9.28872623 -31.94145263
v 2.72931504 8.31736832 -18.33118070
v 4.16381664 22.27174410 -24.21330049
v 3.29549244 31.64468201 -2.35281887
v 2.83853511 51.03675746 -3.48798094
v 2.36531265 5.93947010 -26.09191653
v 2.65384432 8.30853794 -18.83297494
v 2.78387496 30.90605015 -2.82780213
v 2.92717690 44.23337839 8.74898852
v 2.58057431 13.89055785 -30.12347193
v 3.29029736 50.82291802 -2.04158032
v 1.84568614 14.07404411 -10.46369664
v 2.48830009 29.78795071 -2.94459367
v 2.49071063 39.93015749 10.73033427
v 2.73497369 21.15870625 -30.27783289
v 2.71091941 45.03454978 5.97964744
v 3.08779341 7.93254580 -19.08491308
v 2.39334104 13.21834755 -12.67391429
v 2.42456550 14.77007497 -29.59412704
v 2.61224931 45.82695839 5.27758619
v 2.38684889 14.21454585 -29.54627235
v 2.23350017 42.59629064 11.33085705
v 2.52498651 14.39325548 -10.13818341
v 3.33876071 48.49970990 0.68497562
v 2.60190633 48.91961561 0.62043634
v 3.17321946 24.14024674 -4.01422482
v 2.64899156 14.48612327 -9.66890199
v 2.83531392 17.39704107 -5.83912831
v 3.04286932 15.73580475 -28.67192015
v 3.02558681 8.76498039 -18.17404485
v 2.84690372 15.92252508 -7.18841067
v 3.69908470 16.65003374 -28.45161189
v 2.88715173 14.15879022 -29.51490128
v 2.60514973 32.68124393 -20.34253121
v 3.02020818 5.52518555 -24.64500242
v 2.54559539 31.36366340 -2.75973160
v 2.89577283 44.14258027 9.81336648
v 2.47601436 40.51606117 10.98820483
v 2.72237802 6.95471138 -21.05310613
v 3.14958906 49.21940942 -9.96012035
v 2.92478423 5.60054202 -25.33395143
v 2.70007809 40.94658371 11.28057604
v 3.02059809 12.91181581 -13.04988901
v 3.33221058 16.26017711 -7.14351159
v 2.73106321 10.77528036 -31.69978347
v 2.76100419 6.32459876 -31.37017616
v 2.89404910 37.09332908 -2.38322639
v 3.06940487 47.42079330 2.94814047
v 3.17222654 47.26034510 2.65786597
v 3.48861471 5.87191571 -22.91860940
v 3.10864727 13.85963934 -29.85503429
v 2.80867894 5.76302272 -27.43097291
v 2.87645479 22.39703673 -3.88198274
v 2.98410664 5.39395578 -26.90520605
v 3.09483819 43.98463228 10.21923013
v 3.08537060 27.46965641 -4.72771226
v 3.14950606 28.36054005 -5.09079731
v 3.33581132 45.90905796 5.34798507
v 3.78263799 17.86208854 -5.93196095
v 3.92207677 50.75757917 -3.17590501
v 3.01464090 11.12975230 -32.00048684
v 3.18961796 26.88973558 -4.34124770
v 5.33296901 27.22001634 -22.06977287
v 3.19763774 45.10571151 6.01402280
v 3.80231750 24.58886798 -4.39009251
v 3.45824748 6.66444492 -21.46267987
v 3.11181058 10.39667371 -16.03464021
v 3.49880658 6.42048798 -33.14890411
v 3.14614218 11.89188634 -13.91543165
v 3.29851572 13.46553808 -12.90402572
v 3.57124702 22.56418135 -4.07109153
v 3.09801846 44.72492444 6.89658975
v 3.69996588 47.57198402 3.14005495
v 3.62507648 41.28084361 11.04797065
v 3.31977645 25.05163244 -3.98190819
v 3.63842599 14.25461471 -10.67759104
v 4.37772950 39.51893715 8.11649155
v 3.41901781 5.42689662 -24.17375619
v 3.29882117 28.29218386 -4.69147903
v 3.73772504 25.31189577 -4.28760042
v 3.45028249 45.61273637 5.42139878
v 3.61814955 33.04065494 -2.14270865
v 3.56031000 38.18750800 -2.75794300
v 3.43968778 28.73260381 -3.87803450
v 3.48984071 10.73344798 -16.12484725
v 3.54736724 35.97912469 -2.17449718
v 3.77828552 10.99330055 -32.37956331
v 3.21872291 33.75134233 -2.39339884
v 3.59972843 19.09008459 -5.20375615
v 3.45316461 34.93602206 -2.41299699
v 3.67504086 38.81480430 -2.44777125
v 3.96620463 31.57980477 -2.92421359
v 3.50829517 50.67155252 -4.31135867
v 3.63359793 43.27238001 10.97830738
v 3.80632535 40.41213643 10.75038257
v 3.52192131 7.39669062 -20.67647624
v 3.72940049 4.94656028 -26.36327921
v 3.88063457 6.60105397 -21.31625317
v 3.73630129 28.36000946 -5.15182552
v 4.35184374 20.58022638 -25.19205279
v 3.75276023 44.87214820 6.58285963
v 3.81740930 20.50207156 -4.66210181
v 4.21237524 14.10015776 -12.40669562
v 3.61595759 29.88678522 -3.24483878
v 3.94866832 47.73047518 3.61771436
v 3.54685492 8.56256464 -18.86790712
v 3.98118483 17.34091267 -6.18691116
v 3.55568221 12.95228219 -13.01679074
v 3.76880740 10.48479562 -32.47026351
v 3.80643920 22.77809428 -4.31561665
v 4.18402935 19.41052316 -4.82591878
v 4.12323411 11.23956692 -32.10336176
v 3.89932320 30.20699938 -3.52264790
v 3.91138314 48.20766323 1.26255899
v 3.73375926 11.45275550 -15.97451446
v 3.76085065 45.28567799 5.93859231
v 4.15900747 26.50564938 -4.42626017
v 3.89196587 36.49327866 -2.70554760
v 3.83030803 49.40468817 0.23881924
v 3.16574267 5.26967864 -27.85900183
v 3.85302515 32.72575871 -2.56472737
v 3.73249543 5.47848626 -24.64129191
v 4.38644827 14.34619603 -32.16015278
v 4.05160201 10.90650659 -32.85732027
v 3.72422648 48.74589865 0.45429685
v 3.97553110 8.47407418 -18.98787055
v 3.85041936 12.87533979 -13.59504175
v 3.43646000 5.15700201 -25.10226880
v 4.34098938 22.34086226 -4.09521373
v 4.35611569 49.46229671 -11.36911761
v -16.12498362 29.94953503 -3.39705687
v 3.77566263 29.04065025 -4.09281279
v 4.27936593 13.52169250 -13.51673233
v 3.92312972 33.59625899 -2.69858832
v 4.08472406 4.60535796 -29.93836823
v 3.73974646 48.27015681 1.59917172
v 3.57157672 27.27785250 -4.90931915
v 4.98216049 48.42950099 3.75460533
v 3.23717937 5.07183717 -26.97506178
v 3.65890155 15.92972767 -7.42332908
v 3.63697689 46.30949838 5.35001353
v 4.02373429 5.01166890 -29.97665487
v 4.23174798 23.04324529 -4.30406622
v 3.15083711 29.68281655 -21.49803012
v 4.46325754 15.32747326 -29.90517370
v 3.86099442 35.06650210 -2.38685908
v 3.92425878 8.06355559 -19.73868088
v 3.71266305 48.21070511 2.21274737
v 4.19949049 45.30280359 5.68231238
v 4.56861640 49.22062961 -0.40746111
v 4.23020571 35.44281712 -20.39602074
v 4.26089175 5.40378462 -33.56807382
v 3.91233084 5.46641593 -24.21584373
v 4.50066162 31.80135938 -2.53849877
v 4.31462984 44.72359462 5.96532118
v 3.60802614 5.17398221 -26.69336607
v 4.56549981 14.37602083 -11.69905457
v 4.18413112 43.93325338 10.62227061
v 4.52880575 33.51452183 -20.32797155
v 4.13568418 42.57837424 11.05856024
v 3.58299326 18.68987788 -5.15415389
v -9.22846606 21.71831949 -9.76439412
v 4.43193305 35.97289767 -2.29291086
v 4.02610999 38.51543715 -2.43499914
v 4.67453834 14.74567439 -10.02995623
v 4.02589185 7.43702825 -34.11728744
v 5.22212348 41.20346731 -20.02755505
v 3.59987402 27.50409021 -5.33436075
v 4.28687869 50.46948961 -3.03988305
v 4.20520656 50.25004853 -1.17894752
v 3.76555479 40.96518548 10.79291225
v 4.49520837 28.86159567 -4.01324251
v 4.31874214 44.42111098 9.72578638
v 4.51209737 38.06702220 -20.52062654
v 4.77158572 4.28899187 -29.67350927
v 4.18011821 49.90492462 -8.18877051
v 4.59795924 44.25457032 8.04336754
v 4.66149848 8.21922841 -34.60958541
v 4.67735354 44.65147657 9.83128695
v 4.72347587 45.29498447 4.83637691
v 4.64604637 43.48321665 10.80478253
v 4.52444347 40.58316393 10.27392251
v 4.41083818 6.43029429 -34.75653201
v 4.34105411 37.92148497 -2.84268047
v 4.25171187 44.49546171 7.98511947
v 4.56301624 5.43852751 -24.45313717
v 4.68041971 27.38011649 -4.90357707
v 4.53775838 7.33287064 -20.81799319
v 4.55131362 24.96065664 -4.13620348
v 4.51763461 34.25738914 -20.20306245
v 4.73855369 47.09291695 -16.27250410
v 4.54398046 4.53914249 -30.53309165
v 4.96669086 9.82871786 -34.23475746
v 4.42091995 8.05557910 -20.28219312
v 4.66913469 4.77235823 -31.25152780
v 4.73300652 42.97897383 10.59747428
v 4.58052345 15.67524227 -8.66621282
v 4.70838951 49.57008460 -0.73641840
v 4.56691287 8.73272077 -20.38793283
v 4.61638265 8.27608054 -20.57371802
v 5.14377783 33.09200600 -2.45502358
v 5.29015555 17.20838943 -26.94645551
v 5.74388018 13.11143531 -15.71334667
v 4.46110699 44.25236587 10.45630219
v 4.69783883 30.72293068 -21.37933116
v 4.53487792 44.01876213 7.26579753
v 5.05931892 17.21452240 -6.89287922
v 4.45813727 13.22734559 -13.64993821
v 4.95920038 14.85353414 -11.04641042
v 4.73699985 7.30164328 -34.79126739
v 4.38958143 29.84132348 -3.45168469
v 4.29706056 39.61733224 9.20058621
v 4.73737941 4.45357662 -32.09529757
v 4.69678112 34.62133238 -2.78958860
v 4.76746283 4.79076139 -26.15153606
v 4.79696968 35.77739725 -22.72029570
v 4.98573415 34.80832622 -21.44537296
v 4.86543094 39.28193358 -2.62222594
v 4.76807729 5.96785358 -35.05686069
v 5.38395482 49.54981442 -11.15895262
v 4.72132521 13.35162689 -14.39492981
v 5.10534047 38.36070492 -2.73353730
v 4.64731812 16.02328863 -7.87346576
v 4.77948063 15.43361264 -32.02377846
v 4.78531249 4.93526848 -34.00097165
v 4.14406097 8.77748937 -19.04593712
v 4.78852940 44.72437462 9.28468544
v 4.96662888 42.63614036 10.61974907
v 5.07549503 49.83468231 -8.91673139
v 5.10943793 3.99147087 -31.59812333
v 5.07514135 44.14572568 10.44202386
v 4.75032251 9.31634924 -34.40789990
v 4.75153235 13.31451005 -32.91112359
v 4.81754212 6.47056579 -34.93889154
v 4.79446471 28.42560793 -21.93442929
v 4.76443604 41.17240117 10.04714285
v 4.99819702 7.47979395 -21.41625059
v 5.24975822 7.90212194 -35.35004808
v 4.98941734 5.50556211 -24.08490790
v 5.74750135 42.32084182 7.35342090
v 5.46128462 27.28248569 -5.72435327
v 5.02166713 43.82522655 9.03604164
v 5.04507772 45.47683360 4.63439663
v 5.17743020 35.25980295 -2.43018012
v 5.01408481 48.91769693 0.95426075
v 5.09967244 14.55984266 -13.95652505
v 8.73083463 16.54898689 -21.45705325
v 5.52158727 25.27524957 -23.01106840
v 5.12118542 43.87643420 10.31785771
v 4.93428637 5.21882359 -25.52659574
v 4.89380895 6.09158497 -23.05960075
v 5.24576322 44.60747050 9.80080311
v 5.50515114 49.22617762 -11.78671595
v 5.16021359 41.34620759 9.16562751
v 5.16557002 40.62930758 1.63550704
v 5.28876682 27.30644537 -5.23359356
v 5.07481111 43.18553374 9.71309719
v 5.55700189 29.65296744 -4.03374197
v 5.19595054 44.49000282 9.29009514
v 4.99833648 48.52995636 -14.42646933
v 5.08424996 45.48861219 4.22687934
v 5.17217659 40.21443962 8.66227067
v 5.47509312 33.46318680 -3.05161773
v 5.30661196 36.11770311 -2.77270766
v 4.93194649 28.32301270 -4.85014374
v 5.29883078 42.69444244 9.78318637
v 6.06873851 16.20689504 -8.86500956
v 5.63729292 49.89649553 -7.09886722
v 5.61378863 32.29552947 -20.65767876
v 5.35777169 34.78971498 -24.26818367
v 5.53985859 3.65494219 -32.34647216
v 5.27441471 43.10910519 8.98070705
v 5.16314737 16.44618748 -7.85948240
v 5.00286041 41.69010123 10.28203309
v 5.39686608 34.80081812 -21.15045912
v 5.40512671 31.82866694 -2.82984429
v 5.51254181 41.96613258 9.73686228
v 5.34167485 39.69342944 8.26089505
v 5.21501045 38.99849252 -20.37536873
v 5.17509018 32.21428389 -20.90170083
v 5.14981353 49.13865186 1.93394223
v 5.69088053 41.51771073 8.85865334
v 5.19497632 49.82674121 -0.84349998
v 5.23167670 44.30595950 -18.48807984
v 5.03930387 43.42704161 9.93107809
v 5.34374890 48.76771575 0.57839331
v 5.23153546 37.67095887 -3.23754412
v 5.51109879 14.67529534 -13.97518559
v 5.61410517 43.37318080 5.76881966
v 5.40829660 33.59430403 -19.53012916
v 5.61329976 4.88964515 -25.97102564
v 5.30427178 11.71151265 -32.84409542
v 5.39700562 38.44584439 -21.98794903
v 5.85433029 22.42928906 -23.90081692
v 5.87587523 46.18589852 4.40287744
v 5.57726275 28.88855890 -24.53048135
v 5.31805362 30.45844366 -23.35578012
v 5.45587044 35.31941931 -24.36595789
v 5.42414955 18.84354611 -6.03623433
v 5.17489352 33.91847577 -19.83625183
v 5.52203653 34.67323884 -3.15340984
v 5.74600877 5.82076001 -24.63512948
v 5.45090028 42.72143931 -19.34790117
v 4.87526795 39.99579132 -0.48864073
v 6.21098841 11.29028951 -17.53244033
v 5.65567588 7.21568979 -35.73753105
v 5.46416648 46.16949872 -16.86411378
v 5.68312580 35.48941628 -3.00598242
v 5.75823066 42.63998302 6.25734764
v 5.56506744 40.34941495 -20.13846263
v 5.65126959 41.53451253 -21.38842480
v 5.79324427 25.25762976 -4.58166631
v 5.55728649 28.31755845 -5.98814611
v 5.76965402 27.97484999 -23.46280800
v 5.92178791 11.08561673 -33.37240100
v 5.59876922 39.56172079 -3.22088768
v 6.06523186 16.21795796 -9.35080930
v 5.55467651 30.25941229 -4.09817312
v 5.56831874 6.64503075 -23.18894625
v 5.51533041 15.09861643 -11.44324034
v 5.62501152 33.19737186 -3.30326730
v 5.88619615 5.26965402 -25.82845761
v 5.08784518 30.67469197 -3.47280085
v 5.70161657 34.99099872 -19.68202456
v 5.92614506 24.33596530 -4.78159152
v 5.46274329 50.31542776 -6.33724409
v 5.69228821 4.17981510 -29.42223964
v 5.70547893 41.37403899 7.90427262
v 6.23178801 40.40947793 2.11292148
v 5.79994244 40.47591722 8.48405882
v 5.91607262 45.30604748 -17.14818518
v 5.70693498 29.90308455 -4.40739611
v 6.46835240 17.66111209 -7.84725438
v 5.80847804 32.54260923 -3.27921184
v 5.63145438 17.65455161 -7.17405121
v 5.72543223 19.07618328 -5.95187126
v 5.80348714 4.06045331 -33.48365087
v 5.84023719 31.61630627 -3.48943683
v 6.53606464 19.65869418 -25.38543556
v 6.35422602 39.91742522 -3.80452896
v 5.85588743 12.59736157 -33.05562681
v 5.85338829 38.46423597 -21.87863249
v 5.68020772 37.94174025 -3.15756437
v 5.17102574 44.14528449 9.42026274
v 6.23058275 13.69767161 -29.61931067
v 6.45341457 47.37081653 -14.14961142
v 5.99430718 13.82587848 -34.56900254
v 6.28173464 13.15984079 -11.04372407
v 5.79626545 11.91919064 -32.68676434
v 5.56097528 9.46677823 -34.42705666
v 6.26625774 10.00962610 -34.62099045
v 5.71444858 39.16603179 -19.68393921
v 5.59159914 32.74112284 -19.66579619
v 5.77011265 15.32040776 -10.57056604
v 6.09025541 13.70393445 -15.35563021
v 6.22702103 23.66889050 -23.41534714
v 6.09049376 47.29423263 -18.27383425
v 5.89824239 34.66061953 -24.15806778
v 6.12243226 35.68154840 -2.94589781
v 5.94703395 35.29506153 -24.26733688
v 6.05284948 22.05228900 -4.75078182
v 6.07122286 35.72342082 -22.48704503
v 5.56998677 22.67715067 -4.78021389
v 6.01542446 41.37794183 6.59924755
v 6.21977700 41.51144646 -22.87359119
v 6.06020682 27.87384027 -23.01545570
v 5.87479019 31.27583846 -23.82625566
v 6.08639113 13.39418979 -34.66645195
v 6.03710672 40.01616376 -19.41538184
v 6.24195900 4.45241025 -27.73424572
v 5.90069854 42.08166107 8.59466571
v 6.18816319 27.14380768 -21.38774396
v 5.85665799 41.57650162 8.46209690
v 5.89348962 12.53307910 -31.74085263
v 6.21255867 28.29696073 -5.86349443
v 6.19488645 44.63220893 4.10570121
v 6.05799166 24.70070807 -4.88449085
v 6.06609339 48.38036081 -12.59621945
v 6.04637149 43.68170270 -18.06934591
v 6.12959872 34.85032467 -2.99370779
v 6.23855998 32.53867733 -3.17258561
v 6.01709036 47.63260856 -14.61235547
v 5.18012373 43.88725548 9.92678137
v 6.09526029 40.88274630 -22.76383925
v 6.28062632 16.11809438 -9.51390784
v 6.18743133 8.02674718 -35.83135354
v 6.94242106 10.70844386 -18.96398353
v 5.79746521 33.95567104 -3.17455968
v 6.37675237 40.43836561 6.61074567
v 5.78584989 28.98856805 -4.95130507
v 5.85911738 42.91951968 5.99871243
v 5.90048496 41.50457931 7.29191335
v -7.74664466 41.46326050 34.41101517
v 6.29643547 32.66525555 -19.50511502
v 6.11920832 13.68308982 -32.50242922
v 6.14193310 15.25517737 -28.32820137
v 6.07191031 5.46119568 -25.12276896
v 6.08136248 50.67623805 -3.75876165
v 6.19222518 6.22537307 -37.16682389
v 6.44029060 13.86556578 -34.34345983
v 6.18016099 49.72262195 -7.01673942
v 6.41441236 44.67082924 -16.75971063
v 6.08600266 14.63457318 -9.68390316
v 6.17427018 35.53577338 -19.22145126
v 5.94798606 8.91477478 -34.97556811
v 6.29543791 27.94949073 -26.24666629
v 6.64403926 39.74619545 -18.68518030
v 6.52584550 50.32544433 -4.55395713
v 6.48200654 13.39089865 -34.38687045
v 6.45351739 40.28011391 3.06203270
v 6.21153453 5.56330829 -36.93069989
v 6.21901466 24.04846244 -4.92950945
v 6.35319224 31.28214035 -23.72346440
v 6.31395905 26.68676210 -5.20546505
v 6.32691347 42.44869623 6.18694738
v 6.43492908 41.33752898 6.32734711
v 6.27839033 43.29685717 -20.17496942
v 6.63438196 23.70688612 -23.03499311
v 6.24198306 39.83873442 5.55133643
v 6.27154591 14.02966917 -9.76425975
v 6.30095861 28.54557832 -26.39538521
v 6.54278226 29.00111243 -5.02364941
v 6.78479936 28.86330043 -23.99199505
v 6.13412540 33.18272186 -3.42817656
v 5.05972321 43.22649790 9.25893558
v 6.33908597 5.33661023 -37.41255188
v 6.42756248 5.05325662 -26.44522682
v 6.09636664 34.58841177 -19.47803441
v 6.50080941 8.09527577 -35.55617792
v 6.32558462 38.27565197 -18.75699059
v 6.39611974 49.32290565 2.25360473
v 6.66592609 3.37339605 -31.51201469
v 6.46313598 48.44466504 -16.35670853
v 5.97925914 3.61126020 -33.51706761
v 6.73045740 10.56912352 -33.49937367
v 6.24600580 49.04957684 0.61892289
v 6.59387988 4.30119109 -29.27721840
v 7.07421903 47.09848251 -13.81058157
v 6.28837110 31.62529932 -19.73692578
v 6.32151224 37.35167833 -4.08713663
v 6.58127331 30.64318881 -22.64608158
v 6.79285608 35.14273384 -19.34824467
v 6.33223675 5.62868192 -25.92854435
v 6.52963374 13.94447935 -15.63186763
v 6.13645044 22.97470368 -4.79528171
v 6.63414518 45.08972219 3.91890184
v 6.36246242 49.26168826 0.31536428
v 6.50031266 48.28188820 -12.50096394
v 6.49922501 50.41331256 -2.48846868
v 6.49623407 4.17238472 -28.88872075
v 6.63882049 47.63515452 -19.59427422
v 6.59021478 40.78534881 -22.70878538
v 6.53688018 29.80048500 -4.65958558
v 6.78004274 41.13859049 5.93714028
v 6.64508528 46.87251176 3.86516311
v 6.94049504 40.90189134 3.72647540
v 6.92508112 19.07152961 -6.35594295
v 6.90935144 4.06338957 -35.83141098
v 6.85383276 37.44640722 -19.09741703
v 6.73381888 31.00104132 -19.79168527
v 6.65627277 43.67892217 -17.40206504
v 6.44904363 27.12470061 -5.69918204
v 6.62789026 14.15276046 -8.84780747
v 6.65513627 17.51544747 -8.43711275
v 6.29345348 22.18319718 -5.17954083
v 6.74737920 43.31837302 -19.94747375
v 6.58235165 3.33962008 -32.87741929
v 6.94232520 3.32915119 -33.81822778
v 6.49286236 47.05288014 4.24977479
v 6.63616550 24.64060861 -4.77080482
v 6.64199356 34.17370544 -19.33778888
v 6.85636997 34.26307197 -4.13616021
v 6.97541865 48.34636380 -16.25109668
v 7.05175002 28.28126413 -7.32551054
v 6.78776757 31.15337993 -19.26544033
v 7.18741353 28.50690809 -6.39320615
v 6.75007282 13.38416731 -9.35516762
v 7.01169029 18.53426870 -7.62999738
v 7.30046360 10.92430982 -31.99109150
v 7.18733958 18.50282385 -7.09177213
v 6.89584267 41.21495496 -21.12742354
v 7.10652752 47.46656820 -19.54246177
v 6.82699259 30.66054929 -19.54315082
v 7.03384162 26.74373987 -21.03247055
v 6.89702980 23.47367077 -24.87002342
v 6.91528080 34.58521452 -3.65668257
v 6.73020895 41.41655581 -22.82065116
v 6.85837818 17.07257270 -8.63807627
v 6.83330602 6.34988510 -37.30061570
v 10.25571936 1.30550156 -4.79015793
v 7.29919390 9.02410711 -35.12504692
v 6.80503847 28.62164387 -26.23324267
v 6.76207580 27.96531317 -26.21934138
v 6.63126638 41.44731814 5.49244290
v 6.65891731 5.85283379 -37.40538952
v 7.15661026 13.36447641 -8.87472100
v 7.14275229 46.48509511 -14.67463478
v 7.27878534 18.45731337 -25.85812078
v -3.00434830 22.21968696 -23.23188592
v 6.88066543 12.84533337 -14.61081428
v 7.05291553 38.27265108 -18.79621974
v 6.85817461 41.40500170 4.71941131
v 7.19024073 49.02462628 1.95882462
v 6.97431583 40.70621328 3.08494567
v 6.86078843 9.06249080 -10.68244020
v 7.05105983 41.95013114 4.18367867
v 6.96658174 28.18090126 -20.11338670
v 7.08188732 47.23370383 2.53139095
v 6.96591522 27.24455456 -20.51434116
v 6.73183869 38.33752472 -4.24241499
v 8.08915251 12.35953264 -30.65639089
v 6.99263951 40.51383670 1.42520652
v 7.21421208 21.09384275 -27.03447645
v 7.46790003 29.28309748 -5.77096046
v 6.96874250 50.00567461 -4.76415514
v 7.33599741 44.17637620 9.22671203
v 6.90517760 7.58979322 -10.99362966
v 7.15912083 46.06152582 3.16302780
v 7.48081024 31.07851565 -5.67774370
v 6.49585957 43.48103439 4.74399808
v 7.10072544 9.75816087 -11.61388441
v 7.02056278 52.30347593 -13.63758199
v 6.53173530 34.68840563 -19.23473580
v 6.99231116 51.94318188 -9.91874831
v 7.13351024 39.91460072 -18.57238560
v 6.89776076 31.70578042 -3.75447704
v 7.30085601 47.03138991 -17.78535647
v 7.03195105 39.46689299 -4.51743492
v 7.12883541 47.77001015 -12.31697752
v 7.09039852 45.13161136 -16.02231631
v 7.43444528 47.59369599 3.02772730
v 7.05663946 42.36164755 -19.51136796
v 7.19779028 8.70589325 -12.63040192
v 6.99463696 8.87634646 -9.85899188
v 7.32640922 5.51167601 -38.29108007
v 7.33110587 24.22589900 -22.17923135
v 7.01288818 38.16215401 -4.93659482
v 7.11665768 48.55496168 -7.68865248
v 7.10462906 35.56544255 -3.65256661
v 7.13013240 21.09304911 -22.73154052
v 7.22880293 10.04097403 -10.69295306
v 7.29499246 6.44566328 -37.65055833
v 7.35695591 26.69912267 -5.87477145
v 7.25617853 42.53390033 -17.46151769
v 7.18809179 30.79176889 -19.37123772
v 7.24224887 45.74427061 2.51842527
v 7.04024332 12.54803636 -9.93992437
v 7.03544781 48.78898722 0.53416590
v 7.48867625 42.23409352 4.28234115
v 7.10653053 35.50788740 -4.19890100
v 7.26347448 41.06151042 -18.10248604
v 7.05803290 50.19498554 -2.87532861
v 6.84564846 36.10053058 -4.26466170
v 7.22213018 48.64610426 -8.08987278
v 7.16602698 22.91725987 -22.43752082
v 7.24300280 7.10066521 -10.84514018
v 7.23612155 38.86746694 -4.57566768
v 7.55599925 3.73202458 -30.70338560
v 7.19152796 4.43463127 -28.35557895
v 7.24428362 48.23481187 -11.21642410
v 7.07597943 7.92552362 -9.72897856
v 7.56727660 48.82984246 -6.36626677
v 7.99218698 11.83029257 -12.55422597
v 7.24250748 48.00854039 -19.30284534
v 7.21566878 32.62828040 -18.52691167
v 7.32925324 45.70651768 -14.83661864
v 7.79015177 12.77232484 -15.21227779
v 7.15311849 2.67359810 -10.31716263
v 7.19189783 52.42017078 -12.71941749
v 6.03415113 7.05332170 -22.72618599
v 7.41586990 4.41763430 -29.19094130
v 7.84104431 16.39361601 -7.06125224
v 7.32293393 49.77509560 -9.19463592
v 7.58029700 40.20141250 -2.34828057
v 7.59444985 8.67417906 -13.04155710
v 7.22877275 43.30721474 -17.08915123
v 7.18878047 34.24157797 -4.54890099
v 7.33495727 6.78229891 -37.47233247
v 7.24858421 40.87982872 3.35997676
v 7.18532584 2.89324303 -11.43095181
v 7.22091782 31.58010370 -17.84330264
v 7.23130612 12.35915720 -10.39730067
v 7.37649904 33.72915353 -18.48534928
v 7.07550867 13.80700505 -8.42953341
v 7.45556798 23.27751757 -25.08287062
v 7.49291233 46.46821178 -14.15969216
v 7.12725810 6.93482989 -11.44322989
v 7.38347719 33.54249997 -18.25593725
v 7.26972461 8.49964666 -9.69378821
v 7.55783208 11.46418755 -9.09110924
v 7.39881440 22.16011341 -22.23511944
v 7.55826075 43.78621709 -16.92121518
v 7.22099484 26.90836062 -6.68173228
v 7.48582713 8.90156659 -21.57372823
v 7.36967977 1.07319954 -10.66281437
v 7.32104066 47.48571377 0.24321379
v 7.46395097 2.36691499 -10.22634783
v 7.40003037 19.92519665 -26.72642967
v 7.38422028 6.86887876 -10.81503465
v 7.31806199 47.94503713 -8.79140213
v 7.58816289 38.64238246 -18.29072645
v 7.33402132 13.43348305 -17.18439895
v 8.04063228 6.92957907 -25.18213000
v 7.48203019 42.23002534 3.02601764
v 7.50065383 22.52090964 -24.31914513
v 7.34734734 1.61352321 -11.83225776
v 7.36449762 31.40931150 -4.64587171
v 7.43179501 2.58512502 -11.00021744
v 7.29167690 45.26204604 2.81469654
v 7.60789947 10.28180350 -10.89579160
v 7.55291237 29.30815298 -6.48649173
v 7.32313574 7.73078389 -36.55443680
v 7.40133961 6.34416507 -10.55141006
v 7.56463038 40.48227587 -17.99986653
v 7.46241857 30.59042985 -5.50754359
v 7.46018473 10.34412833 -11.92934270
v 7.48742633 3.08049810 -35.06764437
v 7.52772078 18.46504697 -23.73882741
v 7.65077805 32.06789640 -4.38371594
v 7.37516404 3.61983196 -10.41143875
v 7.40651294 1.43611183 -9.08555433
v 7.72500420 35.92415600 -4.69444605
v 7.49052000 9.33253137 -13.18230938
v 7.67240791 40.60062554 -6.84726732
v 8.43964072 13.46015424 -5.98143262
v 7.49669413 48.19461794 0.46508853
v 6.93356715 13.96912492 -16.13763615
v 7.50805969 47.11312582 -8.66813487
v 7.90346365 43.26022969 10.04749119
v 7.77973859 20.97915033 -6.14464407
v 7.70760048 5.51053711 -11.04936180
v 7.48309639 6.98030141 -37.15212067
v 7.62480683 2.65177402 -9.22359924
v 7.44858308 9.83766102 -12.06209173
v 7.68057201 22.63781536 -22.33334338
v 7.80268191 33.25523783 -18.20427498
v 7.62521641 34.82332890 -4.52318133
v 7.56634213 42.24507963 3.69895320
v 7.18141266 43.09892070 9.73244616
v 7.64888302 4.05698002 -13.26542872
v 7.56057596 4.18472378 -11.74961101
v 7.33000934 6.95181543 -9.65780082
v 7.87308005 19.12092571 -23.52235933
v 7.60358740 38.03962977 -18.61156681
v 7.21261480 3.81601057 -30.07770871
v 7.27129311 43.21107966 4.05709266
v 7.49032320 18.21838132 -25.73211918
v 7.48935627 7.98043255 -13.21477695
v 7.87676124 24.72618876 -5.50749014
v 7.54801320 32.55181302 -4.52784291
v 7.77338563 5.23138892 -13.30378811
v 7.69755909 19.82816131 -26.52034576
v 7.68343061 3.98658651 -11.14206485
v 7.67360645 18.13189209 -24.61924230
v 7.54158142 31.32449977 -17.74617439
v 7.59172637 12.34730199 -7.93055563
v 7.72619415 2.42554164 -11.12736007
v 7.74606800 10.34327576 -12.82377758
v 7.52886599 10.31284967 -8.15092973
v 8.35087589 9.55770551 -33.84626461
v 7.78558258 4.59757470 -29.73124430
v 7.84261399 2.96365138 -13.19099807
v 7.62463502 0.61783543 -9.31190799
v 7.75271433 11.90998456 -11.61132767
v 7.51414610 3.06330080 -33.49189027
v 7.58305704 44.65650295 -16.19983636
v 7.38081413 5.84494753 -38.42746123
v 7.53408804 48.72566309 0.05854264
v 7.67926525 3.14022340 -8.88941517
v 7.95388360 48.00644888 -0.12972208
v 7.91553209 16.90219380 -25.61309528
v 7.75527963 40.89279050 -18.08065654
v 7.39020162 16.59209556 -26.70663573
v 7.64996564 32.33914334 -5.09801026
v 7.70993347 0.85919653 -11.27782464
v 7.70037122 42.69248755 3.55001659
v 7.84739993 20.03124466 -25.46540768
v 7.47370217 19.35934164 -7.21982241
v 7.71615814 45.07611589 1.16421142
v 8.20273615 20.34332642 -21.85748027
v 7.67652516 42.45278875 2.53309760
v 7.81809547 4.51347486 -13.00483374
v 7.71858066 47.41966547 -10.95555037
v 7.57417009 47.56770452 -0.30916151
v 8.06812363 40.39612677 -5.35478605
v 7.86423230 38.18312885 -5.90188926
v 7.78285536 19.28005904 -7.96088180
v 8.00979524 4.19028558 -9.68310575
v 7.73588776 15.57152727 -6.99109218
v 8.40606204 9.89853565 -21.72272143
v 7.69626626 49.32286416 -2.74664919
v 7.80721276 44.88844770 -15.43589810
v 7.86429650 20.70741112 -28.69634544
v 7.74990733 1.43488037 -8.62812012
v 8.19803599 21.10005686 -26.06749544
v 7.85976167 9.63403510 -7.26539590
v 7.76403640 0.72662508 -6.86537387
v 7.37107292 28.58137980 -19.91798599
v 8.08863607 41.17320503 -6.78517915
v 7.53879072 44.30010148 9.55087781
v 7.64242464 1.32534894 -13.71703781
v 8.13899804 48.86511995 -5.29127064
v -3.46534505 15.49843110 -6.93411089
v 7.81745983 0.52325957 -10.92623821
v 8.11099616 47.82627970 -8.77345286
v 7.68480061 6.85042020 -37.99003102
v 8.03378700 3.84498201 -30.72407134
v 7.90634566 48.81038357 -4.52966878
v 8.03918789 35.71305526 -5.28124286
v 7.53226671 31.21556109 -18.47831753
v 7.67240874 11.31449380 -9.84548031
v 7.51667602 21.44687576 -22.52595383
v 7.88333210 26.69609009 -6.62780967
v 7.84694441 14.79951060 -17.17757341
v 7.91438799 9.77555400 -8.99190667
v 7.92923390 26.24302998 -20.19684351
v 7.72248007 1.97641723 -13.73039623
v 7.75156640 28.63559225 -7.10960103
v 8.16730617 32.64356677 -5.36332563
v 8.08589150 42.90543733 -17.13902796
v 7.97135394 46.20070025 -14.72538305
v 7.97308717 0.82282744 -8.62596834
v 8.18468507 6.40961671 -8.95026192
v 7.96067514 15.07386155 -28.33817298
v 7.62482695 8.51895396 -13.81478215
v 7.88538898 17.81914547 -23.62180398
v 8.19087914 28.84642697 -8.50007031
v 7.87406547 23.68298777 -5.88626021
v 8.26707066 21.05250876 -6.94738692
v 7.86329500 26.83536996 -20.27802775
v 10.99366436 0.49258938 -11.30995902
v 8.06476541 46.87039948 -8.61211391
v 7.49775194 44.17891759 9.83523055
v 7.79621091 47.93779008 -0.74664123
v 8.14540731 45.53735819 0.49541224
v 7.89541130 43.24443043 -16.89581937
v 8.03910130 34.25341510 -18.06627271
v 7.69792019 0.55452679 -11.88295209
v 7.76502704 10.74071073 -11.17417110
v 7.82652809 8.63763527 -8.37173947
v 8.12803519 47.44718141 -11.63136164
v 8.74863700 44.93856033 -0.22949023
v 7.92850603 25.34909888 -21.08487504
v 7.96004612 0.74629754 -5.17923205
v 7.93910335 44.07289562 1.39341052
v 7.80880043 21.27574266 -6.62121300
v 7.90274277 10.59741243 -6.32564767
v 7.89627380 40.33883867 -17.58706702
v 7.83749313 0.82941136 -5.70449906
v 7.80512315 42.70049649 1.89674195
v 8.07772424 35.33011068 -6.02573767
v 7.84180884 48.42939317 -7.99472133
v 8.08963522 4.13862814 -30.57220210
v 8.46397867 11.07250236 -12.18359106
v 8.07940439 3.76877749 -13.54145762
v 7.99902573 31.51735071 -5.63823476
v 7.85295903 0.80088903 -13.39956065
v 8.16289712 10.42423830 -9.75739306
v 8.05975757 43.30214041 -16.37302446
v 8.11987756 44.58575081 -15.58854002
v 8.03527236 34.50733746 -17.84768792
v 8.24529792 4.87434185 -13.66969692
v 7.36303759 3.52907331 -36.06783026
v 7.82473680 37.26799569 -6.13178680
v 8.04171519 3.10385502 -36.28966923
v 8.12971846 40.90721070 -17.00402193
v 8.04331644 1.17679597 -6.43545801
v 8.23126399 48.31777671 -3.62531337
v 8.33463481 23.20995429 -21.38136465
v 8.31362713 43.32073360 1.49604683
v 7.95999783 22.42190791 -21.78589434
v 8.10905350 29.33973447 -6.86078143
v 8.04197514 3.36374633 -8.72765316
v 8.09762637 9.57809722 -8.56053068
v 8.21509398 28.44537401 -8.52823263
v 8.16387006 27.69907907 -8.34379446
v 8.28347709 30.56219875 -7.68978581
v 8.01604474 45.67785000 -14.73245463
v 7.93533866 2.32300675 -6.81146433
v 8.21319253 25.29434371 -6.41288613
v 8.61906516 40.95488833 -5.05567405
v 8.12265785 26.57705790 -19.87210481
v 8.19558922 2.89648877 -8.69008824
v 8.75261929 24.22783260 -7.38679585
v 8.17157917 44.32445110 -15.13266471
v 8.11236210 4.09320617 -14.01608415
v 8.08594387 0.30071091 -6.83936586
v 8.17103996 41.15189512 -17.10599102
v 8.57494732 7.07208623 -25.96566273
v 8.28066775 18.45159759 -22.93226925
v 8.27581131 38.31035417 -6.47128742
v 8.25831852 17.70575762 -22.57647994
v 8.49220958 47.20744689 -12.77645662
v 8.15351928 30.29019846 -17.48220689
v 8.44794147 37.58231289 -17.65140352
v 8.17905322 1.83028004 -14.09301532
v 8.19173236 9.05709697 -14.54181325
v 8.27869951 9.71384726 -5.02198366
v 8.26844669 29.77360540 -8.28823546
v 8.47581117 32.13709111 -6.70459830
v 8.54969564 0.32644656 -6.19215419
v 8.44949923 32.05745149 -17.17878413
v 8.41446978 29.83948131 -7.48778627
v 7.95993102 2.06722720 -5.24599673
v 8.27423713 37.13509113 -17.78199135
v 8.25474606 34.68843612 -5.83303125
v 8.49194859 4.44031501 -8.98108885
v 8.10939766 1.98733405 -14.71171646
v 7.51833745 4.91126152 -38.70918829
v 8.10875360 7.79856184 -36.72651453
v 8.54916114 42.28557160 -16.29604220
v 8.41460577 3.05356958 -13.78244444
v 8.26315673 30.16802916 -18.06962434
v 8.26798984 36.88192901 -18.20816423
v 8.26809166 33.93006033 -6.65066251
v 8.26459519 14.89944811 -26.77772008
v 8.66768069 0.29608995 -8.16302092
v 8.38699274 34.68944715 -6.34846488
v 8.41682513 13.19500966 -16.13640995
v 8.22812315 33.86598428 -6.42696282
v 8.05419173 31.45542717 -6.39690205
v 8.47667373 34.40308734 -17.64375316
v 8.81565088 11.90718328 -12.41972043
v 8.45937084 22.15505747 -21.43471334
v 8.50796854 44.15936183 -14.85722615
v 8.37065427 21.16721314 -28.28832921
v 8.39049295 15.05633680 -27.97111245
v 8.37273063 22.07612793 -21.78318179
v 8.52427079 25.21817375 -7.24074408
v 7.96399929 43.96050691 10.04034444
v 8.48553004 15.96795432 -17.89013328
v 8.45536507 38.67507171 -6.41590381
v 8.32408129 46.64101236 -9.70775677
v 8.24043591 4.00096202 -8.39490477
v 8.46509833 37.90896262 -6.38249719
v 8.82141416 0.51132226 -8.88427402
v 8.27503387 5.70582918 -8.71520171
v 8.69512632 8.30744908 -5.31742588
v 8.60877513 11.02472527 -10.76408912
v 8.20555457 15.58155614 -26.01268744
v 8.50426014 19.36785653 -21.02094697
v 8.34916826 42.41096497 -7.16966880
v 8.46059837 37.36544839 -17.19295682
v 8.40860487 32.12950690 -7.64228037
v 8.56977603 36.74986790 -17.71657724
v 8.58869094 41.29872958 -16.83382908
v 8.35544967 20.64544495 -28.51201990
v 8.92316450 7.68838516 -35.78316556
v 8.56716232 42.90366154 0.16197058
v 8.82891577 40.82522799 -7.48372641
v 8.26951083 16.26757503 -6.06363737
v 8.00822582 43.88151075 8.99751402
v 8.55644147 0.55808629 -12.23876841
v 8.74158120 45.61002476 -0.89149876
v 8.63623830 9.71419375 -14.31856707
v 8.57710532 0.73736047 -11.27776379
v 6.98748227 12.27405998 -11.14967020
v 8.45700975 11.17430925 -21.36560554
v 8.58260772 40.12987356 -6.80064987
v 8.51383110 42.41199997 1.40017761
v 8.46372733 17.46921001 -22.77449530
v 8.44345786 17.49002094 -20.87222561
v 8.65862825 17.25597688 -22.07242930
v 8.34219529 42.77539915 0.76869933
v 8.54219396 16.52850718 -21.99164702
v 8.60172436 20.57038684 -21.10189114
v 8.08360473 17.62555399 -23.43691076
v 8.99096040 10.72334584 -32.18184622
v 8.56143889 30.79554830 -7.94819513
v 9.20299331 4.93138492 -30.16354553
v 8.76039489 29.30384560 -8.55038177
v 8.65489479 35.32321989 -6.10278502
v 8.37270783 9.62899813 -22.03057827
v 8.68107035 8.06828897 -6.62251591
v 8.31090902 0.94153941 -14.51668277
v 8.67233698 15.28549409 -25.53201746
v 8.58713225 23.89725946 -21.06958856
v 8.38626823 30.55306697 -7.15904850
v 8.35471543 9.22325856 -5.57563089
v 8.84358773 46.00166767 -7.83797618
v 8.53737861 44.28462247 -7.61509892
v 8.93228834 0.47500245 -4.99954130
v -4.68551995 48.60187804 28.27410877
v 8.69424069 4.58424619 -39.96240349
v 8.62673049 18.60490077 -20.18218037
v 8.74021676 5.96050514 -39.39859801
v 8.61112703 14.71011181 -24.50554451
v 8.75794140 13.49997843 -27.34923224
v 8.53263089 41.74245463 -1.16318447
v 8.60306544 30.95333233 -15.73797072
v 8.91833831 3.98717645 -38.87385855
v 8.51262778 45.72358957 -8.11819091
v 8.67728218 0.19459056 -5.18584081
v 8.54061777 41.79449639 0.83057660
v 8.70228100 43.51722959 9.07879731
v 8.67982687 0.37645618 -2.87126832
v 8.63765865 13.82034780 -26.81348949
v 8.68261714 44.19640134 -14.37042912
v 8.52659501 43.64962099 9.86153334
v 8.52117671 7.95549818 -15.00887494
v 8.86186990 3.68998962 -6.83370348
v 8.64020933 45.50017745 -7.65809564
v 8.64794485 43.26798910 -15.95493090
v 8.86179077 47.53129299 -11.18485638
v 8.87260705 1.49915970 -15.69420729
v 8.45776052 26.99511950 -7.97514494
v 9.57426620 3.00415471 -37.93678577
v 8.65495597 31.48746249 -7.39058366
v 8.95165067 15.23964575 -30.03688815
v 8.68583950 44.99572157 -8.12968386
v 8.73609452 40.34465463 -16.54041795
v 9.83459419 8.42701891 -26.36313648
v 8.80872082 33.10425880 -16.44130622
v 8.70089060 37.97690093 -16.97998115
v 8.84376470 48.08830639 -5.90585275
v 9.33077967 46.61433088 -12.11895956
v 8.51927158 42.79112309 -15.89848538
v 8.83986553 26.71372510 -19.26775082
v 8.81001825 14.88562517 -24.90249710
v 8.88517889 21.29662047 -21.21725165
v 8.59860291 28.36451209 -8.60851993
v 8.56087403 3.43347413 -32.38910129
v 8.71508156 3.08210783 -35.19633399
v 8.78961728 13.51890449 -20.52634652
v 8.57045751 10.59218654 -13.49607993
v 8.91513501 8.63968103 -4.27563049
v 8.75265787 46.07862207 -8.79265142
v 8.83770080 16.08468877 -22.31998673
v 8.76018394 39.89743050 -16.72533787
v 8.65158542 9.77326946 -4.58648753
v 8.82019909 17.68064605 -18.61401094
v 8.60733106 44.78046814 8.61871339
v -21.70703609 20.90101534 2.50995096
v 8.98365220 26.43710999 -8.08678932
v 8.90430896 6.26008931 -7.99516524
v 9.31556741 43.61592537 -0.68691818
v -4.71046306 49.24287507 33.07452880
v 8.88841493 7.55478181 -5.59336010
v 8.77310478 41.83143240 -1.41210256
v 9.20172824 3.94210300 -15.01334292
v 8.72373874 43.64198845 9.61566991
v 8.84707425 17.50014327 -5.72735891
v 8.85447113 39.12038442 -16.41221438
v 8.97739695 12.89166195 -22.01125955
v 8.98977905 45.33458690 -8.26424090
v 8.89675621 32.75391737 -16.76085386
v 9.06352380 0.67235371 -15.18061816
v 8.94758821 14.56905018 -26.59906641
v 8.88367653 3.28434222 -5.21489929
v 8.67689799 42.77464351 -0.45918100
v 8.84471376 10.47973124 -4.62151564
v 8.76378075 45.37401129 -14.47190837
v 8.77689795 2.10042627 -3.59130615
v -6.22417504 24.58455278 -17.70062265
v 8.97921661 13.82736929 -26.58090363
v 9.24713581 0.25082512 -9.17426164
v 9.30868742 12.65687046 -31.74141797
v 9.03814012 5.37464686 -39.62880653
v 9.00589911 7.81327262 -6.44353098
v 8.75258565 43.78734802 9.13631148
v 8.90341522 14.45053823 -22.47024904
v 9.40059441 15.18359614 -29.82260035
v 9.06320323 47.00054630 -2.94383072
v 9.10345582 23.42322628 -8.09400278
v 8.94590704 36.74262946 -15.64202669
v 8.80444669 8.80532408 -5.09172068
v 9.12925989 0.30740644 -2.67163503
v 8.90756448 5.84639018 -7.77822641
v 8.95226318 33.52278350 -16.61759798
v 9.10473988 30.62084665 -15.93168433
v 8.93107837 14.72699684 -17.31977436
v 8.72174004 31.92981846 -7.77837389
v 9.19062738 39.32178959 -7.80934556
v 8.95153894 45.62922100 -1.45951845
v 8.88514921 45.40936026 -0.52974412
v 9.28208221 35.38919698 -16.41884512
v 8.79470615 30.29304006 -17.01708955
v 8.84971064 6.16087275 -38.63301188
v 8.96871738 11.77851616 -31.19763910
v 9.00164094 42.18804635 -1.07736370
v 9.25281815 40.72567959 -16.69989341
v 9.75841488 44.34725853 -5.23821134
v 9.28813438 44.47048256 8.51424593
v -12.44302662 35.45612858 27.27696291
v 9.40741007 8.97629809 -34.11800207
v 8.75878660 30.86970270 -15.57451752
v 9.45772916 28.01391184 -9.48974201
v 9.19769559 13.54599070 -25.61477898
v 8.92227777 15.58873563 -21.60878056
v 8.52892768 0.92435313 -13.93077400
v 8.80611984 8.28030110 -4.69596354
v 9.12034637 8.31959631 -15.34197751
v 9.12830756 44.66600389 -0.75747349
v 9.14483648 4.92610076 -15.09570313
v 9.27728043 34.35678430 -7.82763558
v 9.11893149 42.99015836 -14.29690828
v 8.94560186 28.66521076 -17.88496555
v 9.07129310 42.52136940 -15.72171997
v 8.99357704 23.00965013 -8.24697569
v 8.85400588 43.20630352 -1.84628679
v 9.14713596 9.45084033 -14.87339839
v 9.50770437 25.35041719 -18.97096233
v 8.98475289 40.77700898 -16.33154022
v 9.01936608 44.42616947 -14.35137457
v 9.83258528 26.16420266 -18.38391930
v 8.84554003 15.75448513 -23.45382758
v 9.00803185 14.31534013 -24.17349364
v 9.27546497 13.60338098 -26.88482024
v 9.13333897 43.66571382 -13.80666371
v 9.75083584 43.91736549 -4.08032546
v 9.06828293 37.25234178 -7.80310943
v 9.17873969 45.23423315 -1.85816076
v 9.17721330 43.28181659 -1.27444179
v 9.26187744 12.78247246 -15.70604777
v -7.56978700 47.38435029 36.68599017
v 8.97467026 13.53923976 -31.54698153
v 9.08916605 12.95944362 -22.82626443
v 8.82889575 6.76911962 -26.32657068
v 9.15198804 38.57699536 -16.05167444
v 9.32039988 11.85713778 -4.53400228
v 9.36536832 34.00707451 -16.07234315
v 8.97898571 2.53276675 -15.68000941
v 9.42106447 3.50058019 -33.97476645
v 9.29324336 45.18378721 -2.98600271
v 9.19509829 19.23177365 -19.16422665
v 8.95444587 3.01335406 -34.55501159
v 9.71847660 44.34644124 9.74391957
v 9.35022879 5.24677952 -40.42960166
v 9.14866144 7.38115710 -5.99881215
v 18.85179789 23.55902775 -8.34505493
v 9.02727216 30.13734769 -15.10670708
v 8.91369674 24.59563519 -7.95382585
v 9.16357851 42.80328674 8.46348567
v 9.04820877 47.85374392 -4.37906536
v 9.10602564 42.16313628 8.63070227
v 8.94374174 42.25243014 10.36422586
v 9.04218001 45.33198374 9.88506104
v 9.30597345 44.41120399 10.41526296
v 9.31266284 11.08758294 -12.83039840
v 8.92310100 44.81398787 10.51654408
v 9.07730984 41.91926546 9.63033046
v 9.51964048 31.32482362 -9.28643865
v 9.18708981 11.19987715 -11.23809728
v 9.61001877 16.61893166 -4.86593998
v 9.42286823 43.60468889 -3.31559287
v 9.17056031 1.34716556 -2.59270394
v 9.26172766 34.09647883 -15.73080627
v 9.95568327 14.32044176 -4.35894737
v 9.00547636 19.85328518 -6.87470935
v 10.03505449 5.11147064 -31.11838890
v 9.25921517 33.34062841 -15.36611034
v 9.57808099 13.39944546 -26.29398124
v 9.56658328 13.36734157 -25.28391652
v 9.38999322 29.64935171 -15.34188149
v 9.45778510 23.35490687 -8.23346147
v 9.19874942 33.35651240 -15.89046757
v 9.22354492 36.74184292 -14.89722053
v 9.30070312 9.85028746 -14.51940056
v 9.41355083 24.63209962 -8.14294375
v 9.23929399 0.52105960 -2.36481970
v 9.08897350 43.41649715 -8.64036697
v 9.18952894 36.42596685 -15.58269120
v 9.28154723 14.26500716 -25.56821931
v 9.52936090 42.60190937 -14.36127945
v 9.27191853 9.54014484 -3.57033921
v 9.63840039 43.94588548 -10.04703555
v 9.27538590 2.60466622 -4.01621258
v 9.34491577 28.79540223 -10.90113587
v 9.49035170 43.62822597 -13.44624339
v 9.46329694 22.04311232 -20.06965251
v 9.53692510 44.83885772 8.57621386
v 9.36760972 38.82822596 -16.33960771
v 9.25052062 32.48706104 -16.00513821
v 10.07952240 4.87906168 -40.39289926
v 9.30508811 0.39177162 -13.90864782
v 9.47583182 4.11707026 -39.85680663
v 9.17096478 45.32986894 9.06816020
v 9.47059792 35.12763334 -9.53832958
v 9.95936594 13.59877011 -32.77411278
v 9.30234676 13.97547128 -16.94639968
v 9.33865807 36.42932776 -14.91216662
v 9.35427009 44.05054057 -1.28039667
v 9.32532752 44.38613730 -3.46288290
v 9.72320134 6.12626026 -38.14754455
v 9.23225033 11.47336228 -31.13998683
v 9.23157368 41.61359041 -15.93773251
v 9.60028182 14.16430291 -29.51142260
v 9.54530396 45.70195988 -4.13434134
v 10.26806075 12.19032413 -13.80714631
v 6.89563649 21.62129586 -22.99703619
v 9.40108979 3.47145685 -6.46951858
v 9.39716961 37.10517067 -14.90232286
v 9.53018310 29.81277475 -15.71614999
v 9.29161895 42.44512636 10.59120629
v 8.91988237 13.43775733 -23.33191219
v 9.00902926 2.94687836 -5.08857832
v 10.04044735 31.37528534 -12.58363390
v 9.56597208 44.98610342 10.29300663
v 9.63185860 34.60056671 -16.84387617
v 9.47092041 20.41647854 -19.87931987
v 9.69896363 11.73108406 -3.85806288
v 10.07351888 37.92931237 -16.69019750
v 9.72393827 36.81800566 -7.93348439
v 9.46728525 6.10871361 -7.10576160
v 9.77637285 0.84360519 -14.85818299
v 9.54097511 2.47785002 -15.82264961
v 9.75098697 36.65032271 -16.77551965
v 9.42205449 11.19345458 -29.41329621
v 9.20665334 10.81098140 -3.94928184
v 9.37030287 0.27967941 -10.93963695
v 9.78168006 3.17241210 -38.57978242
v 9.78769550 2.69426254 -5.02931468
v 9.96536837 7.43916419 -27.37355431
v 9.68564658 5.75007550 -15.25524058
v 9.54768740 10.90843574 -23.80993900
v 9.70879978 40.54373675 -9.02652089
v 9.43901095 39.13085430 -16.81534424
v 9.75391550 31.02772767 -9.47870803
v 9.44371252 19.84188739 -19.57528033
v 9.49180915 42.33664685 8.62872200
v 9.66738083 42.72956093 10.28777694
v 9.62609292 35.36180099 -9.61207285
v 9.64879960 34.89568299 -9.16328227
v 9.60607096 13.03192473 -24.30428698
v 9.84112167 0.56029856 -4.80113911
v 9.55995060 37.72936148 -15.36764038
v 9.96990724 28.39132272 -11.42276104
v 9.55656810 10.81514841 -30.46457157
v 9.89399829 37.71407316 -15.98379276
v 10.10464946 43.78145408 -12.28785058
v 9.34017257 7.56544149 -4.10181742
v 9.85023096 1.99877098 -16.44573005
v 9.76571250 11.24925859 -10.90758503
v 9.63301055 3.41844006 -5.19891987
v 9.55636861 7.95931544 -15.26477103
v -5.40087058 41.79460194 -7.79466648
v 9.60164107 32.75213873 -14.59128577
v 9.55672950 35.68198888 -9.65302586
v 10.57271253 5.04690658 -40.21954183
v 9.70844007 10.81692875 -12.87641581
v 9.71974464 21.37054588 -20.03067514
v 9.63203007 33.98928903 -16.31783903
v 8.70022987 14.01437542 -5.94149285
v 9.28877549 4.10955442 -7.57353393
v 9.65278748 10.02167828 -14.18109737
v 9.72476369 11.43270672 -24.44980703
v 9.68796389 33.37167813 -15.02390537
v 9.88060749 3.45624502 -6.48245933
v 9.80963579 4.05637903 -15.33136122
v 9.69976884 42.38894936 -13.65470249
v 9.64226536 22.97453700 -19.79544121
v 10.50792270 24.25976339 -9.81360189
v 9.76471922 42.81834659 9.01800522
v 10.68799720 39.91285757 -8.92353123
v 9.84758077 24.77913668 -18.66083212
v 9.52523007 44.72545382 -9.53717039
v 9.73437995 43.31496589 -10.11384577
v 9.73558197 37.48116194 -7.86024003
v 10.20351229 28.50518551 -15.48602001
v 9.65219741 21.69914501 -7.71986198
v 10.15057231 0.78572639 -4.74498369
v 9.72351703 11.26137074 -23.58624464
v 9.45953944 1.13092808 -15.71840148
v 9.70458772 12.40679919 -23.75432512
v 9.96603105 0.97794562 -16.31618517
v 9.81730186 10.67774259 -24.24524332
v 9.78858804 41.27447720 -9.34589397
v -15.38831180 28.77554494 -0.31594981
v 9.85129975 3.36775363 -39.41006865
v 10.59559218 38.98470459 -7.64513677
v 9.41956796 7.03651807 -4.58117039
v 9.81935481 3.50166453 -35.09232788
v 9.76160707 42.02086552 -14.57266467
v 9.60529853 38.03133258 -7.50838337
v -4.52778380 45.68013560 31.14389288
v 9.50882145 25.38152181 -18.48017970
v 10.15704147 6.44302586 -4.97284098
v 9.68596763 42.22863545 9.52536049
v 10.36257536 0.32721476 -6.04208196
v 9.83250359 44.67282672 9.64138450
v 9.90202208 9.74623242 -33.02386078
v 9.94271512 39.60632373 -8.00915009
v 9.96323209 11.67112651 -24.96071702
v 9.42158187 41.18080886 -16.33096225
v 9.59419595 0.73740549 -15.42818113
v 9.71379831 22.19543825 -8.54076486
v 10.12857827 9.38697965 -32.15620177
v 10.15334633 4.43583726 -15.80592260
v 10.23409457 35.37680342 -17.51852164
v 9.84941835 10.62758556 -29.61427197
v 9.85640084 4.29815130 -40.97641071
v 10.27432561 34.70542852 -17.37302459
v 10.10784002 10.95788286 -28.42645880
v 10.14132021 13.24774645 -31.36882506
v 10.04122408 32.75906599 -15.66695592
v 9.69132802 46.67854326 -4.55695041
v 9.87459869 12.48847838 -25.23438150
v 9.94166081 8.78050184 -33.19805185
v 10.02888476 10.12179245 -14.38341962
v 10.05911537 27.01813993 -17.01724455
v 9.92719618 13.10601570 -32.79661163
v 10.04054524 43.32829742 -10.96604497
v 9.67338400 9.47838066 -14.65703952
v 9.98696480 22.14498791 -8.07674231
v 9.87828675 5.64983139 -15.33211337
v 15.25698351 0.27612808 -9.40350711
v 9.71274960 0.54709311 -11.73013543
v 9.90896817 31.69773583 -11.87540734
v 10.11429869 41.58367658 -9.63074296
v 10.22174738 38.18214827 -7.59480930
v 10.50081170 25.29509946 -10.06183295
v 9.94477270 45.88361480 -5.29149306
v 10.01265124 40.74911641 -16.78858694
v 10.09675007 35.78834703 -8.89553516
v 10.06485880 10.53186944 -3.05308744
v 9.97443329 43.33469917 -12.30901876
v 10.27004661 39.81755320 -17.28712550
v 10.11632664 26.66231959 -16.66631970
v 9.99568552 42.10920899 -9.64576828
v 10.01075442 37.32191292 -17.15856809
v 9.91969936 44.66573624 -10.67547938
v 10.11011267 7.97822962 -2.98177796
v 10.10923807 5.34610130 -6.47932685
v 10.07581628 10.33286807 -28.31420691
v 10.67047834 41.09604820 -16.80416622
v 9.74067006 4.92577473 -31.39436009
v 10.10435843 8.05648202 -35.29448839
v 10.31802099 23.36237219 -9.40707048
v 10.15098201 9.09954606 -27.49781496
v 10.11250065 32.43541418 -10.21667959
v 10.13572278 14.44767183 -16.86438663
v 9.94382462 0.65382436 -14.08979607
v 10.66194567 5.52861929 -15.95075775
v 10.20371612 9.11925658 -27.21972791
v 10.27170831 41.63166779 -16.13854062
v 11.23464597 42.40173036 -13.56968888
v 10.08664872 42.70631071 -13.01632189
v 10.12585650 15.09380896 -17.37467835
v 10.20143209 31.44704650 -11.85025848
v 10.34494214 9.67515710 -28.22570137
v 10.48247822 13.31201478 -32.71556402
v 10.22811736 34.23866097 -17.54903203
v 10.63238598 34.67853330 -8.33635086
v 10.29928932 23.33234193 -19.32310944
v 10.84359633 5.54941171 -32.40357042
v 10.69515302 36.44119064 -8.36802435
v 10.60171431 41.74519661 -15.53389079
v 9.81968615 3.90318594 -34.44869559
v 10.42075044 9.59766995 -28.79317287
v 10.01579981 40.30411340 -17.07129992
v 10.23968422 5.96734965 -15.66019632
v 10.63218535 0.68639577 -11.85586915
v 10.69850485 19.19603251 -5.71731324
v 10.24822100 0.80059916 -11.78921534
v 10.75472322 32.43998681 -16.87218996
v 10.42241001 7.91549416 -33.57981986
v 10.41205118 42.89587208 -11.45427871
v 10.47146433 42.64420404 -10.93151235
v 10.50951431 9.33272695 -31.80776184
v 10.30816718 4.35379884 -41.28180110
v 10.52775807 41.93585115 -15.02081163
v 10.65510003 41.30713257 -9.28270765
v 10.51379134 18.14567183 -4.95706060
v 10.42208586 2.85228340 -6.32606267
v 9.84493403 33.46529911 -16.72136244
v 10.35360734 7.27829729 -3.38478387
v 10.66434561 20.73298068 -6.45688479
v 10.49502412 3.47756865 -16.46327476
v 10.51381694 36.14347576 -8.41725219
v 10.68995387 27.92122941 -14.09344301
v 1.78750189 6.49669899 -26.56157321
v 11.02411532 5.60781822 -5.72989316
v 10.54539270 19.19101964 -18.84579579
v 10.67880657 7.72434536 -2.97985856
v 10.56592338 3.37476674 -39.02180989
v 10.46287960 0.46916354 -8.57478036
v 10.45538295 6.45972184 -4.01641059
v 10.56014594 19.78001188 -18.95903408
v 10.53110901 2.24703346 -4.99221396
v 10.42503298 8.45307477 -32.92360418
v 10.52262220 11.62452982 -3.27460752
v 10.44319800 7.82059408 -32.98825697
v 10.23541921 10.01811265 -3.04268929
v 11.30594824 1.50009471 -16.87002260
v 10.65634576 41.78937086 -9.71957601
v 10.54313733 34.96938796 -17.79055666
v 11.24294832 42.32587101 -10.62163621
v 10.44398442 3.42925969 -38.31243980
v 10.71547576 17.24195145 -4.53266916
v 10.57621729 0.50999484 -4.94644875
v 10.38416786 37.47590056 -7.53825602
v 10.62849789 8.12006662 -30.14607072
v 10.65361626 4.81661043 -6.68622710
v 9.78048907 32.02617023 -14.27152781
v 10.22024443 22.46737151 -19.71298138
v 10.78484886 5.92559439 -31.78567545
v 10.68990805 3.73910266 -40.52814555
v 10.47582445 4.15775245 -7.25267117
v 11.86534975 12.49444325 -13.04252313
v 10.08893703 13.54315951 -16.25711695
v 10.48881735 24.98840620 -10.68043102
v 9.97970031 3.32443117 -38.86534094
v 10.60244583 9.19599142 -31.35716341
v 10.71720157 6.13410806 -32.29885270
v 11.08280425 6.75311295 -3.23572908
v 10.53390821 9.30424993 -2.72826981
v 10.89530988 7.49905540 -32.86288667
v 10.61312687 26.26866494 -16.74792970
v 10.62201750 42.41808604 -13.26482480
v 10.56773888 40.38568411 -16.83913284
v 10.75208436 3.51680081 -7.23170268
v 10.75141167 5.54416673 -39.02467657
v 11.34383065 21.35132138 -18.62990117
v 10.93747925 3.98999949 -38.67589052
v 10.64524173 6.67661212 -30.72667206
v 10.63005395 7.04826458 -31.76614988
v 10.65250579 38.30500446 -7.55474609
v 10.90129079 23.33789148 -18.57683040
v 10.46861284 0.35953852 -14.56073516
v 10.77126747 7.97094900 -29.77494298
v 11.50071487 10.40931278 -14.12311331
v 11.05669042 32.34549568 -9.56614570
v 10.89366760 30.68994186 -13.12869163
v 11.13269222 11.22789012 -2.59176965
v 10.80025960 0.94414847 -6.13363503
v 10.84773331 6.63195843 -31.95526778
v 11.11216424 6.69020162 -35.64049659
v 10.83977321 4.53467547 -34.47937140
v 10.90315815 4.08860456 -7.42566742
v 11.38864601 9.10081799 -15.26156666
v 10.98614051 7.61284824 -2.63031157
v 11.17103171 25.41761026 -13.38181178
v 10.89334529 40.32927125 -17.07089590
v 10.48113843 5.83349615 -5.53998994
v 11.57162951 3.20538999 -16.80836870
v 10.86945453 4.10288168 -40.92909301
v 11.17645233 5.03259692 -34.10449425
v 10.94922031 0.47753865 -7.95429889
v 10.73964093 31.03838858 -14.17195530
v 10.91504275 36.41756501 -8.17964875
v 10.76765745 22.58693201 -8.01153498
v 10.67870610 0.54512949 -15.17114069
v 11.13924377 26.71096624 -14.46254273
v 11.20871688 33.46564847 -8.62371399
v 11.61797860 22.98582628 -8.85645431
v 10.91780495 31.91406445 -15.26878086
v 10.98335426 26.03942679 -14.33427260
v 11.05138787 0.69440227 -6.29472362
v 10.88874319 35.59547051 -8.14831192
v 10.94763630 6.22339999 -4.83537988
v 10.71287351 12.87931124 -15.08374031
v 11.10060729 17.70770890 -4.86728826
v 10.88755225 13.95528269 -16.28204232
v 11.02020296 42.60938478 -12.78541573
v 11.15406982 0.21971493 -8.86406887
v 11.12273271 6.18195988 -35.79713550
v 11.14251823 24.39839918 -12.10491828
v 11.56362556 37.21009606 -18.43214957
v 11.44791217 41.64358362 -15.28423350
v 11.12100271 0.49303558 -6.94316318
v 11.13752649 2.43505501 -6.71851010
v 10.95899713 6.80798110 -32.50948276
v 11.34033567 4.05599844 -37.92685295
v 11.43688755 7.14102895 -2.98376022
v 11.29940531 19.56987683 -18.48076538
v 11.21048792 25.86596989 -15.44187672
v 11.34961322 5.25853017 -38.63347630
v 11.22858060 6.19472352 -35.14501901
v 11.20915876 5.35639018 -34.40469825
v 11.43286156 40.58596037 -8.99909976
v 11.19122753 30.72451156 -13.73741406
v 11.27548717 24.18008897 -15.85767834
v 11.28705031 38.78047681 -17.62505116
v 11.45958322 36.44611913 -7.86943538
v 10.98015093 30.79083746 -12.73454341
v 11.34713502 4.03697850 -41.60887413
v 12.14380888 14.85743155 -15.84115892
v 11.16255527 6.67864708 -36.19912558
v 11.41085770 12.12125020 -3.00721906
v 11.33303400 4.04577579 -40.08732856
v 10.86889377 33.59498405 -17.88163471
v 11.57550645 33.75167088 -8.45168982
v 11.50323192 17.71659808 -4.57894672
v 11.43517766 9.22354396 -2.06794851
v 11.21378043 30.52646731 -12.33033003
v 11.33618810 38.95012298 -17.20438617
v 11.28928675 24.16817992 -13.30057808
v 10.99504885 4.42696299 -34.94495759
v 11.34040701 42.37319978 -13.17860723
v 11.11014212 4.66878025 -7.01582521
v 11.81950436 4.11003754 -7.10997046
v 11.94722004 16.34083836 -16.71758192
v 11.88315644 42.42732114 -11.41150462
v 11.56878009 5.87666444 -35.81942190
v 11.52249547 21.38979947 -6.77533667
v 11.50173879 5.73553881 -34.70965517
v 12.10808857 42.45949188 -12.11884618
v 11.81926113 39.41630765 -17.14645195
v 11.69930547 34.50415552 -18.58090441
v 11.52449876 21.35081350 -18.06759724
v 11.36333770 21.87107087 -18.31320292
v 12.19837658 10.53002118 -1.99445556
v 11.37629141 11.19090057 -11.95788455
v 10.96390768 0.44459400 -16.29021494
v 11.62734311 23.28684467 -17.39443767
v 11.60633345 33.26540036 -8.96279645
v 11.37035136 40.88673169 -16.64485039
v 11.49846763 38.79173247 -8.48931445
v 11.59103264 0.94269477 -4.66056947
v 11.80558391 4.38919479 -38.58106448
v 11.64898193 0.61743405 -5.79949509
v 11.55827676 5.14992706 -35.25513410
v 11.71557375 38.84085209 -17.59394492
v 11.72010828 31.37688798 -15.64556742
v 6.13757895 37.86079364 -20.99618263
v 11.56853350 30.53918617 -13.00240607
v 11.56391358 38.90511154 -9.08486173
v 11.40081687 24.38839593 -14.22133064
v 11.85783217 3.69004961 -6.95919385
v 11.37911429 33.40030232 -18.06094604
v 11.39066642 31.75378668 -15.31024308
v 11.73765303 41.29690538 -14.50156479
v 11.51876413 5.37677712 -37.87233669
v 12.02816498 0.14694474 -6.86501846
v 11.69234974 4.44043232 -37.56235955
v 11.64935716 31.71810587 -16.49498331
v 11.74092192 22.52676706 -17.47008909
v 11.82402575 40.64128001 -9.27916603
v 11.53320037 18.00874855 -4.75059498
v 12.43103072 35.13132418 -7.92003347
v 12.38713785 41.10787604 -9.68124621
v 11.99563689 30.51977535 -11.64200157
v 11.59993914 1.80623088 -5.96402962
v 11.83914943 39.23542224 -17.52559350
v 15.46925465 8.39935678 -14.20895066
v 11.83139045 4.88256593 -39.73689167
v 11.26765489 9.83200500 -2.33420164
v 11.62484048 38.42214791 -8.11722424
v 12.76191363 0.51362056 -15.45436225
v 12.41285564 13.13913965 -2.87768466
v 11.93128631 4.43532245 -41.43897005
v 11.53253603 30.63098491 -14.23983153
v 11.81110158 4.95470307 -5.86113238
v 11.93322459 0.33968910 -4.77246454
v 11.69320884 30.73845015 -11.07810467
v 11.45160265 6.14362063 -4.58328302
v 11.95565409 23.72373989 -15.52556652
v 12.09147727 39.78920538 -9.03537628
v 11.85498864 23.54361610 -10.32651950
v 12.06222735 33.42397830 -8.70099535
v 11.29341789 41.46888066 -14.44811810
v 11.84701715 41.15335500 -16.17794902
v 11.61774549 5.61092371 -4.97127950
v 11.81656513 30.23577124 -12.68305634
v 12.30808352 31.52411112 -9.89909463
v 12.06195094 2.53771380 -4.76906982
v 12.05759551 38.22051473 -9.09924506
v 11.98677676 36.70260581 -18.57150624
v 11.89425629 40.75106367 -16.66129424
v 11.87181188 37.39972930 -8.20767823
v 12.26651038 22.42772288 -8.18979282
v 11.67102648 41.91626690 -10.04482312
v 12.85062448 40.00383964 -16.32732090
v 11.69416853 42.28849809 -11.09049750
v 12.45049775 23.60401529 -11.42897209
v 12.86069994 16.24623389 -16.18075357
v 12.64231342 41.48406133 -13.71529316
v 12.68167249 38.78836549 -9.23855981
v 11.80893072 23.30457137 -16.36389182
v 11.75670056 33.03203737 -8.99379810
v 11.92534298 40.16760802 -9.21669528
v 12.77801386 41.58258876 -10.61033054
v 13.13879937 18.63115178 -16.81444412
v 12.28120617 37.33008241 -8.16081937
v 12.34905133 41.00159295 -15.27948538
v 12.59085007 22.59487383 -9.13686192
v 12.15597117 0.70851869 -4.53395671
v 12.63413945 32.70742309 -18.25611512
v 12.74813112 41.46708976 -13.38040002
v 13.40219701 19.73786303 -16.54021697
v 12.47993065 31.97101653 -17.44960215
v 12.88682420 0.35834091 -4.76816642
v 12.79070526 0.75555862 -16.59482754
v 12.40819657 38.62972715 -18.15266246
v 13.27743778 14.37420056 -14.18003394
v 12.28014904 3.10337117 -6.11922655
v 12.70269113 9.56105927 -15.28445385
v 12.95546199 32.12520808 -17.72211940
v 12.68923164 40.06630525 -9.42007406
v 13.18033392 39.26359192 -9.49946681
v 12.54116609 30.23922582 -13.93012768
v 13.12474766 11.29531125 -12.55795915
v 12.93115323 3.38257010 -5.08264146
v 12.75363959 40.47883973 -15.69534064
v 12.66019333 30.84194890 -10.67507703
v 12.74228009 12.80834979 -12.71513157
v 12.75355231 22.35614046 -9.20015105
v 13.06195089 3.91378717 -7.15161942
v 12.24565028 22.72407925 -16.73921127
v 12.45832922 40.60153312 -14.63179835
v 13.71278017 21.81149579 -14.01213607
v 12.55476657 10.46849799 -14.54158794
v 13.89202993 21.14342488 -14.84777214
v 13.21598856 38.33275966 -18.34499694
v 12.78672064 29.88044439 -14.45833212
v 12.61428665 29.29252784 -13.91869803
v 12.74686313 3.57089115 -16.56484336
v 11.91836295 4.67451889 -16.27853466
v 12.51264213 37.71319250 -18.33315247
v 12.75381799 8.84477154 -15.68376377
v 12.55467436 15.59852742 -15.76371139
v 9.11255596 13.84561076 -5.08021416
v 12.55604360 2.57196081 -4.77387275
v 12.60356077 6.20487794 -16.00528844
v 12.64815473 0.26056598 -8.26883202
v 12.93082985 30.78772892 -15.27525718
v 12.69796539 37.82323337 -8.72538123
v 13.48617424 9.08123042 -2.09288936
v 12.90076132 1.74554751 -16.88694126
v 12.57884703 11.53115942 -2.37767663
v 12.54046680 7.50235827 -2.47066440
v 11.59717175 8.29008834 -2.22259586
v 12.97317269 28.80212497 -13.84502749
v 13.13011906 37.91715329 -9.61319093
v 12.85526177 29.50367758 -13.55655062
v 13.27169771 4.32973666 -15.69972056
v 13.44492353 12.16096677 -3.14277327
v 12.81087925 9.79812344 -2.05021895
v 12.98278663 23.21142057 -3.82847504
v 13.07701152 30.52915011 -14.82347221
v 13.17156910 12.00559412 -11.38976754
v 13.10408225 31.42466246 -9.89625026
v 13.50508434 22.20285111 -13.09083258
v 12.70147314 17.65313163 -4.52043969
v 12.82501441 29.71333629 -13.46615297
v 12.78591827 0.33206794 -14.99501561
v 13.02137875 5.91910749 -15.68659183
v 13.04428665 30.03602597 -15.33231720
v 12.92923606 0.42268225 -16.04696082
v 13.01421226 34.44769778 -8.38560131
v 13.05333069 10.68087099 -13.99962541
v 13.69673728 5.78479409 -5.08844048
v 13.01833595 38.35263665 -9.68771717
v 13.57708843 10.38685013 -2.23675365
v 12.98979130 28.93249737 -11.85050210
v 12.81596750 41.80312199 -13.17786046
v 2.82244015 37.85600420 -20.12241278
v 13.07631142 29.44709371 -15.49877726
v 13.09386040 30.06510900 -14.13116309
v 13.32828363 29.05110152 -13.13750834
v 13.37559250 21.94367482 -9.21336971
v 13.14697086 0.34923444 -2.18580635
v 13.19027867 28.49235896 -11.49419944
v 13.23094550 23.46470607 -4.84367310
v 12.95124248 9.74819953 -14.95401778
v 13.35894961 11.37175909 -10.71541798
v 13.39768562 0.47129753 -11.65817225
v 13.36497767 2.39341673 -3.55592604
v 12.84002093 20.40512968 -6.44329949
v 13.24476049 28.55682614 -11.86186794
v 12.83394529 0.09430115 -4.89870143
v 13.74492854 34.76022186 -8.57673086
v 13.07325665 21.03305539 -5.10614027
v 12.64807750 6.01367771 -4.56692147
v 13.10998595 22.18632320 -9.72288454
v 13.35185954 30.85984207 -10.73597834
v 13.19332347 20.96699134 -3.80463389
v 13.46698696 41.35805037 -11.59744095
v 13.10007039 31.16948044 -10.52365832
v 13.28139897 13.93316516 -14.00660102
v 13.18936500 29.83852676 -11.85391118
v 13.24236003 0.52361196 -13.02028522
v 12.92526134 41.51720122 -11.13420992
v 13.42393452 3.27301609 -5.09437410
v 12.91819607 3.46301758 -6.22537475
v 13.18260914 30.18623416 -13.25957209
v 13.33160338 35.69746404 -8.19407172
v 13.18837436 30.32928871 -13.74734731
v 13.11496097 8.35427197 -15.65300274
v 13.41077892 30.71320673 -15.20814956
v 13.23967403 27.93311013 -11.55953365
v 13.18100464 20.72467359 -4.60083675
v 13.35684860 0.66514488 -15.84101969
v 13.64471431 3.63049397 -6.97390092
v 13.44264345 2.76615434 -4.89272557
v 12.75903600 6.94830931 -2.98274396
v 13.63827245 20.63692215 -5.04278504
v 13.55833932 14.23729891 -3.27978414
v 13.25489318 4.59280981 -6.89486389
v 14.17181759 6.37358797 -4.81438602
v 13.43921740 11.38323479 -12.99098526
v 13.58949519 20.42733093 -3.83310688
v 13.93494811 15.13710376 -14.60830852
v 13.32243063 29.74001421 -15.77142228
v 12.87469187 5.41453066 -5.56430974
v 13.50222127 21.29452170 -5.27848047
v 13.13150190 39.87728211 -15.26118265
v -12.36359464 35.46641959 -7.40892900
v 13.51630269 30.51416178 -15.84185720
v 13.51360753 41.17901919 -12.53246952
v 13.27817239 29.16560776 -11.10843606
v 13.23425435 19.92179754 -4.67837061
v 13.54134477 0.41107194 -1.83312455
v 13.48883430 0.62385796 -14.67654029
v 13.26308556 37.43776098 -18.69040196
v 13.57366616 9.67180124 -15.42255311
v 13.16834498 36.35423047 -8.32810399
v 13.85883686 36.22037216 -8.58976207
v 13.74647108 5.52574053 -15.64301011
v 13.89359833 29.42824694 -10.44418247
v 13.86239802 0.25578923 -6.11994627
v 14.08577440 2.77795832 -6.57943135
v 13.89696363 23.76403952 -5.06504522
v 13.63926552 0.17177718 -2.19397885
v 13.49003754 28.58951527 -15.04907138
v 14.01680368 30.54518351 -11.72847675
v 13.82430647 31.20076279 -10.35443475
v 14.18237561 32.62836371 -9.49778002
v 13.36279358 2.53337573 -16.41989513
v 14.42741353 32.40233449 -9.98797403
v 13.58379857 29.01551212 -15.94773990
v 12.69710991 31.42583526 -17.27770377
v 13.58642345 40.26896173 -14.14505244
v 13.48193049 40.63621241 -10.67874850
v 13.67221853 22.80854449 -2.77522063
v 14.02433349 2.61573906 -5.13476431
v 13.59989882 30.34296024 -15.34355455
v 13.82280291 39.42865711 -14.00024854
v 13.90632592 20.57876432 -3.35370595
v 13.70583399 18.47032426 -16.00243204
v 13.68573647 40.49884427 -11.29457120
v 13.83057239 8.25667287 -15.85734249
v 13.83656849 1.28215381 -3.06954769
v 13.44719196 0.83370218 -15.31506008
v 13.37179178 20.65137345 -7.62606583
v 13.36539983 1.40298324 -16.44899772
v 14.01312301 0.16110862 -6.54743888
v 14.03628910 1.41912731 -4.89066933
v 13.67906218 17.78818821 -5.30893969
v 13.92384523 17.19149126 -4.80658745
v 13.92686220 11.19854523 -13.72661266
v 13.54219100 29.75788714 -12.39638686
v 14.25308899 0.38902687 -14.58849716
v 14.08364748 17.45916698 -15.21447039
v 14.41482683 13.08405175 -12.04318233
v 14.18609142 38.25590284 -10.47488437
v 13.83493220 30.25373008 -12.60132207
v 14.04502007 30.37243027 -16.63192339
v 13.78837902 21.08071351 -5.52245082
v 13.63524409 4.95956297 -6.24505069
v 14.08670245 17.52263784 -5.78626770
v 13.45181102 10.46721514 -14.78095544
v 13.43365496 29.75298865 -11.19784631
v 13.43229593 34.98025065 -18.94963046
v 14.34892197 10.10644135 -2.88843577
v 14.26289327 7.62931842 -2.95960239
v 14.12305223 26.16377519 -10.92441523
v 13.74712356 27.16864955 -10.42750781
v 14.01317819 11.64134303 -3.08315572
v 13.72953236 2.78017305 -6.35639402
v 13.82436747 18.14346560 -5.52256779
v 14.00907595 4.12039556 -7.57277370
v 13.87806454 29.59220100 -16.62929452
v 13.85154867 37.99383964 -18.25881069
v 14.33064155 0.39707868 -12.79809223
v 13.91796243 40.18645240 -10.72021677
v 13.93729913 1.28878632 -16.38230557
v 14.21327313 24.11712158 -5.28684161
v 14.14425593 0.66047956 -15.89104120
v 14.16762064 35.18619154 -18.75531673
v 14.23386645 4.76280808 -7.48996461
v 14.06167144 16.66593867 -15.35791567
v 14.03791195 17.63169597 -15.71149256
v 13.92489492 0.56383088 -4.80819862
v 14.39955252 18.27119659 -15.18749427
v 14.07682059 18.82391583 -5.16530497
v 13.85476083 18.87643498 -4.99915410
v 13.77265742 11.46023608 -10.98009498
v 13.96673314 19.17357752 -4.45588361
v 14.16804684 39.03122572 -14.32309927
v 14.17855564 40.41841813 -11.81170918
v 14.37217786 20.56125761 -5.15695815
v 13.25854776 28.20747297 -12.35752031
v 14.22939353 26.19829950 -12.13447790
v 14.11829585 20.07448172 -4.66474127
v 14.08992301 20.64329608 -11.79309726
v 14.35843173 0.50144441 -8.87531347
v 14.35755244 13.86549531 -3.69251683
v 14.55585010 30.50587470 -16.76665781
v 13.87530306 0.85180445 -12.28723315
v 14.37167116 25.41883325 -3.63675231
v 13.95418840 6.40891038 -3.85270230
v 13.74912371 24.51303416 -3.32245181
v 14.06220921 20.26990931 -11.38252885
v 14.11645767 5.76109363 -6.07480022
v 14.56875034 0.90316417 -5.05980877
v 14.01116350 27.59957289 -10.17866973
v 14.18386113 6.88594610 -3.45776289
v 14.11427722 20.29156185 -3.98696371
v 15.46217745 13.90861871 -11.84706940
v 14.22392908 39.88722331 -13.59755547
v 14.48053363 21.87669774 -5.47172718
v 14.28692488 1.37824553 -6.28482431
v 13.94641954 4.12889494 -15.66669155
v 14.39208524 23.41921539 -5.32583947
v 14.45268594 18.15161898 -6.39781387
v 14.67195616 29.84103442 -9.91490353
v 14.46691708 0.47191037 -6.85782618
v 14.35461184 16.94466936 -15.04801089
v 14.59524262 39.25870057 -16.23605094
v 14.34967053 9.27054093 -2.61140143
v 14.19643213 0.33426561 -5.03246591
v 14.16779457 12.08135102 -3.62330411
v 14.16782494 35.82069993 -18.88811792
v 14.37110623 9.54091707 -15.23275923
v 13.98099937 39.59312788 -15.10132946
v 13.85983136 25.07911058 -4.51802682
v 14.55240379 4.86595764 -7.35647390
v 14.14058102 28.27637694 -13.58493758
v 15.09132692 16.23426304 -7.94534023
v 14.31080550 37.16376918 -11.55196321
v 15.00520884 38.35264445 -17.41966233
v 14.52153186 38.08935051 -11.43836380
v 14.85412920 6.13472707 -6.03312128
v 14.38108484 2.47419594 -7.44539876
v 14.35740110 27.24371731 -9.75858047
v 14.75353381 26.42575456 -13.27962175
v 14.44110198 36.80384657 -12.46070495
v 14.68948483 16.37295133 -13.87564833
v 14.25498503 30.68653016 -11.31449304
v 14.45356121 12.03923425 -4.08740779
v 14.41790776 37.62590157 -12.21122154
v 14.35305918 20.90106753 -3.36009568
v 14.67869143 20.29044901 -4.00883104
v 14.49757749 20.41293111 -12.36917926
v 14.35183604 36.74489818 -9.65395622
v 10.03837779 4.70018540 -31.83004700
v 14.66128981 38.75309185 -12.89337621
v 14.47299899 11.29541257 -10.67337325
v 14.75491691 13.18302277 -11.98788871
v 14.67706745 10.36696921 -14.47695985
v 14.49000450 7.45696745 -3.60558555
v 14.88440685 5.29793591 -14.91509453
v 14.45113741 30.13229467 -10.79341441
v 14.61352669 12.99721227 -3.90386547
v 14.59329887 17.58878049 -14.68992178
v 14.99070453 36.74874743 -11.00700789
v 14.58267635 9.81342689 -3.20112812
v 14.89516460 10.91590475 -3.54260498
v 14.68833439 38.29496744 -12.30090157
v 14.50836839 19.43135986 -14.80004422
v 15.33397823 0.65782531 -12.39990034
v 14.64708180 18.94292265 -13.88535195
v 14.36165168 4.09332097 -7.91337651
v 15.23393202 23.13386385 -4.86902907
v 14.71607770 0.78981535 -14.76802968
v 14.99059096 9.48296952 -14.44509216
v 14.89598040 18.50901632 -13.71318291
v 14.30634172 28.25903651 -15.33221321
v 15.02297064 1.07785282 -15.53600363
v 14.98817225 6.93664483 -4.20748533
v 14.47897044 27.52183605 -9.54768775
v 14.73937074 7.98458531 -3.36849496
v 14.19853957 26.61239006 -10.24624669
v 14.96700480 33.37672666 -10.18118966
v 14.89626306 22.87910182 -2.85788775
v 15.31656432 8.70953746 -14.70243053
v 14.93108727 24.37084131 -2.44115622
v 14.67706485 31.32561675 -10.35579001
v 14.71843632 29.28230227 -17.07504600
v 14.48577253 2.10826141 -7.06687180
v 14.85647272 25.01389339 -5.29876093
v 15.41819145 13.99788069 -5.30791243
v 14.95645734 3.60892367 -7.73880703
v 15.41199035 4.04649868 -8.13528365
v 14.80082698 28.59160228 -9.53194658
v 14.94855951 13.56134048 -4.22336917
v 14.97330764 31.77467795 -10.67124962
v 15.48762779 0.60037652 -12.96042808
v 14.83327687 11.20562988 -10.33532096
v 14.82292731 28.23150261 -9.23655890
v 15.02520025 2.04076323 -15.72283068
v 14.87125320 35.00414024 -18.78819436
v 14.92664789 0.10308502 -7.25241967
v 14.65467174 11.45351783 -12.70002198
v 14.89239367 27.94139798 -14.22555842
v 14.89052157 38.66338093 -14.22106495
v 14.39522217 17.47032941 -6.03957265
v 15.03753587 25.79050859 -12.76337957
v 15.03087907 29.44107656 -17.03501289
v 15.19265591 30.35780730 -17.19532548
v 15.02024528 31.89418867 -10.22378259
v 14.90613895 36.44977843 -12.57928988
v 15.02515089 0.53463205 -6.68944058
v 15.08853925 9.61456119 -3.42115515
v 14.83112955 35.77447277 -9.49489234
v 15.09523253 4.52029611 -14.99363845
v 15.32801903 26.27613908 -4.56935423
v 14.68245972 22.82967746 -2.63315978
v 14.99405459 36.00874550 -10.08484037
v 14.91481824 25.22146170 -2.83648206
v 15.07018314 0.84085454 -6.03256005
v 14.91651036 33.81472047 -9.83494913
v 14.82596331 36.29981293 -10.17507793
v 14.92737291 38.09061330 -13.82919328
v 15.71141862 3.19492139 -7.21745277
v 15.16797164 27.87050447 -14.77554456
v 15.21815821 18.67484956 -1.19455641
v 15.32893555 29.37967937 -17.17451162
v 15.93795673 7.84008743 -6.22640474
v 15.21500444 1.42172225 -15.15155885
v 14.90632789 27.09775258 -13.95319998
v 15.27805898 11.74088738 -10.53926607
v 15.14001079 10.78078113 -10.59366647
v 15.13732177 18.10084351 -2.09932024
v 15.21663675 4.78456610 -8.20105191
v 15.02668662 18.40573876 -2.58424629
v 14.96385112 18.91775919 -12.47462874
v 15.27354875 16.05481076 -8.07023017
v 15.57895540 35.57919636 -12.97875851
v 15.24037726 29.33003759 -8.80672362
v 15.22228391 5.84194267 -7.42909381
v 15.45123866 32.22781092 -11.01212382
v 15.41443509 36.04143977 -10.82109136
v 15.16694915 5.05996811 -14.51498212
v 15.33591086 17.95753657 -3.13951959
v 15.17638794 35.59752264 -18.54105334
v 15.51221573 10.80302112 -13.03737410
v 15.58823260 28.57945973 -16.58583145
v 15.26703891 3.16100541 -14.44588033
v 15.76769505 38.06596300 -16.55597761
v 15.71175810 19.70556388 -1.35438865
v 15.29485202 19.85465804 -0.36341891
v 15.55841416 33.28272581 -10.58952631
v 15.25685163 29.61764649 -8.52271455
v 15.09940332 35.92612417 -12.85281066
v 15.59365939 22.82624754 -3.65818197
v 15.31928596 29.14047384 -8.36314670
v 15.57692697 0.25979497 -5.73541154
v 15.50505458 32.16468990 -10.21977026
v 15.58134694 6.56432266 -8.43717208
v 15.33700065 29.64089260 -8.07823660
v 15.41590280 13.07407383 -11.39745178
v 15.47546527 9.67371595 -14.00896837
v 15.27529651 30.48808867 -8.61072196
v 15.55221795 34.42567707 -10.55443311
v 15.45499907 7.63118300 -4.35840634
v 15.43023479 11.16246204 -11.91167414
v 15.66788367 20.29095839 -1.23091030
v 15.39594813 1.45444033 -5.57468861
v 15.74534550 0.51345701 -11.63742963
v 15.68102140 17.79673088 -2.82905067
v 15.76316275 36.94926474 -13.96925317
v 15.74561591 32.36635529 -10.78756425
v 15.37504673 26.21036834 -13.95485999
v 15.65708686 34.49321129 -10.96899650
v 15.98723380 14.59257995 -10.68754098
v 15.56806078 25.71376530 -13.41436366
v 15.70570410 24.89308843 -11.21631900
v 15.46214168 19.78283080 -0.72838657
v 15.57922328 13.88874181 -11.14809354
v 15.58429123 10.78599358 -11.76606619
v 15.98626011 3.67194002 -14.19419740
v 15.73393411 28.34936178 -7.83359827
v 15.85674880 15.32069182 -9.88894014
v 15.49686117 4.73136581 -14.46856067
v 15.13129431 25.74253571 -5.40043639
v 15.00102430 1.99358100 -6.89941015
v 15.64556386 10.04359738 -13.25690897
v 16.16587060 32.67520406 -17.87692473
v 15.39090408 38.47814761 -15.88743681
v 15.69302468 11.51311936 -5.28767494
v 15.58738986 7.66825146 -6.65156059
v 15.60350594 32.42084310 -11.28925935
v 16.00142335 28.07557694 -15.83008813
v 15.47388020 23.81617803 -5.30652241
v 15.56683167 32.09642797 -11.59207379
v 15.75775129 36.41605605 -18.40886896
v 16.25870703 3.22147507 -6.16684082
v 15.78803061 8.42247683 -7.30605548
v 16.14279765 11.96348147 -5.84517358
v 15.90006014 14.33319140 -10.96881732
v 15.82048071 0.71899063 -5.59981537
v 15.74755503 13.33138455 -11.01594255
v 15.70759687 34.95219984 -13.05923930
v 16.31872509 0.57534406 -13.13990000
v 15.64598094 6.67227180 -8.70387317
v 16.30799155 26.16704491 -14.58424770
v 15.65238676 10.82031676 -4.66146958
v 16.01264248 23.31904989 -5.29347545
v 16.72545268 35.52201337 -18.09180258
v 16.01958185 24.84197889 -11.01895764
v 15.71351753 19.36945440 -0.21214463
v 15.70139571 26.53431248 -8.84535555
v 15.96590148 37.67910443 -15.58467705
v 15.79746172 35.07244841 -10.88872399
v 15.83798418 10.78609258 -5.64902214
v 15.79441878 9.80845043 -9.56440083
v 15.71662943 10.54352044 -9.80158054
v 15.73307047 18.03212657 -1.49293565
v 16.00173346 24.97080758 -11.75868104
v 15.95479631 10.11251255 -4.78619376
v 15.67012863 0.90906034 -14.64115625
v 15.68891921 19.72468565 0.32812586
v 15.92495764 8.80914545 -5.28031764
v 15.80946298 26.77286548 -8.80078200
v 15.89847705 34.74465517 -11.25347413
v 16.10807525 24.71520650 -9.67286808
v 16.14281366 11.97625204 -6.30293041
v 15.95925136 9.84858094 -8.97934264
v 15.89637683 37.87149556 -17.24472646
v 15.88114850 37.13764680 -14.38966373
v 15.79915184 38.19429233 -15.46241598
v 16.13709331 6.12997858 -9.58926572
v 15.94820118 35.13614809 -11.79524381
v 16.05690669 34.57853530 -13.31042886
v 15.91942800 32.20638829 -11.91855319
v 16.06819605 26.68776833 -14.92065629
v 16.22227992 31.78047086 -8.83774611
v 15.95231675 0.47558473 -9.98738618
v 15.89735371 8.02916035 -13.85222281
v 16.40485365 32.70058069 -9.99489237
v 15.91359386 9.08300715 -13.62913528
v 15.81430975 1.39209460 -14.83822826
v 15.76668915 24.13676717 -2.75188280
v 16.23601257 34.75553748 -12.22675394
v 16.23151538 28.74202024 -7.33357030
v 16.09020551 11.91217582 -9.14396951
v 15.93709315 9.14846021 -5.89511256
v 16.01264742 27.16405978 -4.23377430
v 15.94512458 8.58088273 -6.39734713
v 16.10826494 9.21738425 -5.13664885
v 16.05942090 25.26556682 -6.14696731
v 16.07756736 9.38026319 -5.84867317
v 16.60170609 26.13142278 -1.85822884
v 16.19064113 2.53424074 -5.95035035
v 15.89863381 31.59410142 -9.00540729
v 16.32554087 19.16501839 0.10748969
v 16.33517727 37.44062902 -16.07426631
v 16.14939547 4.24994136 -13.74328388
v 15.94973254 13.71263259 -10.51951499
v 16.06702094 10.57768677 -11.72401470
v 16.16035131 25.63391831 -14.13260164
v 16.16647970 9.20962587 -9.51745390
v 15.96972216 25.64639008 -5.82224966
v 16.23880455 0.69994397 -12.47855949
v 16.13172190 4.61172660 -9.61919705
v 16.04321860 30.73593668 -7.97333182
v 16.08856200 26.69314660 -5.97850822
v 15.89235218 5.08623039 -13.87226522
v 16.47059901 9.63836290 -10.81317468
v 16.09137797 4.54758346 -10.06150609
v 16.20091683 9.55991105 -8.02679104
v 16.31359022 10.16714395 -5.89268996
v 16.09233278 10.05145886 -12.86535705
v 16.01436642 4.08833196 -8.66367329
v 16.23493469 8.87942687 -6.82848626
v 16.00897394 24.28496127 -1.34908508
v 16.08887694 33.98562380 -13.66983833
v 16.66477418 29.65775709 -7.16477038
v 15.78820243 30.13206429 -17.28752725
v 16.32121814 34.05531354 -12.89457493
v 16.23676304 10.49423211 -8.90991220
v 15.95515592 26.62714599 -7.88885067
v 16.08274959 21.39883529 -0.13474690
v 16.36972457 12.23477540 -8.78139279
v 16.32838635 7.02319773 -10.99331831
v 16.03626543 14.43648872 -10.06772386
v 16.12915196 31.08589687 -8.53311996
v 15.89200690 32.29203359 -11.73114661
v 15.88492341 27.64397394 -7.65659477
v 16.90732497 0.30320013 -6.24748276
v 16.38496339 27.09986277 -5.11812790
v 16.22632562 26.99824960 -3.13206822
v 16.23296797 23.84023675 -1.69015273
v 16.06942464 28.31907113 -7.61925369
v 16.14512052 27.18237443 -5.62800035
v 16.18124037 24.87841086 -1.12310553
v 15.80830711 20.72953495 0.69901673
v 15.95890527 21.36097356 0.36378126
v 16.44801560 37.02070915 -14.79612953
v 16.13059456 21.41751653 0.55642624
v 16.31242654 9.98253968 -7.29438536
v 16.25682837 26.06625844 -7.31082345
v 16.32699978 4.24279593 -12.42060300
v 16.20408148 5.55849847 -12.38181264
v 16.73951159 2.91308186 -12.73903146
v 16.36784824 31.35767341 -17.88006095
v 16.12465550 23.36450435 -4.10300833
v 16.12115359 25.67468946 -8.39114308
v 16.27717593 2.67545444 -13.27693743
v 16.42479078 33.76533890 -13.73962997
v 16.39378038 5.45155575 -11.77277145
v 16.56557798 10.32692186 -8.42545430
v 16.38606233 24.81552104 -11.24440043
v 16.35566413 10.60578652 -6.63913299
v 16.37999308 24.81628310 -2.54140911
v 16.40309047 28.41220152 -16.25252468
v 16.30739537 7.84204572 -12.70920494
v 16.68154686 24.39325801 -10.18237957
v 16.35706185 25.06360875 -6.64149630
v 16.73755372 9.12286661 -11.35728861
v 16.43694487 19.58241267 -1.62447563
v 16.50392561 0.00119788 -6.31802600
v 16.53131140 4.15064782 -10.18520266
v 16.53500029 25.78630170 -7.48001041
v 16.40644417 33.23575267 -12.26635325
v 16.32995815 25.02124564 -0.46678677
v 16.32106341 7.37964359 -11.83297449
v 16.25528548 24.96970200 -2.65725750
v 16.52938979 33.95288768 -13.19334661
v 16.53257045 6.73742805 -11.35082640
v 17.39877885 30.20571189 -17.17997502
v 16.48118114 7.30288340 -12.39116601
v 16.54112013 4.20182421 -11.87389650
v 16.43281932 23.82734898 -3.35815114
v 16.59344720 8.61159867 -11.12342664
v 16.40256106 27.25331650 -6.78743468
v 16.71500550 8.45079354 -10.72572485
v 16.38546638 23.58946211 -2.20725753
v 16.31485535 3.34527779 -7.43628081
v 16.48795556 4.32183434 -10.89415219
v 16.88855408 32.85645340 -10.98081908
v 16.52207224 18.00862851 -1.53644269
v 16.57825702 1.38719140 -12.40039942
v 16.54442603 0.56857749 -10.00764537
v 16.46764566 23.94148448 -1.11754634
v 16.42076974 33.71409751 -12.56189750
v 16.74439217 2.68751613 -12.17207168
v 16.50778085 22.74823058 -0.15648933
v 16.89701406 23.30099242 0.73257543
v 16.73011491 25.18583054 -7.77633586
v 16.44353424 0.38280121 -11.80336223
v 17.13732772 32.78032698 -10.49665595
v 16.56920363 3.53182950 -7.84537605
v 16.74101079 10.68969857 -7.50277005
v 16.48809876 35.74248055 -14.22023629
v 16.61529570 1.53034382 -13.19689958
v 16.60456482 35.45349942 -14.61869152
v 16.41103391 24.43360622 -0.95673592
v 17.07097517 27.30405054 -15.56270668
v 16.69320191 8.18635700 -12.14879620
v 17.09432170 19.16329874 -1.74745895
v 16.78529833 30.68551551 -7.83916062
v 15.89827608 24.02108538 -6.01453336
v 16.89136317 0.94644681 -4.24489819
v 16.84945940 36.02297585 -17.62080942
v 16.59767628 34.59927348 -18.20712889
v 16.70884304 7.52768851 -11.04335152
v 16.70612179 20.00581168 -1.75657369
v 16.74366653 27.55877087 -5.11540276
v 16.69402445 3.64656117 -9.81245374
v 16.94114811 3.28610078 -8.50190894
v 16.86657362 31.33671158 -8.17332585
v 16.98540394 0.52842557 -10.57019985
v 16.94485115 35.58963318 -14.92634313
v 16.51418155 32.74393953 -17.91656928
v 17.05355512 28.21467972 -6.62263025
v 16.63962150 3.72653542 -12.27433370
v 16.56001145 21.83163247 1.18166297
v 16.96902055 25.32304114 -14.07186208
v 16.71408718 23.00334724 0.35597360
v 16.78774279 23.69499206 0.33412606
v 16.62973585 3.25573155 -9.69586998
v 16.77663652 0.27972951 -4.81562098
v 17.22520835 22.25144410 -1.11594616
v 16.63238118 24.63655438 -11.59511515
v 16.75352948 20.59957349 1.23327246
v 16.88486144 34.07408844 -13.70918309
v 17.17715562 26.19064655 -14.91987359
v 16.76365101 21.00316315 -0.86406949
v 16.74543764 2.24012949 -12.00226927
v 17.24468477 32.64183483 -11.88460612
v 17.51397989 22.37789011 1.36290659
v 16.32995802 28.63066253 -16.62741853
v 17.24608331 0.33595557 -7.64633013
v 17.11798641 28.06036996 -5.13673626
v 17.08315726 27.49367303 -4.86830833
v 17.12586258 3.04561062 -6.53636620
v 17.05307493 2.79287729 -11.77575767
v 16.52558886 28.84293614 -7.01351312
v 17.08479088 0.12033024 -8.49752814
v 16.58241158 24.43115704 -3.10202552
v 17.23846297 35.88510029 -16.24479464
v 17.17311712 34.05783783 -14.58839307
v 17.63110642 30.40359989 -17.02743061
v 17.30072146 24.44204429 -7.34311844
v 17.00070368 1.00429074 -11.82908735
v 17.25780486 35.13033512 -15.08057587
v 17.78342527 23.01961960 -4.59704457
v 16.95016281 24.53630123 -0.33422304
v 17.33975340 25.54606336 -0.28458546
v 17.04018538 2.01535603 -9.93159695
v 17.52736839 28.29930367 -6.51015979
v 17.26655969 1.54637736 -10.43086401
v 17.42700072 33.04913250 -17.40003907
v 16.85664847 23.17305201 -2.06245365
v 17.06877689 18.72569037 -0.47831227
v 17.24698054 34.01930839 -15.04029344
v 17.09530430 2.60304327 -6.32063443
v 17.39045718 0.25498005 -8.16586207
v 17.54925307 30.40713754 -7.31385470
v 17.16121365 23.33257484 -6.37868296
v 17.53150714 34.59706326 -17.41373543
v 17.14063964 36.32801242 -16.72059840
v 17.06793881 1.13043714 -9.99437185
v 17.04005281 27.43883773 -3.50157323
v 17.24018510 35.45797175 -16.22410810
v 18.35550051 23.25969722 -4.35459685
v 18.07479262 24.53715021 -12.62772837
v 17.15192317 24.30674202 -9.34006727
v 17.18837224 2.34644268 -5.00194978
v 17.34923827 1.77056293 -7.88076942
v 17.13349451 33.17236136 -12.25695931
v 17.05470929 26.39731135 -1.60497614
v 17.50530516 34.25083366 -14.58575852
v 17.52043319 32.69300181 -12.12724412
v 17.12894758 22.70969169 -2.53519836
v 17.71100582 29.19468527 -16.98121016
v 17.83439908 24.03649188 -6.87575795
v 17.26938759 35.67454631 -17.27728509
v 17.48615727 26.90027523 -2.09053951
v 17.33276592 29.51212045 -7.28776650
v 17.80671515 1.23935877 -4.18495787
v 17.62961638 0.70595960 -6.43438764
v 17.40909828 19.49590663 -1.84061299
v 17.51001597 18.81534992 -1.33719195
v 17.59557977 34.84104421 -16.34566976
v 17.58240270 0.90826047 -8.22311933
v 16.99305559 24.89988942 -0.33068204
v 17.37288501 24.34479593 -9.85660537
v 17.29850067 27.12951604 -15.25795402
v 17.50352484 31.98897475 -8.70956618
v 17.79750557 0.72875972 -7.28084876
v 17.67077772 28.47606206 -16.98624404
v 16.93279607 23.10550913 -2.88658193
v 18.03734675 25.05258847 -13.33482674
v 18.23424324 23.60019218 -6.48863564
v 17.78627652 19.03533976 0.14192343
v 17.45700148 33.40495174 -12.34709844
v 17.50583796 32.73423067 -10.17815956
v 18.05630884 26.83879153 -2.43289007
v 17.37079558 32.66611396 -10.58793881
v 18.03524514 30.90360667 -17.02583134
v 17.71275791 24.10446227 -10.28350448
v 18.16454489 21.91819573 -1.36642772
v 17.88645532 18.88098239 -1.25514286
v 17.69390685 27.44830819 -5.14281846
v 17.67138282 0.60496061 -3.50749788
v 17.99714198 26.41743689 -1.33194217
v 17.74990893 33.82162289 -15.54359104
v 17.72346010 0.12177976 -4.03611359
v 18.30786122 32.70381083 -12.47606511
v 17.73719848 0.15800891 -3.43548372
v 17.98788702 33.00463526 -16.56593588
v 17.67802801 0.25337135 -6.60660169
v 17.77639989 26.60890749 -1.92689091
v 17.96659126 19.11690586 -1.56111862
v 17.96129890 33.07726514 -16.04286278
v 17.76504897 23.75493154 0.81289705
v 18.01792906 1.37453772 -6.77889113
v 18.28374287 31.89989603 -8.87653114
v 18.21322510 23.89021231 -9.42466997
v 18.09713710 20.86385740 1.26173402
v 18.44507443 22.42772690 -2.41154411
v 18.12443066 28.71035516 -6.52611788
v 17.73850310 22.85342650 -5.73225275
v 17.90044935 33.87517550 -13.02659457
v 17.71314542 29.74201782 -7.19558101
v 18.47517289 22.20984777 -2.98122529
v 18.16458163 33.90302988 -14.83452723
v 17.89769857 18.66566574 -0.80482075
v 18.57765722 31.87536313 -16.25809908
v 18.24601040 28.16472537 -5.01656206
v 18.21980250 25.21181301 -0.41897427
v 17.70903139 26.64985509 -15.14108091
v 17.92351463 27.53096082 -4.77848182
v -15.07253046 25.43447656 -6.31423164
v 18.32760866 26.05654098 -1.30383037
v 17.94882759 32.84419804 -10.92575975
v 18.63662983 29.37104016 -17.03431255
v 18.55606492 19.51359290 -0.55108058
v 17.84386503 25.19762069 -13.89911794
v 18.46100891 27.42579086 -16.56331193
v 19.03443469 21.69783471 -1.18786415
v 18.84591889 23.68597040 0.48218036
v 18.83881163 33.64672337 -14.50809117
v 18.49903774 30.24391841 -7.34812235
v 17.82467332 34.04978285 -13.54015263
v 18.15364615 24.17159794 -8.47951362
v 18.64335115 33.14383850 -13.19676276
v 18.56068104 23.30721252 -5.54684967
v 18.43156214 32.09723260 -16.07284561
v 18.57316416 23.86755349 -8.23669529
v 18.73028721 25.59795630 -0.74467480
v 18.64150196 30.49152696 -16.85956316
v 18.79611620 32.88279329 -15.49269388
v 18.58461150 29.79855262 -7.12849608
v 18.42601290 16.83801002 -3.49083068
v 18.23557401 33.85576832 -15.06806823
v 18.40197751 32.53741392 -10.72605110
v 19.03241981 26.61154435 -2.49847822
v 18.63380615 32.63305580 -12.95981229
v 18.47046514 27.14102831 -16.04356388
v 18.37961606 24.09895542 -8.78715306
v 18.56188227 33.77798971 -13.65753340
v 18.89714654 28.28358649 -16.89032567
v 18.26696649 27.32353725 -3.58505241
v -13.15031091 36.36727552 25.95613057
v 18.47520848 27.95824669 -5.23498353
v 19.31318953 26.94609808 -16.03573121
v 18.80227548 16.33114708 -3.42167053
v 18.74775311 26.45149532 -2.19554978
v 18.63764250 16.56681395 -4.17914834
v 19.01732463 22.89646395 -4.18539911
v 18.69267007 18.76441211 -1.75643559
v 18.19975181 31.14503654 -8.07848960
v 19.33907111 31.13562009 -16.56152038
v 18.79508749 28.86693761 -6.66188858
v 18.70783509 23.82171864 -7.28739891
v 19.02782332 16.73330261 -2.37594884
v 18.84910723 25.12936852 -13.00309490
v 18.70293605 24.17768940 -11.59277166
v 19.06649209 23.83246031 -10.44290816
v 19.00231508 24.02206706 -7.80698169
v 18.99322647 28.17674382 -5.45438726
v 19.26336405 22.67666234 -5.11255852
v 18.39676429 27.46180924 -5.22498137
v 18.73432781 18.54312775 -1.40484598
v 18.72434742 18.51572631 -1.06246348
v 19.30771572 22.41634933 -2.12042256
v 18.96201738 18.29427160 -2.10267004
v 18.88350712 18.02432683 -1.64192938
v 19.17284919 23.69875690 -9.41632209
v 18.99238872 22.01293770 0.94221059
v 18.38613997 31.32060164 -8.53337017
v 19.05567014 32.70520460 -13.37218897
v 18.88335130 19.83510480 -0.08849371
v 19.13973513 29.83710572 -7.56856445
v 19.11297745 32.67470496 -14.78517828
v 19.03533321 19.05321829 -1.97734616
v 19.41169244 23.62338863 -7.93658638
v 19.34964857 28.57771135 -6.79014038
v 19.58355286 19.18291305 -0.09688237
v 19.78229613 25.21265337 -12.36906393
v 18.97139539 30.86741042 -8.04321429
v 18.52764954 32.54332408 -10.08274535
v 19.77107019 21.58915025 -3.38741103
v 19.83495174 31.55818007 -10.01258512
v 19.62223636 29.32585657 -7.24564358
v 19.30033126 22.09156090 -2.94865837
v 19.41526915 21.27556595 -0.51107578
v 20.18567669 22.72399026 -7.11181174
v 19.67515667 21.60702704 -0.05222441
v 19.17547923 20.83816429 0.58448224
v 19.52144557 27.84849710 -16.36824567
v 19.36422517 17.64929799 -1.34689548
v 19.98769971 26.19969558 -14.51260073
v 18.74474905 26.37717505 -1.78172279
v 19.39358243 19.90245794 -0.89066946
v 19.31095286 18.23355716 -2.54298816
v 19.50593121 32.11810107 -11.56608084
v 19.62655105 24.65795370 -0.98433824
v 19.92005457 23.74037709 -9.71585420
v 19.82204164 31.85795694 -10.86245611
v 19.86644665 28.21600046 -6.35270982
v 19.70839040 20.16426961 -0.11304378
v 20.02551405 27.72412009 -15.98043044
v 19.71869327 28.56164363 -16.66165397
v 19.89073042 22.49170366 -2.12501946
v 19.93963979 21.45099265 -0.95539619
v 20.09928725 28.54215511 -16.25932126
v 19.87318069 22.83648747 -0.05344181
v 20.02319016 16.49540223 -2.94640549
v 19.72386264 22.77212181 -2.08995529
v 20.03164338 23.19631403 -1.68277767
v 19.96186252 29.52407139 -16.64461564
v 20.42091546 22.12285990 -4.55041301
v 20.08048317 21.79055292 -2.90481415
v 6.57468767 48.84984984 2.97604070
v 20.33754385 23.10724151 -1.59922773
v 20.01539714 19.65305294 -1.83685273
v 20.61011848 24.14222013 -1.53971135
v 20.07189649 23.54520862 -1.31162736
v 20.13103141 21.84960203 -0.91801826
v 20.49501211 26.74385158 -5.24264061
v 20.27238138 32.22770715 -14.35414793
v 20.41234725 32.04034764 -13.05672691
v 20.33915487 28.00154924 -16.09604645
v 20.47762571 31.74836872 -14.74260286
v 20.33147153 30.17521750 -8.71097461
v 20.65099569 27.42025198 -6.83452891
v 20.58110299 24.01614523 -10.15585473
v 20.20036281 23.01805916 -8.96728186
v 20.39405266 26.55089580 -4.21782395
v 20.01076359 24.17963402 -10.92119983
v 19.75134867 18.04201277 -0.55978597
v 20.65004545 27.33426018 -6.26486419
v 20.21285956 21.05360161 -1.79547202
v 20.35328787 30.51024725 -9.08392354
v 20.29946692 29.69991504 -7.97908913
v 20.23785342 31.46787696 -15.81603956
v 20.25137217 30.42995110 -16.29600264
v 20.26856806 21.85311210 -0.43861607
v 20.72050205 31.85177387 -14.35648163
v 20.53144193 30.67368742 -15.79495281
v 20.97954472 26.78260388 -14.05322816
v 20.61467655 26.09132023 -13.56874553
v 20.67842396 28.89495349 -7.89931199
v 20.39584771 24.94469270 -1.48406162
v 20.63170838 26.50914845 -6.31015655
v 20.59753776 23.19328970 -8.24104349
v 21.57623186 20.40740993 -2.47055127
v 21.08657424 31.44073665 -11.10136549
v 21.08615753 22.37808773 -0.34602917
v 20.73839766 27.03023047 -6.45656341
v 20.76363743 25.58484264 -3.00964550
v 20.87477904 17.41006436 -2.56432612
v 20.62035425 18.22007017 -2.93886630
v 21.44735762 23.50480285 -1.46869591
v 20.90375717 26.51851770 -13.77818661
v 20.82550748 24.76699699 -1.80393037
v 21.95444894 21.02705672 -3.65320748
v 21.24308731 23.19905153 -8.25860670
v 21.01391676 31.92667191 -13.27345881
v 20.96476722 23.44821957 -9.59465608
v 20.41041318 17.15015370 -1.65408504
v 21.01106852 19.23882408 0.18068428
v 21.00371632 26.09369330 -11.91129791
v 21.26022182 26.18739378 -12.49433668
v 21.26798139 27.16658584 -6.70265787
v 20.91974180 18.06631445 -0.47227383
v 21.51357141 22.71642859 -7.41920139
v 20.78505981 21.28885617 -4.19959638
v 21.27750252 30.28901334 -9.48626754
v 21.27678146 28.87853392 -8.15736694
v 21.41409202 25.47932465 -10.39436499
v 21.43638370 17.25607532 -2.07143510
v 21.04803739 30.69367358 -15.46996269
v 21.57348310 30.72080189 -10.28791541
v 21.26460856 27.41461194 -7.33612921
v 20.85150031 30.05582441 -15.84780144
v 21.19355272 19.04545452 -2.25867458
v 21.54510751 26.28301347 -11.86314542
v 21.34098754 29.40766782 -8.30359780
v 21.18004372 27.17875996 -14.73937039
v 21.14977996 23.21953575 -8.72748043
v 22.13265519 29.51237011 -14.33008140
v 21.57622954 28.75918972 -15.20046509
v 22.20379876 22.21229479 -0.54552568
v 21.69633477 30.03207484 -9.23872134
v 21.38275740 17.65570346 -2.67122997
v 21.77377417 22.64288998 -7.46731098
v 21.92738665 27.94129110 -14.03536438
v 21.47868620 20.64051116 0.22262289
v 21.73970343 23.53898121 -8.51851991
v 21.57718371 24.43783701 -10.10805010
v 21.52728991 17.42400093 -1.32714855
v 21.81819540 27.00696823 -13.54441780
v 22.00750560 28.67028021 -14.25834603
v 21.49709657 26.59092532 -6.56183374
v 22.01290050 20.95030472 -4.01724395
v 21.64960476 31.19990879 -13.53803449
v 21.85326215 21.46397785 -4.65053425
v 22.02007089 30.42245899 -12.01167037
v 22.05228215 30.08096047 -12.33746852
v 20.89405906 26.57459594 -5.82380349
v 22.05841245 29.17658405 -9.24427491
v 21.96055663 30.47838674 -13.31618838
v 22.12046695 19.03734462 -0.23007949
v 22.20098495 29.47915039 -13.50619238
v 22.16464635 26.91601449 -8.35894977
v 22.08835839 28.66841269 -8.77045263
v 22.38548326 23.96135352 -8.89949270
v 22.21910939 28.49925578 -9.20729433
v 22.32766536 27.73668935 -13.40196483
v 22.47838399 26.29282894 -7.17831212
v 22.32179200 21.21056084 -4.51407083
v 22.34320070 26.62016372 -10.81558624
v 22.27716823 29.84869725 -10.89026145
v 22.19624083 18.70244806 -1.83759155
v 22.28108820 26.12246239 -6.96111424
v 22.40779828 24.14429527 -8.38436982
v 22.08226795 21.97623576 -5.02013847
v 22.35194899 26.98345093 -11.66905963
v 22.31762621 25.57293751 -6.88597088
v 22.42342152 18.59520876 -1.17968440
v 22.36555937 27.17704597 -11.12779398
v 22.33451684 24.78611581 -9.50806272
v 22.44024378 25.86151322 -9.50777231
v 22.52815487 26.31106837 -9.02170444
v 22.64731773 27.83036325 -9.84272041
v 22.35670553 29.80302943 -12.44598417
v 22.63821436 27.41967844 -10.61599330
v 22.74865890 25.37931996 -6.87360910
v 21.89617151 25.76337258 -10.16836940
v 22.48116991 28.71050536 -13.39031661
v 22.63522678 20.65544532 -0.32801203
v 22.52476110 28.79531532 -10.21209220
v 22.69820774 27.68976305 -11.09850631
v 22.80083881 25.30989735 -5.46553118
v 20.94498707 25.35295309 -2.70704554
v 23.24670813 21.73739037 -1.22045862
v 22.96567820 19.84887352 -0.90218976
v 22.74903495 23.65170202 -7.69657941
v 22.98544604 24.67448303 -8.87501571
v 22.99711049 21.17498412 -3.30822295
v 22.85315212 24.17325138 -2.74672254
v 22.66716073 23.41348833 -1.98049071
v 22.78791165 20.04872454 -1.92323676
v 22.92879392 24.39734840 -7.92683153
v 23.12381152 22.27901174 -5.02910197
v 23.11924917 25.92225911 -8.37931168
v 22.96186398 24.26930678 -3.41364063
v 23.03527145 26.05335464 -7.22601551
v 23.13781378 25.13854796 -8.36004372
v 22.87351829 20.96810316 -4.01202785
v 23.10983113 20.69385996 -2.40931225
v 22.79372715 21.87830640 -4.89737882
v 23.06232593 24.98508271 -7.39406853
v 23.31103815 21.05404935 -2.07812554
v 23.32635387 25.32282460 -7.90952083
v 23.23004525 25.11983534 -6.01676079
v 23.49124676 23.72287015 -2.99559517
v 23.24052764 24.03101708 -3.34597433
v 23.38759080 23.86120749 -6.80522846
v 23.60326188 21.41717785 -3.63617134
v 23.50884794 21.73036510 -2.79191162
v 23.54690461 24.19795290 -3.91910736
v 23.79013205 22.96493675 -4.59945339
v 23.79889735 23.10550633 -3.94682986
v 23.61168203 22.55609902 -4.40177443
v 23.89987477 21.62140131 -3.20124763
v 23.88708884 22.36727660 -2.55674320
v -13.29562376 28.69986995 10.39413622
v -10.43497947 42.96507841 34.56360382
v -10.69596098 40.66390643 26.56735426
v -11.05615378 7.83384715 -14.37933362
v 9.95647101 9.21022205 -15.14470148
v -11.15946363 9.62062490 -14.06985605
v 8.37275023 10.79769452 -5.25073369
v 7.49501286 45.79086636 1.44502454
v -10.13654159 42.48915339 28.35034660
v 5.20872998 15.46028220 -31.77410467
v -14.33074266 29.27374850 -15.63733552
v -2.75176353 7.36893939 -10.87598479
v -2.36543206 37.53591201 -20.86196985
v -11.27497120 7.58589599 -6.63728349
v -8.49527798 45.35728980 33.47271582
v 7.77301218 42.87921882 9.26018430
v 6.26364560 30.88108118 -20.39745238
v -4.00107148 6.33283283 -8.67978634
v -10.01628793 37.29037559 31.81468280
v -10.46609171 41.15909812 23.18580355
v -18.57471019 26.85870228 -13.58468836
v 13.46506285 21.95886529 -13.54494969
v -12.58731294 36.06983850 16.72675542
v -15.05095199 31.41357319 8.84370019
v -6.44485654 0.49968763 -11.29896894
v -5.98120849 11.29811302 -11.08533905
v -11.04692079 32.13749398 8.22930588
v -11.28306558 14.88576066 -6.92601952
v -18.46244331 23.39102538 -0.07913289
v -14.45401280 31.49645295 6.66053744
v -4.04259032 42.86446156 0.78612923
v -1.54493658 24.34257028 -23.10920449
v -8.67545973 6.08464279 -4.19931993
v -0.52577410 46.61911749 5.03172733
v 8.68003715 47.03062257 -2.66846821
v -19.72281356 20.99754259 -0.67091278
v 14.28160580 0.48870886 -9.97285926
v -16.79037956 18.54580051 -10.78968551
v 3.30420404 8.06486320 -33.60335377
v -19.30869684 16.72657502 -9.16544211
v -0.24990732 50.59636685 -4.73361800
v 6.90895637 44.38736552 3.42969543
v 3.40624404 13.12553287 -30.55286400
v 7.53434757 12.86463045 -7.62552868
v -18.23328933 25.53484194 -1.48521870
v -15.67845528 31.37658992 16.04843891
v -11.84960701 38.72264694 22.38834334
v -2.53480946 48.13272888 -19.14779886
v 8.19945234 19.75292344 -21.31812354
v 1.44720751 10.07896721 -15.67359044
v -3.46907113 12.73398611 -20.27587457
v -2.22567544 13.52408225 -12.07170999
v -13.67647585 35.37557013 25.28592323
v -7.11663281 13.99876176 -3.53946108
v -9.28649804 42.21678967 21.26859624
v -19.21391765 27.86947313 -7.67675704
v -9.28486609 42.36414274 37.73950512
v -13.57835844 28.90840563 15.33169479
v 15.50356988 5.71581180 -14.38129371
v 22.85291809 25.76085324 -8.94386948
v 15.80213812 2.28282303 -14.68796256
v 5.10804484 39.69945329 5.81663444
v -17.80287608 22.62871181 0.19770797
v 12.98477920 22.75602132 -9.93497996
v 8.29207009 24.38456051 -6.98448523
v 6.76390874 21.33237451 -5.18725040
v -19.92972144 27.97570740 -13.35627835
v -13.53784420 27.53455311 5.07345645
v -7.11649213 11.09662383 -12.53394617
v -17.10839415 21.34374760 3.83607717
v -11.12641642 31.75542356 -7.67720952
v -11.26414035 6.60830438 -8.62628073
v -4.11380690 42.59076234 1.52601987
v -12.80738519 0.12743334 -7.99788003
v -14.11462249 27.53107280 -3.81171723
v -2.68328292 30.89033541 -19.81512656
v -3.97724890 8.85953128 -5.62056082
v -6.41293160 0.67128411 -11.84617951
v 8.04610842 38.39440846 -18.08727650
v -5.00106393 36.65359128 -17.44711477
v -15.56128125 28.48542660 -1.01957466
v -5.85686857 27.17869507 -16.81191445
v 10.23028340 7.06776735 -36.63731837
v -3.51443172 44.41568971 1.40233170
v 7.85137005 25.20475426 -6.04960940
v 6.06920510 38.13769094 -19.27567953
v 9.18348342 3.39867063 -38.55488590
v 16.86960627 3.76268640 -11.49976696
v 2.79252290 9.89011045 -32.39300477
v 5.35607514 14.86503407 -13.00196717
v 5.33644949 47.97009150 4.26996831
v -1.12683839 42.81219627 7.24169298
v 6.51015294 39.85377783 -4.50371689
v 4.08854604 24.64341685 -4.26989025
v -15.35152404 30.08504487 2.77294595
v 6.01419044 18.06545646 -6.87397548
v -0.69707626 20.42918433 -25.37044228
v 0.55816204 48.27891327 1.61727135
v 22.26499895 28.37557116 -13.56465627
v -9.48417202 20.58408972 -7.92105029
v -4.55014036 46.08626014 34.11509458
v -12.05205632 5.40682155 -10.67905543
v -8.00249164 23.00158878 -16.18256482
v -9.15423713 37.41617813 22.70247574
v -15.23584501 29.70478051 20.02183639
v -13.73304455 35.47487053 21.48202228
v -2.90443099 50.34544055 -11.56407704
v -11.81141687 39.46481462 26.02015195
v -12.16334233 36.43248929 28.91652298
v -23.19105815 22.66851825 -3.94913325
v 7.49605685 50.29223253 -11.47386835
v -13.26967140 36.09507816 24.81587396
v 6.63630093 25.95540437 -21.60817315
v -4.63380934 49.82024223 39.50550818
v 8.43868181 27.28317104 -19.17488181
v 13.76333974 27.37673974 -12.14798593
v 3.33482794 47.51798436 2.21375992
v -2.20590197 14.28533949 -14.79735334
v 6.42116752 30.27558486 -4.68582001
v -12.33322246 1.62546125 -13.06603050
v -4.77189448 46.97724084 -2.92072191
v -9.09128501 42.98574901 23.67596964
v -14.41165720 30.88241786 2.33520731
v -4.71834060 0.37585151 -2.04806304
v 19.19642705 30.14981072 -7.63157086
v -2.59371184 43.59259987 -17.07720816
v 10.48693793 11.52539233 -11.37172324
v 12.82041942 37.05219734 -18.68294195
v 7.88044092 38.44359326 -6.40740304
v 2.48805917 9.99464665 -16.01886181
v -23.86913077 20.59293136 -6.15027927
v 9.94176203 33.38275624 -9.33433514
v 15.19454564 8.19766818 -3.58418457
v -0.50901775 34.36988738 -2.50036816
v -5.88166601 28.91257719 -15.79427498
v 8.15855603 19.63590234 -7.71203420
v -14.59132549 33.08784143 20.47713250
v 15.27636361 26.09591735 -13.16920390
v 14.25257207 16.20036546 -4.94863893
v 11.39182984 6.30702028 -3.58928958
v -4.20301363 9.61016473 -14.22843395
v 14.66477237 6.48312797 -5.31668555
v 12.34692651 13.13516138 -13.70167117
v -7.49314908 47.16230483 30.45652382
v -10.01635287 14.59180069 -13.73397026
v 6.36965396 9.15341007 -20.90194159
v 1.23779852 47.24545010 2.60272381
v -10.98114913 40.69936874 30.09296996
v -2.95242690 27.98734661 -20.32740759
v 3.99193172 15.26657624 -30.05718769
v -22.65423940 23.64330433 -5.26468262
v 11.84807716 0.27436396 -5.89937994
v -12.21499150 6.80276443 -11.48377842
v -12.20078083 37.54378184 18.76519013
v 17.95083298 0.53457674 -4.52796993
v -11.49790572 8.48400119 -7.41048220
v -6.16707446 0.37829576 -14.69371106
v -3.45583748 35.01367252 -18.82344800
v -4.47024792 48.83327184 30.13470795
v -20.09235998 21.33965064 -4.43091594
v -6.73368377 33.54431433 -14.35652403
v -13.21331498 38.55844554 -13.49205553
v -10.06914491 35.50492547 20.10288693
v 9.32798059 42.90229779 -8.58392460
v -9.32134361 41.47099141 -13.69794197
v -11.80688671 13.82829506 -10.39287219
v 10.90921497 24.53536597 -16.80650788
v 14.61138888 0.31272101 -11.72656515
v -6.78118410 8.99331137 -15.32523750
v -4.91472037 12.65661103 -4.95856838
v -22.00435242 21.96133749 -1.73067553
v -7.70919472 38.26672373 -14.61491297
v 7.72030521 43.21898008 9.04468318
v 7.49166480 38.93341417 -5.88959133
v -4.41404368 42.59673841 -15.93729148
v -6.03328374 43.03035631 25.15875075
v -5.83757945 31.10432544 -8.10632256
v 10.75689057 7.83407655 -31.85273439
v -16.58157158 28.77724460 13.44467596
v -11.74348251 33.18403798 5.97806707
v 23.44164104 21.20024873 -1.68978074
v -5.44724364 32.47816822 -16.44083185
v 6.43346781 51.40213896 -9.04817014
v -11.58494669 7.97031601 -13.88059500
v 4.73675774 39.86456695 -20.27774836
v 14.62211083 28.42768391 -16.35906486
v -13.54648777 25.84972559 -13.17402435
v 6.55113899 50.69207718 -13.01302437
v 9.38355487 11.48161233 -30.80669216
v 8.49333631 42.28018635 1.67924538
v 15.44557043 8.90694345 -13.90154908
v -11.69775206 14.66612944 -9.79473999
v 8.30379452 14.31954442 -16.88603740
v 10.46305282 8.99026107 -31.07124226
v -11.69788889 9.66981443 -8.72152600
v 13.27031811 39.71614376 -15.04236143
v -5.52627822 48.93113131 41.71643958
v 9.32342212 23.97023632 -8.29576264
v 15.64597350 0.13672595 -6.97518206
v -13.73066236 31.65354953 -16.46915678
v -11.94302721 10.50505668 -8.83264692
v 15.15807599 0.11502351 -9.94312058
v 10.23519118 7.14457164 -15.70310732
v 0.57116161 9.32172853 -16.94390005
v -15.76585391 29.31770730 2.74668563
v -3.14536333 22.82598672 -22.52273209
v -9.27036006 37.63283521 25.49048897
v -0.01755942 14.66188150 -9.57394076
v 10.23466292 12.10862236 -12.89956355
v 14.23640691 0.35448814 -8.26319960
v 1.90879408 12.45679085 -30.51868379
v -20.34987514 19.28357772 -12.63242971
v -10.40052619 40.12676179 36.53720640
v -14.59373508 24.05684418 -3.63604572
v -15.51725930 33.59928173 -14.71273279
v -9.17246189 36.21098846 14.75556091
v 15.27462877 16.15154831 -7.33968888
v 10.15768631 10.95588710 -13.16019276
v -5.79293925 36.17622863 -6.52811627
v -6.82220420 31.58295291 -12.70694655
v -6.63223769 44.07376949 23.08394928
v -8.54771017 33.74004760 -15.99274941
v 0.52010969 47.60153980 3.26668365
v 8.25839048 47.15365962 -10.77036194
v 2.88657680 5.80638202 -28.52423867
v -19.84950674 30.19610910 -10.58161059
v -4.27833780 40.15774693 -16.81157627
v 0.06358266 50.50878604 -3.12867895
v 7.35029659 18.09178519 -8.31107165
v 16.42732513 11.89605595 -6.62118908
v -5.36145637 37.12054521 -5.96843790
v -22.59592322 16.25446276 -9.49845749
v 13.48085015 41.12222045 -13.35558875
v -1.94311825 37.69296939 -2.88890178
v -20.77016307 15.49021910 -12.45499601
v -15.59002252 23.63269346 -8.62856036
v -3.98860000 4.92115529 -13.77137762
v -0.60715502 44.02398949 8.56298546
v -12.91011734 3.02258365 -6.56720414
v 0.25430234 13.02953126 -28.58938214
v -0.94555174 48.74289857 0.57554050
v 13.69657640 34.16281026 -18.65999285
v 9.31797203 37.72325126 -14.76885362
v 7.42342816 32.79103926 -4.90578742
v 5.81921195 8.08797549 -35.23298414
v 5.07049360 6.74776779 -35.66482778
v 10.31461890 17.43950628 -4.91347296
v 5.59444387 14.26111356 -14.14982253
v 14.19500310 2.31653472 -16.31130646
v -6.33286745 41.57127584 -7.03714461
v -23.91896588 20.11286410 -6.88856141
v -11.92825249 36.99353042 15.20821056
v -3.64509000 48.09664584 -0.17087339
v -1.86518542 26.56016505 -21.64241812
v 2.69948022 33.93290288 -19.99322487
v 5.59710259 47.33917493 -15.76571680
v -18.60418489 22.84954168 8.53919325
v -10.57422232 41.16718936 28.61310247
v -2.05819002 49.32737404 -12.63274861
v -19.93000844 25.21984372 -7.42520697
v -10.02883541 37.47190261 -16.56380366
v 1.74403271 18.11114578 -5.29843207
v 0.99488274 25.04944131 -3.94389913
v 9.00248802 44.69219654 -0.30849087
v -7.08127878 33.95348610 -13.46638588
v -11.31214502 33.59270195 21.34616428
v -10.32847123 34.85686081 18.57530830
v 8.14200776 48.17448842 -2.00942031
v -20.14865705 19.59219931 -13.12426411
v 15.89139914 7.12673828 -8.67368713
v -0.21821022 39.59186314 8.63774896
v -3.03522742 1.26287980 -12.01174391
v -12.35168438 32.38421719 -8.19798788
v -9.97615337 41.33068840 -12.72378967
v -9.66946844 42.31223329 25.82451683
v -4.65631951 47.28633195 23.39027290
v -7.30813321 47.96430274 33.73943006
v 6.00777176 3.80976282 -30.78278159
v -5.48241377 43.43512868 -10.13629163
v -8.83602124 8.30954986 -15.66685406
v 8.42936263 36.84742579 -6.08553613
v 5.66824000 40.38813968 7.78113047
v -0.21099121 8.25315710 -20.66083307
v -12.41873421 38.04543555 28.93583739
v 7.32204978 46.97155655 1.52689876
v -20.11821483 18.88810975 -13.36563395
v 0.46374772 40.93568939 10.75453679
v 8.73234272 3.07697334 -6.53802539
v 1.95545840 11.69499434 -13.74118122
v -19.21564927 14.74593389 -9.07671337
v 20.24956350 17.82645331 -2.86661241
v -13.42616733 32.85425838 23.55107037
v -19.91784557 25.92823092 -7.16526799
v 6.02284544 6.03724826 -24.66493711
v 15.60795858 10.51926460 -10.38700198
v -3.41503604 23.51828317 -22.17768019
v 7.19484111 52.17874389 -13.69017154
v 23.62411573 24.49322555 -5.69603505
v 2.36097177 21.19152097 -28.45811160
v 10.39556174 0.34659009 -15.52537748
v 21.85002366 27.21670105 -7.99375684
v -15.81336842 24.57164357 -12.58187811
v 12.02391062 37.75559920 -18.42240901
v -11.61185684 35.73195827 -16.85823648
v -3.26625265 8.66514372 -13.04167830
v 6.74682993 48.13916114 -19.30977940
v -11.50036447 33.93431616 24.52921468
v 16.76585529 34.81401832 -14.34152706
v 7.97116411 39.56007573 -6.61147149
v 8.93958478 6.53401338 -7.54487914
v -0.53235395 40.57646133 2.91061950
v -10.22742039 40.39268326 -12.09572202
v 5.94938804 50.64702428 -11.81925179
v 9.07942077 21.71057962 -8.36798440
v 6.73730618 3.53970961 -34.99298254
v 10.50602483 0.19569720 -6.98217590
v -12.13584254 25.76690303 -10.16551433
v 9.75535085 31.64341162 -9.09081886
v 7.97309207 21.23277683 -28.42562137
v -10.15179203 0.45664869 -9.17685567
v -15.93275835 30.77358490 14.43704673
v 7.15813962 40.65108390 -18.13514475
v -9.20231955 36.72932995 18.59660555
v 7.41940404 4.84137218 -28.39893081
v 7.87447070 23.28734725 -6.18527745
v 10.10662896 3.15110856 -37.37624678
v 6.03255816 26.13215117 -22.38393444
v -10.89879709 8.17983127 -3.59140615
v 15.81128495 26.19839223 -5.94963636
v 15.14741378 21.08508122 -4.45305515
v -8.25876551 4.60513509 -6.60812424
v -22.05123082 17.01085887 -8.72946260
v 16.43851067 24.68792413 -12.06877222
v -21.53203503 24.72984793 -6.37332078
v 8.25594095 17.74837187 -23.97029080
v 5.87610339 31.34183915 -3.78280644
v -6.74228294 32.24553564 -12.69258302
v 13.46814514 10.01312852 -15.04139871
v -10.60500543 33.45762801 12.95955404
v -13.85373603 28.85877840 -1.74542605
v 8.58135605 31.46639293 -7.91065003
v 0.73909799 43.67792282 10.82012453
v 12.92303227 30.62469435 -10.87584758
v -3.09357454 3.29177449 -11.03079487
v -6.70135579 41.66881163 23.95580189
v -18.97333961 20.98952263 4.56769505
v 2.09337601 43.57871321 10.86298904
v -9.66105463 17.45479232 -16.07131694
v 12.89375650 5.39976056 -16.00209747
v -12.44432371 36.64736284 -8.40739215
v 8.59375289 37.82444195 -16.58515246
v -12.90399682 27.74579048 -8.41010609
v 17.31658165 24.53864404 -6.82063684
v -21.49090882 22.59622867 -9.98156559
v 14.55521700 17.06132725 -5.65199662
v 5.93465026 27.34810471 -5.97076384
v 10.77517975 6.97103689 -33.34242551
v -12.79314786 35.27909606 32.94064931
v 13.64819060 30.23556612 -11.90203109
v 13.41739621 28.40859389 -12.93504334
v 16.67778195 18.21280082 -2.18712555
v -2.91783451 39.36465500 -18.21099034
v -12.50395608 35.72726022 33.55643482
v -11.30918624 39.07993844 18.50385690
v 14.33951698 26.60564220 -9.83896367
v 11.44701445 6.04625965 -34.65301092
v -2.92788884 7.40846927 -11.72713571
v 13.34630943 39.17120861 -17.65552252
v -19.76832669 23.55784422 -10.90556069
v 9.82089066 30.50179846 -10.19241299
v 5.05269076 10.60389355 -33.35377162
v 5.24994592 14.41035114 -30.27052246
v -3.80952222 2.32522949 -5.28261944
v -6.04434123 0.33494717 -4.97753410
v 14.63522845 37.57571493 -13.23194183
v -19.19128530 23.08488930 -4.17277427
v -16.14592194 26.98438184 14.13724590
v -2.37807408 38.05270174 -18.84028452
v -6.35607583 25.54315917 -10.58125245
v -16.54950267 22.21288117 0.10880080
v 5.95723727 36.28922433 -3.50963515
v 2.52636939 36.53615387 -2.34251743
v -21.16290669 24.96396352 -6.71191510
v -5.51077124 11.18428773 -10.84710953
v 18.75781140 20.04281487 -0.72546157
v 7.07181240 23.77549803 -5.42181545
v 22.54499574 26.55639978 -8.70207273
v 14.20179313 30.48426416 -11.64742967
v -6.21753236 23.58274244 -9.75895114
v 0.21350040 13.16705165 -12.85444579
v -13.43642279 21.84995670 -2.74122414
v 8.80744395 0.43500573 -2.04255009
v 17.36720361 27.43926397 -4.95438300
v 9.30701151 38.06589262 -15.18860041
v -13.42396935 36.41268104 24.63023285
v 15.10131378 24.91906848 -5.62372416
v -3.10406014 16.47564340 -7.49901106
v -15.57785093 24.17198362 5.60858815
v 7.91785521 16.64850800 -6.69848746
v 9.58963005 12.83572180 -25.76778036
v 9.50108694 12.42739225 -24.27749507
v 12.96531552 1.87748847 -3.21568448
v 19.76194214 22.46260508 -1.29940046
v 2.10794191 47.11042623 2.51875157
v 8.51370439 4.16234181 -30.59208465
v 8.37843520 5.15595683 -14.12232475
v -5.95193743 0.80327073 -11.70270906
v 18.55463017 24.12113829 -7.47082840
v 0.47424736 20.15054709 -4.76973472
v 13.47369019 37.71781377 -10.04640496
v 5.85753368 3.77142777 -31.71446978
v -3.64978555 9.59891941 -8.86960609
v -3.92796591 23.83969521 -21.76302019
v 14.68563037 30.21921866 -9.49731708
v -11.96307510 5.78732261 -12.82109222
v -18.38888724 25.48074002 6.49938813
v -13.17935658 35.04303318 11.64415656
v 5.91144761 23.81825432 -4.67503966
v -6.19111913 34.94410529 -6.92616627
v 5.62119917 4.58130149 -27.29057840
v -12.58492147 28.83117784 3.09154725
v -3.39469077 43.94884004 9.02564238
v 12.57079925 12.09440997 -11.79879650
v 9.78516870 41.89293909 -13.97223090
v 5.55963387 13.17001530 -33.84193491
v -9.87000747 41.59565715 23.35251035
v -10.96132392 38.14334005 13.61692806
v 16.85378595 24.63229291 -6.65806661
v -0.10740606 33.73857307 -2.32770738
v 6.37231231 27.91146343 -21.07336743
v 9.39425373 43.50450384 -1.50765915
v 0.64606903 40.45529264 10.78939817
v 7.77150393 4.37272039 -38.51943274
v 22.25345682 28.81254905 -9.78715466
v -10.14464133 0.75216901 -15.03257708
v -13.59259194 35.46069781 19.71677467
v 5.03389849 4.33375144 -32.01469910
v -8.21498904 39.68232389 27.58013661
v 10.65491337 7.61279307 -29.36735645
v -7.26687759 43.11867929 21.95751819
v -22.62302055 21.16099647 -8.96186264
v -8.39593093 40.56943488 35.30763057
v 3.33968232 44.38017382 8.69984306
v -7.66961674 45.17457069 39.50272058
v -12.41760753 8.21471164 -12.18681609
v 13.81308360 35.70748168 -8.75410818
v 4.71771658 50.60808152 -2.87474275
v -18.91294073 24.17117447 4.95036152
v 1.02018998 13.07680509 -12.66600694
v 6.99481200 46.81947300 1.86912400
v -5.88616461 0.84817248 -4.73841765
v 6.57117862 36.73901614 -3.88178942
v 9.66720791 12.40803080 -31.48943336
v 7.80986565 12.46925189 -14.22556242
v -20.28236298 28.64176760 -9.73308791
v 4.91442733 37.04347799 -2.85770621
v -8.52775928 4.40160191 -16.15343163
v 9.50044299 4.62099714 -7.77177024
v 12.74139206 40.06765159 -14.64271663
v 17.00989451 34.21420535 -14.88358200
v -6.52531405 24.70443357 -10.97143642
v 13.70471240 0.17208425 -9.07541864
v 20.56410992 25.70776628 -2.76643388
v 11.51850873 5.79266725 -38.17500739
v 8.22220300 47.05370635 -0.93544779
v 7.10909044 12.67504773 -8.79230871
v 7.08694531 21.86519314 -5.71375458
v 8.03606628 0.41410851 -9.33668649
v 2.22510736 7.42513497 -20.88832341
v -16.17447323 31.17278883 -7.41166352
v 3.55111441 8.65024870 -18.30562465
v -15.98594205 29.91170077 9.24064129
v -12.60221127 36.28980736 18.32564860
v -21.17593795 15.90343630 -11.89817436
v 22.41155077 23.16223787 -7.87533585
v 4.38304944 9.36301955 -33.85217843
v 14.04903629 35.19457442 -8.81077547
v -8.01144067 38.93770781 -5.67092420
v -17.23554011 27.35470507 12.70885923
v 10.69170299 6.74438269 -36.35572796
v 5.39723799 36.33494724 -3.29208310
v 5.06831987 31.33476911 -3.37565835
v -18.77033478 19.80995306 -9.44009591
v 5.71033080 21.59856762 -4.56986937
v 0.82712588 12.97749104 -29.54735371
v 7.45264132 18.39105361 -8.05025098
v 13.87607621 28.59602793 -15.29030512
v -14.50177679 36.88642555 -14.56982637
v -18.61004990 24.26758488 6.16075759
v -0.68264535 11.72462053 -14.68952387
v -2.00297488 40.42280879 2.01117637
v 6.97341917 6.97429865 -37.41091352
v -22.03643378 17.56323368 -8.71530090
v 14.25950568 36.79693227 -9.34611088
v 19.14301798 24.33278506 -11.20665147
v -3.05225503 30.92237011 -4.96376631
v 21.17076391 22.46393953 -7.22736038
v 2.15249060 23.29015627 -4.00462953
v 10.73915466 3.88390844 -37.59940194
v -1.69032572 17.27501852 -25.23956585
v 15.63094854 25.74662749 -2.98043129
v -13.67676967 36.13861968 -16.44481829
v 8.72538875 34.31490336 -6.63401317
v -4.89236587 50.07425240 42.15290153
v 13.95223684 37.53957602 -10.62037679
v 5.66553736 19.62513497 -5.38335077
v -2.50276570 28.48865198 -20.23269867
v -2.82740282 40.75220857 -22.24051473
v 7.59428438 47.49488160 1.85661429
v -19.98705726 20.53993810 -9.64754118
v 11.38452553 5.56618613 -35.36903782
v 16.32800526 24.86634105 -9.28361325
v -19.59716642 22.22725451 -3.87770742
v -15.36984598 25.16968283 -2.94027392
v -7.01677350 31.74208932 -10.64313437
v -9.62196922 4.19125540 -7.47551042
v -1.32542239 36.53708695 -2.67964013
v -6.20921566 26.12274594 -17.00057955
v 12.91836089 33.57670661 -8.60337972
v 20.37207280 27.05379358 -15.26848578
v 5.37640692 6.21282547 -23.00905020
v -7.30900188 4.12734866 -7.08532953
v -7.01701218 47.33186410 29.50630187
v -1.85125728 10.65420334 -17.87984851
v 8.62095695 4.49489009 -8.65399111
v -13.29225333 28.37674727 -3.23052245
v -18.63546530 24.49965303 7.39234418
v 5.83130052 7.52257689 -35.92552435
v 13.43089735 32.02046437 -18.02446691
v -13.18862842 30.08760915 0.56937294
v 14.82867726 10.16158630 -3.47634980
v 9.66028600 29.58279310 -14.72311086
v -6.89222781 34.63920553 -14.42714964
v -16.03862093 30.56887889 14.88524964
v 14.45226988 19.93109587 -11.58487792
v 16.85185672 2.77440509 -7.81575700
v 0.82338170 19.11253193 -5.14998511
v 10.02453495 10.60359508 -30.33122792
v -2.93018816 46.63489292 -17.26099650
v -7.49812501 46.87879465 27.99803103
v -20.20038629 16.96987837 -13.16426318
v -20.42047630 18.63682599 -7.22099184
v 15.03992340 25.45652596 -10.14001593
v 8.19177137 8.92567239 -5.90302889
v -12.00424284 38.42724684 21.86246394
v -14.31027330 36.80657240 -15.40765613
v 15.09554465 21.49336095 -3.38214328
v 15.27944817 22.86344264 -2.92212422
v -2.37049923 17.84773767 -7.71325240
v -3.26862943 47.19743425 -13.02875285
v 8.54523615 3.67625086 -7.91758051
v 3.57905819 46.74637689 4.25615371
v -20.95632383 24.60977715 -1.41233698
v -12.18500743 7.43110829 -12.39991057
v -2.95022419 47.68005839 -12.71276364
v -8.41524671 39.67085252 33.81910971
v 15.84974906 25.46780199 -9.11507788
v -3.17498467 42.18151950 4.05575440
v 3.26605295 5.24474416 -26.02799954
v 14.27877952 38.85210477 -13.71744565
v 15.28052194 20.31909850 -0.67186228
v 2.85290794 10.96356122 -15.28616002
v -9.94233931 36.54134303 25.83809116
v 7.52953050 47.04708030 -13.87822704
v -6.09969176 42.47650574 -11.36885748
v 6.04836462 19.00450430 -5.92914464
v 8.23996927 17.37954824 -24.85920196
v 15.63271865 31.69071279 -17.96387182
v -4.90873253 30.48171759 -16.20447711
v -12.10694077 31.27185191 1.44556742
v 17.07166249 2.78713865 -10.62237993
v 17.37193689 31.59141297 -8.55607485
v -15.62033718 23.03323925 2.38213271
v -12.24279085 38.24596333 27.57485787
v 8.52496256 3.22338394 -33.89912750
v 9.95950794 11.15750749 -11.07281353
v 8.78304627 3.91129850 -32.25008540
v 15.17453895 7.84290180 -4.02752567
v -19.09547366 18.15272202 -4.12554260
v 11.43974819 2.27176211 -6.11977807
v -11.40005526 34.60975899 -6.62605799
v 13.29510481 1.61663610 -2.69865079
v -5.61425420 5.71266327 -15.25781180
v 19.92071750 18.74832673 -2.71517118
v -12.56494551 3.89517124 -11.02747040
v -11.32692561 30.93031357 -8.49096040
v 10.95247581 7.21645673 -33.69762529
v -14.66080074 31.69732239 6.37482191
v 16.03524167 8.15525825 -5.52133463
v 8.49712528 27.16312935 -18.87253618
v -5.14410117 47.19935479 -4.34961756
v 13.67147610 27.98006224 -10.26643041
v 12.76980386 18.41739540 -5.03072124
v 13.31689503 20.50522422 -6.98159480
v -19.03986366 25.36741866 -1.67864573
v -20.10310807 29.89586969 -10.64241229
v -4.90207966 45.27159863 -1.94632061
v 19.27306456 16.52465744 -4.01159588
v -18.86856170 16.53941814 -8.80333232
v 8.05689203 3.34494342 -32.55937534
v 10.55113299 22.68829287 -8.33271598
v 6.21058773 42.61028635 5.68004070
v 0.08337353 8.66103844 -19.14478351
v -4.54356171 2.33935856 -15.70982097
v 14.36709690 34.24266169 -18.81875042
v -15.98754552 23.01683213 2.52711253
v -1.18541463 31.25897784 -2.94617555
v 8.52123484 18.44987231 -19.54654787
v 14.20255554 37.28351614 -10.06268142
v 19.64395177 31.90231952 -11.28273604
v 16.26920878 28.31373584 -15.93486596
v -6.04780110 41.62567598 -13.67670137
v 16.38558397 2.45491586 -12.25940282
v 7.49371643 5.51262414 -11.81704867
v -16.67789145 28.45974791 -6.06924657
v 5.15951353 39.81995810 8.06049882
v 8.04064639 9.37498896 -7.96035711
v 18.16206725 20.43161914 -1.09217195
v -10.42202993 30.97137220 -8.45163804
v 6.98585064 21.68131487 -5.33221178
v 8.95394961 38.17871593 -7.72529621
v 11.34932060 9.68117182 -14.61832119
v -11.71985410 0.53695626 -13.25147160
v 7.49690026 29.81283973 -6.28528610
v -16.90954557 22.20444151 -4.45437846
v -16.06908746 22.25021391 -3.19891660
v -14.05202259 21.39773784 -3.14254497
v 12.77878232 11.50609923 -10.99218418
v 0.89684192 44.37815567 9.14209083
v 3.88912248 14.79268077 -9.26933836
v 8.73105555 18.31065614 -19.28057764
v 7.69280826 43.65533416 1.85389189
v 3.67188295 8.43690003 -33.59903592
v -0.22636691 44.41974464 8.09582197
v 1.45565352 7.00691473 -21.73745606
v -20.23224837 29.03684007 -12.85527133
v 10.20545545 23.63907681 -18.99903447
v -12.70620409 25.46787009 -9.99898416
v 6.33437031 36.10467686 -3.29944231
v -17.99261718 32.17699754 -11.49299899
v -5.70143218 40.49149861 -7.17446361
v -0.90247978 39.86311824 8.08898971
v 3.98637734 7.47614671 -20.74162944
v -8.70672312 22.32926415 -9.51202852
v -6.81599905 17.78182888 -4.84958079
v -18.72666097 20.99375650 -7.46025918
v -7.94695612 45.90483840 26.29322339
v -12.34858798 38.73497372 -15.28803783
v 6.38887080 45.30991101 3.89472000
v -7.87968655 41.55467816 18.84722105
v -3.87258511 19.22691409 -22.15456534
v -3.41782094 18.08027157 -23.12269924
v -3.40707611 42.42613397 3.61642144
v 16.05212855 26.29319375 -5.46950826
v -8.80196453 5.96597478 -15.67514414
v 16.11294270 33.19742503 -11.87792658
v -8.66455131 43.00169016 38.36131212
v -2.74727026 46.31035278 -14.50606645
v 11.52116698 4.45123076 -40.52721280
v -16.32569366 22.16794487 -3.54641792
v 11.75358140 4.18976286 -40.46147943
v -3.59519740 39.85877216 -17.87430156
v -9.32661942 37.95286817 -6.69709011
v -14.80273909 23.04570578 -5.31516135
v 6.43370322 4.65725662 -36.52407470
v 23.41253803 22.46724109 -2.31318236
v 4.88230990 5.05237721 -24.90955705
v 14.34946773 39.06305154 -11.56016791
v 1.34631440 44.12938299 9.66318240
v -9.34187567 36.92986036 21.44547207
v 0.46666133 13.68434388 -12.83366776
v 20.47075549 20.78517022 0.23344716
v 2.99094588 40.04570874 7.04466960
v 4.06352876 34.12876828 -2.40573493
v 8.23097085 0.93784188 -4.99749426
v 23.02160866 23.07466580 -2.14572063
v -18.12704260 22.50917187 -9.42663928
v 5.92795119 4.99658184 -36.48921892
v -11.97569086 36.97227048 -10.34082709
v 10.11585596 31.93519628 -10.71850081
v 9.78030628 37.53688056 -16.02192410
v 15.97318797 34.04196258 -11.20936019
v 16.56417447 23.58745435 -0.19286537
v -15.66821503 27.84375014 15.43551406
v 8.77661475 42.37249629 -1.67376576
v 0.04908689 50.36091848 -1.61193443
v 7.44193159 47.61396109 -13.21895720
v 10.97754174 18.92403824 -18.26915026
v 12.70259016 12.92566515 -13.29314931
v 16.35953538 34.10415163 -11.85448439
v 9.01216219 4.18487992 -39.74081610
v 10.64390162 26.56317173 -15.99656287
v -13.00525007 30.61339861 1.30549494
v -20.51790782 27.60161068 -11.12983678
v -10.64419343 34.44654273 6.52792008
v -13.83152710 21.50681267 -3.73147018
v 18.97151012 32.51595919 -15.51124204
v -20.16070921 19.78525099 -10.30509974
v -13.20780961 36.71408307 24.25826208
v -10.75944612 4.31577474 -15.04746406
v 9.03695265 46.14163389 -3.03233567
v 15.54453037 8.10801287 -7.12668943
v 10.23633902 9.18108122 -28.36137906
v 5.86789381 43.36371947 9.09466724
v -3.21480888 44.26296452 9.27349568
v -4.07576021 34.67202093 -4.72178522
v 9.66801897 14.64597525 -17.06127385
v 20.95363343 31.56668917 -14.53819644
v 9.93528264 10.10602640 -29.62825711
v -8.54701896 42.98328857 -9.94529590
v -0.09668833 19.30768957 -26.08519195
v 7.63803774 4.01932268 -10.61029070
v -16.90041553 23.24332168 -7.30577043
f 1 2 3
f 1 2 4
f 1 4 8
f 2 4 5378
f 5258 7 2
f 3 2 24
f 3 13 24
f 3 1 10
f 4 5378 5
f 5378 2 12
f 5378 5 12
f 1 8 10
f 4 15 5
f 2 5258 12
f 5258 12 6
f 3 10 1858
f 3 1858 13
f 2 7 24
f 6 12 17
f 4 15 19
f 4 8 19
f 9 7 5258
f 5 15 11
f 12 5 11
f 9 5258 6
f 9 6 17
f 9 5237 7
f 5237 7 24
f 5237 24 14
f 8 10 5568
f 8 19 5568
f 24 5461 13
f 9 17 21
f 11 12 1110
f 10 5568 5481
f 12 47 1110
f 24 14 5278
f 14 16 23
f 14 16 5237
f 17 21 28
f 16 9 5237
f 13 42 5510
f 5278 14 22
f 1858 5481 10
f 13 1858 42
f 14 23 25
f 1379 18 642
f 1379 1163 642
f 18 44 1379
f 9 16 5298
f 9 21 29
f 9 5298 29
f 5359 26 20
f 23 30 25
f 16 23 5298
f 12 17 36
f 12 47 36
f 14 22 25
f 11 27 15
f 23 5298 33
f 23 30 33
f 24 5461 5278
f 28 36 17
f 11 27 1110
f 1858 42 43
f 21 29 49
f 36 28 57
f 26 20 32
f 26 32 5601
f 642 18 331
f 20 38 32
f 26 5620 5359
f 5459 5620 5359
f 28 21 51
f 28 51 57
f 27 31 1110
f 19 5568 35
f 19 35 40
f 1110 34 54
f 1110 54 47
f 5510 5461 13
f 25 30 56
f 20 38 125
f 20 5359 125
f 30 33 74
f 25 56 41
f 22 25 37
f 31 34 1110
f 1858 5481 85
f 1858 43 85
f 37 5278 5461
f 21 51 68
f 21 49 68
f 42 5510 69
f 27 19 15
f 19 27 72
f 18 341 331
f 33 74 88
f 56 41 5680
f 5620 53 80
f 34 63 31
f 18 5473 44
f 33 88 5298
f 31 27 72
f 189 5459 5359
f 19 40 72
f 31 72 55
f 29 5298 70
f 29 49 70
f 38 32 5362
f 39 46 43
f 36 47 113
f 36 113 57
f 5298 70 60
f 32 5601 5362
f 39 46 59
f 5620 80 79
f 53 5459 5620
f 41 87 25
f 39 43 42
f 30 74 73
f 30 56 73
f 87 37 25
f 37 91 87
f 51 68 67
f 45 48 50
f 39 42 61
f 43 46 66
f 43 66 85
f 45 48 105
f 45 50 52
f 45 52 62
f 47 113 94
f 39 61 76
f 39 59 76
f 31 63 55
f 88 60 5298
f 47 54 94
f 46 66 64
f 5359 161 189
f 5359 161 125
f 48 105 65
f 48 58 50
f 79 78 26
f 79 5620 26
f 58 50 78
f 48 58 65
f 41 5680 165
f 51 57 71
f 45 62 123
f 45 105 123
f 38 125 92
f 52 50 26
f 52 5601 26
f 63 54 34
f 68 107 49
f 58 95 65
f 46 59 64
f 77 61 69
f 50 78 26
f 61 77 76
f 35 84 5481
f 83 1379 1163
f 83 1163 3626
f 49 70 107
f 69 5387 5510
f 53 80 93
f 61 42 69
f 82 40 72
f 5461 5510 90
f 51 71 67
f 72 75 55
f 85 66 97
f 58 95 78
f 52 62 5601
f 67 68 108
f 67 104 108
f 5601 62 5362
f 68 108 842
f 70 144 107
f 56 5680 73
f 69 77 5387
f 55 5669 75
f 66 97 114
f 66 86 114
f 72 75 122
f 66 64 86
f 74 88 73
f 84 35 198
f 57 71 5706
f 57 176 5706
f 77 5420 5387
f 105 65 112
f 41 81 87
f 41 81 165
f 62 5362 96
f 80 93 99
f 95 78 142
f 79 102 78
f 71 67 139
f 5510 126 90
f 80 102 79
f 37 91 133
f 37 133 90
f 37 5461 90
f 5481 85 84
f 70 60 177
f 70 144 235
f 70 235 177
f 72 82 122
f 105 129 123
f 102 80 99
f 82 122 638
f 165 145 5680
f 77 76 111
f 77 111 5420
f 53 189 5459
f 63 55 5669
f 85 84 117
f 85 97 117
f 87 91 162
f 87 81 162
f 75 110 140
f 65 95 142
f 88 121 103
f 88 121 73
f 89 59 64
f 101 59 89
f 57 113 176
f 89 86 106
f 89 86 64
f 59 101 100
f 101 89 109
f 5821 101 98
f 54 94 248
f 54 224 248
f 54 224 63
f 5680 73 138
f 5680 145 160
f 5680 138 160
f 92 38 5362
f 92 5362 135
f 93 99 118
f 59 100 76
f 5669 120 132
f 126 5387 5510
f 5821 101 109
f 5821 109 143
f 89 109 106
f 98 5763 127
f 98 127 5582
f 60 88 5163
f 60 5163 177
f 35 40 198
f 98 100 5582
f 129 123 128
f 101 100 98
f 5362 96 135
f 62 123 96
f 102 5825 142
f 102 78 142
f 145 167 165
f 5763 98 5821
f 82 638 251
f 53 93 136
f 5821 5763 116
f 110 122 75
f 40 82 198
f 103 5163 179
f 103 5163 88
f 105 112 129
f 100 76 124
f 107 842 68
f 99 102 5637
f 99 134 5637
f 99 153 134
f 5339 5396 5413
f 102 5637 5825
f 96 159 135
f 96 159 207
f 139 104 67
f 86 114 202
f 86 202 106
f 93 132 136
f 115 5825 5339
f 65 142 112
f 5582 100 158
f 5582 158 149
f 110 140 150
f 110 104 150
f 109 143 106
f 93 118 132
f 5669 120 75
f 113 176 231
f 115 131 5396
f 115 5339 5396
f 63 132 204
f 63 132 5669
f 63 224 204
f 73 138 121
f 111 76 124
f 111 124 147
f 44 419 1379
f 5723 149 5582
f 114 97 202
f 103 121 137
f 103 137 179
f 118 153 99
f 5420 111 147
f 5339 5825 112
f 3626 83 190
f 3626 190 5156
f 91 199 162
f 97 5496 117
f 5825 115 5637
f 5763 127 141
f 115 5637 131
f 97 202 5496
f 116 143 5194
f 116 143 5821
f 118 130 153
f 118 120 130
f 127 5723 5582
f 119 5575 264
f 120 118 132
f 5339 129 128
f 5339 5668 128
f 165 167 5722
f 100 158 124
f 1379 419 83
f 5763 141 116
f 123 128 193
f 5668 128 246
f 815 5657 796
f 4378 4372 4369
f 159 207 192
f 143 186 5194
f 92 125 135
f 149 5353 5723
f 127 141 156
f 110 104 108
f 120 146 130
f 120 140 146
f 120 140 75
f 5668 246 5413
f 5287 5640 108
f 5287 842 108
f 130 153 196
f 5723 127 5353
f 3433 3254 3335
f 127 156 5353
f 124 5183 147
f 123 96 193
f 108 110 152
f 108 152 163
f 161 125 5417
f 130 146 196
f 90 133 154
f 164 842 107
f 1480 1358 1538
f 124 158 5183
f 136 132 204
f 5825 112 142
f 140 155 146
f 139 150 104
f 122 110 152
f 122 638 152
f 5640 108 163
f 128 246 193
f 112 129 5339
f 5156 182 3626
f 141 156 211
f 141 211 151
f 5387 126 154
f 155 146 196
f 140 150 157
f 246 193 330
f 145 160 171
f 145 171 167
f 5387 5420 154
f 2681 2544 2635
f 5194 116 206
f 125 5417 135
f 84 117 239
f 84 239 198
f 638 152 175
f 5420 191 217
f 5420 147 217
f 198 82 251
f 113 231 272
f 113 94 272
f 202 5496 212
f 141 116 151
f 5420 195 191
f 5420 195 154
f 137 179 173
f 126 154 90
f 5353 148 168
f 107 164 295
f 148 156 211
f 148 156 5353
f 96 193 237
f 419 83 2824
f 149 205 5353
f 150 139 225
f 153 196 178
f 152 175 208
f 390 690 4134
f 155 157 185
f 155 157 140
f 164 184 213
f 157 172 174
f 157 174 150
f 172 157 185
f 81 165 282
f 81 162 282
f 96 207 237
f 170 137 166
f 170 137 121
f 170 138 121
f 143 186 202
f 143 202 106
f 116 180 206
f 158 205 149
f 159 135 5167
f 133 91 199
f 1163 331 642
f 5473 169 44
f 107 295 144
f 168 205 5353
f 116 180 265
f 116 151 265
f 159 192 5167
f 148 211 229
f 172 174 175
f 138 160 170
f 136 204 223
f 148 168 227
f 148 229 227
f 134 5637 5610
f 153 134 178
f 150 174 225
f 5640 166 194
f 5640 187 166
f 5640 194 163
f 164 295 277
f 165 282 5722
f 186 202 243
f 195 154 133
f 137 166 173
f 180 244 265
f 180 244 245
f 160 170 171
f 181 174 175
f 168 205 256
f 155 185 5773
f 155 196 5773
f 206 180 216
f 239 117 285
f 211 229 236
f 71 5706 258
f 5496 212 319
f 5496 285 319
f 184 187 5640
f 184 5287 5640
f 166 170 194
f 117 285 5496
f 134 178 5610
f 181 175 208
f 196 178 276
f 638 251 214
f 161 189 5417
f 217 5183 147
f 181 208 200
f 181 200 336
f 94 272 248
f 174 181 213
f 174 225 213
f 171 167 257
f 184 164 5287
f 158 5183 209
f 158 205 209
f 136 189 53
f 169 197 5473
f 177 235 269
f 163 5503 152
f 336 203 187
f 336 187 184
f 166 173 221
f 166 241 221
f 170 171 194
f 205 262 209
f 190 268 5156
f 330 193 274
f 181 336 213
f 171 5503 194
f 187 222 166
f 184 336 213
f 208 215 200
f 208 215 5503
f 208 152 5503
f 416 458 612
f 416 472 612
f 277 164 213
f 135 5726 5167
f 135 5726 5417
f 83 190 2824
f 183 188 197
f 183 197 232
f 183 188 356
f 139 225 71
f 206 5194 186
f 5503 171 257
f 3785 298 3819
f 168 227 253
f 168 253 256
f 203 218 187
f 151 211 292
f 185 234 214
f 185 214 172
f 199 162 242
f 185 234 5773
f 186 206 5148
f 186 243 5148
f 331 305 1163
f 188 197 5616
f 167 5722 252
f 167 257 249
f 191 195 279
f 191 217 279
f 192 230 5167
f 5503 194 163
f 5503 257 215
f 222 716 166
f 193 274 237
f 175 638 214
f 133 201 195
f 133 201 199
f 5637 273 131
f 5637 273 5610
f 189 278 136
f 196 5773 276
f 197 5473 210
f 197 263 169
f 5183 209 320
f 203 200 336
f 166 241 716
f 222 187 218
f 192 301 230
f 223 278 136
f 178 280 296
f 197 5616 5575
f 197 5575 263
f 201 195 279
f 201 220 279
f 169 263 290
f 169 290 293
f 169 293 44
f 202 243 212
f 144 295 235
f 197 232 210
f 151 292 265
f 203 218 215
f 203 200 215
f 178 276 280
f 205 256 262
f 206 5148 216
f 207 192 301
f 207 237 301
f 246 5413 286
f 178 296 5610
f 247 716 222
f 247 716 241
f 211 236 292
f 239 299 285
f 239 299 5804
f 5183 217 320
f 201 220 322
f 5413 286 5396
f 199 201 242
f 201 322 242
f 5726 5417 240
f 204 223 224
f 247 222 233
f 217 320 279
f 218 222 254
f 218 257 254
f 219 230 5167
f 189 278 240
f 222 233 254
f 5165 412 131
f 183 232 259
f 5575 119 263
f 5575 5543 264
f 247 241 261
f 176 5706 231
f 243 255 5148
f 228 226 247
f 226 228 250
f 177 289 269
f 177 5163 289
f 71 225 258
f 219 271 297
f 219 271 302
f 214 172 175
f 183 356 259
f 252 249 167
f 252 303 5722
f 226 247 233
f 276 325 5773
f 227 229 260
f 227 5767 260
f 228 250 275
f 229 236 260
f 188 356 5616
f 213 225 277
f 219 230 297
f 257 233 249
f 220 279 365
f 223 224 294
f 223 294 335
f 212 319 351
f 234 338 5773
f 235 406 269
f 5726 219 240
f 5726 219 5167
f 238 2506 2484
f 239 251 5804
f 239 251 198
f 162 282 300
f 162 242 300
f 241 221 261
f 228 247 261
f 228 261 346
f 228 346 275
f 179 173 376
f 250 268 266
f 250 275 266
f 216 245 180
f 216 245 309
f 243 255 347
f 246 330 286
f 218 257 215
f 5575 5616 284
f 5384 310 312
f 250 268 252
f 248 283 272
f 262 209 355
f 268 266 5156
f 5148 216 255
f 243 351 212
f 282 5172 340
f 282 5172 5722
f 251 214 349
f 253 354 5767
f 253 227 5767
f 1676 5772 1657
f 292 265 304
f 5543 284 5575
f 5190 182 5156
f 351 243 347
f 274 330 291
f 256 262 281
f 257 233 254
f 244 245 304
f 223 278 335
f 214 270 349
f 219 240 302
f 236 292 260
f 209 320 355
f 232 259 409
f 232 210 409
f 264 288 373
f 264 288 5543
f 265 244 304
f 252 268 303
f 220 365 322
f 252 250 249
f 248 224 350
f 248 350 283
f 270 287 234
f 270 214 234
f 250 226 249
f 346 261 344
f 294 224 327
f 271 291 297
f 271 291 302
f 233 226 249
f 270 326 349
f 276 280 317
f 255 216 308
f 224 350 327
f 261 344 221
f 237 274 301
f 5384 316 310
f 5767 260 337
f 179 5163 289
f 259 409 356
f 280 296 317
f 338 287 234
f 282 300 340
f 279 313 320
f 296 5610 318
f 264 314 373
f 119 314 264
f 119 314 263
f 356 5616 312
f 230 301 297
f 245 304 309
f 5654 306 5384
f 284 5616 5654
f 285 299 319
f 225 258 329
f 225 277 329
f 274 291 301
f 182 305 1163
f 216 345 415
f 216 415 308
f 292 260 307
f 292 307 315
f 390 3832 4134
f 240 302 335
f 240 335 278
f 292 304 315
f 293 311 388
f 293 311 44
f 235 295 398
f 235 406 398
f 5172 303 5722
f 242 322 324
f 291 297 301
f 281 256 253
f 281 253 408
f 5773 338 325
f 231 414 272
f 299 319 334
f 266 5156 5190
f 312 310 407
f 646 44 419
f 255 347 403
f 5804 299 321
f 304 364 315
f 242 324 389
f 242 300 389
f 288 373 438
f 5172 340 190
f 306 316 5384
f 306 316 348
f 286 412 5396
f 307 315 357
f 268 303 5172
f 268 5172 190
f 345 309 216
f 279 313 365
f 318 273 5610
f 304 364 339
f 304 309 339
f 306 284 5654
f 311 411 5208
f 311 44 646
f 311 646 5208
f 173 344 376
f 173 344 221
f 365 322 375
f 231 258 414
f 231 258 5706
f 3141 3253 3222
f 296 327 317
f 296 327 318
f 5370 622 328
f 349 332 251
f 182 3626 1163
f 333 348 323
f 319 351 358
f 319 334 358
f 320 355 352
f 266 275 392
f 294 318 327
f 294 318 335
f 322 375 324
f 276 317 363
f 276 363 325
f 2884 371 861
f 270 359 326
f 306 333 348
f 318 335 273
f 327 317 343
f 291 302 5165
f 291 370 5165
f 210 5473 5197
f 210 409 5197
f 179 289 376
f 326 379 367
f 270 287 359
f 255 308 451
f 255 451 403
f 327 350 343
f 338 325 377
f 329 258 422
f 281 262 494
f 281 494 5597
f 281 408 5597
f 330 286 370
f 330 291 370
f 289 269 376
f 2824 2045 190
f 253 354 498
f 320 313 352
f 290 314 263
f 332 321 5804
f 333 323 471
f 425 337 5767
f 425 443 5767
f 317 363 343
f 308 451 415
f 314 386 290
f 331 341 475
f 314 386 373
f 329 277 368
f 326 359 399
f 326 379 399
f 338 287 359
f 275 346 392
f 344 346 391
f 266 5190 5507
f 266 392 470
f 266 470 5507
f 355 352 418
f 332 251 5804
f 323 342 348
f 342 353 348
f 309 345 383
f 309 339 383
f 269 376 430
f 284 369 306
f 284 369 5543
f 377 338 395
f 346 392 391
f 325 363 377
f 347 351 358
f 342 323 471
f 349 5840 326
f 315 357 420
f 315 364 420
f 253 498 408
f 348 316 366
f 338 395 359
f 324 375 453
f 299 334 374
f 299 321 374
f 313 5742 352
f 313 5742 365
f 272 283 445
f 335 302 273
f 350 343 405
f 302 273 5165
f 262 355 494
f 438 401 288
f 396 401 288
f 396 369 5543
f 396 5543 288
f 354 488 498
f 277 368 404
f 277 295 423
f 277 404 423
f 364 400 339
f 295 398 423
f 340 2045 5202
f 340 2045 190
f 340 361 5202
f 356 409 427
f 312 356 407
f 386 290 293
f 334 358 387
f 342 353 471
f 337 444 425
f 337 444 260
f 300 389 439
f 5197 341 475
f 5197 341 5473
f 360 378 426
f 360 306 426
f 360 306 333
f 379 367 459
f 348 366 495
f 348 353 495
f 361 340 300
f 362 471 432
f 362 471 333
f 362 360 385
f 362 360 333
f 344 376 449
f 344 391 449
f 365 5742 375
f 349 5840 332
f 367 5840 326
f 368 380 393
f 368 393 329
f 286 412 370
f 164 5287 842
f 347 358 403
f 406 269 455
f 283 350 445
f 360 385 378
f 389 372 442
f 324 389 453
f 379 384 5752
f 5606 432 429
f 293 386 388
f 359 395 393
f 359 380 393
f 371 909 861
f 5742 375 798
f 373 438 386
f 298 622 328
f 374 334 463
f 5606 362 417
f 5606 417 5306
f 272 445 414
f 258 422 414
f 405 350 445
f 378 426 402
f 378 402 382
f 379 452 399
f 379 452 384
f 362 385 417
f 332 381 413
f 332 413 321
f 332 381 5840
f 352 418 514
f 398 469 406
f 345 383 478
f 345 415 478
f 269 430 455
f 382 385 394
f 382 385 378
f 382 416 394
f 418 355 494
f 359 380 399
f 364 400 420
f 384 5752 433
f 311 386 388
f 356 427 407
f 383 478 397
f 5606 432 362
f 488 354 443
f 422 393 329
f 334 387 463
f 5606 429 5504
f 5606 5504 5306
f 182 305 481
f 389 372 439
f 305 678 331
f 381 5840 490
f 381 490 413
f 404 380 368
f 442 372 467
f 444 357 307
f 444 260 307
f 5752 379 459
f 321 454 374
f 311 411 386
f 514 352 798
f 395 466 377
f 396 369 402
f 396 401 402
f 389 453 442
f 358 387 403
f 429 502 500
f 398 423 469
f 2580 2505 2576
f 339 383 400
f 370 412 5165
f 409 427 489
f 363 343 428
f 391 392 448
f 391 449 448
f 452 380 399
f 387 403 5429
f 400 420 474
f 393 421 422
f 402 382 436
f 343 405 428
f 404 380 452
f 404 423 452
f 405 437 445
f 429 432 500
f 372 410 519
f 5840 441 490
f 353 471 495
f 407 316 468
f 407 316 310
f 352 5742 798
f 471 533 432
f 382 436 416
f 409 5197 489
f 410 519 440
f 411 446 5208
f 369 402 426
f 369 426 306
f 367 459 441
f 367 441 5840
f 413 454 321
f 414 445 421
f 410 372 467
f 361 439 300
f 416 394 458
f 5150 942 5600
f 395 491 393
f 5752 424 5787
f 5752 433 5787
f 411 386 446
f 418 494 554
f 418 554 514
f 1045 1581 2254
f 392 448 470
f 431 417 458
f 502 429 5504
f 386 450 508
f 519 503 372
f 419 2824 528
f 421 422 414
f 519 503 440
f 386 446 450
f 406 469 455
f 397 487 383
f 424 465 5787
f 417 385 458
f 405 428 437
f 431 447 5661
f 431 417 5661
f 443 425 434
f 459 441 479
f 386 438 508
f 427 489 461
f 428 466 363
f 397 478 549
f 402 436 401
f 419 646 528
f 385 394 458
f 430 376 482
f 374 454 540
f 374 463 540
f 431 447 5599
f 431 458 5599
f 503 372 439
f 425 444 515
f 316 468 366
f 403 451 510
f 434 443 561
f 435 446 483
f 436 472 416
f 430 482 455
f 435 446 450
f 466 491 395
f 397 549 487
f 465 424 456
f 401 438 508
f 401 460 5332
f 401 508 5332
f 678 475 331
f 678 475 738
f 434 425 515
f 424 479 5752
f 442 453 541
f 442 467 541
f 376 449 482
f 451 415 529
f 410 457 440
f 466 363 377
f 447 5599 476
f 448 470 507
f 410 457 484
f 410 484 467
f 798 514 550
f 447 5448 5661
f 415 478 529
f 450 508 496
f 487 383 400
f 403 510 5429
f 452 423 477
f 423 477 469
f 424 456 479
f 420 357 499
f 447 476 486
f 454 413 543
f 454 543 5363
f 454 540 5363
f 445 421 437
f 443 488 578
f 443 581 578
f 470 5507 507
f 446 535 5208
f 463 587 387
f 444 515 542
f 448 509 449
f 459 479 5752
f 421 491 501
f 421 491 393
f 427 407 461
f 441 457 490
f 5306 464 485
f 5306 485 5504
f 533 471 495
f 451 492 529
f 407 468 461
f 489 524 5197
f 462 464 547
f 462 464 485
f 462 547 573
f 413 490 543
f 462 493 485
f 462 493 573
f 357 444 558
f 366 468 495
f 457 441 479
f 408 5597 522
f 408 498 522
f 465 5787 5753
f 464 547 506
f 510 451 492
f 464 506 417
f 464 417 5306
f 798 534 375
f 467 541 517
f 460 505 525
f 460 505 436
f 460 513 525
f 460 401 436
f 457 440 479
f 524 5197 5733
f 456 479 473
f 447 5448 538
f 447 538 486
f 561 443 531
f 357 499 558
f 450 496 435
f 420 504 474
f 432 500 533
f 476 486 521
f 477 469 555
f 5490 835 5485
f 440 479 473
f 478 621 549
f 474 400 497
f 474 497 504
f 449 480 511
f 449 511 482
f 481 5507 182
f 420 499 5342
f 420 5342 570
f 483 496 435
f 483 516 446
f 443 581 531
f 421 437 501
f 428 437 466
f 5507 553 507
f 455 469 523
f 440 503 473
f 487 400 497
f 457 490 484
f 5332 5222 460
f 5787 433 559
f 5787 559 512
f 488 498 578
f 476 521 5151
f 476 5151 5599
f 433 559 384
f 1581 5618 2305
f 1581 5618 2195
f 489 461 526
f 489 520 537
f 489 526 537
f 439 361 548
f 439 503 5641
f 439 548 5641
f 798 550 534
f 444 558 542
f 449 480 509
f 2278 518 1693
f 494 554 562
f 448 507 545
f 448 509 545
f 493 5811 546
f 493 5811 485
f 478 529 621
f 5753 512 5787
f 453 552 541
f 498 578 522
f 458 5599 612
f 489 524 520
f 469 523 592
f 469 555 592
f 503 473 5341
f 503 5641 5341
f 361 548 5202
f 524 5733 556
f 502 500 599
f 502 5504 599
f 456 512 465
f 420 504 570
f 493 573 546
f 523 455 482
f 485 637 5811
f 485 637 5504
f 492 639 529
f 506 417 5661
f 536 520 537
f 463 540 568
f 511 523 544
f 562 554 615
f 475 5700 738
f 512 465 5753
f 541 517 4871
f 541 571 4871
f 499 5342 558
f 515 434 561
f 557 477 555
f 557 477 452
f 557 452 384
f 516 535 446
f 517 484 467
f 517 484 4871
f 5222 513 460
f 468 530 461
f 437 466 501
f 482 511 523
f 483 496 508
f 483 508 5332
f 483 516 5332
f 547 573 527
f 581 531 636
f 487 549 497
f 466 501 491
f 547 532 506
f 507 553 545
f 542 558 591
f 520 536 556
f 456 512 574
f 456 473 574
f 561 515 565
f 504 570 596
f 511 480 509
f 510 5429 583
f 510 583 564
f 510 492 564
f 472 436 5157
f 4338 4189 4432
f 536 5525 537
f 4240 742 5382
f 520 556 524
f 530 628 461
f 530 589 468
f 553 539 545
f 484 490 566
f 484 4871 566
f 523 592 544
f 533 500 563
f 2756 2612 2941
f 534 375 453
f 534 552 453
f 384 559 557
f 522 562 680
f 522 494 5597
f 522 494 562
f 587 5429 387
f 5222 516 5332
f 886 646 5467
f 550 514 627
f 571 541 606
f 561 531 654
f 515 542 565
f 504 596 675
f 495 589 468
f 490 543 566
f 539 553 572
f 504 580 497
f 532 506 551
f 5222 535 516
f 5173 579 603
f 5173 603 532
f 5208 3861 5467
f 436 5157 5715
f 436 505 5715
f 541 552 606
f 542 565 614
f 542 614 591
f 5342 558 594
f 506 551 5661
f 5232 584 560
f 5232 584 616
f 587 568 463
f 545 539 601
f 5173 569 532
f 5429 583 587
f 492 639 564
f 636 581 634
f 547 584 527
f 547 584 577
f 547 577 532
f 2041 1922 1994
f 549 497 5138
f 512 559 574
f 529 621 658
f 529 639 658
f 597 647 525
f 597 525 513
f 570 632 5342
f 550 534 600
f 550 600 674
f 3861 5208 535
f 584 560 527
f 551 538 5448
f 551 5661 5448
f 539 572 601
f 559 557 5791
f 5363 540 619
f 5363 543 619
f 606 571 4871
f 544 511 582
f 554 615 627
f 509 545 645
f 481 553 5507
f 540 568 619
f 557 555 5791
f 509 511 645
f 526 628 662
f 526 628 461
f 526 537 662
f 558 594 591
f 549 621 5138
f 561 565 654
f 594 632 5342
f 535 585 595
f 564 639 5314
f 527 573 588
f 514 554 627
f 504 675 580
f 2123 2117 2163
f 495 563 589
f 495 563 533
f 497 5138 580
f 4291 944 968
f 568 619 586
f 678 576 305
f 594 591 598
f 5733 556 623
f 5733 608 5700
f 5733 623 608
f 569 577 532
f 569 579 5173
f 5151 521 713
f 5151 590 5599
f 2544 785 2681
f 570 596 632
f 513 597 5222
f 552 534 600
f 551 603 532
f 544 592 593
f 573 588 701
f 500 563 599
f 511 645 582
f 574 648 473
f 575 655 609
f 5232 616 644
f 2696 2941 2612
f 555 592 5791
f 576 481 305
f 578 522 685
f 535 595 5250
f 535 597 5250
f 535 597 5222
f 545 645 687
f 545 687 601
f 581 605 634
f 559 5791 574
f 614 565 624
f 614 624 652
f 584 577 867
f 584 5264 616
f 584 5264 867
f 575 548 655
f 569 577 867
f 569 5563 767
f 569 867 767
f 560 527 588
f 581 578 605
f 585 676 3861
f 585 3861 535
f 548 655 5641
f 578 605 685
f 551 618 538
f 587 661 583
f 587 661 568
f 4592 4473 4507
f 4592 4473 4506
f 4592 4507 5422
f 590 5599 612
f 531 654 697
f 531 636 697
f 5276 1938 2063
f 591 598 614
f 594 598 613
f 563 589 611
f 583 661 564
f 574 593 648
f 606 552 602
f 589 610 611
f 593 544 5823
f 552 602 600
f 595 5250 768
f 594 632 5673
f 594 5673 613
f 562 680 667
f 562 615 667
f 596 632 5629
f 596 5629 777
f 556 623 536
f 2472 2150 2458
f 5232 644 560
f 4871 566 617
f 569 5563 631
f 569 631 579
f 543 619 707
f 543 707 566
f 655 609 572
f 592 5791 593
f 2997 2681 2784
f 565 624 654
f 589 530 610
f 5525 693 657
f 835 956 879
f 835 5485 879
f 5791 574 593
f 621 658 688
f 604 607 618
f 598 613 640
f 5357 4661 4659
f 5138 580 747
f 5202 5653 2045
f 593 5823 648
f 566 707 617
f 5673 5615 613
f 655 5341 5641
f 607 618 629
f 5327 580 683
f 608 620 5700
f 610 611 659
f 610 650 659
f 613 625 653
f 613 653 640
f 598 614 640
f 616 789 644
f 604 607 691
f 617 606 602
f 617 606 4871
f 618 629 538
f 599 643 563
f 661 666 568
f 5525 693 537
f 616 651 5264
f 551 618 603
f 546 668 701
f 546 668 5811
f 546 701 573
f 623 536 5525
f 674 627 550
f 522 680 729
f 522 685 729
f 632 5629 5673
f 625 776 703
f 625 776 613
f 625 653 703
f 626 633 669
f 582 544 5823
f 633 700 669
f 713 521 629
f 5811 668 637
f 627 615 672
f 627 689 672
f 607 663 702
f 607 702 629
f 580 747 683
f 648 695 5341
f 648 473 5341
f 677 5715 5157
f 677 5715 641
f 662 693 537
f 611 649 643
f 611 643 563
f 628 530 662
f 5264 633 684
f 5264 684 867
f 602 600 748
f 627 689 674
f 630 650 659
f 553 609 481
f 553 609 572
f 3861 660 5467
f 3861 676 660
f 631 579 603
f 633 700 684
f 634 636 714
f 634 714 670
f 677 708 641
f 636 697 714
f 637 599 5504
f 1091 914 1182
f 623 657 5525
f 619 586 722
f 619 707 722
f 623 635 608
f 623 635 664
f 661 666 717
f 641 647 505
f 641 505 5715
f 564 661 5314
f 614 652 640
f 612 677 5157
f 612 677 773
f 612 773 590
f 530 709 610
f 715 776 5615
f 626 656 651
f 626 651 633
f 618 604 699
f 618 603 699
f 645 687 5754
f 607 691 663
f 580 5327 675
f 630 649 659
f 646 528 886
f 635 608 620
f 635 664 673
f 611 649 659
f 605 634 670
f 605 704 670
f 605 704 685
f 647 505 525
f 641 647 708
f 700 669 745
f 530 709 662
f 602 617 694
f 666 568 586
f 626 656 669
f 5615 715 5673
f 595 5657 768
f 595 5657 585
f 652 640 696
f 5629 5673 692
f 4140 4226 4162
f 582 5823 5754
f 582 5754 645
f 655 601 572
f 1466 5334 5565
f 654 624 727
f 654 727 697
f 655 706 5341
f 776 613 5615
f 604 691 699
f 5656 5695 4484
f 601 655 711
f 616 789 651
f 630 718 709
f 653 703 752
f 615 736 672
f 615 736 667
f 600 674 748
f 5653 528 2824
f 5653 2045 2824
f 687 711 601
f 658 5314 639
f 5341 695 706
f 3829 267 1685
f 656 651 682
f 861 909 2530
f 651 5264 633
f 687 5754 5518
f 664 673 719
f 677 708 773
f 676 585 818
f 5138 688 792
f 5138 688 621
f 726 794 647
f 726 647 597
f 726 597 5250
f 624 652 727
f 668 643 5185
f 668 643 599
f 668 599 637
f 620 738 679
f 620 738 5700
f 602 748 694
f 671 1576 1620
f 657 737 693
f 657 737 623
f 586 722 666
f 5472 1515 1590
f 3266 3253 3293
f 656 5419 669
f 5754 5518 733
f 596 777 725
f 596 725 675
f 673 719 712
f 662 709 693
f 5202 920 609
f 5202 548 575
f 5202 609 575
f 715 5673 840
f 647 761 794
f 647 761 708
f 680 667 736
f 680 729 736
f 664 737 623
f 643 828 720
f 643 828 649
f 643 720 681
f 5673 840 692
f 655 711 706
f 5823 648 744
f 661 717 802
f 661 802 5314
f 707 722 838
f 685 704 729
f 686 710 590
f 686 713 5151
f 686 5151 590
f 696 640 823
f 656 5419 682
f 640 823 787
f 640 787 653
f 687 5518 711
f 644 560 789
f 688 792 721
f 2458 2596 2472
f 691 663 702
f 691 699 702
f 658 688 732
f 658 732 5314
f 2830 2773 2810
f 635 679 764
f 635 679 620
f 635 764 673
f 696 735 652
f 768 5820 5250
f 698 797 5128
f 698 5128 779
f 617 694 878
f 617 878 838
f 700 5180 684
f 700 5180 745
f 701 668 5185
f 701 5185 763
f 670 714 724
f 643 5185 780
f 5138 747 792
f 475 5700 5733
f 475 5197 5733
f 664 719 723
f 664 723 737
f 588 701 789
f 660 793 764
f 660 764 5467
f 704 670 800
f 704 784 800
f 2406 1693 2486
f 2406 2486 2491
f 828 630 649
f 617 707 838
f 670 724 800
f 705 697 762
f 705 697 714
f 705 714 724
f 710 773 590
f 648 695 744
f 703 776 752
f 698 720 797
f 698 720 681
f 686 713 731
f 686 728 731
f 697 762 735
f 752 787 653
f 713 702 731
f 727 735 652
f 4729 4659 4687
f 674 748 689
f 5327 675 683
f 669 745 5419
f 631 746 603
f 686 710 783
f 686 728 783
f 745 5419 775
f 717 802 925
f 701 789 763
f 718 908 709
f 719 712 723
f 689 672 760
f 675 725 683
f 695 744 751
f 695 706 751
f 748 5479 694
f 736 672 786
f 705 762 740
f 705 724 740
f 5180 684 5239
f 560 588 789
f 715 840 776
f 697 735 727
f 696 735 823
f 749 741 856
f 710 773 783
f 660 676 796
f 757 755 851
f 4244 4399 567
f 794 761 809
f 676 796 815
f 676 815 818
f 722 5765 666
f 750 5180 826
f 750 754 826
f 724 800 766
f 726 794 890
f 688 721 772
f 689 760 748
f 673 712 813
f 673 813 793
f 673 793 764
f 749 856 804
f 755 758 771
f 724 740 766
f 741 749 743
f 5195 781 739
f 688 732 772
f 5233 825 5826
f 5233 5826 5522
f 5233 5522 684
f 761 880 809
f 800 769 766
f 693 739 908
f 693 908 709
f 749 743 758
f 755 743 758
f 704 784 729
f 818 815 5657
f 818 5657 585
f 757 822 755
f 752 5289 756
f 734 816 852
f 734 816 5250
f 692 840 906
f 725 683 774
f 5180 775 745
f 5180 775 750
f 730 795 753
f 730 795 746
f 840 776 5775
f 5314 802 732
f 692 803 985
f 694 5479 878
f 717 5765 5444
f 717 5765 666
f 1341 1215 1419
f 780 791 681
f 780 681 643
f 18 5473 341
f 711 5518 751
f 711 751 706
f 660 793 796
f 5419 775 827
f 730 801 746
f 730 801 753
f 752 5289 776
f 721 772 820
f 481 576 948
f 481 920 948
f 481 920 609
f 750 850 754
f 5690 1165 1277
f 741 856 831
f 752 756 787
f 739 781 908
f 693 739 855
f 712 723 813
f 5629 803 692
f 5366 782 757
f 741 831 822
f 795 699 603
f 795 603 746
f 5180 4902 3677
f 5180 3677 826
f 755 851 771
f 822 741 743
f 822 743 755
f 769 841 766
f 757 851 782
f 672 760 786
f 759 3225 3174
f 684 5239 5522
f 784 729 805
f 683 863 747
f 762 735 823
f 740 766 806
f 5366 822 757
f 5195 739 855
f 5195 855 5548
f 5195 781 5548
f 791 681 698
f 791 779 698
f 767 5563 864
f 767 910 867
f 767 910 864
f 756 787 807
f 768 5657 837
f 768 837 5820
f 790 836 811
f 769 800 841
f 790 811 851
f 728 5544 731
f 728 5544 783
f 762 853 823
f 5563 864 829
f 5563 829 631
f 5233 684 950
f 5233 5672 950
f 773 812 814
f 773 812 783
f 749 758 881
f 749 804 881
f 811 851 782
f 776 819 5289
f 778 2273 2270
f 683 863 774
f 775 5434 827
f 779 5128 1703
f 729 736 805
f 5544 799 812
f 780 791 5185
f 748 760 846
f 784 800 805
f 684 950 867
f 4902 5180 5239
f 785 2305 2646
f 785 2681 2646
f 740 762 901
f 740 806 901
f 726 734 5250
f 726 734 890
f 775 750 850
f 788 810 744
f 788 744 5823
f 788 5754 5823
f 651 789 1510
f 747 792 870
f 789 1510 763
f 790 844 5201
f 721 820 858
f 772 732 857
f 792 870 721
f 793 813 796
f 794 809 821
f 794 890 821
f 733 810 5518
f 733 810 788
f 772 857 820
f 760 786 1032
f 760 846 1032
f 2596 2622 2458
f 732 802 857
f 776 5775 819
f 799 731 5544
f 851 790 5201
f 751 810 744
f 762 901 853
f 801 746 5600
f 788 733 5754
f 761 880 773
f 761 773 708
f 1994 2041 2140
f 800 841 805
f 5289 756 978
f 748 5479 846
f 813 833 796
f 723 813 855
f 723 855 737
f 775 5434 850
f 810 5518 751
f 884 782 5366
f 856 804 1001
f 802 830 989
f 802 857 989
f 801 753 5150
f 801 5600 5150
f 777 725 5431
f 736 805 883
f 836 844 790
f 576 990 948
f 576 990 678
f 836 887 811
f 3920 5607 1550
f 1685 1593 3829
f 718 872 908
f 682 651 882
f 808 847 832
f 808 887 836
f 808 847 866
f 808 866 844
f 808 836 844
f 841 5400 805
f 925 830 802
f 5775 819 897
f 692 906 985
f 806 4291 944
f 809 821 946
f 774 725 5431
f 774 5431 1016
f 766 806 841
f 806 4291 901
f 848 763 5185
f 848 791 5185
f 5522 5239 5235
f 5522 5826 5235
f 5657 837 833
f 5657 833 796
f 799 839 702
f 811 860 782
f 812 859 814
f 813 833 5548
f 813 5548 855
f 814 880 1084
f 814 880 773
f 816 5250 5820
f 817 5778 2179
f 819 1085 897
f 720 797 843
f 756 807 965
f 808 832 887
f 738 990 679
f 738 990 678
f 737 855 693
f 746 5600 631
f 797 843 5128
f 819 1085 5289
f 799 812 839
f 781 908 1019
f 944 806 841
f 763 898 845
f 763 898 848
f 814 1084 1088
f 779 791 848
f 771 758 881
f 807 787 889
f 807 5806 889
f 2399 2452 2505
f 847 832 903
f 847 903 904
f 857 984 820
f 825 5826 824
f 822 5366 917
f 822 885 917
f 747 863 870
f 1510 845 1097
f 1510 845 763
f 834 832 903
f 4240 742 5312
f 823 787 889
f 823 853 889
f 860 782 884
f 783 812 5544
f 5765 838 722
f 832 834 876
f 5672 825 5233
f 4511 4451 4550
f 5820 816 5697
f 834 5712 876
f 825 5174 5672
f 786 1032 736
f 849 868 839
f 807 965 865
f 870 721 858
f 870 858 936
f 828 1040 1042
f 828 1040 720
f 828 1042 872
f 828 872 718
f 822 831 885
f 717 925 5444
f 837 833 900
f 831 856 885
f 829 5600 631
f 803 777 5629
f 803 777 5431
f 778 1659 2270
f 5366 884 917
f 834 903 869
f 5150 699 795
f 5150 753 795
f 868 849 951
f 886 764 5467
f 837 900 5697
f 837 5697 5820
f 866 844 862
f 844 1002 5201
f 839 699 702
f 812 839 868
f 840 5775 906
f 920 5202 5653
f 5411 3677 4902
f 5411 5701 4902
f 978 1145 5289
f 833 5548 900
f 910 867 916
f 734 890 1709
f 883 1032 736
f 846 1037 5479
f 846 1032 1037
f 847 904 905
f 847 905 866
f 848 893 779
f 850 754 5434
f 851 771 939
f 851 939 5201
f 956 5411 892
f 5548 900 922
f 5653 920 948
f 5653 948 990
f 804 881 1001
f 651 1510 882
f 868 982 951
f 901 5477 853
f 876 887 832
f 5806 807 865
f 826 1011 754
f 944 841 5708
f 805 5713 5400
f 812 859 868
f 2549 2550 2708
f 5712 899 907
f 5712 899 834
f 5477 889 853
f 878 988 5479
f 849 839 5379
f 849 951 919
f 849 919 5379
f 734 1709 900
f 734 852 900
f 5712 975 907
f 816 852 5697
f 857 989 1064
f 858 820 984
f 859 1088 814
f 860 895 811
f 861 2884 2977
f 5239 5701 4902
f 950 867 916
f 898 893 848
f 3677 915 826
f 863 870 955
f 5382 2883 2844
f 838 878 5765
f 883 1032 924
f 835 956 995
f 852 5697 900
f 5400 841 912
f 888 927 899
f 888 899 869
f 5826 5235 824
f 2539 5438 2335
f 883 875 924
f 870 936 955
f 1097 845 940
f 901 5477 932
f 864 829 5281
f 864 5281 910
f 872 908 1031
f 873 1029 923
f 873 1029 892
f 844 862 1002
f 5411 879 5236
f 5411 879 956
f 895 811 887
f 874 894 871
f 827 882 682
f 827 682 5419
f 5712 876 975
f 876 902 895
f 876 895 887
f 781 1019 1038
f 878 5444 991
f 878 5444 5765
f 898 893 914
f 880 809 5307
f 839 5379 699
f 5379 5150 699
f 871 913 874
f 1084 880 1066
f 1040 843 720
f 883 5713 805
f 869 888 977
f 869 977 903
f 877 935 938
f 877 937 938
f 1085 1145 5289
f 845 898 940
f 978 965 756
f 841 921 5708
f 2521 909 371
f 889 5806 5477
f 4291 901 932
f 890 821 966
f 3058 3004 3110
f 3058 3110 3159
f 3058 3180 3159
f 911 5247 983
f 5247 903 904
f 5247 904 911
f 5247 1014 977
f 876 902 975
f 843 970 5128
f 841 921 912
f 2492 2475 2354
f 875 949 924
f 859 868 962
f 1703 893 1017
f 1703 893 779
f 913 871 5572
f 949 996 924
f 873 891 892
f 873 923 891
f 771 974 939
f 5444 925 1057
f 893 1017 961
f 829 5281 942
f 5444 1057 991
f 877 896 935
f 895 980 860
f 895 980 902
f 935 5328 5322
f 896 877 952
f 880 5307 1096
f 880 1066 1096
f 871 5572 934
f 871 894 934
f 877 952 937
f 5411 892 5701
f 899 869 834
f 5247 983 1014
f 5572 928 934
f 907 899 5229
f 862 905 1049
f 862 1002 1049
f 528 990 5653
f 528 886 990
f 856 1001 885
f 891 5701 994
f 954 910 916
f 903 977 5247
f 890 1034 966
f 905 862 866
f 904 905 931
f 904 911 931
f 868 982 971
f 5281 954 910
f 881 974 771
f 894 979 1030
f 894 979 874
f 754 5434 997
f 754 997 1011
f 907 975 5229
f 908 1019 1031
f 5477 932 1067
f 891 892 5701
f 1510 1068 1097
f 1806 1803 1861
f 935 938 5322
f 888 927 972
f 888 972 977
f 3677 5236 915
f 890 1709 1034
f 5280 934 953
f 913 874 958
f 913 958 987
f 894 934 5199
f 5280 934 959
f 5280 5229 959
f 5229 899 5280
f 3134 2962 3106
f 979 874 958
f 913 987 964
f 913 964 5572
f 4291 968 932
f 914 898 940
f 875 949 1052
f 985 1167 906
f 915 1011 826
f 5681 928 934
f 860 884 1074
f 860 1074 980
f 3126 5433 5383
f 918 4567 5783
f 879 5485 1116
f 899 953 5280
f 952 937 969
f 936 955 1075
f 922 1709 900
f 3032 2895 3366
f 3032 3366 3191
f 896 5319 5293
f 896 5319 952
f 5806 865 947
f 5806 930 947
f 921 5708 1000
f 926 930 986
f 1029 892 1205
f 930 986 943
f 930 943 947
f 830 989 1073
f 5681 934 953
f 5681 953 5542
f 924 1032 1081
f 5370 5521 622
f 896 5328 935
f 896 976 5328
f 896 976 5293
f 996 949 1052
f 827 882 5434
f 925 830 1057
f 5135 3372 5759
f 5235 1089 5239
f 926 930 963
f 821 946 966
f 858 936 984
f 923 891 994
f 923 994 1043
f 954 1007 916
f 872 1042 1031
f 927 899 1022
f 927 1022 972
f 5236 915 879
f 5236 5411 3677
f 919 942 5281
f 919 954 951
f 919 954 5281
f 919 5379 942
f 3106 3185 3134
f 902 975 993
f 934 959 5199
f 892 956 1205
f 937 941 938
f 1022 5542 899
f 924 996 1081
f 1761 1792 1868
f 1761 1885 1868
f 868 962 1202
f 868 1202 971
f 911 931 5750
f 646 5467 5208
f 825 981 5174
f 825 824 981
f 5542 899 953
f 938 5322 973
f 5229 959 975
f 941 938 967
f 902 980 1128
f 902 993 1128
f 916 950 1021
f 938 945 967
f 938 945 973
f 1024 928 5572
f 3215 1185 5440
f 3215 5440 5315
f 5275 1220 1315
f 5308 5114 5121
f 926 960 986
f 926 963 960
f 922 781 5548
f 922 1034 1709
f 922 1034 781
f 944 968 5708
f 956 1261 995
f 865 965 947
f 5431 1016 1094
f 932 999 1067
f 882 5393 1068
f 882 1510 1068
f 1142 933 1093
f 5477 1018 1067
f 978 965 1145
f 946 809 5307
f 912 921 5198
f 912 5400 5713
f 931 905 1049
f 885 917 1035
f 885 1001 1035
f 830 1073 1039
f 830 1057 1039
f 1002 939 5201
f 954 951 1007
f 955 1075 1233
f 955 1233 1168
f 955 1168 863
f 941 967 992
f 956 1205 1261
f 958 987 998
f 957 963 1023
f 942 5150 5379
f 940 1171 1097
f 878 988 1057
f 878 991 1057
f 5328 5322 958
f 994 1089 5701
f 5542 1059 1022
f 5542 5311 1059
f 5542 5311 5681
f 843 970 1041
f 843 1040 1041
f 941 937 1003
f 1018 5806 963
f 990 886 679
f 921 1000 5198
f 930 5806 963
f 914 1171 940
f 5328 976 1027
f 5328 958 1055
f 5328 1055 1027
f 803 985 5431
f 5806 1018 5477
f 963 960 1023
f 5701 5239 1089
f 5293 5319 1036
f 941 992 1003
f 988 1037 5479
f 5235 5130 824
f 983 1004 5750
f 983 911 5750
f 972 1028 977
f 969 937 1105
f 973 945 1054
f 973 5283 1054
f 5485 1116 1245
f 1030 5199 894
f 906 1167 5775
f 974 939 1100
f 973 5322 5283
f 881 1001 974
f 951 1007 982
f 937 1105 1003
f 979 5322 958
f 1023 957 1025
f 980 1128 1132
f 957 963 1079
f 957 1079 1025
f 918 4567 4663
f 964 987 1044
f 964 1044 1050
f 1037 1032 1033
f 992 967 1005
f 992 1047 1109
f 884 917 1099
f 884 1099 1074
f 1014 1015 983
f 975 993 959
f 859 1088 1224
f 859 962 1224
f 1005 1008 945
f 1005 945 967
f 2218 2163 2154
f 969 5155 1105
f 984 857 1087
f 984 1147 1087
f 1081 1090 996
f 985 1167 5431
f 774 1016 863
f 988 1057 1037
f 931 5750 1061
f 931 1049 1061
f 989 1064 1073
f 1703 1010 1017
f 875 5713 883
f 875 1052 5713
f 1038 1034 781
f 932 968 1056
f 932 999 1056
f 986 943 1048
f 950 5672 1021
f 1024 5572 964
f 1105 1133 1003
f 946 5307 1038
f 946 1038 966
f 992 1047 1003
f 958 1055 998
f 1076 961 893
f 5155 1174 1105
f 1137 5319 952
f 1137 969 952
f 1005 1008 1103
f 996 1063 1071
f 1009 5319 1036
f 965 1145 947
f 1089 1072 5235
f 1038 1012 1019
f 999 1134 1178
f 999 1067 1178
f 897 1167 1146
f 897 1167 5775
f 5285 1829 1955
f 1018 963 1079
f 964 1024 1050
f 1002 1020 1049
f 968 5708 1056
f 5672 1021 5491
f 5672 5491 1046
f 5672 1046 5174
f 928 5311 5681
f 1027 1036 976
f 5283 1030 979
f 5283 5322 979
f 972 1022 1059
f 960 986 1136
f 994 5275 1043
f 1004 1061 5750
f 992 1005 5455
f 992 1109 5455
f 980 1132 1074
f 1036 5293 976
f 1009 1036 1058
f 1031 1042 1012
f 943 1048 947
f 961 1076 1017
f 1006 1009 1082
f 1006 1009 5319
f 986 1107 1136
f 1134 999 1056
f 987 998 1044
f 1007 1021 916
f 5235 1072 5130
f 945 1008 1054
f 993 959 1026
f 996 1063 1052
f 1009 1058 1082
f 1008 1054 5141
f 857 1064 1087
f 5431 1094 1051
f 1010 1017 1053
f 1010 1703 1143
f 982 971 5554
f 1006 1212 5319
f 972 1028 1083
f 993 1078 1128
f 1001 1035 974
f 1036 1027 1060
f 1046 5491 1226
f 959 5199 1026
f 1002 1020 1092
f 1016 1168 863
f 994 1089 5275
f 917 1099 1035
f 1018 1067 1079
f 1025 1023 1135
f 1025 1135 1197
f 1008 1119 1103
f 5311 1086 5131
f 5311 1086 928
f 5739 1707 1753
f 1047 1003 1177
f 936 984 1108
f 936 1075 1108
f 1007 1077 982
f 1023 960 1136
f 1024 1086 928
f 981 5130 824
f 1005 1103 1129
f 1005 1129 5455
f 5283 1030 1054
f 998 1044 1121
f 1015 983 1004
f 5434 5393 1102
f 5434 1102 997
f 5434 882 5393
f 1027 1060 1095
f 1027 1095 1055
f 1008 5141 1119
f 1182 893 914
f 1182 893 1076
f 1028 1014 977
f 1024 1086 1050
f 1133 1003 1177
f 1099 1074 1138
f 1031 1019 1012
f 5708 1000 1193
f 5708 1056 1193
f 1014 1028 1106
f 1032 1033 1081
f 970 5128 1703
f 1015 1014 1106
f 1034 1038 966
f 1035 1099 1117
f 1036 1058 1060
f 1052 1114 1063
f 972 1059 1083
f 5485 1245 5490
f 939 1002 5447
f 1026 1078 993
f 970 1041 1131
f 1085 1191 897
f 998 1055 1121
f 622 3819 298
f 5170 2926 2805
f 1040 1042 1041
f 1042 1012 5154
f 1042 5154 1041
f 1177 1047 1211
f 1043 923 1315
f 1043 5275 1315
f 1044 1149 1050
f 1045 2269 2254
f 1105 1133 1174
f 1046 1070 5174
f 1166 1167 5431
f 1166 1051 5431
f 1166 1051 5388
f 947 1126 1048
f 1048 1126 1148
f 1137 1212 5319
f 1049 1061 1180
f 1049 1187 1180
f 1145 947 5439
f 1086 5133 1050
f 1030 1054 5141
f 1049 1187 1020
f 1115 5198 912
f 1115 912 5713
f 1050 1127 5133
f 1109 1047 1161
f 1002 1092 5447
f 1012 1038 5154
f 1090 1071 996
f 1010 1143 5466
f 1058 1181 1060
f 947 1126 5439
f 1044 1149 1121
f 1052 5713 1115
f 1052 1114 1115
f 962 1112 1202
f 1039 1033 1057
f 1039 1033 1073
f 5199 1026 1120
f 962 1224 1112
f 1136 1023 1135
f 5231 1486 1406
f 1127 1149 1050
f 1076 1010 1182
f 1058 1082 1098
f 1062 1202 971
f 1062 971 1279
f 3801 3581 3780
f 5141 1119 1157
f 1064 1073 1090
f 1064 1090 1175
f 5198 1141 1000
f 1010 1053 1076
f 1066 1096 5822
f 1066 1084 5822
f 1067 1178 1079
f 1086 5131 1101
f 1068 1097 1219
f 1068 1130 1219
f 1069 1231 1337
f 1069 1231 1353
f 1070 5174 981
f 1120 5141 1030
f 1120 1030 5199
f 1088 1084 1118
f 3876 3933 3890
f 1058 5272 1181
f 1035 974 1117
f 5182 5249 1407
f 5182 1407 5567
f 1048 1107 1148
f 1048 1107 986
f 1056 1294 1134
f 1056 1193 1150
f 1061 1180 1250
f 1072 1104 1089
f 1077 1313 5554
f 1077 982 5554
f 1038 1096 1153
f 1038 1096 5307
f 1038 1153 5154
f 1075 1160 1108
f 1211 1047 1161
f 5133 1127 1125
f 5133 1125 1086
f 1703 970 1143
f 1033 1037 1057
f 1171 1097 1219
f 1160 1093 1108
f 1025 1079 1197
f 1055 1095 1155
f 1055 1121 1155
f 1053 1076 1017
f 1028 1083 5827
f 1073 1090 1111
f 1104 5275 1089
f 997 1102 1011
f 1096 5822 1153
f 1020 1092 1195
f 1085 1191 1164
f 1060 1095 1181
f 1086 1101 1125
f 1088 1118 1224
f 1136 1107 1249
f 1051 1122 1179
f 1051 1122 1094
f 1158 1006 1082
f 1101 1113 5131
f 1101 1113 1194
f 1143 1131 970
f 914 1091 5394
f 914 5290 1171
f 914 5290 5394
f 1160 1093 1142
f 1091 5394 1198
f 5340 1292 995
f 5340 1261 995
f 1093 1108 1147
f 5131 1059 1113
f 1072 1104 5385
f 1072 5130 5385
f 1056 1150 1139
f 1056 1294 1139
f 5154 1140 1153
f 5393 1102 1208
f 1099 1117 1138
f 1101 1194 1125
f 1118 1084 5822
f 1118 5822 1153
f 984 1147 1108
f 1137 1174 5155
f 1021 1007 1077
f 1051 1179 5388
f 5198 1115 1141
f 1090 1081 1111
f 1016 1094 1168
f 1149 1121 1176
f 1073 1033 1111
f 1104 5385 5275
f 1082 1158 1232
f 1082 1232 1098
f 879 1116 1165
f 879 1165 915
f 1064 1087 1186
f 1106 1015 1156
f 1102 1208 5690
f 1136 1249 1327
f 1085 1145 1164
f 1000 1141 1193
f 5827 1028 1154
f 1120 1184 1026
f 3582 1654 3474
f 939 5447 1228
f 939 1228 1100
f 1109 1188 5455
f 2580 2505 2550
f 1075 1160 1293
f 1075 1233 1293
f 1046 1070 1207
f 933 1093 1159
f 1064 1175 1186
f 1081 1033 1111
f 1291 1130 1068
f 1291 1080 5393
f 1291 1068 5393
f 5272 1839 1058
f 1112 1202 1223
f 1070 1207 981
f 1107 1218 1300
f 1107 1300 1249
f 1113 1194 1258
f 1175 1090 1071
f 1059 1083 1113
f 1087 1147 1159
f 1087 1159 1186
f 1107 1148 1218
f 1197 1079 1183
f 5455 1129 1188
f 1170 1212 1006
f 1115 1162 5746
f 1106 1156 1280
f 2549 2644 2690
f 2549 2690 5426
f 1145 1169 5439
f 1004 5562 1061
f 1118 1140 1153
f 1118 1224 1140
f 1120 5141 1157
f 1120 1157 1184
f 2739 5352 2677
f 2739 5352 2835
f 1122 1179 1306
f 1212 1124 1137
f 974 1100 1117
f 1100 1117 1221
f 1115 1114 1162
f 1123 1063 1144
f 1123 1144 1152
f 1124 1137 1173
f 1176 1149 1216
f 1127 1149 1312
f 933 1144 1152
f 933 1144 1159
f 933 1152 1142
f 1128 1132 1260
f 1127 1125 1326
f 1127 1312 1326
f 1102 1011 5690
f 1074 1132 1214
f 1074 1138 1203
f 1074 1203 1214
f 1015 1004 1156
f 1132 1260 1214
f 1135 1136 1237
f 2235 2234 1443
f 3876 3839 3922
f 3876 3922 3933
f 1083 5827 1113
f 1114 1063 1263
f 1029 5129 923
f 1029 1205 5129
f 5491 1021 1226
f 1136 1237 1327
f 1011 5690 1165
f 1011 1165 915
f 1139 1150 1345
f 785 2457 2544
f 1063 1144 1071
f 1121 1155 1176
f 1080 1208 1190
f 1080 1208 5393
f 1133 1174 1209
f 1028 1154 1106
f 897 1191 1146
f 1093 1147 1159
f 1822 5324 5784
f 2928 2898 2990
f 2928 2989 2990
f 1137 1173 1255
f 1137 1255 1174
f 1143 5466 1131
f 5466 1201 1182
f 5466 1010 1182
f 1094 1168 1122
f 1182 1091 1204
f 1079 1183 1178
f 1149 1216 1309
f 971 1279 5554
f 1158 1170 1189
f 1158 1170 1006
f 1151 1140 5154
f 1151 1041 5154
f 1272 1212 1124
f 1272 5227 1124
f 1117 1221 1138
f 1098 1839 1058
f 1154 1106 1280
f 1154 1280 1318
f 1154 1318 5827
f 1095 1181 1213
f 1095 1155 1213
f 1020 1187 1195
f 1280 1156 1285
f 1145 1164 1169
f 1091 1198 1204
f 5129 1315 923
f 5213 3017 3097
f 5213 3017 3055
f 1429 1289 1335
f 1429 1335 1756
f 1208 1172 1190
f 1123 1152 1229
f 1123 1229 1063
f 1245 1116 5146
f 1311 1277 5690
f 1311 5690 1393
f 1131 1151 1041
f 1092 1195 5447
f 1077 1215 1341
f 1158 1189 1232
f 1144 1175 1071
f 1164 1169 1325
f 1166 1167 1246
f 1166 1246 5388
f 5385 1231 5130
f 1167 1246 1146
f 1224 1223 1112
f 5290 1171 1240
f 1520 1172 1190
f 3407 3295 3617
f 1004 1156 1287
f 1004 5562 1287
f 1135 1197 1316
f 1135 1237 1316
f 5466 1201 1268
f 1170 1189 1272
f 1171 1219 1284
f 1171 1240 1284
f 1172 5334 1520
f 1174 1209 1238
f 1133 1209 1177
f 1119 1253 1248
f 1224 1140 1230
f 1115 1141 1192
f 1115 1192 5746
f 1100 1221 1234
f 1327 1237 1301
f 1141 1193 1323
f 1181 1213 5272
f 1119 1103 1253
f 3688 3665 5445
f 1184 1078 1026
f 5426 2708 2549
f 5562 1250 1061
f 5147 1254 1207
f 1157 1184 1248
f 1157 1248 1119
f 1226 1207 1046
f 1159 1175 1144
f 1161 1188 1264
f 1161 1188 1109
f 1176 1155 1213
f 1224 1270 1230
f 1232 1098 1839
f 1188 1338 1129
f 1189 1241 1272
f 1151 1140 1230
f 5466 1151 1268
f 1191 1164 1304
f 1191 1304 1256
f 1233 1168 1267
f 3741 1200 3794
f 1193 1150 1386
f 1189 1206 1241
f 1194 1244 1125
f 1174 1255 1238
f 1196 1254 5147
f 1196 5147 1227
f 1197 1183 1316
f 1152 1229 1349
f 3175 3024 3095
f 3175 3095 3220
f 1164 1325 1304
f 1069 1527 1353
f 1199 2420 2547
f 1199 2547 2727
f 1199 5382 2727
f 1189 1206 1236
f 1254 1207 981
f 1254 981 5130
f 1178 1134 5790
f 1201 1268 1235
f 1078 1260 1128
f 1207 1226 1210
f 1207 1210 5147
f 1116 5146 1247
f 5394 1269 5290
f 5784 5571 5324
f 5129 1205 1457
f 1175 1159 1186
f 1203 1214 1296
f 1221 1138 1242
f 1520 5231 1257
f 1520 1257 1190
f 1170 1212 1272
f 1205 1261 1457
f 1208 1172 1319
f 1208 1319 5690
f 1210 5553 1227
f 1210 5147 1227
f 5129 1315 1478
f 1211 1276 1161
f 1129 1103 1331
f 1129 1283 1331
f 1165 1116 1247
f 1165 1277 1247
f 1149 1312 1309
f 1189 1236 1232
f 1209 1259 1225
f 1131 1151 5466
f 1148 1218 1305
f 1138 1242 1295
f 1209 1225 1238
f 1338 1129 1283
f 1103 1253 1331
f 1152 1142 1349
f 5394 1198 1204
f 1220 5136 1383
f 1180 1187 1262
f 1138 1203 1295
f 1209 1177 1239
f 1209 1259 1239
f 1113 1258 5827
f 1114 1162 1263
f 5136 1231 1220
f 1184 1260 1078
f 1215 1432 1427
f 1215 1432 1021
f 1215 1434 1427
f 1215 1077 1021
f 1221 1234 1321
f 1187 1195 1262
f 1226 1266 1210
f 1194 1244 1258
f 1150 1386 1345
f 1151 1268 1230
f 1021 1266 1226
f 1021 1266 1432
f 1222 1217 1271
f 1217 1271 1288
f 1218 1300 1464
f 1218 1464 1305
f 1242 1295 1251
f 1169 5439 5401
f 1183 1178 1334
f 1217 1222 1251
f 1211 1276 1239
f 1211 1239 1177
f 1221 1242 1297
f 1202 1230 1062
f 1162 5746 1358
f 1191 1146 1256
f 1214 1296 5643
f 1173 5227 1124
f 1839 1232 1252
f 5310 1065 3094
f 1259 1239 1384
f 1161 1264 1370
f 1161 1370 1276
f 1213 1176 1275
f 5746 1192 1358
f 1215 1434 1419
f 1224 1223 1270
f 1225 1410 1259
f 1222 1297 1265
f 1156 1285 1287
f 1365 1252 1839
f 1365 5272 1839
f 1228 1234 1100
f 1222 1271 1265
f 1231 1254 5130
f 1146 1256 1246
f 1222 1242 1251
f 1203 1295 1296
f 1231 5385 5275
f 5562 1250 1380
f 1253 1248 1390
f 1341 1313 1077
f 1221 1297 1321
f 1206 1241 5230
f 1237 1316 1351
f 1217 1273 1251
f 1130 1284 1219
f 3801 3581 3701
f 3801 3701 3883
f 5136 1337 1383
f 1183 1316 1298
f 1183 1298 1334
f 1202 1223 1270
f 1202 1230 1270
f 5401 1355 1278
f 1222 1242 1297
f 1184 1260 1356
f 1184 1356 1310
f 1279 1282 1062
f 5146 1247 1289
f 1192 1358 1480
f 1228 1555 1234
f 1214 1260 5643
f 1192 1141 1323
f 1192 1323 1448
f 1266 1274 1432
f 1241 1272 1281
f 1243 5010 5107
f 1243 5107 5094
f 1201 1235 1329
f 1331 1253 5160
f 1213 5272 1415
f 5334 5231 1520
f 5334 1319 1172
f 1176 1216 1275
f 1238 1225 1255
f 1245 5146 5569
f 1245 5569 5490
f 5290 1269 1240
f 1178 5790 1334
f 1246 1375 1413
f 1125 1244 1326
f 1184 1310 1248
f 1268 1230 1282
f 1268 5343 1282
f 1247 1289 1307
f 5447 1228 1317
f 1264 1338 1188
f 1302 1313 5554
f 1302 5554 1279
f 1193 1323 1386
f 1173 1255 1308
f 665 2137 1402
f 1464 1305 1441
f 1269 1182 1201
f 1148 1278 1126
f 1148 1305 1278
f 3671 3503 3832
f 1217 1273 1288
f 1250 1262 1380
f 1162 1358 1263
f 5553 1227 5402
f 5553 5249 5402
f 1160 1142 1293
f 1292 5569 995
f 5388 1179 1394
f 5388 1375 1394
f 1196 1227 1303
f 1196 1303 1254
f 3205 3267 1654
f 1246 1375 5388
f 1232 1252 5475
f 1253 5160 1390
f 1195 5447 1556
f 1192 1448 1480
f 1134 5790 1294
f 1410 1259 1328
f 1257 1291 1080
f 1257 1190 1080
f 1617 1630 1721
f 1617 1721 1769
f 1142 1293 1348
f 1260 5643 5458
f 2612 1764 2520
f 2612 2520 2696
f 1261 1457 1805
f 1247 1277 1307
f 1235 1333 1268
f 1266 5182 5553
f 1266 1210 5553
f 1233 1267 1293
f 1225 1255 1518
f 1266 5182 1274
f 1325 1169 5292
f 1248 1310 1390
f 1237 1351 1456
f 1237 1456 1301
f 1230 1282 1062
f 1267 1293 1350
f 1241 1281 1299
f 1241 1299 5230
f 1239 1276 1381
f 1255 1339 1308
f 1255 1339 1286
f 1244 1326 1330
f 1213 1415 1460
f 1271 1288 1290
f 5343 1333 1268
f 1244 1330 5407
f 1142 1349 1348
f 1276 1381 1340
f 1271 1332 1290
f 5227 1308 1173
f 1277 1311 1307
f 2166 5666 2202
f 1278 1126 5439
f 1279 1302 1352
f 1280 1285 1346
f 1283 1512 1331
f 1283 1512 1338
f 1355 5401 5292
f 1255 1286 1518
f 1195 1262 1322
f 1195 1556 1322
f 1227 1353 5402
f 1285 1287 1347
f 5401 1169 5292
f 1287 1380 5562
f 1287 1347 1380
f 1288 1290 1324
f 1289 1307 1335
f 1413 1256 1246
f 1291 5797 1130
f 1228 1317 1555
f 1269 1329 1201
f 1292 5184 5340
f 5690 1319 1393
f 1278 5439 5401
f 5450 1284 1130
f 5450 1130 5797
f 1295 1296 1367
f 1236 1366 1336
f 1236 1206 1336
f 1296 5643 1424
f 1296 1424 1367
f 1297 1265 1321
f 1339 1286 1493
f 1216 1344 1275
f 1273 1288 1354
f 1273 1354 1399
f 1478 1447 5129
f 1384 1239 1381
f 1229 1349 1401
f 1299 1416 1431
f 1288 1324 1354
f 1302 1313 1352
f 1303 1353 1254
f 1244 5407 1258
f 1304 1256 1342
f 1304 1342 1426
f 1213 1275 1460
f 1305 1278 1374
f 1305 1441 1374
f 1259 1384 1357
f 1259 1328 1357
f 1260 5458 1356
f 1225 1518 1410
f 1356 1310 1422
f 1447 1457 5129
f 1231 1337 5136
f 1231 1353 1254
f 1258 1318 5827
f 1258 1318 5782
f 1216 1309 1344
f 1252 5475 1421
f 1290 1332 1320
f 1365 1415 5272
f 1312 1326 1359
f 1312 1309 1359
f 1240 1284 1343
f 1271 1332 1440
f 1263 1229 1063
f 5797 1391 1291
f 5421 3296 3263
f 1220 5142 1315
f 1220 5142 1383
f 2173 2225 5386
f 472 5157 612
f 1286 1493 1361
f 1293 1350 1378
f 1295 1251 1367
f 1284 5450 1343
f 1285 1346 1347
f 1265 1271 1440
f 1265 1440 1519
f 5771 1416 1272
f 5771 2855 1272
f 1318 1346 1280
f 1301 1327 1417
f 1301 1417 1396
f 1282 1279 1368
f 1416 1431 1471
f 1267 1350 5349
f 1267 5349 1168
f 1319 1393 1446
f 1311 1756 1307
f 1311 1756 1393
f 1256 1413 1342
f 1139 1345 1433
f 1139 1294 1433
f 1249 1327 1417
f 1249 1417 1300
f 1229 1263 1401
f 1313 1364 1352
f 3544 3836 4205
f 2631 2548 2531
f 1756 1307 1335
f 1756 1418 1393
f 1326 1359 1330
f 1303 1353 1227
f 1366 1376 5475
f 1366 1232 1236
f 1366 1232 5475
f 1367 1251 1467
f 1329 1333 1235
f 1329 1343 1333
f 1300 1464 5837
f 4656 4577 4621
f 4656 4592 4577
f 1262 1380 1392
f 1262 1322 1392
f 5450 1472 5797
f 1331 1557 5160
f 1334 1294 1428
f 1334 1294 5790
f 1320 1290 1363
f 1290 1425 1324
f 1290 1425 1363
f 1309 1344 1372
f 1416 1299 1281
f 1416 1281 1272
f 1338 1370 1371
f 1338 1370 1264
f 1395 5402 5249
f 1252 1421 1365
f 1276 1370 1340
f 1274 1432 1444
f 1278 1355 1374
f 1320 1440 1363
f 1320 1440 1332
f 1257 1391 1291
f 1306 1394 1179
f 1341 1313 1389
f 1323 1405 1448
f 5450 1400 1472
f 1286 1518 1361
f 1386 1323 1405
f 1279 1368 1352
f 1329 1343 1240
f 1329 1240 1269
f 1234 1555 1321
f 1346 1347 1409
f 1309 1372 1359
f 5450 5343 1343
f 5450 5343 1400
f 1265 1321 1435
f 1265 1519 1435
f 5343 1333 1343
f 1319 1397 1446
f 5334 1466 5231
f 5334 1397 1319
f 1394 1485 1375
f 1310 1390 1422
f 1424 5649 5643
f 1347 1380 1420
f 1315 1478 3708
f 1315 5142 3708
f 1316 1351 1453
f 1382 5249 1395
f 1382 5249 1369
f 5403 1817 1846
f 1349 1401 1385
f 3424 3945 4250
f 1324 1354 1425
f 1263 1358 1377
f 1263 1401 1377
f 1294 1462 1428
f 4913 4920 4946
f 1426 1342 1398
f 1318 5782 5584
f 3945 4229 4265
f 1313 1364 1400
f 1313 1389 1400
f 1294 1462 1433
f 5182 5249 5553
f 1344 1275 1404
f 1348 1349 1385
f 1342 1413 5299
f 1346 1318 1409
f 1304 1325 1426
f 1356 1497 5458
f 1380 1392 1408
f 1358 1377 1538
f 1440 1363 1439
f 1330 5407 1437
f 1359 1330 1437
f 1877 1898 5364
f 1877 5364 2113
f 3582 3474 3703
f 3582 3703 5812
f 1325 1426 5292
f 1391 1406 1257
f 1360 3204 3709
f 1468 1458 5292
f 1415 1421 1365
f 1301 1456 1396
f 1251 1273 1467
f 5643 5649 5458
f 1206 5230 1336
f 1354 1425 1414
f 1364 1368 1400
f 1364 1368 1352
f 1275 1404 1403
f 1366 1376 1551
f 1366 1336 1551
f 5782 5584 1387
f 1344 1372 1404
f 1512 1371 1338
f 1512 1557 1331
f 1348 1411 1385
f 1334 1428 5605
f 1417 5837 1300
f 1417 5837 1388
f 1306 5349 1122
f 1306 1394 5349
f 5771 1308 1449
f 5771 2855 5227
f 1368 1400 5343
f 1341 1389 1470
f 1369 5249 1430
f 1369 1382 1430
f 1308 5227 5771
f 1370 1340 1459
f 1355 1458 5292
f 3217 3262 3266
f 1368 1282 5343
f 1348 1378 1293
f 1347 1409 1508
f 1347 1508 1420
f 1472 1391 1454
f 1472 1391 5797
f 1298 1484 1334
f 1298 1484 1316
f 1354 1414 1399
f 1337 1383 1069
f 5407 5782 765
f 5407 5782 1258
f 1342 5299 1398
f 1634 1415 1460
f 1273 1467 1399
f 1375 1413 1482
f 1425 1363 1414
f 5231 1406 1257
f 2919 2808 2998
f 2224 2147 2326
f 1462 1433 1529
f 1380 1420 1408
f 1404 1403 5153
f 1261 5340 5184
f 5407 765 1442
f 5407 1442 1437
f 5771 1449 1416
f 1542 5683 5146
f 1542 5146 5569
f 1372 5196 1404
f 1381 1340 1451
f 5683 1429 1289
f 5683 5146 1289
f 1359 1372 1412
f 1382 1395 5774
f 5249 1430 1407
f 1384 1381 1357
f 1299 1431 1528
f 1299 5230 1528
f 5784 5184 1805
f 1493 1339 1423
f 1386 1405 1436
f 1386 1345 1436
f 5584 1318 1409
f 5349 1122 1168
f 1437 1359 1412
f 1387 1535 5584
f 1467 1399 1465
f 1308 1449 1423
f 1393 1418 1446
f 1394 5349 1485
f 1395 5402 1353
f 1405 1448 1474
f 1507 5182 1274
f 1507 1274 1444
f 1405 1474 1479
f 1405 1436 1479
f 1426 1468 1450
f 1426 1468 5292
f 1339 1423 1308
f 1356 1422 1565
f 1356 1497 1565
f 4117 4304 4330
f 4117 4304 5279
f 1389 1400 1469
f 1403 1275 1649
f 1519 1440 1439
f 1421 1455 5475
f 1317 1555 1608
f 1317 1608 1549
f 1317 1549 1556
f 1387 5782 765
f 1387 765 1494
f 1407 1619 5567
f 1493 671 1361
f 1427 1432 5777
f 1409 5584 1535
f 1419 1434 1445
f 1348 1411 1523
f 1348 1378 1523
f 1410 1328 1496
f 1410 1518 1496
f 5349 1452 1485
f 1456 1396 1476
f 1328 1357 1496
f 1413 1482 5299
f 1370 1371 1461
f 1414 1399 1481
f 1422 1390 1553
f 1415 1421 1562
f 1415 1562 1603
f 1415 1603 1634
f 1340 1459 1451
f 1416 1449 1488
f 5569 5490 995
f 1417 1388 1618
f 1417 1396 1618
f 5649 1539 5458
f 1399 1465 1481
f 1454 1406 1391
f 1458 1355 1554
f 1416 1488 1471
f 1583 1431 1528
f 1583 1471 1431
f 1542 1491 5683
f 1421 1562 1455
f 1420 1625 1508
f 1345 1433 1436
f 1555 1435 1321
f 1372 1412 1543
f 1372 5196 1543
f 1334 5605 1484
f 1467 1367 1492
f 1419 1470 1445
f 1419 1470 1341
f 1456 1351 1476
f 5142 1069 1383
f 1426 1398 1450
f 1472 1400 1469
f 1472 1454 1477
f 1756 1489 3086
f 1756 1489 1418
f 1429 3086 1756
f 1363 1439 1414
f 1351 1453 1476
f 5565 1397 5334
f 1355 1554 1374
f 2940 3682 3624
f 1449 1505 1488
f 1432 5777 1444
f 1385 1401 5642
f 1385 1411 5642
f 1381 1357 1548
f 1381 1451 1548
f 1378 5349 1350
f 671 1361 1576
f 1435 1519 1533
f 1401 1377 1499
f 1401 5642 1499
f 1409 1508 1552
f 1409 1535 1552
f 1414 1439 1481
f 1437 1442 5296
f 1437 1412 1546
f 1437 1546 5296
f 1438 3565 3815
f 1428 1462 1544
f 1428 5605 1544
f 1441 1498 1464
f 1434 1445 1470
f 1434 1427 1469
f 1434 1469 1470
f 5349 1452 1522
f 5349 1522 1378
f 3690 3786 3670
f 5142 3708 1527
f 1442 765 5296
f 1389 1469 1470
f 1423 1493 1504
f 5565 1418 1446
f 5142 1069 1527
f 4511 4512 5662
f 4511 4512 4558
f 5565 1397 1446
f 5565 1495 1466
f 5605 1473 1484
f 4170 4175 4307
f 4170 4245 4307
f 5231 1466 1486
f 1443 2289 2445
f 1411 1523 1572
f 1316 1453 1484
f 1418 5565 1489
f 5219 2366 2439
f 1406 1454 1477
f 1371 1512 1588
f 1447 1457 1521
f 1447 1478 1490
f 1447 1490 1521
f 1448 1480 1499
f 1448 1499 1474
f 1449 1423 1661
f 1449 1505 1661
f 1396 1476 1628
f 1458 1468 1501
f 1805 1457 1521
f 1805 1714 1521
f 1392 1408 5284
f 1569 1464 5837
f 1569 1388 5837
f 1453 1579 1484
f 1396 1618 1511
f 1269 1182 1204
f 1382 5774 1534
f 1382 1534 1430
f 1374 1441 1532
f 1423 1661 1504
f 1450 1398 1503
f 1450 1503 1475
f 1441 1532 1498
f 1376 1455 5475
f 1376 1455 1567
f 1412 1543 1546
f 1562 1603 1658
f 1459 1451 1637
f 1275 1460 1649
f 1617 1563 1669
f 1617 1674 1669
f 1433 1436 1516
f 1420 1408 1625
f 1648 3576 3630
f 1367 1492 1424
f 5458 1497 1539
f 1408 5284 1793
f 1463 1770 1822
f 5357 4512 4602
f 1472 1477 1525
f 1472 1525 1561
f 1464 1498 1569
f 1465 1467 1502
f 5774 1487 1395
f 1450 1475 1501
f 1450 1501 1468
f 1435 1533 1513
f 1466 1514 1486
f 5196 5153 1404
f 1435 1513 1584
f 1435 1555 1584
f 1485 1452 1537
f 1471 1488 1506
f 1387 1535 1494
f 1472 1561 1469
f 5196 1543 1681
f 1462 1529 1544
f 5186 4643 4614
f 1805 1261 5184
f 1396 1511 1628
f 1406 1486 1509
f 1406 1477 1509
f 1465 1481 1502
f 1427 1561 5777
f 1427 1561 1469
f 1475 1501 1580
f 1485 1482 1375
f 1452 1537 1522
f 5230 1336 1536
f 5230 1528 1536
f 1458 1501 1554
f 5205 5152 1556
f 5205 1322 1556
f 1478 3708 2119
f 1478 1490 2119
f 1444 5777 1531
f 1430 1566 1407
f 1439 1481 1519
f 1433 1587 1529
f 1433 1587 1516
f 1485 1482 1537
f 5565 1489 1495
f 5624 5077 5026
f 1361 1518 1576
f 1619 1566 1407
f 1488 1505 1506
f 5774 5667 1534
f 1489 1530 1495
f 5774 1487 1527
f 5774 5271 1527
f 5774 5271 5667
f 1491 1429 5683
f 1492 1424 1541
f 1493 671 1504
f 1390 1605 5160
f 1467 1502 1492
f 1370 1461 1595
f 1370 1595 1459
f 3206 2987 3032
f 3086 1429 1491
f 1376 1551 1567
f 1453 1579 1476
f 2414 2326 2147
f 1498 5692 1569
f 1424 5649 1541
f 1378 1522 1523
f 1499 1538 1377
f 1496 1357 5181
f 1499 1474 1573
f 1374 1554 1559
f 1374 1559 1532
f 1487 1395 1527
f 1503 5299 1568
f 1503 5299 1398
f 1476 1628 1678
f 5299 1482 1524
f 5299 1517 1524
f 1336 1551 1536
f 1514 1509 1486
f 1514 1509 1526
f 1408 1625 1679
f 1408 1679 1793
f 1505 1506 5516
f 1436 1516 1570
f 1371 1461 1588
f 1482 1537 1524
f 1507 5182 5567
f 1480 1499 1538
f 1508 1625 1552
f 5569 1822 5784
f 1605 1557 5160
f 1430 1534 1566
f 1511 1618 1593
f 1544 1560 5605
f 1512 1588 1650
f 1512 1557 1650
f 1509 1526 1477
f 1514 1526 1547
f 1475 1503 1580
f 1516 1570 1670
f 1515 1547 1526
f 1515 1547 5472
f 1518 1496 5772
f 1518 5772 1576
f 1489 3086 1563
f 1489 1597 1563
f 1519 1533 1540
f 1474 1479 1573
f 1507 1531 1444
f 5271 5404 5667
f 1543 1546 1694
f 1918 5297 1814
f 1496 5772 5181
f 1562 2264 1658
f 2837 2727 2852
f 2837 2852 2973
f 5271 5404 2119
f 5271 1527 2119
f 4244 4387 567
f 2365 2278 2406
f 2365 2406 2386
f 1461 1595 1588
f 3022 5800 2948
f 1537 1524 1592
f 1515 1525 1477
f 1515 1525 1561
f 1515 1526 1477
f 1515 1561 1590
f 1517 1524 1575
f 1481 1502 1540
f 1481 1519 1540
f 1527 2119 3708
f 1451 1637 1548
f 3089 3366 3417
f 412 131 5396
f 1587 1670 1516
f 1595 1459 1637
f 1501 1554 1623
f 1490 2119 5404
f 1490 1521 5404
f 1530 1597 1489
f 1250 1180 1262
f 5404 1521 5650
f 1528 1536 1611
f 5649 1541 1601
f 1411 1572 5642
f 5729 3242 3213
f 1649 1558 1460
f 5567 1507 1561
f 5567 1561 1590
f 1532 5692 1498
f 1532 1559 5692
f 702 713 629
f 1436 1570 1604
f 1436 1479 1604
f 5777 1531 1561
f 1529 1544 1587
f 1390 1605 1553
f 1528 1583 3647
f 1534 1566 1598
f 1535 1663 1494
f 1497 1565 1539
f 1536 1611 1577
f 1536 1551 1577
f 5299 1517 1568
f 1517 1568 1564
f 1513 1584 1613
f 1618 1388 1569
f 1533 1502 1540
f 1533 1502 1513
f 1539 5649 1614
f 1495 1612 1617
f 1495 1612 1466
f 1495 1530 1617
f 2270 2275 2281
f 5772 1576 1691
f 5772 1691 1657
f 671 1504 1620
f 1502 1492 1513
f 1535 1663 1552
f 1661 5516 1505
f 1476 1678 5377
f 1523 1522 5392
f 1492 1541 1582
f 1522 5660 1537
f 1522 5392 5660
f 5213 3055 4108
f 1625 1552 1701
f 1357 5181 1548
f 1544 1560 1622
f 1524 1575 1592
f 1473 1560 5605
f 5181 1574 1585
f 3535 3392 3543
f 1549 5152 1556
f 1550 3920 3949
f 1568 1503 1644
f 1460 1634 1558
f 1507 1531 1561
f 1517 1564 1575
f 1612 1514 1627
f 1612 1514 1466
f 2175 2344 2192
f 1484 1473 1664
f 1484 1579 1664
f 1422 1553 1565
f 1537 1592 5660
f 5569 1542 1671
f 5181 1548 1574
f 1534 1598 5650
f 1534 5650 5667
f 1523 1572 5392
f 1506 1583 1471
f 1551 1621 1577
f 1544 1587 1622
f 1604 1606 1570
f 5772 1585 5181
f 1551 1621 1567
f 1555 1584 1608
f 5649 1614 1601
f 1572 5464 5642
f 2691 2665 2575
f 2691 2575 2623
f 1557 1605 1650
f 1521 1641 1714
f 1619 5348 5567
f 1617 1612 1630
f 1558 1649 1652
f 1583 1571 1578
f 1621 1577 1642
f 1562 1455 1567
f 1562 1567 2264
f 1630 1627 1547
f 1563 1597 1669
f 1565 1539 1615
f 1566 1598 1817
f 5650 5404 5667
f 1649 770 1652
f 5703 3732 3833
f 5703 3833 5345
f 2225 5386 2262
f 1528 1611 3647
f 5423 5540 2055
f 5423 2055 2071
f 1611 1577 1684
f 1554 1559 1707
f 1554 1623 1707
f 1569 1675 1618
f 5433 3050 5383
f 1499 1573 1596
f 1553 1605 1683
f 5288 5392 5660
f 1571 1578 1594
f 1514 1627 1547
f 1572 1635 5464
f 1572 1635 5288
f 1572 5288 5392
f 1568 1644 1564
f 5152 1549 1608
f 5152 1608 5534
f 1574 1548 1668
f 5642 1596 1499
f 5642 1596 1607
f 1476 5377 5768
f 1476 1579 5768
f 1588 1595 1616
f 1576 1620 1691
f 1501 1580 1692
f 1501 1692 5739
f 1521 5650 1641
f 5650 1598 1641
f 1542 1491 1671
f 3086 1760 1784
f 3086 1784 1491
f 1559 1600 5692
f 1506 1571 5588
f 1501 1623 5739
f 1579 1664 1739
f 1571 1594 5588
f 1571 1583 1506
f 1578 1594 1636
f 1566 1619 1688
f 1575 1592 1638
f 1581 2305 785
f 5660 5288 1602
f 1582 1541 1632
f 1584 1613 1653
f 1584 1653 1626
f 1541 1601 1656
f 1541 1632 1656
f 1586 5168 2165
f 1587 1670 1622
f 1588 1650 1660
f 1613 1582 1653
f 1613 1582 1513
f 1692 1580 1639
f 5347 1609 1607
f 5347 5464 1607
f 1589 1599 1645
f 1589 1636 1645
f 1589 1594 1636
f 1506 5588 5516
f 1559 1707 1600
f 1575 1711 1638
f 1575 1711 1644
f 1575 1644 1564
f 1539 1614 1615
f 1597 1674 1669
f 1582 1492 1513
f 1569 5692 1640
f 1637 1595 1616
f 1574 1808 1585
f 1574 1808 1668
f 1569 1675 1640
f 5464 1607 5642
f 1553 1565 1702
f 1648 1598 3576
f 1591 1573 1596
f 1592 1602 5660
f 1592 1602 1638
f 1580 1503 1639
f 5472 1629 1631
f 1578 3647 1583
f 1578 3647 5645
f 5347 1635 5464
f 1604 1591 1573
f 1604 1573 1479
f 5569 1822 1671
f 1601 1614 1656
f 1599 5506 1643
f 1599 5506 1589
f 4140 4111 4158
f 1596 5304 1607
f 5347 1651 1665
f 1598 1641 1648
f 5506 1594 1589
f 1584 1608 1626
f 5567 1590 5348
f 1714 1805 5324
f 1565 1702 1745
f 1565 1615 1745
f 1609 1667 1607
f 1629 1630 5472
f 1577 1642 1684
f 1630 5472 1547
f 1625 1701 1682
f 1649 5153 1727
f 1649 5153 1403
f 1503 1644 1639
f 1605 1650 1662
f 1605 1662 1683
f 1599 1665 1643
f 5296 1687 1697
f 5296 1697 1494
f 5296 1494 765
f 1611 3647 1684
f 1612 1627 1630
f 1670 1622 1666
f 5275 1231 1220
f 5304 1667 1607
f 1552 1699 1663
f 5645 1636 1578
f 1588 1660 1616
f 1645 1665 1599
f 1617 1530 1674
f 1653 1624 1582
f 1553 1683 1702
f 1618 1675 1593
f 1504 1661 1620
f 1619 1688 5348
f 1714 1641 1830
f 1621 1642 1781
f 1621 1567 1781
f 5205 5534 5152
f 1623 1707 5739
f 1624 1582 1633
f 1585 1808 1779
f 1625 1679 1682
f 3086 1563 1760
f 1624 1633 5501
f 1646 1602 1638
f 1593 1628 1511
f 1635 5347 1655
f 1784 1491 1673
f 1530 1597 1674
f 1628 1593 3829
f 1628 1678 3829
f 1629 1631 1721
f 1629 1721 1630
f 1591 1841 1700
f 1653 5501 1624
f 1632 1582 1746
f 1633 5501 5578
f 1634 1603 1658
f 1634 1658 1696
f 1548 1637 1668
f 1608 1626 1771
f 1608 1771 1695
f 5347 1655 1651
f 1633 5578 1672
f 5377 1678 3829
f 1570 5346 1670
f 1638 1711 1677
f 1639 1644 1718
f 5303 5472 1631
f 5303 1757 1590
f 5303 5472 1590
f 1706 5516 5588
f 1706 1713 5588
f 1646 1647 1800
f 5506 1713 1594
f 1641 1648 1830
f 1638 1677 1646
f 1473 1560 1755
f 1473 1664 1755
f 3089 2838 3038
f 1643 1743 1665
f 1675 1593 1685
f 1582 1633 1782
f 1582 1782 1746
f 1644 1718 1711
f 1616 1660 1723
f 1546 1741 1694
f 1546 1741 5296
f 1604 1606 1841
f 5346 1606 5546
f 5346 1606 1570
f 1602 1646 1647
f 1602 1647 1635
f 1602 1635 5288
f 1596 1725 1591
f 1596 5304 1725
f 1643 1743 5506
f 1491 1673 1671
f 5645 1636 1689
f 5645 1689 1690
f 3576 1817 1598
f 1622 1666 1748
f 5506 1720 1713
f 1649 1727 770
f 1650 1660 1686
f 1650 1662 1712
f 1650 1686 1712
f 5348 1757 1590
f 1696 1558 1634
f 1626 1771 1979
f 3647 5645 1684
f 1585 1796 5772
f 1713 1594 5588
f 1566 1688 1817
f 5284 1742 1731
f 5284 1392 5205
f 5284 5205 1742
f 1608 5534 1695
f 1653 1626 5501
f 1841 1591 1604
f 1654 3267 3474
f 1647 1735 1635
f 629 538 521
f 5397 4637 4712
f 3574 3535 3675
f 1645 1689 1710
f 1645 1689 1636
f 1614 1615 1759
f 1657 1676 1876
f 1658 1799 1696
f 1661 1620 1752
f 1697 1663 1494
f 1661 1752 5516
f 1662 1683 1712
f 1793 5284 1731
f 5534 1695 1801
f 1658 1799 2264
f 1660 1723 1686
f 1646 1677 1734
f 1646 1800 1734
f 1609 1665 5347
f 5645 1705 1684
f 5645 1690 1705
f 1620 1691 1752
f 1615 1745 1853
f 1615 1838 1853
f 1552 1701 1699
f 5800 2642 2948
f 1639 1692 1718
f 5153 1681 5511
f 1670 5346 1666
f 1642 1781 1891
f 1633 1672 1782
f 1743 5506 1720
f 2278 1693 2406
f 1640 5406 5692
f 1676 1796 5772
f 1676 1876 1796
f 1745 1702 1809
f 1704 1757 1688
f 1645 1665 1710
f 1679 1682 1793
f 1558 1862 1652
f 1567 1680 1781
f 1683 1702 1789
f 1683 1712 1789
f 1742 5205 5534
f 1615 1838 1759
f 1681 5511 1729
f 1681 5196 5153
f 1668 1637 1814
f 1666 5358 5346
f 5739 1692 1753
f 5303 1631 1818
f 1656 1632 1836
f 1681 1543 1694
f 1681 1729 1694
f 1617 1769 1563
f 1655 1735 1635
f 1687 1741 1738
f 1675 1685 267
f 1675 5406 1640
f 1675 267 5406
f 1655 1651 1724
f 1655 1724 1735
f 1688 1704 1817
f 1689 5209 1690
f 1687 1697 1738
f 1614 1656 1836
f 1614 1759 1836
f 5209 1690 1740
f 1691 1657 1834
f 5262 1689 5209
f 5501 5578 1762
f 1841 1785 1606
f 1741 1687 5296
f 1697 5710 1738
f 1693 2362 2479
f 1642 1684 1788
f 1642 1891 1788
f 1689 5262 1710
f 1684 1722 1788
f 1666 1748 5358
f 1667 1716 1812
f 5262 1717 1710
f 5209 1740 1803
f 5153 5511 1727
f 1697 1726 1663
f 1697 1726 5710
f 5578 1672 1733
f 1698 1718 1711
f 1698 1730 1711
f 1622 1560 1748
f 1699 1701 1736
f 1664 1755 1739
f 1700 1725 1591
f 1701 1682 1815
f 1609 1716 1667
f 1609 1665 1716
f 1702 1789 1809
f 1648 3630 1830
f 1705 1684 1722
f 1706 1844 1747
f 1706 1844 1713
f 1743 1665 1716
f 1657 1013 1834
f 5692 1728 5406
f 5546 1785 1606
f 1708 5534 1742
f 5768 1739 1579
f 1686 1712 1892
f 1720 1743 1852
f 1720 1776 1852
f 1647 1735 1775
f 1647 1775 1800
f 5304 1667 1873
f 5304 1873 1807
f 5304 1807 1725
f 1677 1711 1734
f 1585 1796 1779
f 1667 1812 1873
f 5505 2220 2182
f 5511 1729 1826
f 5511 1802 1826
f 518 2330 1693
f 1711 1730 1734
f 1665 1710 1651
f 5251 5578 1762
f 1691 1752 1834
f 1637 1616 1814
f 1714 5324 5631
f 1714 5631 1830
f 1560 1748 1755
f 1742 1731 1778
f 1715 1774 2129
f 1715 2129 1750
f 1692 1718 1869
f 1692 1753 1869
f 1626 5501 1924
f 1671 1822 1770
f 1671 1867 1770
f 1671 1867 1673
f 1718 1816 1869
f 1715 1768 5718
f 1717 1710 1724
f 1719 1732 1728
f 1752 1747 5516
f 1720 1844 1776
f 1720 1844 1713
f 2670 2686 2705
f 2670 2705 2769
f 1631 1721 1832
f 1631 1818 1832
f 2264 1799 1766
f 1663 1736 1726
f 1663 1736 1699
f 1719 5406 1728
f 1690 1740 1705
f 1723 1616 1890
f 1723 1890 1686
f 1773 1739 5768
f 1717 5262 1806
f 1632 1836 1863
f 1632 1746 1863
f 1740 1883 1705
f 1651 1710 1724
f 1715 1737 5248
f 1715 5248 5718
f 1682 1793 1815
f 3223 3220 3190
f 1725 1767 1807
f 1750 2129 1911
f 1782 1672 1865
f 1782 1865 1864
f 1558 1696 1862
f 1680 1781 2264
f 1719 5406 2158
f 5710 1738 1749
f 1672 1828 1865
f 1791 1786 1758
f 5217 3013 3041
f 5217 2981 3041
f 1774 1737 1715
f 1774 1737 1783
f 5346 5546 1819
f 2973 2898 2990
f 1718 1698 1816
f 3605 1610 3859
f 1979 1626 1940
f 1726 1749 5710
f 1727 770 1974
f 1707 1600 1794
f 1707 1753 1794
f 1758 1791 1885
f 1751 1761 1765
f 1762 1924 1953
f 1762 1924 5501
f 1741 1754 1729
f 1741 1729 1694
f 1717 1724 5696
f 1786 1758 1860
f 5403 1824 1859
f 1876 1013 1657
f 1761 1765 1763
f 1735 5309 1775
f 1802 1826 1893
f 3829 1773 5768
f 3829 5377 5768
f 1736 5731 1726
f 1801 1907 5534
f 1737 5248 1797
f 1761 1792 1763
f 1738 1777 1749
f 1701 1815 1736
f 4486 4440 4529
f 770 1974 1947
f 1790 1728 5692
f 1790 5692 1600
f 1808 1668 5297
f 1732 1728 1790
f 1732 1772 1790
f 1600 1794 1790
f 5358 1819 5346
f 2129 1840 1774
f 1740 1883 1803
f 1741 1777 1754
f 1799 1766 1913
f 5507 182 5190
f 1741 1738 1777
f 5511 1727 1802
f 1758 1847 1885
f 267 5406 1833
f 1715 1768 1960
f 1715 1750 1882
f 1715 1882 1960
f 1742 1708 1778
f 1695 1889 1801
f 1732 1922 1870
f 1732 1870 1719
f 1744 2163 2218
f 1744 2218 2310
f 1616 1814 1890
f 1786 1791 1896
f 1891 1781 817
f 1721 1769 1832
f 1751 1765 1908
f 1862 1652 1894
f 3128 3353 3172
f 1712 1789 1892
f 1745 1853 1809
f 1731 1793 1778
f 1746 1782 1864
f 1747 1706 5516
f 1748 1819 5358
f 1724 5696 5309
f 1724 5309 1735
f 1668 5297 1814
f 1759 1930 1838
f 1750 1882 1880
f 1751 1761 1885
f 1752 1747 1834
f 1652 770 1894
f 1753 1794 1902
f 2793 2895 3032
f 1800 1734 1775
f 1722 1804 1788
f 1755 1748 1887
f 1757 1795 1824
f 1757 1795 5303
f 1757 1824 1704
f 1708 1835 1778
f 1758 1860 1847
f 3438 3557 5391
f 1818 1795 5303
f 1722 1705 1804
f 1815 1736 5731
f 1737 1780 1783
f 1763 1792 1912
f 1753 1902 1869
f 1765 1908 1823
f 1804 5540 1788
f 1826 1754 1729
f 1749 1726 1932
f 1867 1784 1673
f 1767 1807 1849
f 1767 1849 1881
f 1767 1700 1725
f 1873 1812 1933
f 1768 5718 1988
f 1806 5696 1958
f 1806 5696 1717
f 1769 1832 3868
f 5406 1833 1820
f 5406 2158 1820
f 1733 1828 1672
f 1737 1780 1797
f 1771 1695 1889
f 1771 1979 1889
f 1730 1734 1929
f 1730 1854 1929
f 1739 1773 1920
f 1733 1828 5251
f 1907 1835 1708
f 1907 1708 5534
f 1732 1772 1922
f 1545 5234 2168
f 1545 5234 2235
f 1765 1763 1827
f 1765 1823 1827
f 1777 1754 1964
f 1716 1743 1812
f 1780 1811 1783
f 1780 1811 1798
f 1806 1803 5209
f 1806 5209 5262
f 1747 1844 1910
f 1760 5228 1769
f 1760 1769 1563
f 1781 817 5778
f 1755 1739 1887
f 1705 1804 1883
f 1747 1910 1834
f 1734 5207 1829
f 1734 1829 1775
f 1743 1812 1852
f 1786 1896 1848
f 1786 1860 1848
f 1862 1894 2032
f 1787 2313 2374
f 1787 2374 2317
f 1896 1791 1850
f 1791 1965 1850
f 5309 1884 5696
f 2158 1878 1820
f 1793 1778 1903
f 1793 1903 1815
f 1783 1811 1851
f 1798 1780 5724
f 1798 5724 1813
f 1788 1843 1891
f 1794 1810 1790
f 1763 1912 1827
f 1754 1964 5268
f 1796 1876 2028
f 1796 1779 2028
f 1746 1925 1864
f 1746 1925 1863
f 1831 1866 1888
f 1831 1798 1888
f 1443 2381 2445
f 1443 2381 2234
f 1781 1766 1948
f 1781 1766 2264
f 1749 1898 1932
f 5403 1824 1704
f 1798 1831 1821
f 1798 1811 1821
f 5207 5285 1829
f 1777 1877 1964
f 1777 1877 1749
f 1817 5403 1704
f 1799 1696 1913
f 1769 3868 5228
f 1734 1929 5207
f 5724 1888 1813
f 5724 1888 1909
f 1780 5724 1797
f 1803 1883 1945
f 995 5490 835
f 1804 1883 1871
f 770 1894 1947
f 1866 5158 1831
f 5251 1733 5578
f 1754 5268 1983
f 1754 1826 1983
f 1768 1960 1988
f 1806 1958 1861
f 1807 1849 1873
f 1808 5297 1779
f 1791 1885 1965
f 1772 1790 1921
f 1772 1921 1922
f 1798 1813 1888
f 1776 1852 1856
f 1774 1851 1875
f 1774 1875 1840
f 1775 1936 5309
f 1911 1750 1820
f 1811 1821 1851
f 1795 1824 1859
f 1814 1899 665
f 1814 1918 665
f 1810 1790 1921
f 1727 1974 2008
f 1898 1877 1749
f 1870 2158 1719
f 1700 1841 1963
f 1700 1963 1915
f 1700 1767 1915
f 1726 1932 1952
f 1726 5731 1952
f 5631 1463 1822
f 5631 5324 1822
f 1851 1783 1774
f 1908 1751 1965
f 1696 1862 1957
f 1696 1913 1957
f 1751 1885 1965
f 1814 1899 1890
f 5718 1988 1961
f 1821 1831 1916
f 1821 1842 1916
f 1828 5251 1906
f 1775 1955 1936
f 1821 1851 1842
f 5251 1906 1872
f 1809 1874 1904
f 1795 1845 1818
f 1795 1845 1859
f 1864 1865 5500
f 1878 1923 1870
f 1878 2158 1870
f 1781 1948 5778
f 1852 1856 1943
f 1832 3868 1818
f 1872 5251 1762
f 1870 1922 1927
f 2129 1840 1914
f 1836 1759 1944
f 1836 1944 1999
f 1794 1879 1902
f 1794 1879 1810
f 1626 1990 1924
f 1626 1990 1940
f 5228 1867 1784
f 5228 1760 1784
f 1872 1762 1953
f 1838 1853 1930
f 1770 1463 1373
f 1770 1373 1855
f 1770 1867 1855
f 5631 1830 5241
f 5631 5241 1463
f 1909 1837 5724
f 267 1833 1911
f 1809 1874 1853
f 1840 1914 2083
f 5834 3718 3931
f 5834 3718 3624
f 1829 1775 1955
f 3576 1817 1846
f 1789 1809 1892
f 1845 1818 3868
f 1874 1853 1886
f 1847 1860 2197
f 1801 1889 1907
f 2837 2898 2973
f 1848 1896 1971
f 1887 1928 1748
f 1936 1884 5309
f 1851 1875 1842
f 1844 1776 1931
f 1827 1912 5832
f 1778 1903 1984
f 1862 1957 2032
f 1856 1776 1931
f 1857 3482 3711
f 1857 3482 5421
f 1826 1983 1893
f 5550 5336 5254
f 4325 4302 4436
f 1792 1912 5549
f 1925 1864 5500
f 3576 3630 5286
f 1863 1925 1996
f 1904 1874 1950
f 1859 5403 1846
f 5248 1985 1797
f 5248 1961 5718
f 1919 1785 5546
f 1919 5546 1819
f 1845 3868 1855
f 1845 1859 1855
f 1842 1875 1916
f 1828 1865 1906
f 1860 1848 2176
f 1922 1927 1994
f 1816 5354 1854
f 1902 5302 1816
f 1902 1816 1869
f 1837 5724 1973
f 3180 3174 3159
f 1863 1836 1996
f 1844 1931 2018
f 1844 1910 2018
f 1802 1727 1917
f 1819 1928 1748
f 1686 1890 1892
f 1853 1967 5145
f 3107 3236 3342
f 1920 1773 1992
f 1792 5549 1868
f 1750 1880 1820
f 1860 2176 2197
f 2073 1373 5241
f 2073 1830 5241
f 1812 1933 2009
f 1870 1923 1927
f 1816 5354 1895
f 1899 1962 665
f 1773 1992 1914
f 1815 5731 1986
f 1815 1903 1986
f 5241 1463 1373
f 1934 1904 1892
f 1934 1904 5204
f 1878 1820 1880
f 1879 1902 1970
f 5286 2073 1373
f 5286 2073 3630
f 1766 1913 1905
f 5285 1929 1939
f 5285 1929 5207
f 1759 1930 1944
f 5302 1816 1895
f 1886 1853 5145
f 1885 1847 1868
f 1887 1920 1739
f 1809 1904 1892
f 1841 1785 5833
f 1841 1963 5833
f 1853 1930 1967
f 5228 1855 1867
f 1852 1812 2009
f 5302 1902 1970
f 1854 1698 1730
f 1854 1698 1816
f 1727 2008 1917
f 1852 1943 2009
f 1767 1881 1897
f 1767 1897 1995
f 1767 1915 1995
f 1785 1919 5833
f 1766 1948 1905
f 1836 1996 1999
f 1890 1892 1934
f 1890 1899 1934
f 1893 2096 1802
f 1833 1820 1911
f 1958 1884 5696
f 1887 1920 1928
f 1958 1900 1861
f 1922 1921 2041
f 1897 1881 1954
f 1897 1954 2030
f 1910 1959 1834
f 1927 1994 1956
f 1899 1934 1962
f 2028 5297 1918
f 2028 5297 1779
f 1900 1977 1958
f 1901 3020 3130
f 1856 1931 1978
f 5286 1859 1846
f 5731 1952 1986
f 1912 5549 5832
f 1904 1950 5204
f 1831 1916 5158
f 1898 1937 5364
f 1898 1937 1932
f 1883 1871 1945
f 1797 2051 1985
f 1850 1896 2020
f 1850 1965 2020
f 1881 1849 1954
f 1907 2103 1993
f 1907 2103 2005
f 1878 1923 1880
f 1837 1973 2044
f 1888 1909 1982
f 1888 1866 1982
f 1909 1982 2044
f 1866 5158 5211
f 1847 1868 2197
f 1893 1983 2016
f 1859 1373 5286
f 1859 1373 1855
f 1907 1835 1993
f 1895 1972 5302
f 1909 2044 1837
f 1865 1906 1969
f 1865 1969 5500
f 1911 267 1773
f 1914 2083 1992
f 1879 1951 1970
f 5354 1895 2024
f 5354 1987 2024
f 1013 1876 2034
f 1984 1835 1778
f 1984 1903 1986
f 1984 1975 1986
f 1984 1975 2047
f 1917 1802 2096
f 1917 1976 2007
f 1917 1976 2096
f 1997 5200 5158
f 1997 1916 5158
f 1873 1849 1980
f 1873 1933 1980
f 1953 1906 1872
f 1918 2146 3396
f 1918 2146 2028
f 1929 1939 1989
f 1919 5833 2026
f 1920 1928 1991
f 1882 1960 1966
f 1882 1966 1880
f 1871 1945 2017
f 1897 2030 1995
f 1918 2137 665
f 1921 2041 1951
f 1923 1927 2035
f 1923 1966 1880
f 1925 1996 2003
f 1925 5500 2003
f 1819 1919 1928
f 1926 1933 2009
f 1920 1992 1991
f 1900 1861 1938
f 1933 1926 1942
f 1908 1823 2036
f 1908 1965 2036
f 1929 1987 5354
f 1929 5354 1854
f 1930 1967 1941
f 1985 1961 5248
f 1923 1966 2035
f 1835 1984 1993
f 2057 2051 1985
f 1945 1861 1938
f 1945 1861 1803
f 1895 2024 1946
f 1953 1924 1998
f 1953 1969 1998
f 1924 1990 1998
f 1849 1980 2292
f 1849 1954 2292
f 665 1402 1962
f 1949 1997 2059
f 1952 1935 1932
f 1921 1951 1879
f 1921 1810 1879
f 5540 1788 1843
f 1988 1960 2033
f 1889 2052 2002
f 1889 1979 2002
f 1875 1949 1997
f 1875 1997 1916
f 1874 2038 1950
f 1874 2038 1886
f 2008 1917 2094
f 1930 1944 1941
f 1913 1905 2021
f 1875 2083 2013
f 1875 2083 1840
f 1910 1959 2064
f 1910 2018 2064
f 1935 1975 1952
f 1935 1975 2029
f 1914 2129 1911
f 1914 1911 1773
f 1906 1953 1969
f 1938 1945 2017
f 1926 2009 1968
f 1933 1942 1980
f 1919 1928 2060
f 1941 2006 1967
f 5302 1972 1970
f 1987 2024 5789
f 1943 1856 2019
f 1947 1974 2086
f 1944 1999 2043
f 1848 2176 1971
f 1929 1987 1989
f 1946 1972 1895
f 1856 1978 2019
f 1960 1966 2012
f 1944 1941 2043
f 1905 2021 518
f 1934 5204 1981
f 1934 1962 1981
f 1941 2006 2075
f 1941 2004 2075
f 1927 1956 2065
f 1868 2197 5549
f 1913 1957 5178
f 1958 1977 2037
f 1958 2037 1884
f 1948 1905 5779
f 817 1843 1891
f 2041 1951 2010
f 2096 1893 2016
f 1961 1985 2025
f 1961 1988 2025
f 1932 1935 1937
f 1963 1915 5833
f 1964 1877 2000
f 1964 5268 2000
f 1823 1827 2036
f 1889 2005 2052
f 1889 2005 1907
f 3839 3927 3922
f 2057 1985 2022
f 1967 2093 5145
f 1927 2065 2035
f 5158 5200 5211
f 1983 5268 2104
f 1951 2053 2042
f 1949 2013 2059
f 1941 2043 2004
f 1871 2017 2055
f 1871 2055 5540
f 1871 1804 5540
f 1951 2053 2010
f 1969 5500 1998
f 1951 2042 1970
f 1957 2032 5178
f 1978 1931 2027
f 1974 2008 2072
f 1974 2072 2086
f 2026 1919 2060
f 1928 2060 2014
f 1943 2019 2092
f 1990 1940 2011
f 1990 1998 2003
f 1990 2003 2011
f 1905 518 5779
f 1913 5178 2021
f 1979 2002 2011
f 1979 1940 2011
f 1975 1952 1986
f 1975 2029 2047
f 1992 2083 2118
f 1983 2104 2016
f 1875 2013 1949
f 1984 2047 1993
f 1985 2025 2040
f 5833 2026 2178
f 1972 1970 2077
f 1978 2019 2066
f 1978 2027 2066
f 5200 5211 2048
f 5200 2046 2048
f 1950 2038 1981
f 1950 1981 5204
f 5285 1955 2198
f 1976 2096 2087
f 2017 5276 1938
f 1988 2025 2039
f 1976 5539 2007
f 1976 5539 2167
f 2042 1970 2109
f 1989 5489 5789
f 1989 1987 5789
f 2003 1996 2011
f 2030 1995 2049
f 1935 1937 2029
f 1991 1928 2014
f 1992 1991 2023
f 1966 2035 2012
f 1936 1955 2037
f 1926 1968 1942
f 1937 2132 2029
f 1965 2036 2020
f 2061 1996 1999
f 2061 1999 2069
f 1995 1915 2081
f 1997 5200 2076
f 1997 2059 2076
f 1936 2037 1884
f 1995 2049 2081
f 1943 2568 2009
f 1999 2069 2043
f 1827 5832 2036
f 5540 5333 5423
f 1968 2568 2009
f 1968 2568 1942
f 1942 1980 2145
f 1970 2109 2077
f 2001 1959 2064
f 1988 2033 2039
f 1402 1962 1981
f 1886 2038 2125
f 2006 2093 1967
f 2001 1013 2120
f 2001 2120 2064
f 1973 2051 2044
f 2013 2195 2059
f 2032 2143 2236
f 2060 2031 2026
f 1955 2015 2037
f 1981 2050 1402
f 1946 2077 1972
f 2008 2094 2088
f 2008 2088 2072
f 5364 1937 2113
f 1946 2024 2077
f 2013 2083 2195
f 5500 2003 1998
f 1894 2032 2143
f 1894 1947 2143
f 2002 2011 2061
f 5200 2046 2076
f 1917 2007 2094
f 1915 2192 5833
f 1915 2192 2081
f 2015 1955 2207
f 2015 2207 2099
f 1956 1994 2068
f 1956 2068 5677
f 2038 5539 2007
f 2038 2007 2058
f 2038 2058 2078
f 1996 2011 2061
f 2192 2178 5833
f 2015 2037 2099
f 2027 2084 1931
f 2017 2055 5276
f 1981 2038 2050
f 5145 2161 1886
f 2104 5432 5268
f 1955 2207 2198
f 1931 2085 2018
f 2020 1971 1896
f 2022 2040 1985
f 1013 2120 2034
f 2084 1931 2153
f 5380 2022 2057
f 2025 2040 2039
f 1937 2132 2079
f 2028 2122 1876
f 5380 2057 2044
f 2026 2031 2110
f 2026 2090 2110
f 2027 2084 2066
f 1989 1939 2182
f 1989 5489 2182
f 2030 2049 5623
f 2023 2118 2193
f 2023 2118 1992
f 2031 2060 2110
f 1866 5211 1982
f 1937 2079 2113
f 2109 2077 2214
f 2004 2075 2139
f 1947 2143 2086
f 2007 2058 2094
f 2033 2039 2171
f 2035 2012 2135
f 2038 2078 2050
f 1931 2153 2085
f 2061 2069 2108
f 1843 2098 5540
f 2012 2126 2135
f 1954 2292 5623
f 1954 2030 5623
f 518 5779 2278
f 2002 2052 2061
f 2026 2178 2090
f 5779 2209 1948
f 1843 2098 817
f 2029 2070 2089
f 2000 2113 1877
f 2049 2081 5623
f 2042 2109 2138
f 2042 2138 2053
f 2153 2084 2215
f 2146 2122 5524
f 2146 2122 2028
f 2029 2047 5399
f 2087 2111 2096
f 2051 2057 2044
f 5423 2071 2156
f 1994 2068 2140
f 2054 2103 2070
f 2054 2103 2095
f 2000 5432 5268
f 2054 2070 2107
f 1976 2167 2087
f 2056 2064 2142
f 2056 2194 2142
f 5380 2080 2114
f 2055 5276 2223
f 5178 2147 2032
f 5380 2044 2102
f 2082 5471 2075
f 2062 2082 2006
f 2062 2074 2082
f 2034 2122 2120
f 2019 2066 2092
f 2046 2048 5780
f 2046 2076 5780
f 2010 2041 2053
f 2048 5780 2211
f 2209 5778 1948
f 2146 2137 3396
f 2146 2172 5524
f 2005 2112 2103
f 2084 2066 2124
f 2043 2069 2139
f 2043 2139 2004
f 1993 2047 5399
f 2062 2074 2067
f 2062 2067 2093
f 2062 2093 2006
f 1982 2116 5211
f 2040 2022 2177
f 2018 2085 2279
f 2018 2279 2160
f 1960 2033 2170
f 2012 1960 2126
f 2082 2006 2075
f 2063 1977 1900
f 2063 1900 1938
f 2064 2056 2160
f 2064 2160 2018
f 2103 1993 5399
f 1939 2198 2182
f 2161 2125 1886
f 2035 2065 2135
f 2054 2095 2107
f 2067 2093 5145
f 2067 2161 5145
f 2068 5677 2152
f 2177 2080 2174
f 2177 2080 5380
f 2177 2022 5380
f 2070 2107 2089
f 2070 5399 2029
f 2021 518 2330
f 2021 2224 2330
f 2014 2164 1991
f 1982 2102 2116
f 1982 2102 2044
f 2052 2061 2108
f 2071 2257 2156
f 2037 2099 2100
f 2037 1977 2100
f 2073 3630 1830
f 2074 2082 2079
f 2074 2097 2079
f 2074 2067 2097
f 2038 2125 5539
f 2078 2101 2050
f 2079 2082 2132
f 2103 2095 2112
f 5682 2065 2184
f 5682 5677 2065
f 2029 2089 2132
f 2117 2024 2077
f 2083 2195 1581
f 2021 5178 2224
f 5380 2114 2102
f 2137 1402 2128
f 2086 2072 5245
f 2087 2111 2155
f 2087 2155 2167
f 2000 2113 5432
f 2088 2072 2149
f 2117 2077 5253
f 2041 2140 2053
f 2052 2108 2112
f 2052 2112 2005
f 2091 2133 2102
f 2091 2106 2187
f 2091 2133 2187
f 2091 2106 2213
f 5285 2198 1939
f 2078 2058 2130
f 2078 2130 2101
f 2092 2568 1943
f 2091 2102 2114
f 2091 2114 2213
f 1402 2101 2128
f 1402 2101 2050
f 2063 2100 1977
f 1960 2170 2126
f 2157 2125 5539
f 2095 2107 2139
f 2179 817 2181
f 2179 2181 2328
f 2069 2095 2108
f 2127 2211 5780
f 2077 2214 5253
f 2122 1876 2034
f 5471 2082 2089
f 2068 2152 2190
f 2068 2140 2190
f 2099 2100 2131
f 2096 2016 2111
f 2097 2079 2113
f 2033 2171 2170
f 5780 2076 2059
f 5780 2136 2059
f 5780 2136 5685
f 5333 2098 3192
f 5333 2098 5540
f 5333 2156 5423
f 2099 2216 2131
f 2100 2185 2131
f 2121 5685 5780
f 2435 2335 2539
f 2194 2056 2217
f 2080 2114 2251
f 2098 817 2239
f 2098 2239 3192
f 2116 2183 5211
f 2116 2183 2105
f 2048 5211 2183
f 2048 2211 2183
f 2070 2103 5399
f 5779 2209 2278
f 2067 2161 5139
f 1980 2145 2115
f 2014 2208 2164
f 2120 2142 2064
f 2104 5432 2016
f 5432 5494 2113
f 5432 5494 2162
f 2106 2148 2213
f 2084 2124 2215
f 2063 5276 5634
f 2063 2100 5634
f 2066 2092 2124
f 5178 2147 2224
f 2107 5471 2139
f 2024 2141 5489
f 2105 2116 2133
f 2095 2139 2069
f 2105 2219 2151
f 2105 2219 2199
f 2105 2183 2199
f 2082 2132 2089
f 2088 2094 2058
f 2088 2058 2130
f 2088 2149 2130
f 2055 2071 2223
f 2109 2214 2138
f 2111 2155 5432
f 2111 5432 2016
f 2105 2151 2133
f 2136 5685 2188
f 2112 2095 2108
f 2145 2568 1942
f 2056 2160 2217
f 2086 2143 5245
f 3262 1185 3217
f 2117 2163 5253
f 2116 2102 2133
f 2117 2141 2024
f 2020 2036 2312
f 2107 5471 2089
f 2117 2123 2141
f 2115 2145 2247
f 2121 2127 5780
f 2122 2191 5524
f 2122 2191 5676
f 2040 2165 2039
f 1991 2023 2205
f 1991 2205 2164
f 3192 2282 5333
f 817 2239 2181
f 2123 2141 2159
f 2123 2159 2206
f 2110 2196 2060
f 5494 2097 2113
f 2081 5623 2169
f 2081 2169 2175
f 2081 2175 2192
f 2092 2124 2350
f 5618 2195 2201
f 2145 2247 2263
f 2124 2350 2215
f 5685 2188 2200
f 5432 2162 2155
f 2106 2294 2148
f 2020 1971 2395
f 2020 2312 2411
f 2020 2395 2411
f 5494 2067 5139
f 5494 2162 5139
f 2092 2266 2568
f 2067 2097 5494
f 2142 2120 2186
f 5666 2134 2202
f 5666 2134 2144
f 2134 2144 2229
f 2134 2229 5175
f 2135 2126 2170
f 2135 2170 2168
f 2169 2287 5623
f 2023 2205 2193
f 2137 2146 2172
f 2137 3396 1918
f 2140 2053 5785
f 2143 5245 2236
f 2065 2135 2184
f 2145 2263 2568
f 2135 2184 2168
f 2150 2531 3964
f 2153 2085 2300
f 2153 2300 2215
f 5489 2024 5789
f 2106 2187 2252
f 2090 2110 2222
f 2152 5682 2184
f 2152 2190 2184
f 2115 2247 2298
f 2115 2298 2238
f 2115 2238 1980
f 5682 5677 2152
f 2134 5175 2221
f 2134 2221 2202
f 2114 2204 2213
f 2156 2257 2260
f 2144 2229 2212
f 2144 2212 5666
f 2141 2159 5489
f 2219 2189 2151
f 2139 2075 5471
f 2154 5635 2210
f 2154 2218 2210
f 2149 5179 2130
f 2207 2216 2099
f 2157 2125 2161
f 2157 2161 5139
f 2157 2180 5139
f 5524 2172 2246
f 5524 2191 2267
f 5524 2246 2267
f 2138 2214 2230
f 2199 2219 2250
f 2151 2189 2187
f 2151 2133 2187
f 2137 2128 2172
f 2040 2177 2165
f 2292 2238 1980
f 2166 5785 5666
f 2167 2157 5539
f 2128 2172 2232
f 2128 2237 2232
f 2157 2167 2180
f 2168 1545 2171
f 2168 2171 2170
f 1545 2171 2235
f 2168 5234 5386
f 1971 2176 2395
f 2171 2203 2235
f 5785 2053 2138
f 2071 2223 2257
f 2292 2287 5623
f 2182 5489 5505
f 2130 2128 2101
f 2100 2185 5203
f 2090 2178 2228
f 2090 2228 2222
f 2127 2240 2121
f 2173 5386 5234
f 2173 2235 5234
f 2136 2059 2201
f 2136 2188 2201
f 2164 2208 5644
f 2164 5644 2283
f 2072 2248 2149
f 2122 2120 2186
f 2122 5676 2186
f 2163 1744 5253
f 2059 2195 2201
f 2085 2279 2300
f 2176 2395 2401
f 2176 2197 2401
f 2177 2165 2174
f 2189 2187 2252
f 2179 2328 5778
f 5179 2130 2261
f 2138 2230 5666
f 2128 2130 2237
f 2208 2196 2060
f 2208 2060 2014
f 2183 2199 2253
f 2183 2211 2253
f 2142 2186 2268
f 2142 2194 2268
f 2162 2180 5139
f 2162 2180 2155
f 2190 5785 2140
f 5253 1744 2242
f 2260 2282 2156
f 2167 2180 2155
f 2110 2222 2196
f 2191 2227 2302
f 2191 2267 2302
f 2171 2203 2039
f 2175 2169 2322
f 2181 2438 5224
f 2181 5224 2239
f 5203 2265 2273
f 2198 2220 2182
f 2190 2184 2307
f 2212 2230 5666
f 2100 5634 5203
f 2199 2253 2250
f 3263 3296 1610
f 2130 2237 2261
f 2205 2256 2255
f 2186 2361 2268
f 5203 2265 2185
f 5489 2159 5505
f 2191 5676 2227
f 2204 2251 2114
f 2205 2164 2256
f 1581 2118 2254
f 1581 2118 2083
f 2247 2298 2284
f 2200 2231 2188
f 2200 2231 2240
f 2200 2121 5685
f 2200 2121 2240
f 2188 2201 2249
f 2206 2210 5635
f 2206 2274 2210
f 2206 2123 5635
f 2172 2232 2246
f 2165 2203 1586
f 2165 2203 2039
f 2208 2196 5644
f 2252 2294 2106
f 2127 2211 2253
f 2127 2253 2259
f 2209 2278 5627
f 2209 5627 2328
f 2209 2328 5778
f 2189 2219 2290
f 2189 2252 2290
f 2212 2229 2293
f 2212 2230 2293
f 2178 2424 2192
f 2214 5253 2242
f 2214 2242 2230
f 5245 2236 2286
f 2207 2198 2291
f 2207 2216 2291
f 2234 2235 2173
f 2234 2225 2173
f 2216 2185 2131
f 2282 5333 2156
f 2193 2118 2254
f 2193 2205 2255
f 2193 2255 2254
f 2248 5179 2149
f 2248 5179 2311
f 5785 2244 2166
f 5785 2244 2190
f 2218 2310 2210
f 2217 2160 2304
f 2221 2229 2314
f 2221 2229 5175
f 2222 2228 2241
f 2222 2271 2241
f 2223 5276 5634
f 2092 2350 2371
f 2092 2371 2266
f 2217 2194 2268
f 2217 2268 2285
f 2231 2226 2188
f 2206 2159 2274
f 2148 2213 2418
f 2148 2468 2418
f 2257 2223 5381
f 5634 778 2273
f 5634 778 2223
f 5634 2273 5203
f 2072 2248 5245
f 2568 2263 2301
f 2568 2266 2301
f 2224 2383 2330
f 2265 2273 2334
f 2164 2256 2283
f 2202 2244 2221
f 2202 2244 2166
f 1744 2310 2321
f 5179 2261 2311
f 2175 2344 2322
f 2279 2160 2304
f 2198 2220 2323
f 2198 2323 2291
f 2227 2353 2302
f 2229 2293 2315
f 5505 5140 2258
f 5505 2277 2258
f 2226 2249 2188
f 2159 5505 2277
f 2159 2277 2274
f 2233 2243 2245
f 2233 2245 2258
f 2233 2258 5140
f 2147 2236 2032
f 2204 2213 2379
f 2235 1443 2289
f 2235 2203 2289
f 2213 2418 2379
f 2217 2304 2285
f 2222 2271 2196
f 1744 2242 2321
f 2288 2231 2240
f 2239 2331 3192
f 2169 2322 5734
f 2169 2287 5734
f 2240 2259 2296
f 2240 2259 2127
f 2215 2300 2320
f 2215 2309 2320
f 2215 2350 2309
f 2257 2260 5159
f 2241 2228 2348
f 5140 2233 5505
f 2232 2237 2261
f 2232 2261 2272
f 2232 2246 2272
f 2242 2333 2230
f 2185 2216 2291
f 2227 5676 2380
f 2227 2380 2280
f 2148 2294 2468
f 2260 2282 2329
f 2245 2243 1787
f 2250 2290 2219
f 2165 2174 2434
f 2244 2221 2373
f 5245 2248 2286
f 2233 2318 2243
f 2228 2325 2348
f 2353 2227 2280
f 2353 2280 2372
f 2233 2220 5505
f 2233 2318 2220
f 2249 2201 2335
f 2245 2258 2313
f 2245 1787 2313
f 5832 2430 2397
f 5832 2430 5549
f 2248 2311 2286
f 2231 2288 2306
f 2231 2339 2306
f 2231 2339 2226
f 2204 2251 2379
f 2249 2226 2358
f 2249 5769 2358
f 2330 1693 2362
f 2330 2402 2362
f 2210 2274 2327
f 2210 2310 2327
f 2252 2384 2294
f 2252 2384 2290
f 2223 5381 778
f 2241 2271 2363
f 2241 2348 2363
f 2255 2256 5361
f 2255 5361 2269
f 2185 2265 2291
f 2256 5361 2283
f 2255 2269 2254
f 2257 5381 5159
f 2261 2297 2311
f 2240 2288 2296
f 2259 2296 238
f 2260 5159 2329
f 2430 2197 5549
f 4739 4847 4842
f 2261 2272 2299
f 2226 2339 2358
f 2276 5651 2236
f 2344 2424 2192
f 5361 2396 2269
f 5386 2262 2307
f 2331 3192 2282
f 2288 2296 2306
f 2265 2291 2349
f 2265 2334 2349
f 2236 2276 2286
f 2267 2246 2272
f 2267 2272 2302
f 2197 2401 2430
f 2258 2277 2336
f 2258 2313 2336
f 2036 2397 2312
f 2036 2397 5832
f 2174 2355 2434
f 2236 5651 2414
f 2236 2147 2414
f 1659 2270 2275
f 2271 2196 2363
f 2273 2270 2334
f 5618 2305 5438
f 2203 1586 2289
f 2304 2285 2354
f 2270 2334 2281
f 5381 2385 2303
f 5381 2303 778
f 778 1659 2316
f 778 2316 2303
f 2275 1659 2376
f 2275 2343 2376
f 2276 2286 2295
f 2228 2178 2325
f 2276 2295 2337
f 2201 2335 5618
f 2278 5627 2365
f 2279 2304 2462
f 2307 5386 2168
f 2307 2168 2184
f 2244 2373 2307
f 2244 2307 2190
f 2243 1787 2317
f 2247 2263 2284
f 2276 5651 2342
f 2276 2342 2337
f 1659 2316 2376
f 2285 2354 2470
f 2238 2298 2356
f 2242 2333 2321
f 785 1045 1581
f 2277 2274 2336
f 2196 5644 2456
f 2272 2319 2299
f 2181 2328 2412
f 2181 2438 2412
f 2292 2287 2415
f 2292 2415 2238
f 3582 3587 1654
f 2284 2298 2356
f 2229 2314 2315
f 2196 2363 2456
f 2295 2286 2332
f 2275 2281 2364
f 2275 2343 2364
f 2294 2468 5161
f 2262 2307 2352
f 2221 2314 2373
f 2272 2302 2319
f 2300 2320 2382
f 2300 2279 2382
f 2384 2294 2360
f 2304 2462 2351
f 2304 2354 2351
f 2373 2307 2392
f 2296 2306 2338
f 2295 2332 2337
f 2299 2261 2297
f 2249 5769 5398
f 2249 5398 2335
f 1586 2289 2453
f 2274 2336 2447
f 2297 2400 2299
f 2308 2251 2375
f 2308 2355 2251
f 2309 2320 2474
f 2263 2301 2368
f 2263 2368 2284
f 2310 2327 2321
f 3690 3893 3698
f 2286 2311 2332
f 2354 2470 2492
f 2283 2403 5361
f 2283 2403 5644
f 2220 2318 2323
f 2269 1045 2396
f 2324 2341 2366
f 2316 2369 2376
f 2311 2400 2297
f 2318 2317 2359
f 2318 2317 2243
f 2350 2371 2309
f 5224 2331 2239
f 2284 2356 2368
f 2324 2341 2339
f 2306 2324 2339
f 2306 2324 5219
f 2306 5219 2338
f 2323 2291 2349
f 2323 2349 1199
f 2282 2329 2399
f 2282 2331 2391
f 2282 2391 2452
f 2282 2399 2452
f 2178 2424 5556
f 2178 5556 2325
f 2301 2266 2371
f 2355 2308 2449
f 2287 2415 2427
f 2287 2427 5734
f 2383 2501 2326
f 2383 2326 2224
f 2250 2253 2425
f 2250 2410 2425
f 2250 2410 2290
f 2324 2366 5219
f 2311 2400 2332
f 2268 2285 2361
f 2296 2338 238
f 2330 2402 2383
f 2331 5224 2391
f 2340 2341 2366
f 2333 2321 2417
f 2334 2349 1199
f 2334 1199 2420
f 2317 2359 2374
f 2342 2346 2337
f 2335 5438 5618
f 2309 2474 2377
f 2281 2334 2364
f 5159 2329 2399
f 5627 2365 2328
f 2294 5161 2360
f 2333 2293 2230
f 2307 2352 2392
f 5159 2390 5381
f 5159 2399 2390
f 2302 2353 2319
f 2380 2389 5676
f 2384 2410 2290
f 2340 2341 2345
f 2251 5368 2375
f 2340 2407 2366
f 2340 2407 2436
f 2318 2323 2496
f 2318 2496 2359
f 2316 2303 2369
f 2341 2347 2345
f 2341 2347 2358
f 2341 2339 2358
f 2342 2346 2451
f 2342 2451 5651
f 785 1045 2457
f 2343 2376 2437
f 2321 2327 2417
f 2336 2313 2405
f 2322 5734 2344
f 2251 5368 2379
f 2299 2400 2428
f 2299 2319 2428
f 2274 2327 2447
f 2293 2315 2333
f 2346 2337 2357
f 2346 2370 2357
f 2414 2432 5651
f 2432 2451 5651
f 2343 2364 2408
f 2343 2437 2408
f 2334 2420 2364
f 2340 2345 2409
f 2340 2409 2436
f 2348 5261 2363
f 2253 2425 2259
f 2323 2496 1199
f 1586 5168 2453
f 2353 2319 2387
f 2381 2352 2262
f 2313 2374 2405
f 2357 2337 2388
f 2358 2347 2367
f 2358 2367 5769
f 2381 2225 2234
f 2381 2225 2262
f 2389 2361 5676
f 2332 2337 2388
f 2280 2372 2380
f 5398 2335 2435
f 2301 2368 2378
f 5644 2456 2403
f 2373 2314 2392
f 2377 2371 2309
f 2361 5676 2186
f 2359 2374 2433
f 2285 2361 2470
f 2387 2372 2353
f 2360 2384 2425
f 2361 2470 2485
f 2407 2366 2395
f 2347 2367 2398
f 2303 2369 2385
f 2445 2381 2352
f 2365 2386 2412
f 2365 2412 2328
f 2336 2447 2405
f 2451 2346 2495
f 2345 2347 2394
f 2345 2409 2394
f 2320 2474 2493
f 2320 2493 2382
f 2369 2376 2437
f 5361 2403 2396
f 5734 2344 2416
f 2314 2315 2464
f 2386 2412 2450
f 2315 2464 2417
f 2301 2378 2404
f 2314 2392 2464
f 2374 2405 2433
f 2289 2445 2453
f 2357 2370 5617
f 2357 2388 5617
f 2338 2439 5219
f 2338 2439 238
f 2347 2394 2398
f 2361 2485 2461
f 2361 2461 2389
f 2362 2402 2443
f 2332 2400 2478
f 2332 2388 2478
f 5734 2416 2427
f 2415 2356 2238
f 2415 2476 2356
f 2368 2356 2421
f 2379 2418 2466
f 2346 2370 2495
f 2377 2474 2534
f 2366 2395 2401
f 2385 2390 2551
f 2385 2390 5381
f 1045 2396 2426
f 1045 2426 2457
f 2382 2552 2279
f 2364 2420 2547
f 2364 2408 2547
f 5556 2424 2455
f 2384 2410 2425
f 2315 2417 2333
f 2369 2385 2437
f 238 2506 2259
f 2308 2449 5355
f 2308 2477 5355
f 2387 2372 2500
f 2366 2401 2439
f 2312 2397 2411
f 2363 2456 2448
f 2370 2413 5730
f 2327 2447 2530
f 2327 2417 2530
f 5261 2325 2348
f 2325 5261 5556
f 2390 2551 1764
f 2367 2398 5769
f 2445 2453 2560
f 2393 4173 4192
f 2394 2473 2409
f 2394 2473 2398
f 2344 2416 2424
f 2363 2448 5261
f 2385 2437 2488
f 2378 2421 2511
f 2378 2421 2368
f 2422 2429 2397
f 2422 2429 2440
f 2399 1764 2390
f 2399 1764 2520
f 2319 2387 2500
f 2319 2500 2428
f 4546 4513 4529
f 4546 4730 4513
f 2400 2428 5798
f 2429 2397 2411
f 2402 2150 2383
f 2403 2396 2431
f 2401 5365 2439
f 2404 2301 2371
f 2404 2570 2371
f 2406 2386 2491
f 2407 2436 2423
f 2377 2514 2371
f 5224 5838 2391
f 2386 2491 2450
f 2429 2440 2446
f 2305 5438 2646
f 2402 2150 2458
f 2402 2458 2443
f 2413 2463 5617
f 2413 5617 2370
f 2405 742 2447
f 2415 2427 2599
f 2416 2427 2444
f 2417 2530 909
f 2396 2431 2426
f 2416 2424 2444
f 2352 2419 2392
f 2414 2326 5410
f 2440 2446 2459
f 2436 2423 2504
f 2422 2397 5365
f 5161 2460 2468
f 2401 2430 5365
f 2407 2395 2423
f 2362 2479 2443
f 2359 2496 2433
f 5168 2165 2434
f 2411 2429 2441
f 2411 2441 2423
f 2424 2444 2471
f 2424 2455 2471
f 2425 2506 2259
f 2372 2442 2389
f 2372 2389 2380
f 2395 2411 2423
f 2308 2375 2481
f 2308 2477 2481
f 2399 2550 2520
f 2429 2446 2441
f 238 2439 2484
f 2431 2426 2457
f 2431 2457 2490
f 2413 5730 2463
f 2434 2449 5168
f 2412 2438 2512
f 2412 2450 2512
f 2422 5761 2440
f 2352 2445 2560
f 2352 2419 2560
f 2383 2150 2531
f 2383 2501 2531
f 2398 2473 5769
f 2397 2430 5365
f 2388 2478 2489
f 2422 5365 5761
f 4328 4190 5721
f 4328 4190 4244
f 2436 2409 5414
f 2377 2514 2534
f 2354 2351 2475
f 2442 2389 2517
f 1693 2479 2454
f 2372 2442 5335
f 2372 5335 2500
f 2446 2441 2510
f 2446 2510 2459
f 2447 2530 742
f 2448 5261 2482
f 2448 2482 2467
f 5761 2465 2440
f 2440 2465 2483
f 2440 2459 2483
f 2427 2444 2599
f 2432 2451 2480
f 2432 2414 2480
f 2423 2441 2494
f 2449 5355 5168
f 2437 2408 2547
f 2437 2547 2488
f 2451 2495 2480
f 2419 854 2392
f 2399 2550 2505
f 2417 2464 2521
f 2417 909 2521
f 5625 2625 2279
f 5625 2552 2279
f 2454 1693 2486
f 2504 2436 2497
f 2448 2456 2467
f 2418 2468 5350
f 2418 2466 5350
f 2489 5617 2388
f 2375 2481 2537
f 2375 2537 5368
f 2421 2476 2356
f 2414 5410 2480
f 2514 2570 2371
f 2442 5335 2517
f 2458 2443 2503
f 5410 2515 2326
f 2419 2560 2567
f 5438 2539 2646
f 2460 2468 2540
f 2462 2351 2625
f 2462 2625 2279
f 2385 2551 2488
f 2491 2450 2529
f 2431 2490 2403
f 5838 2519 2391
f 2403 2456 2525
f 2464 2392 2521
f 5838 5224 2438
f 5761 2439 5365
f 2389 2523 2517
f 2409 2473 5414
f 2504 2423 2494
f 5798 2400 2478
f 2378 2404 2563
f 2360 2425 2506
f 5355 2477 5813
f 2379 5368 2522
f 2379 2466 5225
f 2379 2522 5225
f 2439 5761 2484
f 2433 742 2496
f 2433 742 2405
f 2494 2441 5469
f 2481 2477 2591
f 2441 2510 5469
f 2450 2512 2554
f 2436 5414 2497
f 2495 5730 2370
f 2471 2455 2536
f 2468 5350 2540
f 2455 5556 2536
f 2469 2463 2487
f 2469 2498 2487
f 2392 2521 854
f 2469 5617 2489
f 2469 5517 2498
f 2469 5517 2489
f 5398 2473 5769
f 5398 2435 2614
f 2452 2505 2576
f 1199 2496 5382
f 2551 2488 2612
f 2470 2492 2485
f 2454 2479 5367
f 2454 2486 5367
f 2472 3964 2150
f 2473 2518 5398
f 2444 2471 2571
f 2474 2534 2493
f 2351 2475 2625
f 2523 5389 2389
f 2477 2591 2577
f 2477 2577 5813
f 2507 2515 2509
f 2507 2515 2326
f 2507 2501 2326
f 2478 5517 5798
f 2479 5367 2513
f 2453 2560 2606
f 2453 5168 2606
f 2471 2536 2535
f 2481 2591 2537
f 2482 5261 2587
f 2438 5838 2512
f 2485 2461 5664
f 2519 2541 2452
f 2519 2391 2452
f 2450 2554 2529
f 2478 2489 5517
f 2444 2599 2571
f 2435 2614 2661
f 5761 2484 2499
f 2486 2491 2532
f 2488 2547 2612
f 2378 2511 2563
f 5335 2500 2562
f 2484 2558 2499
f 2419 854 2567
f 2487 2498 2502
f 2531 2501 2507
f 5838 2512 2519
f 5414 2473 5559
f 5556 2636 2536
f 2479 2513 2443
f 2493 2534 2545
f 742 2496 5382
f 2471 2571 2535
f 2503 2513 2443
f 2495 2480 5730
f 2534 2514 2556
f 5335 2562 2517
f 2476 2526 2421
f 2486 5367 2532
f 5517 2498 2546
f 2459 2483 2510
f 2480 2557 2584
f 2480 2557 5410
f 2480 5730 2584
f 2499 2465 5761
f 2487 2502 5331
f 2473 2518 5559
f 2428 2500 2594
f 2428 2594 2705
f 2428 2705 2686
f 2428 5798 2686
f 1764 2551 2612
f 2500 2594 2562
f 2512 2554 2533
f 2415 2476 2599
f 2404 2563 2566
f 2457 2490 2544
f 5367 2516 2513
f 2483 2510 2538
f 2483 5756 5796
f 2483 2538 5796
f 2520 2550 2549
f 2520 2644 2549
f 2504 2671 2672
f 2504 2671 2494
f 2504 2601 2672
f 2483 2499 2465
f 2506 2460 2360
f 2506 2460 2528
f 2506 2484 2528
f 2541 2576 2452
f 2508 2463 5730
f 5389 2461 2389
f 2492 5536 2475
f 5261 5556 2603
f 5261 2587 2603
f 2509 2507 2565
f 2511 2563 2543
f 2504 2497 2601
f 2493 2382 2545
f 2512 2519 2533
f 2482 2553 2587
f 2482 2553 2467
f 2475 2625 5536
f 2403 2490 2608
f 2403 2608 2525
f 2515 2616 5410
f 2515 2509 2616
f 5798 5517 2546
f 5355 2658 5813
f 5355 2640 2658
f 5367 2516 5612
f 2542 2554 2533
f 2614 2518 5398
f 2520 2644 2581
f 5813 2658 2577
f 2547 2612 2837
f 2511 2526 2543
f 2511 2526 2421
f 2522 2537 5368
f 2460 5161 2360
f 2507 2524 2574
f 2507 2574 2565
f 2519 2533 2541
f 2616 2557 5596
f 2616 5410 2557
f 5556 2603 2636
f 2476 2526 2578
f 5730 2508 2584
f 2484 2528 2609
f 2525 2588 2740
f 2527 2498 2502
f 2382 2545 2552
f 2529 2554 2602
f 2508 5331 2573
f 2508 5331 2487
f 2508 2463 2487
f 2531 2548 2507
f 2498 2546 5576
f 2532 2583 2491
f 2532 5367 2583
f 2466 5350 2604
f 2524 2548 2507
f 2404 2566 2653
f 2404 2570 2653
f 2509 2565 2616
f 2533 2572 2541
f 2560 2606 2654
f 5469 2671 2494
f 2534 2556 2545
f 2520 2581 2696
f 2574 2565 2561
f 2522 5225 2537
f 2523 2564 2517
f 5225 2466 2604
f 2514 2556 2570
f 2625 2559 2555
f 2625 2559 5536
f 2533 2542 2572
f 2539 2646 2642
f 2540 2569 5350
f 5168 2640 2606
f 2499 2621 2593
f 2499 2593 2483
f 2502 2624 2579
f 5331 2579 2502
f 2508 2584 2573
f 2499 2621 2558
f 2525 2553 2467
f 2525 2456 2467
f 2545 5390 2552
f 5536 2559 5664
f 2546 5798 5576
f 854 2567 2659
f 2525 2553 2588
f 2484 2609 2558
f 5350 2569 2633
f 5350 2633 2595
f 5664 2492 2485
f 5664 2492 5536
f 2529 2583 2611
f 2529 2583 2491
f 2529 2602 2611
f 2547 2837 2727
f 2526 2543 2578
f 2521 854 371
f 5350 2604 5274
f 2567 2560 2733
f 2527 5576 2498
f 2460 2540 2528
f 2553 2588 2620
f 2513 2622 2503
f 2513 2664 2516
f 2528 2569 2609
f 2524 2548 2665
f 2524 2574 2665
f 2531 2631 3964
f 2435 2539 2661
f 2554 2542 2598
f 2554 2602 2598
f 2609 2558 2590
f 2622 2503 2458
f 2540 2528 2569
f 2556 2545 5390
f 2556 5390 2629
f 2537 2591 2718
f 2564 2649 2592
f 2557 2584 2652
f 5798 5576 2686
f 2527 2624 2502
f 2542 2598 2572
f 2599 2571 2617
f 2559 5664 2610
f 2561 2565 2575
f 2556 2570 2613
f 2556 2613 2629
f 2564 2523 2585
f 2564 2585 2649
f 5350 5274 2595
f 2523 2585 5389
f 2664 2643 2513
f 2569 2582 2633
f 2497 2589 2601
f 2497 2589 5414
f 2640 5355 5168
f 2557 2652 2710
f 2557 2710 5596
f 2570 2613 2653
f 2517 2592 2564
f 2563 2543 2597
f 2569 2609 2582
f 2490 2608 2544
f 2553 2587 2620
f 5756 2593 2483
f 5756 2593 5796
f 5612 2583 5338
f 5612 2664 2516
f 5612 2664 5338
f 2571 2535 2648
f 2571 2648 2617
f 2573 2652 2579
f 2572 2541 2605
f 2543 2586 2597
f 2559 2610 2650
f 2555 2746 2559
f 2565 2575 5762
f 2574 2665 2561
f 2609 2590 2651
f 2536 2648 2636
f 2536 2648 2535
f 2576 2580 2645
f 2543 2578 2586
f 2541 2605 2576
f 2633 2595 2662
f 2583 5367 5612
f 2590 2558 2621
f 2583 2611 2628
f 2563 2566 2772
f 2563 2597 2772
f 2624 5177 2579
f 2584 2573 2652
f 2585 2649 2721
f 2594 2592 2607
f 2594 2592 2517
f 2594 2562 2517
f 2644 2581 2793
f 2665 2575 2561
f 2665 2637 2548
f 2596 2622 2639
f 2596 2634 2639
f 2609 2582 2656
f 2587 2620 2603
f 5474 5469 2671
f 2589 2731 5414
f 2580 2550 2675
f 2582 2656 2633
f 2592 2607 2720
f 2592 2720 2682
f 2538 2657 5469
f 2538 2510 5469
f 2588 2620 2669
f 2593 2627 2630
f 2572 2668 2605
f 2596 2472 2634
f 2617 2599 2729
f 2598 2602 2611
f 5576 2600 2686
f 2476 2599 2701
f 2476 2578 2701
f 2580 2641 2645
f 2588 2669 5509
f 2588 2740 5509
f 2599 2729 2701
f 5274 2604 5531
f 2648 2617 2619
f 2600 2624 2527
f 2600 2527 5576
f 2581 2696 2793
f 2544 2608 2615
f 2544 2615 2635
f 2604 2667 5225
f 2605 2576 2687
f 2590 2651 2627
f 2590 2621 2627
f 2586 2578 2706
f 2518 5559 2707
f 2608 2525 2615
f 2518 2614 2707
f 5177 2647 2618
f 5177 2579 2618
f 5225 2829 2667
f 5225 2829 2717
f 2609 2656 2651
f 2594 2705 2716
f 2594 2716 2607
f 2595 5274 2662
f 2575 2623 5762
f 2643 2513 2622
f 2552 5625 2719
f 2597 2586 2706
f 2525 2615 2740
f 2613 2749 2653
f 5177 2624 5416
f 5177 2678 5416
f 5177 2678 2647
f 2611 2628 2598
f 2616 5762 2638
f 2616 5762 2565
f 2619 2617 2684
f 2576 2645 2687
f 2617 2729 2697
f 2617 2684 2697
f 2461 5664 2683
f 2461 5389 2854
f 2461 2683 2854
f 2583 2628 2655
f 2603 2636 2783
f 2603 2620 2783
f 2593 5796 2630
f 2616 2638 5596
f 2583 5338 2655
f 2618 2663 2647
f 2591 2718 2812
f 2591 2577 2812
f 2668 2598 2572
f 2555 2625 5625
f 2555 5625 2746
f 2610 5664 2683
f 2610 2683 2650
f 2772 2750 2566
f 2640 2606 1362
f 2640 1362 2786
f 2640 2786 2698
f 2746 2650 2559
f 2621 2627 2593
f 2622 2639 2643
f 2634 2639 2626
f 2623 2632 5762
f 2682 2649 2724
f 2682 2649 2592
f 742 2530 5312
f 2613 2629 2755
f 2613 2755 2749
f 2578 2701 2689
f 2578 2706 2689
f 2628 2598 2712
f 2652 2618 2579
f 2716 2607 2720
f 2629 2755 5390
f 2675 2580 2674
f 2631 2637 2548
f 2626 2634 2677
f 2626 2739 2677
f 2626 2639 2694
f 2628 2712 2714
f 2600 2711 2686
f 2620 2783 2673
f 2612 2837 2756
f 2652 2710 2700
f 2580 2641 2674
f 2628 2655 2714
f 2550 2708 2675
f 2626 5166 2761
f 2626 2739 2761
f 2626 5166 2694
f 2601 2672 2589
f 2620 2669 2673
f 2637 2699 2665
f 2597 2777 2706
f 2538 5796 2730
f 2538 2657 2692
f 2538 2730 2692
f 2619 2648 2781
f 2638 5596 2676
f 2639 2694 2643
f 854 2659 371
f 2640 2658 2698
f 2641 2645 2680
f 2667 5531 2604
f 2644 2690 2793
f 2635 2681 2784
f 2677 2634 5352
f 3964 2631 2693
f 3964 2693 2472
f 2633 2656 2662
f 2648 5801 2781
f 2648 5801 2636
f 2577 2658 2863
f 2577 2812 2863
f 2618 2652 2663
f 2711 5416 2624
f 2711 2624 2600
f 2634 2693 5352
f 2634 2693 2472
f 2530 5312 861
f 5796 2630 2730
f 2645 2680 2687
f 2749 2653 2861
f 2651 2709 2656
f 2652 2663 2700
f 2653 2750 2861
f 2567 2659 2733
f 2678 2666 2647
f 5596 2676 2732
f 2637 2699 2631
f 2619 2775 2684
f 2619 2775 2781
f 2731 5414 5559
f 2731 5559 2707
f 2750 2566 2653
f 2598 2712 2668
f 5474 2657 5469
f 2642 2539 5800
f 2656 2662 2679
f 2539 2661 5800
f 2691 2734 2623
f 2589 2735 2672
f 4111 4080 4158
f 2658 2704 2863
f 2658 2698 2704
f 2660 2709 2656
f 2661 2770 5800
f 2632 2638 5762
f 5531 2667 5244
f 2662 2679 5274
f 2663 2666 2695
f 2663 2666 2647
f 2664 2643 2688
f 2707 2731 2788
f 2665 2691 2699
f 2714 2655 2703
f 2666 5257 2695
f 2668 2722 2605
f 2666 2678 2762
f 2666 2762 5257
f 2669 5509 2673
f 5416 2736 2678
f 5416 2736 2711
f 2670 2686 2763
f 2671 5474 2787
f 2671 2787 2715
f 2641 2680 2674
f 2690 2680 5426
f 2643 2694 2688
f 2657 5474 2692
f 4045 3982 4076
f 2589 2731 2735
f 2615 2776 2740
f 2680 2690 2687
f 2679 2660 2709
f 2679 2660 2656
f 2664 5338 2738
f 2664 2688 2738
f 2552 5390 2758
f 2552 2719 2758
f 2699 2631 2685
f 2560 2654 2869
f 2560 2733 2869
f 2631 2693 2685
f 2681 2646 2997
f 2614 2661 2905
f 2614 2905 2707
f 2585 2721 2752
f 2585 5389 2752
f 2684 2697 2775
f 2632 2638 2676
f 5801 2783 2636
f 5390 2768 2758
f 5257 2695 2723
f 5382 4240 2844
f 2685 2745 2747
f 2686 2711 2763
f 2690 2687 2725
f 2690 2725 2895
f 2690 2793 2895
f 2691 2699 2734
f 2679 2741 2713
f 2680 2674 2708
f 2680 5426 2708
f 2685 2693 2745
f 2654 2606 1362
f 2654 1362 3019
f 2654 2869 3019
f 2709 2679 2713
f 2663 2700 2695
f 2597 2772 2777
f 2682 2724 2737
f 2682 2720 2737
f 2703 2714 2726
f 2703 2726 2744
f 2687 2725 2605
f 2635 2615 2784
f 2676 2771 2743
f 2676 2771 2632
f 2661 2770 2905
f 2675 2674 2708
f 2699 2734 2685
f 2630 2702 2627
f 2630 2730 2702
f 2679 2741 2742
f 2679 2742 5531
f 2679 5274 5531
f 5356 5526 3265
f 2688 2738 5216
f 2692 2787 5474
f 2692 2787 2851
f 2741 2713 2766
f 2615 2784 2776
f 2623 2728 2632
f 2623 2734 2728
f 2703 5170 2744
f 2704 2753 2698
f 2705 2716 2769
f 2713 2766 5679
f 5244 2742 5531
f 5338 2754 2780
f 5338 2754 2738
f 2685 2747 5686
f 2722 2712 2668
f 2710 2789 2840
f 2712 2714 2726
f 5509 2673 2779
f 5596 2732 2789
f 5596 2789 2710
f 2713 2709 2757
f 2713 2757 2751
f 2683 2650 2782
f 2683 2782 2854
f 5312 861 2860
f 2649 2724 2721
f 2762 5689 5257
f 2762 5689 2820
f 2692 2730 2748
f 2717 2718 2537
f 2734 2821 2685
f 2718 2717 2818
f 2718 2812 2818
f 2678 2762 2801
f 2678 2736 2801
f 2712 2726 2722
f 4240 2844 2867
f 2732 2743 2676
f 861 2860 2977
f 2709 2627 2765
f 2709 2627 2651
f 2719 5625 2836
f 2667 5244 2829
f 2702 5570 2730
f 2722 2725 2605
f 5686 2821 2685
f 2723 2760 5689
f 2723 5689 5257
f 2711 2736 2763
f 2853 2767 2672
f 2720 2737 2833
f 2716 2720 2769
f 2670 2763 2796
f 2670 2769 2796
f 2692 2851 2748
f 2695 2700 2799
f 2695 2723 2799
f 5216 2802 2738
f 2727 2852 5382
f 2811 2740 5509
f 2659 2733 2823
f 2728 2771 2632
f 2730 5570 2866
f 2730 2866 2748
f 2731 2788 2864
f 2731 2864 2767
f 2731 2767 2735
f 2732 2789 2759
f 2733 2869 2823
f 2693 5352 2745
f 2659 2823 2953
f 2735 2767 2672
f 2720 2769 5757
f 5625 2746 2764
f 5625 2764 2803
f 5625 2836 2803
f 2726 2722 2744
f 2706 2777 2797
f 2659 371 2953
f 2732 2759 2743
f 2780 2805 5170
f 2780 5170 2703
f 5800 5189 3022
f 2689 2797 2706
f 2702 5570 2627
f 2700 2710 2799
f 371 2953 2884
f 2745 2813 2747
f 2789 2759 2791
f 2802 5603 5216
f 2835 2813 2745
f 2835 2828 2813
f 2835 2745 5352
f 2728 2734 2815
f 2854 5389 2752
f 2750 2772 2792
f 5689 2760 2820
f 2757 2765 2709
f 2724 2721 2737
f 2771 2743 2846
f 2723 2799 5598
f 2736 2763 2801
f 2650 2746 2764
f 2650 2764 2795
f 2721 2737 2752
f 2728 2771 2815
f 5166 5760 2694
f 2833 5757 2720
f 2833 2916 5757
f 2747 2832 2849
f 2747 5686 2849
f 2813 2832 2747
f 2754 2738 2802
f 2754 2802 2780
f 2840 2789 2887
f 2768 2755 2773
f 2768 2755 5390
f 5244 2742 2766
f 2755 2773 2830
f 2742 2741 2766
f 2794 2757 2809
f 2757 2774 2809
f 2734 2821 2815
f 2697 2775 2785
f 2765 5570 2878
f 2765 5570 2627
f 2760 2820 2901
f 2760 2901 2778
f 2761 2739 2845
f 5760 2694 2688
f 5760 2688 5216
f 2704 2753 2863
f 2762 2820 2801
f 2765 2794 2878
f 2757 2765 2794
f 2646 2642 2948
f 2646 2997 2948
f 2697 2785 2729
f 2757 2751 2774
f 2755 2749 2830
f 2753 2786 2698
f 2818 2717 2807
f 2797 2777 2806
f 2749 2861 2830
f 2761 5166 2859
f 2761 2859 2876
f 2761 2876 2845
f 2707 2788 2905
f 2768 2758 2773
f 2743 2879 2846
f 2770 5800 5189
f 5760 2871 5603
f 5760 5216 5603
f 2696 2941 3049
f 2771 2815 2846
f 2772 2777 2825
f 2772 2825 2792
f 2774 2751 2834
f 2821 5686 5794
f 2849 5686 2790
f 5598 2760 2723
f 5570 2878 2920
f 5570 2920 2866
f 2778 2808 5598
f 2778 2760 5598
f 2701 2785 3016
f 2701 2785 2729
f 2739 2835 2845
f 2672 2787 2853
f 2672 2787 2715
f 2703 2655 2780
f 2710 2799 2819
f 2710 2819 2840
f 2776 2784 2857
f 2776 2857 2877
f 2776 2877 2740
f 2673 2783 2839
f 2673 2779 2839
f 2764 2795 2803
f 2737 2752 2800
f 5679 2751 2834
f 5679 2751 2713
f 2811 2779 5509
f 5244 2841 2829
f 5166 2859 5760
f 2717 2829 2807
f 2650 2782 2795
f 2763 2796 2826
f 2763 2801 2826
f 5244 2766 2841
f 2869 2823 2922
f 2834 2774 2809
f 2781 2775 2827
f 2781 5801 2827
f 2777 2825 2806
f 2787 2874 2851
f 5679 2834 2798
f 2782 2795 2804
f 2834 2798 2831
f 2833 2800 2737
f 2828 2813 2868
f 2750 2861 2792
f 5598 2799 2919
f 2789 2791 5770
f 2725 2838 3089
f 2725 3089 2895
f 2788 2905 2875
f 2775 2785 2814
f 2879 2791 2759
f 2879 2759 2743
f 2789 5770 2887
f 2766 2798 2841
f 2793 2696 2987
f 2766 5679 2798
f 2758 2773 5221
f 5757 2890 2769
f 2794 2809 2842
f 2689 2797 2806
f 2725 2722 2744
f 2769 2902 2858
f 2861 2792 3006
f 2861 2830 2880
f 2799 2819 2919
f 2779 2839 2811
f 2807 2818 2843
f 2807 2843 2979
f 2740 2811 5583
f 2780 2802 2817
f 2780 2817 2805
f 2859 2903 5760
f 2775 2827 2814
f 2689 2806 3016
f 2689 3016 2701
f 2773 2810 2882
f 2773 5221 2882
f 2802 5603 2817
f 2808 2919 5598
f 2798 2841 2831
f 2901 2808 2914
f 2901 2808 2778
f 2791 2944 5770
f 2803 2822 2795
f 2806 2825 2904
f 2833 2916 2800
f 2803 2836 2822
f 2863 2812 2891
f 2810 2830 2880
f 2839 2811 2856
f 2877 2740 5583
f 2801 2820 2826
f 2767 2864 2921
f 2812 2818 2843
f 2808 2896 2914
f 2753 2863 2862
f 2792 2825 2865
f 2792 2958 2865
f 2813 2832 2868
f 2769 2796 2850
f 2769 2902 2850
f 2853 2889 2767
f 2816 2917 2744
f 2816 5170 2744
f 2785 2847 2814
f 2809 2834 3162
f 2809 2842 3162
f 2794 2842 2848
f 2794 2878 2870
f 2794 2848 2870
f 2907 5801 2783
f 2907 2839 2783
f 2907 2937 2839
f 2787 2853 2874
f 2917 5277 2744
f 2820 2826 2901
f 2864 2921 2967
f 2821 2815 5794
f 2823 2922 2913
f 2752 2854 2992
f 2752 5223 2992
f 5277 2838 2725
f 5277 2744 2725
f 2823 2953 2913
f 2862 2753 2786
f 2804 2822 2795
f 2758 2719 5221
f 2819 2840 2919
f 2851 2866 2897
f 2851 2866 2748
f 2835 2828 2888
f 2827 5801 2956
f 2827 2894 2956
f 5603 2817 2925
f 2828 2888 2885
f 2828 2885 2868
f 2829 2807 2938
f 2829 2938 2974
f 2829 2841 2974
f 2782 2854 2992
f 2782 2992 2804
f 2831 5218 2834
f 2825 2904 2865
f 2832 2849 2868
f 2800 2752 2900
f 2796 2826 5217
f 2866 2897 2872
f 2807 2938 2979
f 2835 2845 2888
f 2836 2719 5545
f 2836 3138 5545
f 2784 2911 2997
f 2788 2864 2875
f 2815 2846 2879
f 2815 5794 2879
f 2796 5217 2850
f 2837 2756 2928
f 5794 2943 5686
f 2817 2925 2886
f 2916 2900 2800
f 2840 2919 2887
f 2812 2891 2843
f 2842 2848 2873
f 3507 3337 3135
f 2844 2883 2910
f 2879 2932 2791
f 2874 2853 2889
f 2719 5545 5221
f 2770 5743 2905
f 5312 2860 3003
f 2814 2827 2894
f 2814 2847 2894
f 2848 2899 2870
f 2889 2921 2767
f 2805 2985 2926
f 2849 2790 2868
f 2851 2897 2874
f 2817 2805 5498
f 2817 2886 5498
f 2890 2769 2858
f 2810 3005 2880
f 2810 3005 2882
f 2903 2871 5760
f 2875 2955 2905
f 2845 2888 2912
f 2855 1272 5227
f 1362 2862 2786
f 2857 2784 2915
f 2857 2877 2915
f 2859 2876 2903
f 2826 2901 2939
f 2860 2996 2977
f 2861 2880 2934
f 2861 3006 2934
f 2785 2847 5609
f 2785 3016 5609
f 2877 5583 2980
f 2862 5574 1362
f 2862 5574 2976
f 2845 2876 2912
f 2863 2891 2862
f 2856 2957 2811
f 2864 2875 2929
f 2839 2937 2856
f 2866 2920 2872
f 3019 2869 2961
f 2867 5312 2972
f 2867 4240 5312
f 2944 2881 5648
f 2944 2881 5770
f 2805 2985 5498
f 2869 2922 2961
f 2852 5382 2883
f 2752 5223 3028
f 2752 2900 3028
f 2916 5757 2890
f 2871 2903 2931
f 2943 2908 5686
f 5583 5608 2811
f 2876 2912 2927
f 2804 2822 5611
f 2876 2927 2903
f 2784 2911 2915
f 2919 2887 2892
f 2841 2831 2974
f 2887 2893 5770
f 2880 2934 2949
f 2826 2939 5217
f 2874 2889 2942
f 2883 2993 2852
f 2883 2993 2968
f 2883 2910 2968
f 2884 2977 3000
f 2836 2822 3056
f 2836 3056 3138
f 1362 3019 3101
f 2867 2972 2986
f 2816 2926 5170
f 2816 2926 2917
f 2790 2868 1901
f 2790 1901 2908
f 3016 3011 2806
f 2870 2899 2935
f 1362 5574 3091
f 2929 2864 2967
f 2888 2906 5564
f 2844 2909 2910
f 2887 2892 2893
f 2885 2888 5564
f 2885 5564 2923
f 2985 5498 3008
f 2932 2791 2944
f 2890 2858 2966
f 2891 2976 2862
f 2874 2897 2942
f 2904 2951 2865
f 2908 2790 5686
f 2881 2893 5770
f 2881 2930 2893
f 2917 2838 5277
f 2871 5603 5372
f 2871 2931 5372
f 2847 2969 5609
f 2888 2918 2906
f 2867 2909 2844
f 5603 5372 2925
f 2928 2898 2837
f 2896 2808 2998
f 2897 2942 2924
f 2888 2912 2918
f 2992 2804 3029
f 2899 3002 2933
f 2899 2965 2933
f 2881 2930 5648
f 2873 2842 2936
f 2900 2916 2966
f 2850 2902 3013
f 2850 5217 3013
f 2901 2914 2939
f 2903 2999 2931
f 2899 2965 2935
f 2955 2875 2947
f 2904 3011 2951
f 2904 3011 2806
f 2905 2955 5743
f 2877 2915 2980
f 2838 2917 5137
f 2842 3162 2988
f 2842 2936 2988
f 2872 2897 2945
f 2804 3029 5633
f 2918 3030 2906
f 2927 2903 5373
f 2897 2924 2945
f 2884 2953 5383
f 2884 3000 5383
f 1362 3101 3091
f 2856 2957 2937
f 2892 2893 5273
f 2892 5273 2919
f 2899 3002 2982
f 2899 2982 2848
f 2889 2942 2978
f 2889 2978 2921
f 2858 2966 2960
f 2886 5498 3043
f 2930 5648 3012
f 2907 3081 2994
f 2907 3081 5801
f 2907 2937 2994
f 2903 5373 2999
f 2831 2974 3124
f 2770 3112 5189
f 2770 3112 5743
f 2909 2867 2986
f 2909 2991 2986
f 2843 2891 2979
f 2911 3009 2997
f 2911 2915 3009
f 2918 2912 5805
f 2909 2991 2963
f 2909 2910 2963
f 2875 2929 2947
f 2879 2932 2995
f 2879 2995 5794
f 5218 3162 2834
f 2953 2913 2946
f 2890 2916 2966
f 2822 3056 3054
f 2822 3054 5611
f 3852 5819 3911
f 2935 2952 2870
f 2852 2962 2993
f 5574 3091 3142
f 2852 2973 2962
f 2908 2943 5547
f 5608 2957 2811
f 2804 5633 5611
f 2793 2987 3032
f 2838 5499 3038
f 2926 2917 3040
f 2926 5552 3040
f 2929 2947 2975
f 2868 2885 3020
f 2868 3020 1901
f 3009 2997 3033
f 2872 2920 2945
f 2920 2952 2945
f 2952 2878 2920
f 2952 2878 2870
f 2893 2930 3287
f 2893 5273 3287
f 4895 4901 4988
f 2939 2914 5375
f 3019 2961 3094
f 2978 2921 2959
f 2891 2979 2976
f 2926 2985 5552
f 2928 2989 3007
f 2952 2935 3037
f 2929 2967 2970
f 2932 2944 2995
f 5137 5499 2838
f 2894 2969 2847
f 2924 2942 2945
f 2902 2960 2858
f 2935 2965 3118
f 3006 2958 2792
f 2935 5831 3118
f 2936 2954 5776
f 2936 3139 5776
f 2936 3139 2873
f 2978 2950 2959
f 2938 2979 3129
f 2938 2974 3129
f 3012 2930 3263
f 5583 2980 5579
f 2900 2966 3028
f 2939 2981 5375
f 2979 2976 3140
f 2979 3129 3140
f 2912 5805 3104
f 2912 3104 2927
f 2831 3124 4973
f 2831 5218 4973
f 3000 2977 3024
f 2942 3076 2978
f 2944 5648 2995
f 2946 2953 3071
f 2936 2954 2988
f 2928 2756 3007
f 2980 3036 3133
f 2980 5579 3133
f 2923 5538 5405
f 2923 5405 2885
f 5498 3043 3044
f 2914 5375 3048
f 2922 2961 5310
f 2917 5137 3093
f 2917 3040 3093
f 2929 2970 2975
f 1901 5547 2908
f 2923 5564 2964
f 2880 2949 3005
f 1314 3080 5273
f 2953 5383 3075
f 2955 5743 2971
f 2882 3018 5221
f 2882 3018 3005
f 2956 3014 3081
f 2956 3081 5801
f 2958 3006 3083
f 2958 2951 3083
f 2958 2951 2865
f 2950 2959 3118
f 2955 2947 3023
f 2955 3023 2971
f 5794 2943 3015
f 2953 3071 3039
f 2915 2980 3009
f 2960 3010 2902
f 2896 3048 2914
f 2918 5805 3030
f 2921 2967 2959
f 2952 2945 3076
f 2952 3076 3037
f 2966 2960 3028
f 3018 5545 5221
f 2925 2886 5372
f 2910 2963 3051
f 2910 2968 3051
f 2902 3013 3047
f 2942 2945 3076
f 2943 2984 3015
f 3030 5564 2906
f 2939 5217 2981
f 5609 2969 3031
f 5743 2971 5409
f 5223 3028 3026
f 2967 2959 2970
f 3016 3011 5246
f 3016 5463 5246
f 2947 3023 2975
f 2968 2993 3017
f 2948 2997 3267
f 2931 5372 2999
f 2756 5454 2941
f 2972 2986 3035
f 2972 3045 3035
f 2971 5409 3023
f 2969 3027 3031
f 2969 3027 2894
f 2860 3004 3003
f 2993 2983 3121
f 2993 3017 3121
f 2954 5776 2988
f 2965 2959 3118
f 2965 3064 2959
f 2968 3055 3017
f 2974 3129 3124
f 2972 3003 3045
f 2972 3003 5312
f 5831 2935 3545
f 2976 3140 3142
f 2976 3142 5574
f 2913 5440 2946
f 2696 2987 3049
f 5609 3031 5463
f 5609 5463 3016
f 2977 2996 3072
f 2977 3024 3072
f 2957 2937 3001
f 2957 3001 5608
f 3786 3690 3893
f 3786 3893 3911
f 3089 2895 3366
f 5499 3067 3038
f 2963 2991 3051
f 2982 3084 3213
f 2982 2848 3213
f 2937 2994 3001
f 5137 5499 3093
f 2935 3037 3545
f 2943 5547 2984
f 2985 3042 3008
f 2923 2964 5538
f 2968 3051 3055
f 2980 3036 3009
f 2983 3046 2993
f 2983 3046 3121
f 2873 3213 3069
f 2873 2848 3213
f 2975 3066 3023
f 2985 5552 3034
f 2985 3042 3034
f 2986 2991 3053
f 2986 3053 3035
f 3139 3069 2873
f 5608 5508 5583
f 2990 2973 3060
f 2996 3004 2860
f 2949 3005 2934
f 3006 2934 5483
f 2886 5372 3098
f 2886 3043 3098
f 5189 3022 3112
f 2992 5693 3029
f 5547 2984 3063
f 2994 3001 3073
f 2995 3090 5421
f 2996 3072 3110
f 2756 3007 3059
f 2997 3033 3267
f 2998 3080 2919
f 2953 3039 3075
f 3003 3045 3062
f 5552 3034 3061
f 3020 5405 2885
f 3027 2956 3014
f 3027 2956 2894
f 3000 3050 3024
f 2933 3002 3057
f 2951 3011 3025
f 3001 3052 3073
f 3001 3052 5608
f 2988 3162 3148
f 2951 3025 3083
f 2993 2962 3132
f 2993 3046 3132
f 3030 2964 3127
f 3030 2964 5564
f 3002 2982 3084
f 2970 2959 3064
f 2970 2975 3064
f 3004 3110 2996
f 3005 2934 3070
f 5373 3104 3092
f 5373 3104 2927
f 3000 3050 5383
f 2962 5144 3132
f 5508 5579 5583
f 5508 5766 5608
f 5499 3093 3088
f 5499 3067 3088
f 3008 3042 3128
f 3008 3044 5498
f 3010 3047 2902
f 3010 3047 3078
f 3011 3025 5246
f 3012 2995 5421
f 3012 2995 5648
f 3012 5421 3263
f 2991 3051 3053
f 5409 3021 3023
f 2994 3073 3165
f 2994 3081 3165
f 2962 5144 3134
f 3004 3077 3003
f 3013 3047 3113
f 3014 3027 3117
f 2989 3114 3099
f 2989 3099 3007
f 2934 3107 3070
f 3005 3018 3070
f 2941 5454 3111
f 2941 3049 3111
f 3045 4108 3035
f 3017 3121 3097
f 2973 2962 3106
f 2973 3060 3106
f 3009 3036 3033
f 2930 3287 3263
f 2950 2978 3332
f 2950 3118 3332
f 3006 3083 3068
f 2981 3550 5375
f 3018 5545 3105
f 3018 3070 3105
f 2984 3063 3015
f 3021 3066 3023
f 3022 3112 3103
f 3015 3090 5794
f 3024 3072 3095
f 2948 3267 3205
f 2948 3022 3205
f 2922 5440 1185
f 2922 2913 5440
f 2975 3066 3064
f 3070 3107 3163
f 2989 3114 2990
f 3046 3087 3132
f 3027 3117 3074
f 3084 5729 3213
f 3025 5246 3146
f 2756 5454 3065
f 2756 3059 3065
f 3098 5372 3122
f 2934 3107 3155
f 2934 5483 3155
f 3030 5805 3151
f 2999 3182 5655
f 3031 3027 3074
f 5633 3029 3158
f 5633 3054 3158
f 5633 3054 5611
f 3064 2933 2965
f 3077 3058 3004
f 2961 5310 3094
f 2999 5655 5372
f 2999 3092 3182
f 2999 3092 5373
f 5538 3125 5405
f 3034 3042 3067
f 3036 3033 3203
f 3112 3082 5409
f 3112 5409 5743
f 3037 3545 3209
f 3067 3038 3172
f 3067 3042 3172
f 3047 3113 3096
f 2896 2998 3295
f 2896 3320 3295
f 3121 3046 3164
f 3034 3061 3102
f 3034 3067 3102
f 3021 3066 3085
f 3002 3057 3108
f 5655 3079 5372
f 3039 3071 3131
f 3127 5538 3161
f 3127 5538 2964
f 3041 3275 2981
f 3043 3098 3044
f 3045 5213 4108
f 3045 5213 3100
f 3046 3164 3087
f 3047 3078 3096
f 3550 3275 2981
f 3049 2987 3178
f 5409 3082 3021
f 2933 3085 3057
f 3053 3035 4108
f 3053 3055 4108
f 3081 3117 3014
f 3090 2995 5794
f 3054 3056 3158
f 2960 3157 3010
f 3056 3138 3158
f 3057 3108 3109
f 5547 3143 1901
f 5547 3143 3063
f 5372 3079 3122
f 3550 3048 3193
f 3550 3048 5375
f 3059 3065 5557
f 5223 3171 2992
f 3051 3053 3055
f 3025 3083 3115
f 3025 3146 3115
f 3003 3077 3145
f 3003 3062 3145
f 3002 3108 3084
f 5693 3150 5193
f 3062 3100 3045
f 2896 3048 3137
f 2896 3137 3320
f 3085 2933 3064
f 3085 3066 3064
f 2987 3206 3178
f 3121 3097 3216
f 3042 3172 3128
f 3113 3041 3013
f 3067 3088 3102
f 5693 3150 3173
f 5693 3173 2992
f 3031 5463 3219
f 3037 3209 3393
f 3037 3393 3076
f 3143 3252 3063
f 3143 3130 1901
f 5729 3084 3108
f 3070 3105 3163
f 3052 5766 5608
f 5213 3097 3123
f 3071 3131 3141
f 3015 3136 3090
f 3040 3061 5552
f 3114 3106 3185
f 3114 3106 3060
f 3114 2990 3060
f 3029 3158 5693
f 5463 3219 3300
f 3080 5273 2919
f 3057 3085 3109
f 5805 3104 5792
f 5421 3090 1857
f 3931 3966 4085
f 3015 3136 3120
f 3068 3083 3115
f 3063 3120 3015
f 3031 3074 3219
f 3085 3109 3147
f 3085 3147 3021
f 2998 3080 3295
f 3088 3093 3102
f 3182 5619 5655
f 2960 3026 3157
f 2960 3026 3028
f 3061 3040 3093
f 3061 3102 3093
f 3077 3058 3180
f 3077 3180 3145
f 3089 1360 3417
f 5454 3111 5240
f 5454 5240 3065
f 2988 3148 5776
f 3075 3126 3166
f 3075 3126 5383
f 3075 3039 3166
f 3091 3101 3245
f 3079 5619 5655
f 3062 759 3174
f 3062 759 3100
f 3158 3138 5594
f 3062 3145 3174
f 1857 3090 3136
f 3059 5557 3116
f 5805 3151 5792
f 3094 3247 3231
f 3072 3095 3154
f 3094 3208 3019
f 5729 3108 3187
f 5729 3242 3187
f 3038 3089 3204
f 3097 3216 3135
f 3092 3104 3188
f 3092 3182 3188
f 3049 3178 3111
f 3098 3122 3184
f 3098 3044 3184
f 3072 3110 3159
f 3072 3154 3159
f 5213 3100 3123
f 3099 3186 3007
f 3006 3068 3167
f 3006 3167 5483
f 5405 3125 3251
f 5405 3338 3251
f 3050 3144 3024
f 3050 3144 5433
f 3103 3112 3149
f 3103 3149 3197
f 3096 3113 3170
f 3096 3170 3156
f 3036 3133 3203
f 3104 3119 3188
f 3065 5557 3202
f 3065 5240 3202
f 3041 3113 3170
f 3041 3170 3240
f 3030 3127 5442
f 3030 5442 3151
f 5538 3161 3160
f 3104 3119 5792
f 3155 3107 3236
f 3020 3338 3130
f 3020 3338 5405
f 3097 3123 3152
f 5144 3132 3153
f 3074 3219 3312
f 3074 3117 3312
f 3132 3087 3168
f 3132 3168 3153
f 3044 3128 3008
f 3068 3169 3115
f 3059 3186 3116
f 3059 3186 3007
f 5483 3286 3155
f 3111 3248 5240
f 3112 3149 3195
f 3099 3114 3186
f 5246 3308 5463
f 3118 5831 3332
f 3052 3073 3232
f 3052 5766 3232
f 3129 3124 3241
f 3071 5315 3141
f 3071 5315 5440
f 3082 3112 3147
f 3123 3194 3100
f 3165 3073 3179
f 3208 3101 3019
f 3069 3213 5169
f 3069 3139 5169
f 3073 3232 3179
f 3022 3205 3103
f 5144 3153 3200
f 5144 3200 5557
f 3121 3216 3164
f 3123 3194 3152
f 3091 3142 3245
f 5193 3158 5693
f 3162 4973 5218
f 5557 3134 3116
f 5557 3134 5144
f 5557 3200 3202
f 3157 3010 3181
f 3128 3353 3044
f 3129 3140 3241
f 3089 3204 1360
f 3032 3191 3291
f 3082 3147 3021
f 3117 3081 3165
f 3117 3165 5371
f 3117 3343 5371
f 3131 3141 3222
f 3148 5776 3211
f 3095 3223 3220
f 5220 3033 3203
f 5220 3203 3221
f 3213 3339 5169
f 3133 5579 3230
f 3133 3203 3230
f 3112 3195 3147
f 3127 5442 3161
f 3068 3167 3169
f 5513 3138 5545
f 5513 5545 3105
f 5315 3141 5424
f 3109 3108 3147
f 3039 3166 3190
f 3185 3134 3116
f 3010 3181 3078
f 3048 3137 5581
f 3048 3193 5581
f 5246 5751 3308
f 3033 3267 5220
f 3107 3163 3342
f 5193 3158 5747
f 5513 3105 3421
f 3122 3305 3184
f 3140 3241 3361
f 3393 3426 3076
f 3152 3135 3097
f 5579 3379 3230
f 3181 3078 3096
f 4973 3162 3224
f 5240 3202 3177
f 3108 3187 3147
f 3338 3130 3264
f 3143 3130 3264
f 3143 3252 3264
f 3125 3160 3358
f 3095 3154 3269
f 3095 3269 3359
f 3095 3223 3359
f 3039 3190 3131
f 3144 3024 3175
f 3119 3188 3228
f 3119 3228 3502
f 3120 3136 3252
f 3146 5751 5246
f 3146 5751 3207
f 3146 3207 3115
f 3117 3312 3343
f 3170 3156 3189
f 3032 3206 3291
f 3142 3140 3361
f 3142 3361 3245
f 3038 3172 3204
f 3100 5449 3218
f 3148 3162 3224
f 3148 3201 3224
f 3160 3125 5538
f 3247 3094 3266
f 3026 5223 5613
f 3026 3157 5613
f 3114 3185 3186
f 3150 5193 3323
f 5273 1314 3566
f 5273 3287 3566
f 3151 5442 3456
f 3145 3180 3174
f 4973 3196 3124
f 4973 3224 3196
f 3153 3168 3176
f 3338 3251 3400
f 5792 5560 3151
f 3154 3237 3159
f 1185 3217 1065
f 1185 5310 1065
f 5463 3308 3212
f 5463 3300 3212
f 3136 1857 5451
f 3116 3186 3185
f 3156 3189 3277
f 3158 5594 5747
f 3120 3252 3063
f 3154 3237 3269
f 759 5449 3100
f 3144 5433 3257
f 3144 3175 3257
f 3240 3275 3041
f 3124 3241 3196
f 3141 5424 5238
f 3141 3253 5238
f 3164 3216 3276
f 3153 3200 3176
f 3165 5371 3270
f 3426 3076 3322
f 3426 3523 3322
f 3550 3193 3256
f 3167 3286 5483
f 3147 3195 3187
f 3168 3176 3238
f 3169 3207 3115
f 3170 3240 3189
f 3171 3173 2992
f 5240 3229 3177
f 3246 3232 3243
f 3246 3232 5766
f 3246 5508 5766
f 3246 5508 5579
f 3111 3783 3298
f 3111 3783 3248
f 3174 3225 3159
f 3190 3131 3279
f 3137 3320 3260
f 3137 5581 3260
f 3194 3218 3100
f 5619 3325 3079
f 3178 3111 3278
f 3179 3165 3270
f 3139 5169 3302
f 3181 3157 5356
f 1314 3566 3383
f 5315 3215 5424
f 3168 3238 3403
f 3168 3274 3403
f 1857 3711 5451
f 3228 3188 3360
f 3139 3239 3302
f 3139 3239 5776
f 3305 3184 3503
f 3305 3325 3122
f 3502 5560 3119
f 1185 3215 3262
f 3248 3229 5240
f 3248 3328 3229
f 3187 3195 3242
f 3176 3200 3391
f 3176 3391 3238
f 3188 3182 3360
f 3320 3512 3260
f 3156 3265 3277
f 3156 3265 3096
f 3194 3152 3337
f 3194 3294 3337
f 5792 5560 3119
f 3195 3199 3242
f 3197 3205 1500
f 3197 3205 3103
f 3148 3211 3201
f 3181 5356 3265
f 3181 3265 3096
f 3227 3198 3210
f 3205 1654 1500
f 3161 3358 3160
f 3168 3258 3087
f 3168 3274 3258
f 3332 3076 3322
f 3332 3076 2978
f 3201 3224 5636
f 3783 3248 3284
f 3198 3210 3226
f 3198 3226 3214
f 3111 3278 3298
f 3203 3230 3250
f 3166 3190 3220
f 3206 3178 5446
f 3193 3256 5581
f 3239 3211 5776
f 3783 3233 3284
f 3217 3266 1065
f 759 3225 3237
f 759 3237 3244
f 759 3244 5449
f 3182 5619 3235
f 3163 3105 3421
f 3163 3421 3342
f 5560 3151 3584
f 3512 3320 5320
f 3202 3200 3423
f 3202 3177 3409
f 3202 3409 3423
f 3149 3197 3272
f 3155 3236 3286
f 3210 3226 3280
f 3210 3249 3280
f 3200 3423 3391
f 3182 3360 3235
f 3161 3358 5442
f 3178 5446 3278
f 3213 3339 3242
f 3214 3198 3234
f 3215 3262 5424
f 3203 3221 3250
f 3216 3135 3276
f 3210 3227 3249
f 3198 3227 3234
f 5169 5759 3369
f 3227 3282 3249
f 3269 3359 3285
f 5619 3235 3271
f 3550 3357 3275
f 3179 3232 3270
f 3218 3194 3294
f 3218 3307 3294
f 3219 3300 3312
f 3339 5169 3369
f 3208 3401 3255
f 3171 5613 5223
f 3131 3222 5814
f 3131 5814 5691
f 3241 3361 3319
f 5300 5143 5831
f 5300 5831 3545
f 3230 3250 5301
f 3230 5301 3379
f 3223 3359 3385
f 3149 3272 3199
f 5619 3271 3325
f 5356 3157 5613
f 3325 3079 3122
f 3240 5593 3189
f 3310 3456 5442
f 3199 3195 3149
f 5577 3201 5412
f 3201 5412 5636
f 3225 3237 3159
f 5452 5594 3138
f 5452 5513 3138
f 5593 3240 3283
f 3167 3304 3169
f 3226 3280 3268
f 3223 3190 3259
f 3223 3385 3259
f 5593 3189 3349
f 3190 3259 3279
f 3150 3173 3323
f 3222 5814 3434
f 3232 3243 3270
f 3229 3177 3436
f 3208 3384 3401
f 3208 3384 3101
f 5135 3302 5169
f 5135 5169 5759
f 3166 3257 3220
f 3166 3257 5433
f 3166 3126 5433
f 3253 3376 3222
f 3175 3257 3220
f 3131 5691 3279
f 3197 3272 3297
f 3197 3297 1500
f 3231 3255 3247
f 3167 3286 3420
f 3167 3411 3420
f 5594 3439 5452
f 3311 3783 3347
f 5449 3218 3307
f 5449 3307 3244
f 3101 3245 3384
f 5594 3323 5747
f 3199 3331 3242
f 3254 3282 3249
f 3233 3284 3405
f 3234 3303 3214
f 3277 3189 5171
f 3177 3409 3436
f 3226 3327 3214
f 3241 3196 3319
f 3254 3335 3249
f 3243 3270 3330
f 3208 3255 3094
f 3246 3243 3315
f 4096 5345 5703
f 4096 5755 5703
f 3189 3349 5171
f 3233 3405 3336
f 3233 3336 3311
f 3233 3783 3311
f 3272 3199 3331
f 3258 3276 3281
f 3258 3276 3164
f 3258 3164 3087
f 3226 3327 3268
f 5442 3310 5702
f 3247 3266 3293
f 3247 3293 3445
f 3243 3330 3315
f 3248 3284 3328
f 3274 3281 3348
f 3280 3249 3292
f 3191 3291 3345
f 3191 3340 3345
f 3227 3234 3451
f 3227 3408 3451
f 3251 5727 3125
f 3239 5412 3302
f 3239 5412 5577
f 3239 3201 5577
f 3239 3201 3211
f 3339 3242 3369
f 1314 3080 3551
f 1314 3383 3551
f 3252 5451 3264
f 3240 3275 3283
f 3274 3281 3258
f 3274 3403 3348
f 3335 3249 3292
f 5513 5452 3421
f 3253 5238 3266
f 3255 3247 3395
f 3255 3094 3231
f 3171 3371 3173
f 3171 3371 5263
f 3171 5613 3380
f 3171 5263 3380
f 3277 5171 3382
f 3323 5193 5747
f 3252 5451 3136
f 3259 3279 3414
f 3261 3301 3346
f 3261 3346 3313
f 3262 5424 5238
f 3262 3266 5238
f 3261 3290 3326
f 3263 3287 1610
f 3227 3282 3467
f 3227 3408 3467
f 3191 3340 3364
f 3261 3301 3350
f 3261 3290 3350
f 3273 3301 3346
f 5593 3283 3352
f 5593 3352 3440
f 5593 3349 3440
f 3273 3301 3350
f 3273 3350 3355
f 5451 3264 3354
f 5220 3267 3378
f 3236 3286 5212
f 3281 3348 3329
f 3244 3237 3413
f 3261 3362 3313
f 5412 3289 3319
f 5412 3319 5636
f 3250 3221 5436
f 3250 5301 5436
f 3269 3237 3429
f 3269 3285 3429
f 3270 3444 3330
f 3221 3317 5436
f 3221 3317 5220
f 3184 3353 3044
f 4229 3945 4012
f 3271 3399 3325
f 3272 3331 3297
f 3273 3355 3333
f 3273 3334 3333
f 3253 3376 3293
f 3196 3319 5636
f 3196 3224 5636
f 3417 3366 3520
f 3151 3584 3456
f 5371 3343 3367
f 3277 3382 3265
f 3293 3445 3398
f 3341 5741 3344
f 3341 5741 3280
f 3080 3295 3551
f 5135 3289 3372
f 5135 3289 5412
f 4798 4632 4777
f 4798 4604 4632
f 3286 5212 3406
f 3282 3467 3254
f 3783 3298 3388
f 3783 3370 3388
f 3238 3506 5242
f 3238 5242 3391
f 3284 3464 3328
f 3284 3464 3405
f 3261 3326 3362
f 1500 5317 3297
f 3167 3304 3411
f 3314 3288 3290
f 3314 3288 3356
f 3280 3341 3268
f 3357 3275 3404
f 3288 3290 3350
f 3288 3350 3368
f 3289 3319 3363
f 3293 3321 3425
f 3293 3425 3398
f 3235 3271 3399
f 3212 3300 3312
f 3331 3242 3369
f 5446 3278 3519
f 3502 3577 5560
f 3295 3551 3617
f 3307 3441 3294
f 3296 3482 5421
f 3212 3312 3367
f 3212 3367 3449
f 3212 3514 3308
f 3212 3514 3449
f 3297 3331 3374
f 3298 3278 3388
f 3334 3346 3273
f 3299 3394 3431
f 3299 3431 3368
f 3299 3368 3350
f 5412 3302 5135
f 3433 3467 3254
f 3173 3371 3323
f 3207 3304 3169
f 3299 3350 3355
f 3291 3386 3345
f 3291 3386 3206
f 3405 3336 3373
f 3405 3373 3521
f 3237 3429 3413
f 3303 3214 3327
f 3172 3204 3561
f 3289 3377 3363
f 3306 3292 3324
f 3275 3283 3404
f 3320 3295 3407
f 3320 3407 5320
f 3209 3545 3625
f 3209 3625 3393
f 3234 3303 3451
f 3327 3309 3316
f 3327 3316 3268
f 3222 3376 3434
f 3305 3325 3671
f 3305 3671 3503
f 3444 3499 3270
f 3379 3457 3246
f 3379 5579 3246
f 3306 3292 3530
f 5371 3367 3412
f 3236 5212 3342
f 3343 3367 3312
f 3307 3244 3365
f 3307 3441 3365
f 3288 3397 3356
f 3348 3329 3495
f 3404 3357 3532
f 3309 3351 3316
f 3310 3719 3456
f 3285 3359 3453
f 3285 3429 3453
f 5677 1956 2065
f 5727 3358 5702
f 3313 3346 5839
f 3264 3338 3400
f 5727 3251 3615
f 5741 3324 3292
f 3184 3503 3541
f 3281 3329 3430
f 3281 3276 3430
f 3317 3378 5220
f 3314 3326 3290
f 3304 5751 3207
f 3304 5751 3465
f 3304 3465 3411
f 3278 3388 3519
f 3318 5171 3382
f 3340 3364 3347
f 3292 3335 3416
f 3292 3530 3416
f 3457 3315 3246
f 3244 3365 3413
f 3303 3309 3432
f 3303 3309 3327
f 3309 3351 3432
f 3322 3332 3729
f 3394 3431 3450
f 5751 3308 3571
f 3288 3397 3368
f 3286 3469 3406
f 3334 3333 3375
f 3328 3436 3229
f 3328 3436 3462
f 3376 3293 3321
f 5759 3372 3438
f 3259 3471 3414
f 3361 3363 3384
f 3361 3384 3245
f 3235 3399 3579
f 3332 5143 5831
f 3332 5143 3729
f 3550 3357 3256
f 5526 3380 3635
f 5526 3380 5613
f 5526 5356 5613
f 3334 3346 5741
f 3334 3344 3375
f 3334 3344 5741
f 3289 3372 3428
f 3377 3427 3363
f 3337 3498 3507
f 3337 3135 3152
f 3337 3294 3498
f 3324 5839 3530
f 3324 3530 3306
f 3371 3323 3439
f 3371 3439 3422
f 3310 5702 3719
f 3311 3336 3419
f 3340 3345 3370
f 3340 3347 3370
f 3341 3418 3268
f 3247 3395 3445
f 3344 3455 3341
f 4795 4737 4747
f 3401 3384 3461
f 3319 3361 3363
f 5371 3513 3412
f 3385 3471 3259
f 3294 3498 5206
f 3394 3410 3299
f 3314 3387 3476
f 3314 3476 3326
f 3399 3325 3671
f 3523 3426 3733
f 5371 3499 3270
f 3316 3268 3548
f 3316 3351 3548
f 3314 3387 3356
f 3374 5317 3297
f 3439 3323 5594
f 3352 3440 3389
f 3377 5592 3547
f 3377 3289 3547
f 3407 3524 3617
f 3353 3172 3561
f 3276 3430 3135
f 3352 3283 3467
f 5839 3346 3324
f 5759 3443 3463
f 5759 3438 3463
f 3358 5702 5442
f 3418 3490 3593
f 3359 3385 3453
f 3360 3228 3651
f 3360 3235 3651
f 3191 3366 3364
f 3356 3397 5595
f 3333 3355 3448
f 3333 3375 3455
f 3333 3448 3455
f 5212 3406 3473
f 3336 3373 3483
f 3364 3347 5694
f 3366 3533 3364
f 3315 3402 3330
f 3369 3331 3443
f 3369 5759 3443
f 3355 3410 3299
f 3464 3405 3521
f 3370 3783 3347
f 3371 5263 3422
f 3321 3376 5351
f 3372 3428 3435
f 3351 3432 3447
f 3351 3618 3447
f 3267 3378 3474
f 3566 3287 1610
f 3346 3324 5741
f 3294 5206 3441
f 3331 3374 3443
f 3268 3418 3548
f 1654 1500 3587
f 3286 3420 3469
f 3279 5691 3486
f 3279 3414 3486
f 5320 3512 3773
f 3376 3434 5351
f 3367 3449 3412
f 3365 3481 3413
f 3379 5256 5301
f 3381 3313 5839
f 3385 3478 3453
f 3386 3345 3540
f 3387 3390 3415
f 3362 3326 3476
f 3362 3466 3476
f 3352 3389 5744
f 3352 5744 3467
f 3315 3402 3457
f 3329 3430 3495
f 5581 3260 3516
f 3432 3303 3451
f 3432 3451 3532
f 3321 3425 3526
f 3321 5351 3526
f 3390 3387 3472
f 3391 5242 3423
f 3317 5436 3552
f 3392 3378 3317
f 3392 3317 3543
f 3394 3450 3683
f 3520 3366 3581
f 5839 3530 3381
f 5691 3434 3486
f 5691 3434 5814
f 3384 3461 5395
f 3395 3445 3608
f 5581 3256 3516
f 3387 3472 3476
f 3311 3419 5462
f 3311 3347 5462
f 3348 3487 3495
f 3283 3408 3404
f 3283 3408 3467
f 3441 3365 3481
f 3441 3481 3459
f 3390 3480 3415
f 3357 3256 3516
f 3380 5263 3742
f 3397 3529 5595
f 3397 3549 3529
f 3401 3395 3255
f 3375 3344 3455
f 3366 3533 3509
f 3366 3581 3509
f 3403 3348 3506
f 3403 3506 3238
f 3351 3548 3618
f 3404 3451 3532
f 3584 3456 5214
f 3668 3289 3428
f 3668 3289 3547
f 3427 3363 3384
f 3427 5395 3384
f 3390 3472 3460
f 3348 3487 3506
f 3394 3410 3489
f 3394 3489 3683
f 3407 5320 3664
f 3407 3524 3664
f 3408 3451 3404
f 3409 3423 3475
f 3387 3356 3415
f 3410 3355 3505
f 3410 3489 3505
f 3345 3370 3540
f 5751 3470 3496
f 5751 3496 3465
f 3354 3446 3264
f 3389 3440 3572
f 3400 3446 3264
f 3442 3497 3437
f 3228 3502 3651
f 5446 3386 3206
f 5256 3484 3525
f 5256 5301 5436
f 3411 3465 3420
f 3418 3490 3548
f 3420 3469 3468
f 3457 3379 5256
f 3457 5256 3528
f 3457 3528 5408
f 3429 3453 3452
f 3399 3671 3579
f 3356 3415 5595
f 3423 3475 5242
f 1360 3602 3417
f 1360 3709 3602
f 3328 3462 3464
f 3442 3497 3460
f 3409 3475 3570
f 3374 3443 5317
f 3260 3516 3707
f 3406 3473 3522
f 3406 3522 3599
f 3426 3393 3730
f 3426 3730 3733
f 3497 3437 5802
f 3397 3368 3549
f 3427 5395 5162
f 3427 3377 5162
f 5533 3455 3341
f 5533 3593 3418
f 5533 3418 3341
f 3429 3452 3413
f 3419 5462 3560
f 1500 3587 5317
f 5134 3349 5171
f 5134 3318 5171
f 3469 3406 3599
f 5436 3525 3552
f 5436 3525 5256
f 3402 3444 3330
f 3458 3456 3616
f 3458 3616 3600
f 3251 3615 3400
f 3431 3368 3549
f 3431 3546 3549
f 3372 3435 5391
f 3372 5391 3438
f 5212 3421 3342
f 5212 3473 3421
f 3432 3447 3532
f 3966 3931 3812
f 3400 3446 5704
f 3514 3449 3493
f 3433 5437 3335
f 3434 3597 3486
f 3437 3442 3586
f 3437 3586 5802
f 3382 3265 3836
f 3438 3557 3463
f 3389 3572 5671
f 3719 3456 3616
f 3439 3422 3692
f 3456 3458 5214
f 3440 3572 3491
f 3440 3349 5134
f 3440 3491 5134
f 3500 3381 3313
f 3500 3362 3313
f 3571 3470 5751
f 3441 3622 3488
f 3442 3586 3494
f 3347 5462 5694
f 3364 5694 3533
f 3431 3450 3546
f 3497 3460 5415
f 5256 3484 3528
f 3419 3336 3483
f 3419 3560 3483
f 3401 3461 3395
f 3389 5744 3567
f 3389 3567 5671
f 3265 3544 5526
f 3443 3463 3553
f 3443 3553 5317
f 3308 3514 3601
f 3308 3601 3571
f 5592 3377 5162
f 5192 3421 5452
f 3445 3398 3608
f 5452 3477 5192
f 5452 3439 3477
f 3446 3354 5532
f 3442 3460 3494
f 3447 3532 3736
f 3370 3388 3540
f 3448 3479 3455
f 3476 3472 5678
f 3450 3546 3683
f 3452 3413 3610
f 3452 3610 3596
f 3436 3409 3462
f 3551 3617 3637
f 3433 5744 3567
f 5744 3467 3433
f 3422 5263 5441
f 3457 3402 3444
f 3457 3444 3565
f 3457 5408 3565
f 3425 3526 3585
f 3458 5214 3600
f 3265 3544 3836
f 3480 3510 3415
f 3472 3460 5415
f 3472 5415 3594
f 3380 3635 3742
f 3497 3789 3642
f 3464 3462 3517
f 3464 3517 3521
f 3390 3460 3494
f 3390 3480 3494
f 3444 3511 3565
f 3355 3448 3505
f 3465 3420 3496
f 5300 3545 3588
f 5300 3588 3726
f 3560 3485 3554
f 3560 3485 3483
f 3466 3527 3476
f 3475 3570 3695
f 3475 3695 3611
f 5446 3386 3540
f 5446 3519 3540
f 3444 3499 3511
f 3415 5595 3529
f 3468 3469 3614
f 3513 3499 5371
f 5592 3547 3667
f 3498 3488 5206
f 3392 3378 3474
f 3392 3535 3474
f 3466 3500 3527
f 3466 3500 3362
f 3471 3414 3645
f 3471 3591 3645
f 3385 3478 3518
f 3385 3471 3518
f 3472 5678 3594
f 3503 3777 3541
f 3473 3421 3522
f 3434 5351 3597
f 3430 3454 3498
f 3430 3498 3507
f 3430 3135 3507
f 3459 3481 3539
f 3586 5802 3575
f 3475 5242 5717
f 3475 5717 3611
f 3449 3493 3412
f 3373 5176 3559
f 3454 3498 3515
f 3420 3468 3492
f 3322 3729 3787
f 3501 3568 3489
f 3478 3452 3453
f 3478 3452 3596
f 3478 3518 3596
f 3454 3430 3606
f 3454 3515 3606
f 3354 3919 3563
f 3354 3919 5532
f 3448 3479 3505
f 3498 3515 3538
f 3481 3504 3539
f 3577 5818 5560
f 3527 3476 5678
f 3481 3504 3413
f 3317 3552 3543
f 1610 3296 3605
f 3235 3651 3579
f 3409 3462 3570
f 5671 3567 3531
f 3486 3414 3645
f 3486 3645 3609
f 3487 3690 3670
f 5143 3729 3734
f 3479 3455 5533
f 3479 5533 3687
f 3489 3501 3505
f 3836 3318 3382
f 3479 3505 3633
f 3479 3633 3687
f 3446 5532 5704
f 3471 3591 3518
f 3413 3610 3504
f 3204 3709 3650
f 3204 3650 3672
f 3204 3672 3561
f 3568 3489 3683
f 3492 3420 3496
f 3492 3562 3564
f 5176 3559 3534
f 3495 3583 3639
f 3495 3583 3487
f 3398 3905 3608
f 3296 3482 3605
f 3459 3539 3696
f 3459 3622 3604
f 3459 3604 3696
f 3447 3618 3732
f 3560 3554 3699
f 3568 3501 3598
f 3568 3598 3640
f 3421 3522 5192
f 3526 5351 3620
f 3501 3715 3598
f 3498 3488 3536
f 3498 3536 3538
f 3381 3500 3530
f 3485 3483 5176
f 3485 3534 3556
f 3485 3534 5176
f 3470 3492 3496
f 3470 3492 3562
f 3470 3571 3562
f 3497 5415 3642
f 3502 3651 3577
f 3487 3670 3583
f 3462 3517 3570
f 3506 5242 3487
f 3416 3530 3628
f 3416 5437 3628
f 3416 5437 3335
f 3508 3511 3499
f 3508 3511 5630
f 3508 3513 3499
f 3509 3533 3641
f 3510 3529 3415
f 3483 3373 5176
f 3184 3541 3678
f 3184 3353 3678
f 3512 3773 3707
f 3412 3513 3493
f 3540 3519 3388
f 5052 5023 5078
f 5052 5078 5069
f 3469 3599 3614
f 3557 3553 3463
f 3398 3905 3573
f 3468 3492 3564
f 3468 3564 3614
f 3357 3532 3736
f 3357 3516 3736
f 3515 3538 3669
f 3373 3517 3559
f 3373 3517 3521
f 3517 3570 3613
f 3518 3596 3591
f 5694 3569 5462
f 3503 3832 3777
f 5351 3620 3597
f 3459 3622 3441
f 5717 5242 3487
f 5717 3690 3487
f 3527 3500 5652
f 3398 3573 3425
f 3545 3588 3653
f 3557 3542 3553
f 3523 3733 3592
f 3524 3624 3664
f 3400 5704 3615
f 3526 3585 3620
f 5134 3318 3802
f 3527 3837 5678
f 3599 3614 3627
f 3531 3572 3659
f 3531 3572 5671
f 3591 3645 3697
f 3533 3569 5694
f 3513 3508 3537
f 3513 3537 3493
f 5533 3593 3807
f 3534 3578 3556
f 3567 3531 3652
f 3461 3727 3395
f 3516 3707 3782
f 3439 3692 3657
f 3439 3657 3477
f 3501 3505 3633
f 3501 3715 3633
f 3430 3639 3495
f 3430 3639 3606
f 3536 3488 3607
f 3461 5162 3656
f 3461 5162 5395
f 3537 3493 3514
f 3537 3665 3514
f 3508 3537 5630
f 3585 3595 3425
f 3523 3322 3592
f 3537 5630 3665
f 3542 3553 3643
f 3668 3435 3428
f 3524 3617 3682
f 3595 3573 3425
f 3522 3599 3725
f 3545 3653 3676
f 3545 3625 3676
f 5802 3575 3589
f 3488 3607 3622
f 3548 3490 3751
f 3570 3613 3844
f 3485 3558 3556
f 3485 3558 3621
f 3485 3554 3621
f 3555 5735 3578
f 3555 5735 2940
f 3557 3542 3629
f 3557 3629 5391
f 3574 3535 3754
f 3558 3555 3556
f 3558 3555 2940
f 3491 5134 3644
f 3491 3623 3644
f 3560 3580 3612
f 3560 3580 3699
f 3560 3612 5462
f 3535 3474 3675
f 3608 3727 3395
f 3480 3510 5443
f 3480 3494 5443
f 5408 3704 3528
f 3322 3787 3592
f 3555 3578 3556
f 3569 3612 5462
f 3606 3662 3515
f 3536 5478 3538
f 5317 3553 3587
f 3690 5717 3698
f 3517 3559 3613
f 3568 3683 3640
f 3491 3572 3659
f 3491 3623 3659
f 5818 3584 5560
f 5818 3584 3769
f 3571 3562 3601
f 3601 3665 3514
f 3524 3682 3624
f 3558 2940 3682
f 3546 3683 3768
f 3574 3595 3603
f 3574 3754 3603
f 3504 3539 3691
f 3504 3610 3691
f 3575 3586 3818
f 3577 3884 3721
f 3577 3884 5818
f 3549 3803 3529
f 3490 3751 3694
f 5735 2940 5758
f 3522 3725 5192
f 3582 3643 3587
f 3665 5468 3601
f 5526 3635 5374
f 5526 3544 5374
f 3581 3590 3509
f 3318 3802 3713
f 3318 3713 3836
f 3582 3643 3673
f 3582 3632 3673
f 3562 5468 3601
f 5735 3578 3718
f 5735 5758 3718
f 3585 3595 3603
f 3646 5519 5802
f 3582 3632 5812
f 3490 3593 3685
f 3490 3685 3694
f 3789 5802 3497
f 3789 5802 3646
f 3500 3628 5652
f 3500 3628 3530
f 3525 3666 3484
f 3585 3603 3638
f 3585 3620 3638
f 3590 3648 3509
f 5702 3615 3716
f 5702 3615 5727
f 3583 3639 3606
f 3583 3606 3679
f 3567 3652 5437
f 3567 3433 5437
f 3533 3641 3569
f 3583 3679 3663
f 2940 3624 5758
f 3461 3727 3656
f 3594 3784 5415
f 3596 3591 3702
f 5478 3607 3536
f 3580 3699 3700
f 3580 3612 3681
f 3580 3700 3681
f 3574 3675 3595
f 5519 3589 5802
f 3527 5585 3837
f 3527 5585 5652
f 3512 3260 3707
f 3643 3587 3553
f 3551 3637 3710
f 3667 5592 5162
f 3711 3563 5451
f 3554 3621 3699
f 3599 3725 3627
f 3602 3655 3417
f 3733 3592 3731
f 3590 3581 3701
f 3590 3701 3648
f 3563 3711 3806
f 3563 3743 3806
f 3610 3596 3689
f 3610 3689 3691
f 3566 3383 3855
f 3511 3688 5630
f 3670 3663 3583
f 3636 3607 3622
f 3636 3607 5478
f 3636 5478 3712
f 3552 3666 3525
f 3531 3684 3631
f 3531 3684 3659
f 3516 3826 3736
f 3614 5497 3761
f 3614 3761 3680
f 3623 3619 3659
f 3860 3552 3809
f 3860 3552 3543
f 3679 3724 3786
f 3679 3663 3786
f 3535 3754 5291
f 3535 5291 3543
f 3743 3919 3563
f 3615 3716 5704
f 3578 3534 3812
f 3578 3718 3812
f 3616 3865 3719
f 3617 3682 3637
f 3600 3616 5453
f 5320 3664 5834
f 5320 3773 5834
f 3534 3812 3793
f 3619 3623 3758
f 3620 3638 3597
f 3542 3643 3629
f 3730 3770 3393
f 3725 3477 5192
f 4430 3919 5532
f 3562 3811 5468
f 3562 3811 3564
f 3624 3664 5834
f 5478 3669 3538
f 5415 3642 3784
f 3606 3662 3749
f 3606 3749 3766
f 3435 3668 5391
f 3614 3627 3680
f 3558 3654 3682
f 3558 3621 3654
f 3628 3661 3797
f 3628 5437 3797
f 3612 3569 3756
f 3612 3681 3756
f 3547 3667 3668
f 3549 3803 3900
f 3631 3864 3684
f 3726 3728 5300
f 3544 4205 3737
f 3634 3720 3653
f 3635 5374 3956
f 3636 3622 3810
f 3447 3736 3732
f 3623 3758 3644
f 3577 3651 3721
f 3642 3827 3789
f 3643 3673 3706
f 3643 3706 3629
f 3787 3814 3592
f 3539 3696 3779
f 3596 3689 3702
f 3645 3697 3823
f 5519 3646 3739
f 1610 3566 3859
f 5702 3719 3716
f 3646 3760 3789
f 3622 3604 3810
f 3631 3652 3722
f 3631 3652 3531
f 3648 3701 3745
f 3693 5812 3706
f 3649 3803 3529
f 3593 3807 3685
f 3604 3696 3674
f 5519 3660 3589
f 3728 5143 5300
f 3544 5374 3737
f 3653 3588 3634
f 5162 3656 5828
f 3597 3486 3609
f 3727 3656 3889
f 5748 3666 3867
f 5748 3666 3484
f 5748 3484 3528
f 5812 3632 3706
f 3703 5812 3738
f 3654 3682 3710
f 3654 3710 3788
f 3575 3660 3818
f 3575 3660 3589
f 3725 3752 3627
f 3655 3780 3581
f 3655 3417 3520
f 3655 3581 3520
f 5391 3668 3686
f 3604 3674 3943
f 3604 3810 3943
f 3565 3511 3815
f 3700 3681 3746
f 3579 3651 3671
f 4205 3713 3836
f 4205 3741 3794
f 4205 3713 3794
f 3383 3551 3855
f 3657 3477 3725
f 5630 3665 3688
f 3606 3679 3766
f 3658 3750 5370
f 3658 3712 5478
f 3658 3712 5370
f 3592 3731 3634
f 3661 3628 5652
f 3662 3749 3714
f 3638 3597 3914
f 3638 3849 3914
f 5812 3693 3738
f 3529 3649 3969
f 3529 3969 3510
f 3646 3739 3760
f 3546 3768 3900
f 3546 3549 3900
f 3621 3654 3699
f 3619 3659 3684
f 3619 3758 3915
f 3619 3915 3684
f 3422 3692 5441
f 3644 3802 5134
f 5717 3611 3869
f 5717 3869 3698
f 3666 3867 3863
f 3666 3875 3863
f 3614 5497 3564
f 3591 3702 3762
f 3591 3697 3762
f 3667 3668 3705
f 3669 3755 5478
f 3511 3815 3771
f 3511 3771 3688
f 3584 5214 3769
f 3516 5336 3782
f 3756 3641 3569
f 3474 3675 3703
f 3864 3684 3824
f 3641 3648 3509
f 3672 3778 3561
f 3625 3676 3764
f 3754 3759 3603
f 3642 3784 3827
f 3667 5162 3717
f 3667 3705 3717
f 5758 3718 3624
f 3652 5437 3722
f 3759 3849 3603
f 3608 3727 3889
f 3608 3905 3889
f 3751 3618 3548
f 3632 3706 3673
f 3728 3734 5143
f 3709 3602 3772
f 3758 3644 3976
f 3618 3751 3732
f 3559 3613 3763
f 3559 3834 3763
f 3625 3770 3764
f 3678 3541 5210
f 3678 3920 5210
f 3679 3766 3724
f 3638 3849 3603
f 5532 3941 5704
f 5532 4430 4021
f 5532 4021 3941
f 5828 5162 3717
f 3788 3710 3857
f 3788 3857 5528
f 4205 3737 3741
f 3682 3637 3710
f 3683 3640 3798
f 3683 3798 3768
f 3598 3640 3856
f 3685 3828 3807
f 3654 3699 3700
f 3654 3700 3788
f 3657 3725 5325
f 3657 5325 3748
f 3686 5391 3775
f 3658 3755 5478
f 5437 3797 3722
f 3687 3807 5533
f 3770 3393 3625
f 3552 3809 3666
f 3598 3715 3799
f 3598 3856 3799
f 3662 3669 3515
f 3662 3714 3669
f 3668 3686 3705
f 3689 3691 3757
f 5214 3995 3804
f 3739 5519 3753
f 3691 3779 3539
f 3692 5441 3748
f 3692 3657 3748
f 3693 3776 3738
f 3693 3776 5558
f 3658 3750 3774
f 3658 3755 3774
f 3597 3914 3609
f 3837 5678 3594
f 5519 3660 3753
f 3482 3711 3927
f 3482 3927 3605
f 3811 3735 5468
f 2922 1185 5310
f 3566 3855 3808
f 3566 3859 3808
f 3694 3685 3896
f 3724 3786 3747
f 3704 5748 3528
f 3696 3779 3877
f 3573 3675 3905
f 3573 3675 3595
f 3611 3869 3695
f 3941 3716 5704
f 3602 3772 3655
f 3702 3762 3689
f 5441 3748 3879
f 3663 3786 3670
f 3860 3543 5291
f 5445 3735 5468
f 3613 3763 3844
f 3700 3788 3817
f 3700 3817 3746
f 3704 1438 3851
f 3705 3717 3775
f 3661 5652 3916
f 3661 3916 3797
f 3633 3715 3842
f 5497 3564 3811
f 3648 3681 3756
f 3648 3745 3681
f 3636 3810 3765
f 3636 3712 3765
f 3697 3823 3762
f 3671 3651 3832
f 3889 3781 3656
f 3826 3516 5336
f 3701 3886 3883
f 3701 3745 3886
f 5652 3916 5585
f 3648 3641 3756
f 3586 3494 3872
f 3707 3773 3993
f 3781 5828 3656
f 3711 3927 3806
f 3686 3705 3775
f 3674 3696 3906
f 5325 3725 3752
f 3802 3713 3794
f 3651 3721 3767
f 3644 3802 3976
f 3715 3799 3842
f 5214 3769 3995
f 3645 3609 3823
f 3691 3779 3866
f 3691 3866 3757
f 3706 5558 3693
f 3635 3742 3956
f 3681 5527 3746
f 3749 3740 3744
f 3749 3740 3714
f 5828 3717 3781
f 3722 3870 3631
f 3723 4927 4987
f 3640 3856 3878
f 3724 3747 5659
f 3724 1825 5659
f 3726 3728 3813
f 3640 3878 3798
f 3633 3687 3842
f 3672 3650 5580
f 3672 3778 5580
f 3733 3730 3791
f 3728 3734 3871
f 3728 3813 3871
f 3704 5748 3851
f 3684 3915 3959
f 3684 3824 3959
f 3730 3770 3791
f 3731 3634 3720
f 3729 3734 3787
f 3594 3784 3841
f 3733 3731 3791
f 3629 3706 3775
f 3353 3561 3874
f 3353 3678 3874
f 3710 3855 3857
f 3710 3855 3551
f 3634 3814 3592
f 3634 3814 3846
f 3744 3740 3840
f 3860 3902 3912
f 3860 5291 3912
f 3742 5441 3853
f 3742 5263 5441
f 3734 3787 3871
f 3744 3830 3749
f 3744 3830 3840
f 3739 3183 3753
f 3778 3874 3821
f 3706 3775 5558
f 3740 3714 3835
f 3740 3835 3840
f 5558 3775 3776
f 3696 3906 3877
f 3741 3737 1200
f 3694 3751 3896
f 3747 5659 3852
f 3649 3803 3969
f 3750 3774 5808
f 3750 3785 5808
f 3669 3755 3800
f 1438 3851 3796
f 3724 3790 1825
f 3666 3809 3847
f 3666 3847 3875
f 3651 3767 3832
f 3751 3732 3838
f 3732 3833 3838
f 3629 5391 3775
f 3750 3785 5370
f 3718 3931 3812
f 1438 3815 3831
f 1438 3831 3907
f 1438 3907 3796
f 3751 3896 3838
f 3879 5441 3853
f 3753 3854 3660
f 3722 3797 3870
f 3678 3949 3891
f 3678 3949 3920
f 3754 3759 3850
f 3754 3951 3850
f 3754 3951 5291
f 3755 3774 5808
f 3680 3761 3820
f 3742 3853 3956
f 3914 3609 3823
f 3865 3719 3941
f 3687 3807 3898
f 3687 3842 3898
f 3737 3982 5374
f 3779 3866 3954
f 3779 3940 3954
f 3758 3915 3976
f 3736 3732 5703
f 3736 5703 3826
f 5521 622 3819
f 3541 3777 5210
f 3709 3894 3772
f 3709 3894 3650
f 3717 3776 3781
f 3695 3570 3844
f 3724 3766 3987
f 3714 3669 3792
f 3714 3792 3835
f 328 3785 298
f 3717 3775 3776
f 3760 3739 3805
f 3739 3805 3183
f 3761 1825 5659
f 3761 1825 3790
f 3761 5659 3820
f 3761 3790 5497
f 5316 3778 3821
f 5316 3801 3821
f 5528 3788 3817
f 3763 3988 3834
f 3765 3795 3810
f 3685 3828 3896
f 3900 3768 3925
f 3669 3792 3800
f 3794 3802 3908
f 3769 3995 3862
f 3770 3764 3791
f 3771 3688 3816
f 3772 3655 3934
f 3712 5521 3822
f 3712 3765 3822
f 3719 3716 3941
f 3776 3781 3738
f 3752 5325 3904
f 3726 3813 3846
f 5748 3867 3851
f 3779 3940 3877
f 3494 5443 3872
f 3785 5808 3819
f 3785 328 5370
f 3731 3791 3720
f 3864 3870 3631
f 3616 5453 3865
f 3787 3871 3814
f 5521 3819 3822
f 3183 3854 3753
f 3789 3805 3760
f 3789 3827 3805
f 3594 3841 3837
f 3784 3841 3827
f 3792 3882 3800
f 3856 3799 3825
f 3856 3825 3858
f 3793 3812 3971
f 3747 3852 3911
f 3747 3786 3911
f 3771 3816 3815
f 3797 3870 4027
f 3797 3965 4027
f 3561 3874 3778
f 3778 5580 5316
f 3792 3835 3885
f 3755 3800 5808
f 3763 3844 3988
f 3846 3726 3588
f 3846 3588 3634
f 3797 3965 3916
f 3798 3768 3925
f 5527 3745 3681
f 3799 3825 3881
f 3799 3881 3842
f 3793 3971 3834
f 3801 3821 3883
f 3802 3976 3908
f 3688 3816 5259
f 3688 5259 5445
f 3766 3830 3749
f 3766 3830 3987
f 3878 3798 5427
f 3803 3900 3947
f 3738 3781 3703
f 3869 3844 3848
f 3869 3844 3695
f 3759 3850 3895
f 3759 3895 3849
f 3951 3912 5291
f 3801 3780 3887
f 3801 3887 5316
f 3853 3879 3897
f 5528 3817 3746
f 5528 3890 5527
f 5528 3746 5527
f 3813 3871 3846
f 3819 5808 3822
f 5580 3887 5316
f 3721 3884 3953
f 3721 3953 3767
f 3762 3823 3909
f 3900 3925 3947
f 3824 3864 3959
f 3808 3839 3859
f 3808 3855 3839
f 5527 3745 3886
f 5527 3886 3917
f 5527 3917 3890
f 3678 3874 3891
f 3859 3927 3605
f 3828 3807 5330
f 3764 3791 3873
f 3707 3782 4044
f 3707 4044 3993
f 3781 3703 3889
f 3916 5585 3986
f 3827 3805 3972
f 5834 3773 3924
f 3828 3896 5132
f 3874 3880 3821
f 3674 3906 3943
f 3748 3879 3921
f 3748 3845 3921
f 3829 267 1773
f 3807 3944 5330
f 3831 3907 3815
f 3676 3720 3764
f 3676 3720 3653
f 5445 5259 3923
f 3844 3937 3988
f 3835 3840 3958
f 886 764 679
f 3838 3892 3896
f 3839 5528 3876
f 3792 3882 3885
f 3840 3958 3888
f 3720 3764 3873
f 3841 3837 4004
f 3843 5551 3757
f 3843 3757 3689
f 3844 5764 3937
f 3773 3993 3924
f 3791 3720 3873
f 3845 5325 3748
f 3833 3838 5345
f 3810 3943 3910
f 3838 5345 3892
f 3867 3851 3903
f 3807 3898 3944
f 5336 3782 3992
f 5585 3986 4083
f 5585 3837 4083
f 3777 5210 4005
f 3821 3883 5665
f 3909 3930 3762
f 3850 3895 3951
f 3941 3865 5626
f 3941 4021 4081
f 3852 3963 5659
f 5214 3804 3981
f 5214 3600 3981
f 3853 3897 3946
f 3969 5443 4031
f 3969 5443 3510
f 3680 3820 3904
f 3856 3878 3858
f 3752 3680 3904
f 3752 3680 3627
f 3857 3839 3855
f 3857 3839 5528
f 1392 1322 5205
f 3818 3983 3854
f 3818 3983 3586
f 3803 3947 3969
f 3655 3780 3887
f 3655 3887 3934
f 3839 3927 3859
f 3812 3971 3966
f 5551 3757 3866
f 3987 3724 3790
f 3890 3876 5528
f 3864 3970 3959
f 3835 3885 3935
f 3835 3935 3958
f 3866 5551 3954
f 3816 5259 3936
f 3830 3840 4039
f 3830 4039 3987
f 3703 3889 3905
f 3703 3905 3675
f 3815 3907 3816
f 3920 5210 5607
f 3869 3698 3911
f 3869 4001 3848
f 3869 4001 3911
f 3840 3888 4039
f 3851 3903 3984
f 5132 3828 5330
f 3871 3846 3814
f 3794 3908 3974
f 3872 3983 3586
f 1834 1013 1959
f 3843 3930 3762
f 3843 4002 3930
f 3843 4002 5551
f 3843 3762 3689
f 3874 3891 3880
f 5764 4011 3848
f 5764 3844 3848
f 3933 3917 3890
f 3805 3183 3972
f 3877 3928 3940
f 3825 3881 3961
f 3864 3870 3970
f 3901 5445 5807
f 3901 5445 3735
f 3901 3811 3735
f 3853 3946 3956
f 3898 3881 3926
f 3898 3881 3842
f 3878 3858 4097
f 3878 5427 4097
f 5834 3931 3924
f 3798 3925 4012
f 3798 5427 4035
f 3798 4012 4035
f 3879 3897 5728
f 3879 3921 5728
f 3880 3952 3821
f 3860 3955 3809
f 3860 3902 3955
f 3800 5808 3913
f 3867 3903 3863
f 3851 3796 3939
f 3851 3984 3939
f 3884 3769 4029
f 3884 3769 5818
f 3884 3953 4029
f 3834 3988 4006
f 3837 3991 4004
f 3841 4004 3957
f 3887 3934 5580
f 3927 3806 3922
f 3806 3743 4008
f 3806 5566 4008
f 3901 5807 3932
f 5808 3913 3795
f 5808 3795 3822
f 3858 3825 3977
f 3806 3922 5566
f 3862 3995 3968
f 3877 3928 3918
f 3877 3906 3918
f 3790 4032 4016
f 3790 4032 3987
f 3891 3949 3973
f 5497 3790 3811
f 3924 4046 3993
f 3898 3926 3944
f 3894 3934 5580
f 3894 3650 5580
f 3894 3772 3934
f 5551 4002 3929
f 3895 3909 3950
f 3895 3950 3951
f 3820 3963 4036
f 3820 3904 4036
f 3994 3904 5325
f 3994 3845 5325
f 3897 3946 3960
f 3958 3935 4074
f 5659 3963 3820
f 3796 3962 3939
f 3796 3907 3962
f 3899 4477 4775
f 4430 3919 3938
f 5445 5807 3923
f 3913 3800 3882
f 5836 3883 3996
f 3883 5836 3886
f 3790 3901 3811
f 3901 3790 4068
f 3901 3932 4068
f 3804 3995 3981
f 5665 3883 3996
f 3903 3984 4010
f 3915 3999 3967
f 3958 3888 3948
f 3895 3849 3914
f 3915 3976 3999
f 3906 3943 4003
f 3906 3918 4003
f 3907 3816 3962
f 3909 3895 3823
f 3848 4001 5294
f 3891 3880 3973
f 3795 3822 3765
f 3698 3911 3893
f 3862 3968 3990
f 3600 3981 5453
f 3816 3962 3936
f 5626 3941 4056
f 3881 3961 4201
f 3881 4201 3926
f 3743 4008 3989
f 3888 3948 4039
f 3952 3996 5665
f 3952 3821 5665
f 3914 3895 3823
f 5210 5607 4005
f 5836 3917 3886
f 5836 3917 3942
f 3880 3973 3952
f 3915 3959 3967
f 3916 3986 3965
f 3769 3990 4029
f 3769 3990 3862
f 3917 3933 3942
f 3854 3183 3983
f 3834 3971 4006
f 5345 4096 4014
f 3858 3977 4097
f 3991 3837 4083
f 3919 3743 3989
f 3919 3989 3997
f 3919 3938 3997
f 3972 3841 3827
f 3972 3841 3957
f 3810 3910 3795
f 3922 5830 3933
f 5321 3996 5836
f 3925 3947 3945
f 3790 4068 4016
f 3825 3961 4028
f 3825 3977 4028
f 5259 4037 3936
f 3896 5749 3892
f 3896 5749 5132
f 3930 3950 4047
f 3930 3950 3909
f 3875 3847 3863
f 3912 3951 3980
f 3903 3863 4010
f 3897 3960 4034
f 3870 4027 4043
f 3870 3970 4043
f 3908 3976 3974
f 3953 4029 4069
f 3183 3983 3972
f 3935 3885 4074
f 4001 5294 4059
f 3848 5294 4011
f 5132 4023 5330
f 5254 5703 3826
f 5254 5336 3826
f 3913 4066 4051
f 3941 4056 4081
f 3872 3983 4018
f 3852 4036 3963
f 3852 4036 5819
f 4359 4317 4182
f 5566 4013 3922
f 3943 4003 3910
f 5453 3981 5626
f 4012 3945 3925
f 5830 3942 3985
f 5830 3942 3933
f 5830 4013 3985
f 3913 3795 4066
f 3882 3913 4051
f 3882 3885 3979
f 3882 4051 3979
f 4021 4030 4430
f 3832 3777 4005
f 5443 3872 4053
f 5443 4031 4053
f 3947 3969 4048
f 3953 3767 3832
f 3953 3832 390
f 3949 3973 3975
f 3948 4039 4119
f 3955 4063 3809
f 3956 4045 3946
f 3958 4074 3948
f 3959 3998 4057
f 3959 3967 4057
f 3960 4034 4088
f 3921 4038 5728
f 3885 4074 3979
f 3902 3955 3978
f 3902 3978 3912
f 3910 3795 4079
f 3912 3978 3980
f 3952 3996 3973
f 3984 4033 3939
f 3847 4063 4164
f 3847 4063 3809
f 3782 4044 3992
f 3961 4201 4028
f 3962 3936 4042
f 3931 3924 4085
f 3737 3982 1200
f 3845 4050 3921
f 3966 5815 4085
f 3942 3985 5321
f 3959 3970 3998
f 4008 3989 4019
f 3968 3990 4073
f 3975 4000 5305
f 3942 5836 5321
f 3969 4048 4031
f 3987 4039 4032
f 5321 5305 3975
f 5321 3996 3975
f 3970 3998 4043
f 3940 3928 4052
f 3923 4099 4015
f 4001 5819 3911
f 3923 4099 4037
f 3923 5259 4037
f 4138 4015 5807
f 1550 4020 3949
f 4013 3922 5830
f 3975 5484 4000
f 3947 3945 3424
f 3947 4048 3424
f 3976 4130 3974
f 3976 3999 4130
f 3897 5728 4034
f 5294 4011 4098
f 4009 3985 5305
f 3962 3939 4042
f 5484 3975 5714
f 3978 3980 4155
f 3966 3971 5815
f 3980 3951 4157
f 4003 3910 4026
f 3795 4066 4079
f 3981 4007 5626
f 5626 5453 3865
f 4069 3953 690
f 4083 3991 4022
f 5807 4138 3932
f 3984 4010 4153
f 3975 3949 5714
f 5819 4001 4059
f 3986 3965 4083
f 4009 5305 4055
f 3938 4030 4430
f 4047 4002 3930
f 3910 4079 4026
f 3988 3937 4006
f 3991 4004 4022
f 3985 4009 4013
f 3993 4044 5270
f 3993 5270 4046
f 5305 3985 5321
f 3944 3926 4207
f 3944 5330 4207
f 3994 3845 4025
f 4046 3924 4070
f 4074 3979 4113
f 3957 4004 4054
f 3918 3928 4145
f 3995 3968 4007
f 3995 3981 4007
f 3999 3967 4024
f 3996 3975 3973
f 4018 3872 4041
f 3936 4042 4075
f 3936 4037 4075
f 3983 3972 4018
f 3982 1200 4076
f 3999 4077 4130
f 3957 3972 4018
f 3957 4018 4054
f 3960 4122 4088
f 3960 4122 3946
f 3832 4005 5786
f 3847 4164 4141
f 3974 4017 4072
f 3974 1200 3794
f 4003 4026 4100
f 4003 3918 4100
f 4096 4185 4014
f 1550 5607 4020
f 3939 4042 4033
f 3994 3904 4036
f 4005 4060 5786
f 3872 4041 4053
f 5607 4071 4020
f 3845 4025 4050
f 4007 5626 4056
f 3968 4007 4073
f 4008 4009 4019
f 5566 4013 4008
f 4009 4013 4008
f 4051 4151 3979
f 3953 390 690
f 5374 3982 4045
f 5374 3956 4045
f 3971 5815 4058
f 4012 4035 4229
f 4010 4131 4101
f 4010 3863 4101
f 3997 4019 3989
f 4002 4047 4082
f 4002 3929 4082
f 3928 4145 4052
f 4009 4055 4019
f 4144 3940 3954
f 4144 3954 5551
f 4144 3929 5551
f 4015 3923 5807
f 3990 4029 4073
f 4016 4032 4064
f 3997 4062 3938
f 3997 4062 4019
f 4077 4024 3999
f 5254 5755 5703
f 4018 4041 4054
f 3940 4052 4144
f 3979 4092 4113
f 4023 4203 5330
f 3979 4092 4151
f 3951 3950 4157
f 4024 4215 4077
f 4010 4131 4153
f 3977 4028 4212
f 4026 4100 4152
f 3971 4058 4093
f 3971 4006 4093
f 4027 4043 3965
f 4078 3932 4068
f 4017 4130 4095
f 4017 4130 3974
f 5484 4055 4000
f 4030 4062 3938
f 4031 4048 4208
f 5819 4040 4059
f 5819 4040 4036
f 3978 4155 3955
f 4029 4073 4069
f 4078 4138 3932
f 5607 5591 4060
f 5607 4060 4005
f 3937 4094 4006
f 3937 4094 5764
f 5749 4014 3892
f 5749 4023 5132
f 4062 4089 4019
f 4022 4004 4084
f 4000 4055 5305
f 4026 4079 4091
f 3832 5786 4134
f 1200 3974 4072
f 4035 4229 4132
f 4035 5427 4132
f 3967 4024 4057
f 4033 4042 4067
f 5336 3992 5550
f 4099 4015 4163
f 4081 4056 4118
f 1200 4072 4076
f 4038 4050 4142
f 4038 4050 3921
f 4039 4119 4114
f 4039 4114 4032
f 4007 4073 4056
f 4040 4036 3994
f 4040 4025 3994
f 3998 4043 5267
f 4063 4121 3955
f 4043 5267 4139
f 5815 4085 4058
f 4094 4011 5764
f 4071 4020 4049
f 4043 3965 4146
f 4040 4025 4059
f 4044 3992 5270
f 4083 3965 4136
f 4045 4122 3946
f 4059 5294 4065
f 4014 3892 5345
f 4014 4195 5749
f 4016 4064 4109
f 4016 4068 4109
f 4021 4030 4062
f 4021 4062 4105
f 4021 4081 4105
f 4020 4061 3949
f 4047 4082 4090
f 4048 5589 4208
f 5493 4055 5484
f 3950 4047 4086
f 3950 4157 4086
f 3924 4085 4070
f 4033 3984 4153
f 4033 4153 4067
f 4041 5707 4054
f 3847 3863 4101
f 3847 4101 4110
f 4051 4066 5430
f 4017 4072 4213
f 4017 4213 4095
f 4053 4031 4117
f 4042 4075 4123
f 4042 4067 4123
f 4023 4203 4180
f 4023 5749 4180
f 4071 5591 5607
f 4043 4139 4146
f 4037 4075 4099
f 4049 4061 4087
f 3918 4145 4100
f 4020 4061 4049
f 4079 4066 4106
f 4026 4152 4091
f 4073 4056 5788
f 4045 4122 4076
f 4052 4115 4144
f 4142 4050 4169
f 4011 4094 4098
f 4060 4129 5786
f 4061 5638 4087
f 4061 5638 4089
f 4061 5493 4089
f 3945 4250 4383
f 3945 4265 4383
f 4064 4135 4109
f 4062 5638 4105
f 4062 5638 4089
f 4065 4111 4140
f 4065 4059 4111
f 4022 4083 4084
f 4068 4078 4109
f 4031 4117 4208
f 4047 4090 4086
f 4141 4110 3847
f 4056 4103 5788
f 3965 4288 4146
f 4050 4025 4080
f 4089 5493 4055
f 4089 4055 4019
f 4139 4257 5267
f 4015 4148 4138
f 4004 4054 4112
f 4004 4084 4112
f 4049 4071 4116
f 4049 4087 4116
f 4041 4053 5279
f 4073 4069 5788
f 5707 4126 4041
f 4074 3948 4174
f 4074 4113 4174
f 4113 4092 4171
f 4041 4104 5279
f 4114 4135 4064
f 4114 4064 4032
f 4024 4215 4214
f 4024 4057 4214
f 4025 4080 4111
f 4025 4111 4059
f 3980 4155 4157
f 4155 3955 4124
f 4072 1483 4076
f 4094 4006 4093
f 4078 4109 4125
f 4028 4201 4200
f 4116 5591 4071
f 4081 4105 4118
f 4082 4090 4239
f 3977 4097 4176
f 3977 4212 4176
f 4085 4058 4159
f 4207 4201 5476
f 4207 3926 4201
f 4080 4050 4169
f 4080 4169 4158
f 4082 3929 4172
f 4082 4239 4172
f 4153 4067 4167
f 4053 5279 4117
f 4088 4034 4154
f 4056 4103 4118
f 3955 4121 4124
f 4038 4169 5728
f 4135 4109 4184
f 4078 4125 4138
f 4116 4060 5591
f 5786 4134 5788
f 4058 4093 4166
f 4066 5430 4106
f 4060 4118 4103
f 5427 4097 4232
f 4114 4119 4107
f 4098 4162 4065
f 4098 5294 4065
f 4046 5270 4178
f 4046 4178 4070
f 4060 4103 4129
f 4060 4118 4116
f 4079 4106 4091
f 4109 4147 4125
f 4093 4094 4120
f 4093 4120 2393
f 4094 4098 4120
f 4144 4115 4160
f 4083 4084 4282
f 4083 4136 4282
f 3948 4119 4174
f 4069 690 4134
f 4097 4176 4232
f 4099 4075 4143
f 4054 5707 4112
f 4152 4091 4156
f 4100 4152 4145
f 4136 4288 3965
f 4069 5788 4134
f 4101 4110 4131
f 4102 4104 4126
f 4104 4126 4041
f 4085 4070 4204
f 5638 4118 4105
f 4106 4091 4127
f 4098 4120 4162
f 4215 4077 4214
f 4107 4114 4209
f 4118 4116 5638
f 5267 3998 4279
f 5267 4279 4385
f 4102 4104 4137
f 4126 4102 4149
f 5430 4106 4202
f 4063 4164 4121
f 4087 4116 5638
f 4072 1483 4133
f 5786 5788 4129
f 4092 4151 4347
f 4110 4131 4150
f 5707 4179 4112
f 4257 4385 5267
f 4113 4174 4181
f 4113 4171 4181
f 3992 5816 4189
f 4104 5279 4137
f 4114 4135 4209
f 4115 4193 4168
f 2163 2154 2123
f 4102 4149 4170
f 4119 4107 4315
f 4119 4315 4174
f 4207 4203 5330
f 4058 4166 4159
f 4124 4155 4165
f 4149 4170 4206
f 4099 4163 4143
f 4088 4252 4154
f 4106 4127 4177
f 4106 4177 4202
f 4126 4149 4179
f 4120 4162 4192
f 4120 4192 2393
f 4126 4179 5707
f 3998 4279 4057
f 4123 4075 4233
f 4077 4130 4221
f 4075 4143 4233
f 4102 4137 4170
f 4129 4103 5788
f 4109 4184 4271
f 4109 4147 4271
f 4162 4140 4065
f 4130 4095 4221
f 4131 4150 4153
f 4115 4052 4168
f 4132 4229 4327
f 4052 4145 4168
f 4125 5470 4147
f 4163 4143 4225
f 4135 4223 4209
f 4138 4188 4125
f 4110 4150 4236
f 4110 4236 4161
f 4112 4179 4268
f 4139 4146 4257
f 5279 4137 4254
f 4141 4161 4110
f 4072 4213 4220
f 4072 4133 4220
f 4076 4227 4122
f 4093 2393 4173
f 4093 4173 4323
f 4093 4166 4323
f 4115 4193 4160
f 4144 3929 4160
f 4146 4288 4235
f 4146 4257 4235
f 5270 5816 3992
f 4088 5720 4252
f 4088 4122 5720
f 4127 4091 4156
f 4127 5495 4156
f 4315 4107 4341
f 4148 4163 4262
f 4148 4015 4163
f 4150 4210 4217
f 4150 4217 4236
f 4127 4177 5495
f 4151 4202 5255
f 4151 4202 4051
f 4152 4145 4187
f 4152 4187 4156
f 4028 4200 4212
f 4085 4204 4159
f 4167 4123 4067
f 4038 4142 4169
f 3992 4189 5550
f 4092 4171 4347
f 4214 4279 4057
f 4137 4170 4254
f 4133 1483 4281
f 4153 4150 4167
f 3929 4160 4172
f 4084 4112 4191
f 4155 4157 4165
f 4188 4148 4138
f 1483 4227 4076
f 1483 4281 4227
f 5430 4202 4051
f 4112 4191 4268
f 4107 4209 4341
f 4150 4167 4300
f 4150 4300 4210
f 4225 4143 5646
f 4227 4122 4332
f 4154 4169 4190
f 4154 4169 4034
f 4149 4179 4186
f 4123 4270 4167
f 4226 4162 5149
f 4162 4194 4192
f 4162 4194 5149
f 4163 4262 4225
f 4164 4121 4182
f 4164 4141 4183
f 4164 4183 4182
f 4122 5720 4332
f 4248 4195 5749
f 4248 5749 4180
f 4165 4124 4317
f 4135 4223 4184
f 4170 4206 5529
f 4170 5529 4245
f 4143 4233 5646
f 5470 5486 4147
f 4121 4124 4182
f 4169 5728 4034
f 4147 4271 4269
f 4147 4269 5486
f 4077 4221 4211
f 4077 4214 4211
f 4170 4254 4175
f 4161 4141 4183
f 4207 4230 5476
f 4158 4169 5191
f 4282 4136 4343
f 4202 4177 4197
f 4169 5191 4190
f 4266 4165 4157
f 4266 4157 4086
f 4266 4261 4086
f 4125 4188 5470
f 4173 4192 4444
f 4174 4315 4181
f 4151 4347 5255
f 4124 4317 4182
f 4168 4193 5586
f 4168 5586 4145
f 4221 4095 4237
f 5720 4332 4354
f 4090 4239 4261
f 4195 4185 4014
f 4195 4185 4234
f 4166 4159 4366
f 4188 4148 4262
f 4193 4160 4316
f 4136 4288 4343
f 4304 4254 5279
f 5476 4201 4219
f 4179 4268 4186
f 4149 4186 4206
f 4184 4223 4271
f 4203 4180 4272
f 4188 5470 4262
f 4154 4252 5721
f 4257 4235 4283
f 4232 4132 5427
f 4166 4323 4366
f 4192 4196 4444
f 4193 5586 4316
f 4194 4196 4192
f 4195 4234 4248
f 5586 4187 4145
f 4095 4213 4237
f 4178 4204 4286
f 4178 4070 4204
f 4158 5191 4226
f 4197 4202 4357
f 4198 4199 4218
f 4198 4199 4231
f 4198 4218 4242
f 4180 4248 4272
f 4200 4201 4219
f 5550 4189 4224
f 4233 5646 4255
f 4187 5586 4290
f 4187 4156 4290
f 4300 4270 4167
f 4161 4183 4236
f 4186 4206 4278
f 4186 4278 4267
f 4202 5255 4298
f 4202 4298 4357
f 4203 4207 4272
f 4048 5589 3424
f 4199 4216 4308
f 4199 4231 4241
f 4199 4308 4241
f 4206 4278 4251
f 4172 4239 4293
f 4172 4293 5360
f 4208 5337 4117
f 4190 5191 4258
f 4199 4218 4243
f 4199 4243 4216
f 4209 4223 4273
f 4171 4347 5369
f 4171 4181 5369
f 4132 4232 4276
f 4132 4327 4276
f 5255 4347 4363
f 5816 4263 5270
f 5816 4263 4338
f 4332 4227 4333
f 4186 4267 4268
f 5529 4251 4206
f 4190 5721 4154
f 4210 4217 5621
f 4209 4341 4292
f 4209 4273 4292
f 4190 4258 4244
f 4176 4329 4276
f 4176 4329 4212
f 5755 4224 5550
f 4214 4279 4349
f 4214 4211 4349
f 4133 4220 4281
f 4207 4230 4272
f 4279 4385 4391
f 4220 4213 4352
f 4213 4352 4237
f 5755 4249 4224
f 4189 4338 5816
f 5646 4311 4255
f 5586 4316 4321
f 5755 4185 4249
f 5495 4156 4403
f 4200 4212 4312
f 4200 4219 4312
f 4182 4359 4183
f 4217 4236 5537
f 4210 5621 4301
f 4175 4254 4367
f 4218 4228 4242
f 4269 4340 5486
f 4354 4252 5720
f 5586 5323 4290
f 4220 4352 4406
f 4221 4211 4348
f 4221 4237 4348
f 4222 4256 4247
f 4222 4256 4260
f 4234 4248 5465
f 4234 4345 5465
f 4223 4271 4242
f 4281 4227 4333
f 4226 4140 4158
f 4256 4260 4275
f 5470 4262 4259
f 4222 4260 4318
f 4160 5360 4316
f 4160 5360 4172
f 4198 4231 4320
f 4198 4320 4242
f 4228 4242 4269
f 4229 4327 4297
f 5529 5709 4251
f 4230 4397 4302
f 4230 4397 4219
f 4230 4219 5476
f 4178 4263 5270
f 4232 4176 4276
f 4233 4123 4270
f 4181 5369 5656
f 4234 4284 4345
f 4238 4264 4243
f 4238 4243 4253
f 4185 4234 4284
f 4191 4268 4277
f 4191 4277 4355
f 4191 4355 4084
f 4264 4238 4346
f 5255 4298 4407
f 5255 4363 4407
f 4236 5537 4183
f 4230 4272 4302
f 4238 4346 4294
f 4238 4253 4294
f 4218 4228 4243
f 4308 4412 4216
f 4212 4312 4329
f 4264 4243 4335
f 4239 4261 4293
f 5486 4309 4259
f 5486 5470 4259
f 4165 4266 4317
f 4241 4231 4287
f 4231 4287 4320
f 4328 4399 4244
f 4272 4302 4325
f 4246 4294 4253
f 4246 4294 5719
f 4241 4287 5614
f 4241 5614 4308
f 4248 5465 4299
f 4248 4299 4272
f 4175 4367 4307
f 4247 4222 4410
f 4250 4383 5164
f 4250 5589 3424
f 4250 5589 5164
f 4275 4295 4260
f 4228 4243 4335
f 4253 4376 5487
f 4253 5487 4243
f 4254 4304 4405
f 4254 4405 4367
f 4245 4296 4307
f 4295 4260 4285
f 4245 5709 4296
f 4245 5709 5529
f 4257 4283 4385
f 4258 4244 4387
f 4258 4387 5191
f 4295 4275 4280
f 4262 4225 4313
f 4262 4259 4310
f 4262 4310 4313
f 4223 4320 4273
f 4223 4320 4242
f 4224 4249 4371
f 4256 4275 4280
f 4256 4280 4289
f 5369 5656 5732
f 4185 4284 4371
f 4311 5646 4225
f 4242 4269 4271
f 4266 4317 4324
f 4266 4324 4261
f 4294 5719 4303
f 4268 4277 4353
f 4219 4312 4397
f 4269 4340 4228
f 4270 4300 5573
f 4376 4253 5243
f 4225 4311 4313
f 5323 5586 4321
f 5323 4373 4321
f 4267 4268 4353
f 4267 4353 4319
f 4295 4372 4285
f 4156 4290 4403
f 4270 4233 5573
f 4159 4337 4204
f 4159 4337 4366
f 4260 4318 4322
f 4335 4340 4228
f 4284 4345 4334
f 4274 4246 4390
f 4274 4351 4390
f 5537 4339 4183
f 4247 4256 4306
f 4260 4285 4322
f 4249 4371 4185
f 4253 4274 4246
f 4253 4274 5243
f 4222 4386 4318
f 4222 4410 4386
f 4246 4390 5719
f 5191 4226 4379
f 4277 4353 4305
f 4278 4251 4326
f 4279 4391 4435
f 4279 4349 4435
f 4280 4289 4342
f 4281 4220 4381
f 4256 4289 4306
f 4282 4343 4364
f 4283 4235 5269
f 4284 4371 4478
f 4295 4280 4369
f 4295 4369 4370
f 4264 5486 4309
f 4264 4309 4346
f 4286 4365 4204
f 4288 4343 4388
f 4233 4255 5573
f 4329 4312 4360
f 4263 4178 4338
f 4287 4314 5614
f 4288 4235 4388
f 4276 4362 4329
f 4284 4334 4478
f 4289 4306 4342
f 4287 4314 4356
f 4292 4273 4320
f 4274 4350 4351
f 4274 4350 4377
f 4197 5495 4177
f 4243 5487 4412
f 4243 4412 4216
f 4278 4267 4319
f 4278 4326 4331
f 4278 4331 4319
f 4376 5487 4420
f 4371 4224 4432
f 4295 4370 4372
f 4297 4327 4336
f 4287 4320 4292
f 4287 4356 4292
f 4224 4189 4432
f 4299 4325 4408
f 4299 4325 4272
f 4300 5573 4301
f 4301 4210 4300
f 4282 4355 4084
f 4484 4382 4181
f 4484 4181 5656
f 4261 4324 4293
f 4306 4342 4361
f 4386 4410 4384
f 5656 5732 5695
f 4296 4326 4251
f 4296 5709 4251
f 4354 4252 5721
f 4354 4344 5721
f 4178 4286 4338
f 4211 4404 4348
f 4309 4423 4259
f 4397 4312 5376
f 4310 4313 4471
f 4299 5465 4408
f 4312 4360 5376
f 4409 4290 5323
f 4409 4480 4373
f 4409 5323 4373
f 4410 4247 4560
f 4314 5614 4452
f 4314 5313 4452
f 4315 4382 4341
f 4315 4382 4181
f 4407 4298 4571
f 4316 4321 5360
f 5537 5632 4339
f 4317 4359 4324
f 4296 4326 4307
f 4318 4386 4461
f 4247 4306 4361
f 4247 4560 4361
f 4294 4303 4437
f 4294 4346 4437
f 4323 4173 4368
f 4324 4293 4374
f 5149 4226 4379
f 5149 4194 4428
f 5149 4428 4379
f 5537 4429 4217
f 4173 4444 4368
f 4372 4392 4285
f 4362 4329 4360
f 5621 4429 4217
f 4423 4310 4259
f 4290 4403 4564
f 4290 4564 4409
f 4327 4336 4449
f 4327 4276 4449
f 4314 4356 5313
f 4403 4415 5495
f 5486 4335 4340
f 4328 4399 4344
f 4328 4344 5721
f 4330 5337 4401
f 4330 5337 4117
f 4429 5736 5537
f 4324 4359 5795
f 4324 5795 4374
f 4331 4319 4389
f 4326 4307 4331
f 4280 4369 4378
f 4332 4354 4344
f 4332 4333 4344
f 5486 4335 4264
f 4303 4437 4400
f 4280 4342 4378
f 4321 5360 4394
f 4276 4449 4362
f 5337 4380 4208
f 4365 4337 4204
f 5465 4345 4434
f 4339 4359 4183
f 4377 5243 4274
f 4309 4346 5515
f 4436 4302 4490
f 4235 5269 4388
f 4342 4361 4395
f 4334 4345 4434
f 4298 4357 4571
f 4343 4364 4388
f 4305 4277 4418
f 4305 4464 4418
f 4387 4379 5191
f 4285 4322 4392
f 5573 5604 4489
f 4344 4399 4481
f 4346 4437 5515
f 4292 4356 4341
f 4347 4363 5369
f 4348 4404 4441
f 4211 4349 4404
f 4374 5360 4293
f 4351 4457 4390
f 4342 4378 4375
f 4352 4348 5658
f 4352 4348 4237
f 4352 5658 4424
f 4351 4350 4457
f 4308 5614 4479
f 4308 4479 4412
f 4307 4331 4367
f 4255 4311 5604
f 5719 4469 4303
f 4355 4282 4447
f 4197 5495 4415
f 4197 4415 4357
f 5632 5736 5537
f 4383 5295 5164
f 4323 4366 4337
f 4323 4337 4368
f 4194 4196 4428
f 4322 4426 4492
f 4356 5313 4463
f 4286 4338 4433
f 4286 4393 4433
f 4474 4455 4531
f 4322 4392 4426
f 4282 4364 4447
f 4358 4297 4383
f 4358 4297 4336
f 4277 4355 4418
f 4360 5376 4475
f 4360 4453 4475
f 4330 4304 4401
f 4331 4367 4389
f 4457 4390 4419
f 4457 4419 5492
f 4355 4447 4418
f 4361 4395 4398
f 5604 4255 5573
f 4362 4360 4453
f 4394 4374 5360
f 4342 4375 4395
f 5632 4339 4414
f 4353 4396 4319
f 4364 4509 4411
f 4364 4411 4388
f 4363 4407 4520
f 4363 4476 4520
f 4363 5369 5732
f 4370 4372 4369
f 4337 4365 4402
f 4365 4286 4402
f 4356 4463 4341
f 5376 4397 4475
f 4461 4386 4494
f 5719 4390 4469
f 4373 4321 5687
f 4367 4405 4389
f 4376 5243 4420
f 5632 4414 4440
f 5632 4440 5736
f 4302 4397 4490
f 4318 4492 4461
f 4318 4492 4322
f 4379 4387 4428
f 4321 4394 5687
f 4352 4406 4424
f 4387 5662 4428
f 4220 4381 4406
f 4380 5337 3899
f 4380 5589 4208
f 4381 4406 4438
f 4344 5482 4481
f 4383 5295 4445
f 4383 4358 4445
f 4337 4368 4446
f 4337 4446 4439
f 4304 4405 4389
f 4333 5266 4344
f 4372 4378 4392
f 4386 4384 4494
f 4385 4391 4435
f 4385 4283 4435
f 4325 4460 4436
f 5795 4359 4416
f 5795 4374 4443
f 4309 5515 4423
f 4353 4396 4305
f 4304 4396 4401
f 4304 4389 4396
f 4388 4417 5269
f 4196 4428 4444
f 4310 4471 4423
f 4339 4359 4416
f 4389 4396 4319
f 4392 4378 4427
f 4392 4426 4427
f 4390 4455 4419
f 4394 5687 4431
f 4395 4398 4448
f 4334 4434 4478
f 5164 5329 4380
f 5164 5589 4380
f 4286 4393 4402
f 4378 4375 4427
f 4387 567 4413
f 4387 4413 5662
f 4400 4469 4303
f 4423 4437 5515
f 4337 4402 4422
f 4337 4422 4439
f 4403 4415 4524
f 4560 4361 4465
f 4396 4464 4305
f 4404 4349 4456
f 4394 4374 4431
f 4313 4311 4458
f 4381 4438 5266
f 4381 4281 4333
f 4381 5266 4333
f 4407 4520 4571
f 4406 4424 4438
f 4339 4414 4416
f 4325 4408 4460
f 4374 4443 4431
f 5604 4489 4496
f 4395 4375 5457
f 4377 4350 4552
f 4409 4564 4606
f 4409 4606 4480
f 4410 4384 4491
f 4411 4388 4515
f 4411 4509 4515
f 4350 4457 4552
f 4426 5674 4427
f 4412 4479 5487
f 4425 4414 4421
f 4413 4512 5662
f 5687 4373 5502
f 5687 4425 5502
f 5687 4425 4431
f 4414 4425 4416
f 4348 4441 5658
f 5795 4425 4416
f 5795 4425 4443
f 2355 2251 2174
f 4364 4447 4468
f 4364 4509 4468
f 4283 4435 4454
f 4283 5269 4454
f 4373 5502 4498
f 4373 4498 4480
f 4415 4357 4604
f 4361 4465 5523
f 4361 4398 5523
f 4380 5329 3899
f 5492 5670 4457
f 4419 4455 4599
f 4418 4467 4464
f 4396 4401 4464
f 4455 4390 4474
f 4420 4505 5487
f 4421 4440 4486
f 4414 4440 4421
f 3899 4477 5337
f 4401 4477 4487
f 4446 4439 4451
f 4447 4418 4467
f 4419 5492 4587
f 4419 4587 4599
f 4429 5621 4497
f 4362 4449 4453
f 4434 4450 5465
f 5621 4497 4301
f 4425 5502 4421
f 4368 4446 4444
f 4400 4469 4514
f 4437 4462 5541
f 4437 5541 4400
f 4349 4435 4456
f 4497 4489 5573
f 4497 4301 5573
f 4388 4534 4417
f 4388 4534 4515
f 4408 4450 5465
f 4311 4496 4458
f 4436 4518 4490
f 4477 5337 4401
f 4425 4443 4431
f 5492 5670 5684
f 5658 4442 4424
f 4479 4505 5487
f 4437 4423 4471
f 4437 4462 4471
f 4438 5266 4470
f 4401 4487 4561
f 4401 4561 4464
f 4463 4382 4483
f 4463 4382 4341
f 4371 4478 4541
f 4371 4541 4432
f 4377 4482 5243
f 4426 4459 5674
f 4426 4459 4492
f 4441 5658 4488
f 4400 5541 4514
f 4428 4446 5662
f 5482 4466 4470
f 5482 5266 4470
f 5313 4463 4522
f 4338 4473 4506
f 4338 4473 4432
f 4338 4433 4506
f 4358 4445 4472
f 4397 4475 4523
f 4397 4523 4490
f 4358 4472 4336
f 4408 4450 4460
f 4497 4489 4493
f 4444 4446 4428
f 4432 4507 4473
f 4420 5265 5243
f 4435 4456 5705
f 4442 4424 4565
f 4442 4565 4582
f 5541 4528 4514
f 5502 4486 4421
f 4446 4511 4451
f 4446 4511 5662
f 4395 5457 4448
f 4375 4427 5457
f 4447 4467 4468
f 4496 4311 5604
f 4449 4453 4504
f 4313 4471 4516
f 4313 4458 4516
f 4357 4571 4604
f 4450 4434 4537
f 4429 5736 4440
f 4429 4497 4440
f 4477 4487 5326
f 4452 4500 5614
f 4384 4494 5628
f 4384 5628 4491
f 4424 4438 4565
f 5541 4485 4538
f 4382 4484 4483
f 4507 4541 4432
f 4456 4488 5260
f 4456 4488 4441
f 4456 4404 4441
f 4434 4478 4521
f 4457 4552 4585
f 4457 5670 4585
f 4459 5675 5674
f 4435 4454 4540
f 4435 5705 4540
f 4462 4485 5541
f 5482 4466 5344
f 4393 4422 4402
f 4403 4524 4564
f 4462 4485 4471
f 4442 5658 4582
f 4463 4522 4483
f 5313 4452 4500
f 4456 5705 5260
f 4398 5523 4569
f 4469 4390 4474
f 4448 4398 4569
f 4467 4464 4499
f 4422 4575 4439
f 4497 4493 4517
f 4420 4505 5265
f 4464 4561 4499
f 4363 4750 4563
f 4363 4750 4476
f 4363 4563 5732
f 4476 4520 4584
f 4476 4741 4584
f 4433 4554 4393
f 4433 4554 4536
f 4451 4550 4439
f 4460 4128 4436
f 4475 4523 4504
f 4427 5674 5457
f 4481 5344 4413
f 4481 5344 5482
f 4481 567 4413
f 4481 567 4399
f 4458 4539 4496
f 4458 4539 4527
f 4482 4377 4552
f 4482 5265 4594
f 4482 4552 4594
f 4560 4491 4410
f 4449 4504 4596
f 4449 4472 4596
f 4449 4472 4336
f 5265 4482 5243
f 4467 4468 4499
f 4484 4502 4654
f 4484 4502 4483
f 4486 4498 4546
f 4486 5502 4498
f 4479 4500 4505
f 4434 4537 4521
f 4487 4561 4495
f 4433 4506 4536
f 5313 4522 4568
f 4438 4470 4574
f 4438 4565 4574
f 4489 4539 4496
f 4422 4575 4554
f 4422 4393 4554
f 4495 4561 4543
f 4445 5295 4544
f 4489 4493 4539
f 4492 4618 4459
f 4492 4618 4461
f 5269 4503 4454
f 5295 5329 4544
f 4528 4538 5541
f 4485 4538 4630
f 4500 4479 5614
f 4494 5628 4461
f 4450 4460 5318
f 4450 4537 5318
f 4495 4532 4487
f 4539 4527 5809
f 4510 4508 4519
f 4523 4504 5188
f 5457 4448 4530
f 4550 4575 4439
f 4497 4440 4529
f 4497 4529 4517
f 4475 4453 4504
f 4508 4501 4510
f 4566 4503 5269
f 4566 5269 4417
f 4509 4515 4640
f 4531 4474 4469
f 4531 4469 4514
f 4498 4605 4480
f 4618 4459 5675
f 4413 4512 5344
f 4500 4548 4611
f 4500 4548 4505
f 5675 5674 4530
f 4501 4510 4553
f 4415 4524 4604
f 4485 4471 4533
f 4465 4560 4638
f 4465 5523 4638
f 4503 4454 5716
f 4468 4509 4649
f 4477 5326 4775
f 4504 4596 4617
f 4505 5265 4548
f 4506 4577 4536
f 5658 4488 4595
f 4508 4519 4545
f 4508 4593 4545
f 4510 4553 4525
f 4471 4533 4547
f 4471 4516 4547
f 4508 4501 4593
f 4493 4589 4549
f 4493 4539 4549
f 4490 4523 4518
f 4529 4517 4513
f 5523 4569 4738
f 4488 4595 5260
f 4510 4519 4696
f 4510 4525 4696
f 4485 4630 4533
f 4507 4541 4555
f 4507 4555 4635
f 4507 4635 5422
f 4483 4522 4502
f 4511 4558 4550
f 4128 5186 4518
f 4128 4518 4436
f 4504 5188 4617
f 4538 4528 4662
f 4567 4516 4458
f 4567 4527 4458
f 4589 4517 4493
f 4553 4501 4586
f 4484 4654 4681
f 4566 4580 4417
f 4500 4568 5313
f 4455 4557 4599
f 4455 4557 4531
f 4498 4605 4546
f 4514 4528 4531
f 4515 4640 4534
f 4491 4623 4560
f 4470 4466 4574
f 4478 4541 4521
f 4587 5684 5492
f 5628 4491 4667
f 4601 5670 5684
f 4520 4571 4740
f 4520 4584 4740
f 4495 4532 4543
f 4454 4540 5716
f 4522 4502 4768
f 4517 4513 4608
f 969 5155 1137
f 4518 5186 4643
f 4518 4643 4559
f 4523 4556 4559
f 4523 4559 4518
f 4526 4672 4597
f 5688 4526 4553
f 5688 4553 4525
f 5688 4525 4542
f 4528 4535 4531
f 5732 4563 5695
f 4529 4546 4486
f 4499 4561 4572
f 5705 5260 4625
f 5705 4625 4598
f 5705 4540 4598
f 4530 5457 5674
f 4472 4596 4579
f 4738 5555 5523
f 4460 5318 4128
f 4554 4536 4577
f 4500 4568 4611
f 4491 4623 4667
f 4532 4487 5326
f 4506 4592 4577
f 4534 4580 4417
f 4528 4535 4662
f 4468 4649 4728
f 4526 5688 4673
f 4526 4672 4673
f 4595 4625 5260
f 4526 4597 4586
f 4526 4553 4586
f 4535 4620 4531
f 5329 3899 4613
f 5329 4544 4613
f 4480 4605 4606
f 5344 4512 4602
f 4537 5318 4562
f 5422 4592 4644
f 4128 5186 4614
f 4538 4630 4662
f 4532 4543 4576
f 4597 4586 4631
f 5265 4551 4594
f 5318 4562 4616
f 4448 4530 4682
f 4535 4662 4641
f 4512 4558 4661
f 4545 4519 5488
f 4541 4521 4562
f 4541 4562 4555
f 5555 4626 5523
f 4618 4703 4461
f 4548 4581 5265
f 4128 4614 5318
f 4539 4549 5809
f 4472 4445 4639
f 4472 4579 4639
f 4549 4600 4589
f 4566 5829 4503
f 4557 4599 4669
f 4533 4630 4612
f 4512 5357 4661
f 4523 5188 4684
f 4523 4684 4556
f 4448 4682 4569
f 4521 4562 4537
f 4535 4641 4653
f 4535 4620 4653
f 4738 4583 4569
f 5675 4618 4709
f 4543 4561 4572
f 4543 4572 4629
f 4543 4576 4629
f 4557 4669 4531
f 4558 4661 4550
f 4623 4560 4666
f 4560 4666 5781
f 4554 4577 4634
f 4554 4634 4661
f 4554 4575 4661
f 5829 4573 4624
f 5829 4503 4624
f 4530 4709 4682
f 4530 4709 5675
f 5829 4580 4566
f 5829 4580 5397
f 5829 5397 4573
f 4445 4544 4639
f 4547 4533 4615
f 918 5783 4610
f 4564 4524 4588
f 4564 4588 4606
f 4565 4574 4590
f 4583 4796 4738
f 4484 5695 4681
f 4562 4648 4616
f 4468 4499 4728
f 4501 4586 4631
f 4501 4593 4631
f 918 4570 4663
f 4548 4611 4581
f 4616 4692 5318
f 4560 4638 5781
f 4562 4555 4648
f 4547 4567 4516
f 4559 4556 4633
f 4614 4692 5318
f 4517 4589 4608
f 4555 4648 4635
f 5523 4626 4638
f 4533 4612 4615
f 4565 4582 4590
f 4544 4639 4726
f 4568 4611 5738
f 4570 918 4610
f 4542 4658 4764
f 4542 4658 5688
f 4571 4740 4604
f 4672 4597 4761
f 4573 4650 4624
f 4509 4640 4649
f 4466 5344 4574
f 5326 4697 4769
f 5326 4775 4769
f 4532 4697 5326
f 4750 4741 4476
f 4578 4732 4609
f 4578 4732 4513
f 4578 4609 4619
f 4599 4657 4664
f 4599 4664 4669
f 4549 5809 4600
f 4593 4545 4717
f 4580 4534 4645
f 4580 4645 4607
f 4542 4525 4743
f 4581 4551 4636
f 4581 4551 5265
f 4577 4634 4621
f 4582 4590 4595
f 4582 4595 5658
f 4673 4658 5688
f 4568 4522 5738
f 4499 4714 4572
f 5628 4703 4461
f 4570 4610 4663
f 4585 4552 4688
f 4524 4588 4632
f 4524 4604 4632
f 4732 4609 5435
f 4732 4730 4513
f 4780 4887 5535
f 4601 4585 5670
f 4575 4661 4550
f 4587 4599 4683
f 4552 4594 4688
f 4499 4714 4728
f 4573 4650 4646
f 4534 4645 4640
f 4591 4592 4603
f 4591 4603 4637
f 4576 4758 4665
f 4576 4532 4665
f 4567 5783 4527
f 4592 4603 4656
f 5684 4683 4587
f 4593 4631 4717
f 4594 4551 5460
f 4682 4583 4569
f 5809 4600 5817
f 4696 4736 4519
f 4598 5716 4540
f 5344 4602 4574
f 4595 4625 4627
f 4595 4590 4627
f 4600 4589 4608
f 4600 4619 4608
f 4591 4592 4644
f 4601 5684 5639
f 5781 4670 4666
f 4684 4556 4680
f 4542 4764 4743
f 5456 4638 4626
f 5456 4677 4626
f 5783 4700 4610
f 4622 4598 4625
f 4622 4627 4625
f 5456 4638 5781
f 5456 4642 5781
f 4605 4606 4588
f 4605 4674 4588
f 4502 4654 4706
f 4502 4768 4706
f 4634 4621 4659
f 4607 4580 4705
f 4567 4663 4716
f 4522 4768 4691
f 4522 5738 4691
f 4609 4619 4655
f 4611 4581 4734
f 4608 4619 4578
f 4608 4578 4513
f 4559 4678 4643
f 4559 4678 4633
f 4544 4726 4613
f 4598 4622 5716
f 4603 4656 4687
f 4603 4646 4687
f 4603 4646 4573
f 4613 3899 4719
f 4614 4692 4707
f 4669 4620 4531
f 4585 4601 4693
f 4590 4647 4689
f 4590 4602 5357
f 4590 4689 5357
f 4545 4717 5488
f 4664 4669 4711
f 4616 4648 4735
f 4616 4692 4735
f 4617 5188 4731
f 4618 4776 4709
f 5684 4683 5639
f 4596 4579 4617
f 4622 4624 4503
f 4622 4624 4650
f 4622 4503 5716
f 4622 4627 4650
f 4525 4743 4696
f 4607 4645 4715
f 4626 4694 5555
f 4567 4547 4716
f 4672 4761 4753
f 4590 4627 4647
f 4677 4626 4694
f 4677 4694 4699
f 4628 4667 5628
f 4594 5460 4760
f 4594 4688 4760
f 4636 4551 5460
f 4588 4632 4674
f 4603 4637 4573
f 4576 4739 4758
f 4631 4717 4791
f 4675 4673 4672
f 4546 4730 4605
f 4703 4690 5628
f 4640 4649 4745
f 4670 4642 5781
f 4572 4629 4793
f 4618 4776 4703
f 4635 4644 5422
f 4635 4644 4695
f 4677 4711 5456
f 4580 4705 4660
f 4580 4660 4742
f 4580 4742 5397
f 4650 4646 4676
f 4641 4662 4737
f 4615 4547 4727
f 4609 4652 4655
f 4609 4652 5435
f 4576 4739 4629
f 3899 4775 4719
f 4711 4642 5456
f 4630 4612 4662
f 4591 4637 4712
f 4591 4644 4710
f 4591 4710 4712
f 4667 4623 4800
f 4643 4679 4678
f 4574 4590 4602
f 4634 4661 4659
f 4651 4668 4713
f 5783 4527 5809
f 4649 4745 4757
f 4649 4757 4746
f 4651 4671 4733
f 4651 4668 4733
f 4652 4655 4704
f 4652 4685 4704
f 5809 5783 4721
f 5809 4721 5817
f 4563 4681 5695
f 4597 4761 4631
f 4654 4681 4706
f 4611 4734 5738
f 5783 4721 4700
f 4657 4664 4677
f 4658 4673 4723
f 5817 4619 4600
f 4657 4677 4699
f 4657 4699 4599
f 4649 4728 4746
f 4532 4665 4697
f 4641 4653 4737
f 4663 4700 4766
f 4663 4700 4610
f 4663 4716 4766
f 4664 4677 4711
f 4627 4650 4676
f 4627 4676 4647
f 4679 4702 4686
f 1065 3094 3266
f 4679 4678 4686
f 4556 4680 4633
f 4623 4666 4771
f 4642 4670 4711
f 4669 4774 4711
f 4651 4671 4690
f 4651 4713 4690
f 4672 4675 4724
f 4672 4753 4724
f 4620 4669 4774
f 4656 4687 4621
f 4547 4716 4727
f 4673 4755 4723
f 4673 4755 4675
f 4659 4687 4621
f 4731 4579 4617
f 4674 4749 4605
f 4676 4647 4689
f 4676 4689 4729
f 4646 4676 4729
f 4646 4687 4729
f 4645 4640 4698
f 4645 4715 4698
f 4640 4698 4745
f 4585 4693 4688
f 4715 4607 4686
f 4652 5435 5587
f 4652 4685 5587
f 4678 4686 4708
f 4635 4695 4648
f 4604 4740 4798
f 4671 4701 4733
f 4678 4752 4708
f 4701 4733 4823
f 4683 4725 5639
f 4613 4719 4748
f 4613 4726 4748
f 4761 4631 4832
f 4684 5740 4731
f 4684 5740 4680
f 4684 4731 5188
f 4702 4686 4705
f 4702 4679 4707
f 4702 4660 4705
f 4702 4692 4707
f 4658 4764 4759
f 4658 4723 4759
f 4689 4729 5357
f 4678 4752 4633
f 4619 4721 4655
f 4619 4721 5817
f 4742 4712 5397
f 4666 4670 4744
f 4659 4729 5357
f 4685 4704 4762
f 4668 4733 4720
f 4612 4615 4826
f 4679 4707 4643
f 4715 4698 5215
f 4668 4713 4790
f 4668 4720 4790
f 4671 4690 4628
f 4671 4628 4701
f 4629 4793 4805
f 4612 4662 5699
f 4612 5699 4826
f 4655 4704 4721
f 4620 4653 4816
f 4620 4816 4774
f 4682 4709 4783
f 4690 4628 5628
f 4607 4686 4705
f 4563 4681 4779
f 4563 4779 4750
f 5740 4765 4722
f 4660 4702 4742
f 4639 4718 4579
f 4692 4702 4735
f 4693 4688 4824
f 4662 5699 4747
f 4662 4737 4747
f 4670 4711 4751
f 4670 4744 4751
f 4754 5460 4636
f 4754 5460 4876
f 4581 4636 4763
f 4696 4743 4736
f 4718 4765 5740
f 4699 4694 4725
f 4699 4725 4683
f 4699 4599 4683
f 4693 4601 4824
f 4700 4766 4807
f 4702 4710 4735
f 4702 4710 4742
f 4703 4690 4776
f 4623 4800 4771
f 4644 4710 4695
f 4701 4628 4808
f 4706 4768 4812
f 4707 4614 4643
f 4774 4751 4711
f 4686 4715 4708
f 5740 4731 4718
f 5740 4680 4722
f 4700 4721 4807
f 4667 4800 4815
f 4709 4776 4802
f 4709 4783 4802
f 4636 4754 4763
f 4752 4680 4633
f 4714 4572 4772
f 4694 5555 4725
f 4708 4715 4752
f 4714 5663 4772
f 4714 4728 5663
f 4718 4579 4731
f 4723 4720 5810
f 4723 4720 4790
f 4723 4755 5810
f 4688 4760 4824
f 4793 4572 4772
f 4615 4727 4826
f 4719 4748 4799
f 4735 4695 4648
f 4755 4724 4675
f 4823 4733 4784
f 4722 4765 4773
f 4715 4752 5215
f 4632 4674 4777
f 4739 4805 4842
f 4727 4716 4836
f 4713 4829 4811
f 4713 4790 4811
f 4681 4706 4779
f 4726 4639 4781
f 4726 4781 4748
f 4653 4737 4816
f 4732 4730 4605
f 4732 4749 4605
f 5555 4725 4780
f 5555 4780 5480
f 4666 4744 4771
f 4710 4735 4695
f 4710 4742 4712
f 4733 4720 4784
f 4734 4825 4581
f 4790 4759 4723
f 4629 4805 4739
f 4736 4519 5488
f 4682 4583 4860
f 4682 4783 4860
f 4738 5555 4796
f 4674 4749 4777
f 4739 4758 4847
f 4757 4745 5698
f 4740 4584 4814
f 4741 4584 4797
f 4685 5587 4778
f 4685 4762 4809
f 4685 4809 4778
f 4750 4741 4789
f 4628 4667 4815
f 4628 4808 4815
f 4583 4796 4860
f 4743 4736 4819
f 4697 4849 4769
f 4744 4751 4787
f 4744 4787 4770
f 4765 4718 4781
f 4713 4829 4690
f 4737 4816 4795
f 4752 4722 4680
f 4724 4755 4756
f 4775 4769 4794
f 4639 4718 4781
f 4732 5435 5587
f 4732 5587 4782
f 4732 4749 4782
f 4721 4807 4833
f 4757 4746 4786
f 4631 4791 4832
f 5810 4755 4756
f 4722 4752 4773
f 4720 4784 5810
f 5663 4728 4806
f 4753 4761 4767
f 4717 4791 4820
f 4717 4820 5488
f 4744 4771 4770
f 4784 4756 5810
f 4757 5698 4788
f 4757 4786 4788
f 4724 4767 4853
f 4724 4767 4753
f 4701 4785 4808
f 4829 4690 4908
f 4804 4824 5639
f 5587 4792 4782
f 4758 4665 4845
f 5460 4760 4830
f 5460 4876 4830
f 4760 4824 4838
f 4665 4849 4818
f 4665 4849 4697
f 4761 4767 4857
f 4743 4764 5745
f 4743 4819 5745
f 4721 4704 4861
f 4721 4833 4861
f 4765 4781 5698
f 4765 5698 4773
f 4752 4773 5215
f 4828 4691 4812
f 4808 4815 4850
f 4691 4768 4812
f 4766 4807 4810
f 4745 5698 4698
f 4734 4877 4691
f 4734 4691 5738
f 4719 4775 4799
f 4747 5699 4910
f 4747 4795 4910
f 4764 4759 4839
f 4764 5745 4839
f 5555 5480 4813
f 5555 4796 4813
f 5587 4778 4792
f 4725 4804 4883
f 4725 4804 5639
f 4774 4787 4816
f 4760 4803 4838
f 4756 4784 4853
f 4756 4853 4724
f 4728 4806 4746
f 4809 4762 4882
f 4704 4762 4861
f 4776 4690 4908
f 4776 4802 4908
f 4777 4798 4801
f 4778 4792 4864
f 4778 4864 4809
f 4779 4837 4750
f 4760 4830 4803
f 4780 4883 4887
f 4780 4883 4725
f 4824 5639 4601
f 4771 4800 5520
f 4716 4766 4836
f 4781 4748 4788
f 4775 4799 4794
f 4785 4823 4868
f 4785 4823 4701
f 5698 5215 4698
f 5215 4773 5698
f 4771 4770 4867
f 4771 4867 5520
f 4772 4793 4854
f 4786 4799 4788
f 4837 4789 4750
f 4785 4868 4843
f 4787 4751 4774
f 4799 4748 4788
f 4784 4823 4853
f 4665 4845 4818
f 4820 4736 5488
f 4727 4826 4834
f 4727 4836 4834
f 4706 4779 4812
f 4791 4820 4865
f 4791 4832 4865
f 4741 4789 4797
f 4740 4798 4801
f 4740 4801 4814
f 4769 4794 4822
f 4763 4876 4869
f 4763 4825 4869
f 4763 4825 4581
f 4584 4814 4797
f 4796 4813 4831
f 4770 4787 4859
f 4762 4861 4882
f 4792 4782 4844
f 4819 4736 4851
f 5698 4788 4781
f 4800 4815 4835
f 4800 5520 4835
f 4777 4801 4749
f 4801 4814 4821
f 4785 4808 4843
f 4803 4916 4838
f 4826 4834 4929
f 4816 4795 4862
f 4754 4763 4876
f 4804 4883 4824
f 4801 4782 4821
f 4801 4782 4749
f 4793 4818 4854
f 4766 4836 4873
f 4766 4810 4873
f 4805 4817 4793
f 4806 4746 4786
f 4806 4786 4822
f 4761 4832 4857
f 5663 4854 4772
f 5663 4806 4854
f 4807 4810 4833
f 4736 4820 4851
f 4850 4808 4843
f 4799 4786 4822
f 4796 4860 4831
f 4814 4821 4797
f 4758 4845 4847
f 4805 4842 4817
f 4799 4794 4822
f 4811 4829 4863
f 4864 4893 4792
f 4780 5480 5535
f 4806 4769 4827
f 4806 4769 4822
f 4813 5480 5535
f 4820 4840 4865
f 4797 4789 4848
f 4769 4849 4827
f 5520 4870 4841
f 4817 5282 4818
f 4817 4818 4793
f 4782 4844 4821
f 4883 4824 4898
f 5520 4835 4901
f 5520 4870 4901
f 4833 4846 4810
f 4819 5745 4851
f 4759 4790 4858
f 4759 4839 4858
f 4877 4828 4691
f 4820 4851 4840
f 4818 4849 4854
f 4844 4893 4792
f 4867 4841 4903
f 4867 4841 5520
f 4795 4910 4881
f 4823 4853 4868
f 4787 4816 4859
f 4806 4854 4827
f 4824 4838 4856
f 4825 4734 4897
f 4825 4869 4897
f 4790 4811 4858
f 4809 4882 4880
f 4826 4929 5699
f 4829 4908 4863
f 4795 4862 4881
f 4815 4835 4850
f 4833 4861 4846
f 4770 4859 4912
f 4770 4867 4912
f 4810 4846 4873
f 4816 4862 4859
f 4834 4929 4855
f 4779 4837 4812
f 4836 4834 4894
f 4836 4873 4894
f 4857 4767 4928
f 4852 4844 4821
f 4734 4897 4877
f 4821 4797 4852
f 4783 4860 4802
f 4827 4849 4854
f 4840 4875 4851
f 4862 4859 4891
f 4797 4848 4852
f 4842 4847 4817
f 4841 4870 4921
f 4841 4921 4903
f 4824 4898 4856
f 4845 4847 5282
f 4845 4818 5282
f 4847 5282 4817
f 4882 4899 4880
f 4812 4828 4874
f 4837 4866 4789
f 4834 4894 4940
f 4844 4852 4893
f 4855 4834 4940
f 4837 4812 4889
f 4843 4868 4872
f 5745 4851 5512
f 4843 4850 4872
f 4860 4802 4885
f 4860 4831 4885
f 4859 4912 4891
f 4861 4882 4884
f 4857 4832 4948
f 4853 4868 4879
f 4862 4881 4891
f 4811 4863 4858
f 4861 4846 4884
f 4910 4929 5699
f 4809 4864 4880
f 4877 4900 4828
f 4840 4865 4875
f 4835 4850 4906
f 4852 4886 4890
f 4852 4886 4848
f 4850 4872 4952
f 4850 4906 4952
f 4837 4866 4889
f 4848 4789 4866
f 5745 4878 5512
f 4875 4851 5512
f 4869 4876 929
f 4767 4853 4928
f 4803 4830 4915
f 4852 4890 4893
f 3071 5440 2946
f 4865 4832 4931
f 4865 4875 4931
f 4869 929 4904
f 4869 4897 4904
f 4812 4889 4874
f 4839 4858 4878
f 4839 4878 5745
f 4830 4876 929
f 4830 929 4915
f 4870 4901 4921
f 4853 4928 4879
f 4910 4929 4939
f 4872 4888 4952
f 4898 4856 4927
f 4898 4883 4887
f 4868 4956 4879
f 4863 4858 4924
f 4863 4944 4924
f 4886 4866 4848
f 4886 5824 4890
f 4813 4831 4913
f 4813 5535 4913
f 4874 4900 4828
f 4835 4906 4895
f 4835 4895 4901
f 4831 4885 4913
f 4917 4856 4838
f 4846 4873 4896
f 4846 4884 4896
f 4832 4931 4948
f 4868 4872 4888
f 4868 4956 4888
f 4882 4899 4884
f 4873 4894 4955
f 5252 4910 4881
f 4886 4866 5824
f 4887 4898 3723
f 4891 4881 4932
f 4866 4889 4911
f 4867 4903 4919
f 4867 4912 4919
f 4891 4912 4932
f 4892 4925 4907
f 4893 4890 4864
f 4892 4926 4925
f 4892 4926 4905
f 4880 4933 4864
f 4892 4907 4905
f 4866 5824 4995
f 4916 5622 4838
f 4894 4955 5737
f 4894 5737 4940
f 4925 4907 4954
f 5622 4917 4838
f 4896 4884 4930
f 4896 4955 4930
f 4889 4874 4911
f 4898 3723 4927
f 4899 4884 4930
f 4899 4880 4930
f 4956 4888 5003
f 4857 4928 4948
f 4939 4910 5252
f 4877 4897 4949
f 4926 4905 4914
f 4901 4921 4979
f 4901 4979 4988
f 4887 3723 4918
f 4887 4918 5535
f 4881 4932 5252
f 4873 4955 4896
f 4940 4855 4942
f 4856 4927 4917
f 4885 4802 4908
f 4903 4921 4919
f 4897 4904 4949
f 5535 4913 4918
f 4855 4929 4993
f 4855 4942 4993
f 4878 5512 4945
f 4907 4905 5725
f 3723 4935 4918
f 4907 4954 5418
f 4863 4908 4944
f 4922 4909 4926
f 4922 4923 4926
f 4933 4890 4864
f 4875 5512 4945
f 4875 4945 4931
f 4885 4920 4913
f 4878 4924 4858
f 4912 4919 4936
f 4874 4911 4970
f 4912 4932 4936
f 4909 4925 4926
f 4913 4918 4935
f 4909 4934 4953
f 4914 4926 4950
f 4923 4926 4950
f 4923 4990 4950
f 4879 4928 4966
f 4890 5824 4933
f 4916 4803 4915
f 4911 4996 4970
f 4907 5418 5725
f 4921 4919 5004
f 4922 4953 4909
f 4922 4923 4953
f 3723 4987 4935
f 4915 929 5001
f 4915 5001 4938
f 4904 929 4951
f 4900 4877 4949
f 4900 4949 4874
f 4925 4909 4954
f 4880 4930 4933
f 4909 4954 4934
f 4948 4931 4947
f 4879 4956 4966
f 5252 4939 4994
f 4929 4939 4984
f 4929 4984 4993
f 4923 4937 4990
f 4908 4920 4885
f 4954 4934 5711
f 4970 4962 4874
f 4905 5725 4967
f 4928 4966 4948
f 4878 4945 5530
f 4878 4924 5530
f 4932 4943 5002
f 4932 5002 5252
f 4950 4914 5020
f 4908 4920 4971
f 4933 5824 4983
f 5622 4938 4915
f 5622 4916 4915
f 4917 4957 5622
f 4888 4952 5003
f 4930 4933 4980
f 4914 4905 4967
f 4908 4944 4941
f 4932 4936 4943
f 4923 4937 4960
f 4923 4953 4960
f 4955 5737 4930
f 4924 4944 4968
f 4914 4967 5020
f 929 4951 5014
f 929 5001 5014
f 5737 4940 4958
f 4939 4984 4994
f 4940 4958 4942
f 4904 4951 5647
f 4934 4953 4975
f 4934 4975 5711
f 4908 4941 5027
f 4908 4971 5027
f 4936 4919 4959
f 4927 4917 4957
f 4919 5004 4991
f 4944 4972 4941
f 4919 4959 4991
f 4921 5004 4979
f 4945 4947 4931
f 4913 4946 4935
f 4938 5622 5022
f 5622 5022 4989
f 4948 4947 4966
f 4866 4995 4999
f 4866 4999 4911
f 4949 4904 4961
f 4949 4965 4961
f 4944 4963 4972
f 4949 4874 4962
f 4945 5530 4947
f 4950 5020 4990
f 4906 4952 5590
f 4906 4895 5590
f 4966 4956 4977
f 4952 5003 5590
f 4953 4975 4992
f 4954 5418 5012
f 4954 5012 5711
f 4944 4968 4963
f 5004 5009 4991
f 4956 4977 4976
f 4957 5622 4989
f 4953 4960 4964
f 5002 5252 4994
f 4924 4968 5530
f 4953 4964 4992
f 4920 4971 4946
f 4927 4957 4987
f 4960 4964 4997
f 5530 4969 4947
f 4904 4961 5647
f 4962 4965 4949
f 4962 4970 4965
f 4963 4964 4972
f 4960 4937 5799
f 4938 5022 5023
f 4938 5001 5023
f 4957 4986 4989
f 4965 4961 4982
f 4966 4947 4977
f 4942 4958 4993
f 4968 4969 5530
f 4964 4978 4997
f 4936 4943 4985
f 4936 4985 4959
f 5711 4975 5036
f 4969 4947 4977
f 4968 4969 4974
f 4968 4963 4974
f 4969 4977 4976
f 4969 4976 4974
f 4999 4996 4911
f 4981 4930 5737
f 4943 4985 5002
f 4990 4937 5021
f 4990 5021 5025
f 5020 4990 5051
f 4964 4963 4974
f 4964 4974 4978
f 4937 5799 5021
f 4975 4992 5006
f 4972 4992 4964
f 4987 5005 5040
f 4987 5005 4935
f 4971 5077 5624
f 4971 4946 5624
f 4961 4982 5039
f 4961 5039 5647
f 4996 4970 4999
f 5647 4951 5000
f 4980 4983 4998
f 4980 4933 4983
f 4972 4992 5006
f 4951 5014 5000
f 5005 4946 4935
f 4981 4980 4930
f 4967 5020 5011
f 4957 4987 5040
f 4957 5040 5019
f 5799 4960 4997
f 4981 4958 5018
f 4981 4958 5737
f 4967 5011 5725
f 4970 4965 4999
f 5003 4976 5015
f 5003 4976 4956
f 4975 5036 5006
f 4984 4993 5028
f 5799 5021 5048
f 4974 4997 4978
f 4965 4982 5035
f 4965 4999 5035
f 4985 4959 4991
f 4946 5005 5624
f 4958 5018 5007
f 5011 5725 5418
f 4986 5019 5050
f 4989 4986 5022
f 4980 4998 4981
f 4990 5025 5051
f 4958 4993 5033
f 4958 5033 5007
f 4982 5035 5042
f 4994 4984 5002
f 4983 4995 5824
f 4974 4997 5008
f 4993 5028 5033
f 5590 5010 4988
f 4976 4974 5013
f 5711 5036 5012
f 4997 5008 5799
f 4979 5060 5004
f 4995 4999 4983
f 4983 5835 4998
f 5418 5011 5045
f 5418 5012 5045
f 5590 5003 5015
f 4998 4981 5018
f 4986 5019 4957
f 4999 5035 5032
f 5001 5014 5023
f 5002 4984 5038
f 4974 5008 5013
f 5025 5021 5063
f 4941 4972 5016
f 4941 5055 5016
f 4941 5055 5027
f 4999 4983 5032
f 4983 5032 5835
f 5002 5029 5038
f 4972 5016 5006
f 4986 5022 5030
f 4986 5050 5030
f 4979 5060 1243
f 5004 5009 5054
f 5005 5040 5017
f 4979 5010 4988
f 4979 5010 1243
f 4984 5028 5044
f 4985 4991 5009
f 4985 5009 5024
f 4985 5034 5024
f 5002 4985 5029
f 5009 5054 5024
f 5015 5095 5010
f 5015 5010 5590
f 4984 5038 5044
f 4998 5018 5056
f 4998 5835 5056
f 5039 5000 5647
f 5005 5017 5026
f 5005 5624 5026
f 5011 5020 5031
f 4985 5029 5034
f 5015 4976 5102
f 4976 5013 5102
f 5040 5017 5049
f 4971 5027 5057
f 4971 5057 5077
f 5008 5013 5043
f 5000 5014 5052
f 5032 5035 5041
f 5019 5040 5067
f 5020 5051 5031
f 5799 5048 5008
f 5022 5030 5037
f 5022 5023 5037
f 5025 5051 5063
f 5013 5043 5102
f 5039 5042 4982
f 5011 5031 5045
f 5026 5017 5046
f 5060 5094 1243
f 5012 5036 5074
f 5012 5045 5074
f 5023 5052 5014
f 5029 5038 5061
f 5029 5066 5061
f 5835 5032 5041
f 5835 5062 5041
f 5030 5037 5089
f 5024 5034 5428
f 5027 5057 5055
f 5018 5007 5033
f 5018 5056 5058
f 5018 5058 5033
f 5000 5039 5047
f 5000 5047 5052
f 5056 5062 5835
f 5031 5045 5074
f 5035 5042 5053
f 5035 5041 5053
f 5034 5029 5066
f 5034 5428 5066
f 5008 5048 5043
f 5036 5006 5074
f 5037 5089 5072
f 5004 5054 5079
f 5004 5079 5060
f 5021 5048 5063
f 5038 5044 5061
f 5019 5050 5067
f 5040 5049 5067
f 5030 5089 5082
f 5050 5030 5082
f 5095 5015 5101
f 5017 5046 5602
f 5017 5602 5049
f 5028 5033 5058
f 5028 5044 5058
f 5024 5054 5070
f 5037 5023 5078
f 5037 5072 5081
f 5037 5078 5081
f 5047 5052 5069
f 5048 5063 5091
f 5042 5053 5047
f 5042 5047 5039
f 5428 5068 5065
f 5015 5102 5101
f 5089 5083 5072
f 5049 5067 5076
f 5049 5076 5602
f 5050 5082 5067
f 5051 5080 5031
f 5044 5058 5073
f 5044 5061 5073
f 5080 5074 5031
f 5026 5077 5046
f 5054 5079 5075
f 5048 5043 5091
f 5047 5226 5069
f 5056 5062 5058
f 5062 5058 5059
f 5074 5006 5103
f 5077 5602 5105
f 5077 5602 5046
f 5077 5112 5105
f 5006 5016 5103
f 5057 5071 5077
f 5428 5070 5065
f 5079 5060 5088
f 5058 5073 5059
f 5059 5062 5064
f 5059 5064 5086
f 5068 5066 5428
f 5016 5100 5103
f 5060 5088 5094
f 5053 5047 5064
f 5053 5041 5064
f 5061 5561 5068
f 5061 5066 5068
f 5051 5063 5097
f 5051 5080 5097
f 5074 5080 5103
f 5057 5055 5071
f 5047 5226 5064
f 5062 5064 5041
f 5064 5086 5090
f 5226 5064 5090
f 5055 5071 5110
f 5061 5561 5073
f 5075 5054 5070
f 5016 5055 5100
f 5070 5065 5108
f 5071 5077 5112
f 5072 5084 5083
f 5071 5112 5110
f 5068 5514 5065
f 5068 5514 5085
f 5075 5079 5088
f 5059 5073 5561
f 5059 5086 5092
f 5059 5092 5561
f 5076 5098 5104
f 5076 5098 5602
f 5069 5081 5226
f 5561 5068 5085
f 5043 5102 5096
f 5083 5084 5187
f 5083 5089 5187
f 5078 5081 5069
f 5067 5082 5076
f 5063 5091 5097
f 5081 5087 5093
f 5075 5070 5108
f 5075 5088 5108
f 5081 5084 5072
f 5081 5084 5087
f 5065 5514 5106
f 5065 5108 5106
f 5081 5093 5226
f 5092 5086 5093
f 5102 5096 5803
f 5561 5085 5087
f 5561 5087 5092
f 5076 5104 5099
f 5514 5084 5087
f 5514 5087 5085
f 5514 5084 5106
f 5099 5082 5089
f 5082 5076 5099
f 5055 5100 5110
f 5093 5226 5090
f 5086 5090 5093
f 5087 5092 5093
f 5089 5187 5099
f 5043 5091 5096
f 5084 5187 5106
f 5091 5097 5096
f 5095 5101 5107
f 5095 5107 5010
f 5096 5793 5803
f 5098 5602 5105
f 5094 5116 5088
f 5098 5104 5119
f 5100 5111 5103
f 5088 5113 5108
f 5102 5101 5803
f 5103 5097 5080
f 5094 5107 5122
f 5088 5113 5116
f 5187 5099 5109
f 5113 5109 5104
f 5113 5109 5115
f 5105 5098 5119
f 5107 5118 5122
f 5101 5803 5107
f 5099 5104 5109
f 5097 5103 5114
f 5110 5112 5120
f 5111 5103 5114
f 5803 5117 5107
f 5097 5096 5308
f 5100 5110 5120
f 5104 5113 5119
f 5108 5106 5115
f 5113 5108 5115
f 5097 5308 5114
f 5116 5425 5122
f 5116 5094 5122
f 5793 5127 5803
f 5793 5127 5121
f 5113 5116 5425
f 5100 5111 5114
f 5100 5114 5121
f 5100 5120 5121
f 5109 5106 5115
f 5109 5106 5187
f 5112 5105 5120
f 5113 5119 5425
f 5105 5125 5120
f 5118 5117 5107
f 5105 5123 5125
f 5096 5308 5793
f 5118 5117 5124
f 5118 5124 5122
f 5120 5121 5126
f 5127 5117 5803
f 5123 5119 5105
f 5308 5121 5793
f 5117 5127 5124
f 5125 5120 5126
f 5119 5123 5425
f 5124 5125 5123
f 5124 5123 5122
f 5425 5123 5122
f 5127 5121 5126
f 5125 5126 5124
f 5126 5124 5127
f 5755 5254 5550
f 5131 1059 5311
f 2251 2174 2080
f 5571 1805 5324
f 5331 2579 2573
f 2051 1973 1797
f 3576 5286 1846
f 829 942 5600
f 1395 1353 1527
f 5571 1805 5784
f 5569 1292 5784
f 5165 273 131
f 538 486 521
f 5666 2138 5785
f 22 5278 37
f 1757 5348 1688
f 799 702 731
f 2434 2355 2449
f 1680 1567 2264
f 4297 4265 4383
f 5266 5482 4344
f 5724 1973 1797
f 4265 4297 4229
f 2463 2469 5617
f 1292 5184 5784
f 2154 2123 5635
f 3125 5727 3358
f 828 630 718
f 5164 5295 5329
f 1438 3704 5408
f 1438 5408 3565
f 709 610 650
f 709 630 650
f 3563 3354 5451
f 5741 3292 3280
f 2715 2672 2671
f 2655 2780 5338
f 3665 5468 5445
f 4096 4185 5755
f 3868 1855 5228
f 3441 3488 5206
f 4895 4988 5590
f 1556 5447 1317
f 1013 1959 2001
f 1204 5394 1269
f 3834 3793 3534
f 3834 3559 3534
f 5024 5428 5070
f 5767 443 354
f 5225 2537 2717
f 5384 5654 312
f 4090 4261 4086
f 3818 3854 3660
f 5481 5568 35
f 3712 5521 5370
f 5413 5339 5668
f 4637 5397 4573
f 5493 5484 4061
f 4061 5714 3949
f 4061 5714 5484
f 5616 312 5654
f 240 189 5417

