22425 4 0
1 2023 1694 3320 1700
2 814 709 708 707
3 1690 6008 5521 6160
4 5408 5989 5853 6119
5 2455 2737 2734 3027
6 3381 3663 4086 2708
7 5680 5683 1047 6159
8 323 321 320 5324
9 5161 3366 4141 5802
10 4959 3757 2952 5987
11 3049 3053 4597 4596
12 2440 5710 2442 5885
13 4339 1106 1110 5716
14 612 5360 1079 5814
15 1870 5479 1864 5513
16 3216 4502 1692 6099
17 4819 5554 2220 5560
18 5436 5869 5508 6194
19 396 1800 337 4192
20 5874 4589 64 5876
21 2117 5669 2116 5676
22 5417 5617 5572 5667
23 1500 1501 1499 1502
24 1235 5373 5333 5607
25 5616 5886 1678 5903
26 4403 3346 3345 6218
27 4302 3029 4299 1922
28 1418 5636 4695 5661
29 1441 6159 5683 6181
30 4174 5309 3586 5786
31 5016 5653 793 800
32 5470 5625 1011 6087
33 2998 2999 2994 5278
34 4295 3284 4599 4293
35 509 5491 505 5523
36 187 891 190 5881
37 3094 215 219 1026
38 5464 5467 5163 5789
39 2575 2576 2573 2572
40 573 572 5225 5604
41 2501 3425 3564 5933
42 1694 1125 530 5398
43 3832 3889 3831 5165
44 4104 4238 3467 5332
45 2561 2562 569 5622
46 2563 2564 2565 6013
47 2485 5687 5293 5913
48 3667 5264 4608 5622
49 3000 416 3001 6195
50 723 2734 2735 724
51 4180 4116 2186 2189
52 5358 5797 5354 6029
53 972 6004 1597 6137
54 2148 5186 5152 6086
55 3201 3322 2133 6179
56 4718 4716 4987 5516
57 2591 1735 4482 5312
58 5456 5921 3998 6009
59 2314 5693 2312 2311
60 4770 373 3396 5942
61 4746 5054 3604 5650
62 5017 4843 5019 5694
63 1687 1692 1690 6041
64 706 548 4149 5319
65 4874 4333 2919 4876
66 3213 1287 1289 3211
67 3671 4766 3863 5991
68 603 601 4532 599
69 819 5905 818 1555
70 4893 5090 4464 6143
71 2656 484 2655 5511
72 5475 5587 5372 5629
73 2560 1500 2557 2558
74 1569 5214 4610 5236
75 685 1099 1105 5169
76 265 4137 5302 2064
77 2475 5429 95 5301
78 5312 5958 5417 6043
79 161 163 162 165
80 5366 6069 5860 6155
81 119 589 125 2165
82 1455 5713 1974 5300
83 13 2897 4181 4180
84 615 2817 174 332
85 230 229 231 5413
86 3993 5731 3992 6100
87 2222 1964 2023 2224
88 2000 5740 5701 5933
89 5801 1926 5342 1509
90 4800 3272 5462 5714
91 5716 6089 1106 5920
92 3753 5179 1647 5803
93 428 608 607 5548
94 1490 3608 3482 5699
95 5428 5721 5655 6132
96 1649 1057 1936 5608
97 3375 5337 3733 5600
98 4803 726 4631 720
99 4194 4864 4499 2911
100 2732 6013 2697 2564
101 2077 2079 2080 5395
102 3568 4906 3266 780
103 126 5284 128 5831
104 5444 5541 5480 6113
105 38 1229 49 4823
106 5191 5378 1602 5639
107 984 4782 985 979
108 4819 5531 5210 5560
109 3068 5255 4422 6135
110 5541 6100 5731 6113
111 2768 3806 2770 6228
112 4619 5266 4868 5568
113 5176 5220 5178 5451
114 2734 3135 5910 3133
115 625 2848 3215 5597
116 4750 4040 3148 5934
117 3782 3781 3784 3783
118 5427 5816 5728 6017
119 4195 4864 4194 389
120 2703 2701 3682 2919
121 2849 626 2850 5597
122 3532 6035 826 6151
123 3332 3330 1000 5576
124 3993 6100 835 6033
125 4880 4732 4806 4731
126 1376 1380 2855 5242
127 5674 5908 1248 6163
128 5185 5728 5648 5806
129 2217 2218 4553 4707
130 119 2162 2165 125
131 2051 1508 160 164
132 4955 3198 4954 4696
133 2075 2076 2071 5918
134 34 4400 35 3714
135 3888 3831 3889 5424
136 3457 487 488 485
137 5447 5611 3035 6007
138 2792 2790 3208 2789
139 2850 5597 2854 5866
140 5322 5701 5425 5740
141 523 6044 2097 3343
142 2194 2195 1290 5348
143 96 5146 3114 5509
144 5581 5951 5239 5963
145 2162 125 2630 2165
146 5686 5911 5777 5925
147 460 5933 6207 459
148 4670 3945 4496 5805
149 3505 5231 3991 5783
150 5518 5870 5508 5871
151 5436 5499 5417 5869
152 3816 5461 2776 5770
153 2889 5507 2845 2847
154 5389 5647 5354 6125
155 3158 4586 4587 4134
156 655 5380 117 5707
157 4614 3032 4758 6007
158 2648 6038 4012 6219
159 3701 5269 3698 5310
160 5812 5876 5874 5906
161 373 372 374 376
162 5375 5454 5272 5550
163 5002 4310 3044 5448
164 5216 5506 5197 5786
165 2440 5800 5710 5885
166 463 5847 465 5857
167 2441 5520 2443 5710
168 3682 5812 2251 6068
169 6042 5284 5261 5339
170 3945 5728 376 5816
171 824 5251 1790 5497
172 1938 5529 4969 5608
173 5678 6190 5785 6222
174 2952 2529 28 31
175 2002 693 2001 5740
176 1621 5414 680 939
177 1181 3971 1950 6102
178 2884 1131 2284 1130
179 5082 2124 2917 5266
180 2066 2069 2068 212
181 3395 2313 2312 5441
182 3722 693 2002 5740
183 1523 5351 3357 5727
184 938 5318 939 680
185 5450 5482 5160 6095
186 2381 5755 678 2380
187 3138 1043 1027 5969
188 3351 5310 3350 5339
189 5452 5484 5241 6129
190 641 3662 2799 5272
191 1199 5666 1201 1197
192 4688 3773 3774 5472
193 4703 2799 3662 5272
194 641 2799 4810 5272
195 1567 3119 3117 5992
196 1253 4524 2694 5579
197 894 5643 896 6053
198 4297 1955 1734 5404
199 2567 6046 5722 6088
200 1378 5242 1377 1379
201 2451 2452 1405 2058
202 2302 2458 2456 2457
203 2055 5455 55 5715
204 5018 3329 1530 4427
205 3463 5584 3670 6119
206 368 5161 370 5258
207 3967 5425 2977 6157
208 232 5413 230 5787
209 5091 5031 5030 5959
210 4702 2797 4703 5792
211 989 991 2395 990
212 1023 219 48 53
213 5785 178 185 4622
214 3749 3748 4790 5941
215 998 4675 1003 5576
216 5171 5909 4565 6056
217 3691 5857 466 3825
218 5104 5129 1459 5944
219 4429 5436 5262 5455
220 1220 1223 5906 1222
221 4175 3245 3240 5825
222 1512 1505 1507 1504
223 4259 4724 74 5498
224 4365 5237 3303 5899
225 3094 217 5045 218
226 1200 5401 5400 5666
227 1804 2922 2921 5485
228 1348 5870 5632 6133
229 3379 5630 1595 326
230 3242 4435 3240 2760
231 1841 5357 1840 6134
232 4031 5372 4027 5587
233 1619 978 6190 2539
234 4259 2461 4420 5498
235 169 482 483 5566
236 5687 5762 5256 6001
237 2919 4876 4333 6068
238 2327 5842 3542 6219
239 5178 5230 5218 5346
240 3012 5277 4738 5649
241 1807 5641 3091 6090
242 2684 2685 601 5924
243 3139 5310 5226 5409
244 2195 5348 2194 5592
245 3064 5785 5212 5537
246 4655 3955 4363 5708
247 5393 5538 5349 5802
248 5875 5506 3628 5878
249 2606 5522 5459 5742
250 792 791 3125 5747
251 725 726 720 724
252 3650 5436 4429 5455
253 3985 3986 3984 5235
254 2145 5152 2148 5186
255 1645 3987 5147 5626
256 372 3798 378 5806
257 3307 5575 798 5691
258 4313 4617 836 6144
259 2722 4879 2720 2353
260 1151 1153 1396 2956
261 466 469 464 5857
262 2588 1423 4787 1854
263 4058 2759 4861 4005
264 506 508 3615 6094
265 907 5856 2832 904
266 4464 2510 4944 5457
267 5268 5599 1639 6019
268 5508 5813 5631 5870
269 3214 1285 3350 3351
270 2737 2735 2734 724
271 1366 5620 1959 5877
272 4691 934 935 5441
273 4399 4398 2399 5282
274 3281 1413 1414 5820
275 5611 5918 3035 5998
276 2901 2189 2190 5233
277 17 16 2897 2901
278 1707 1706 5623 3581
279 2718 4925 2194 2719
280 5623 4026 4027 6196
281 5274 5550 5412 5791
282 402 401 406 5419
283 3772 4575 2920 5485
284 2240 5493 2242 2243
285 1884 4925 2195 2718
286 1118 1121 1119 3401
287 5058 4089 5037 5714
288 4165 5468 835 6033
289 2282 4778 2574 5746
290 3739 3043 3738 5448
291 896 895 1940 1141
292 2570 6079 658 2571
293 4969 5608 5529 6084
294 2100 2102 4879 2720
295 5079 5097 3031 5069
296 3695 3102 3696 5200
297 3582 6167 212 3583
298 5123 4633 2737 3027
299 5182 5517 5163 6187
300 2987 5334 2989 6166
301 1192 5431 1194 5582
302 1354 1756 1753 3220
303 2959 3336 1329 5591
304 3814 1582 1632 5570
305 1696 1315 2153 5950
306 3289 5820 4020 4021
307 348 345 344 5998
308 4542 4544 5158 5051
309 134 925 924 5473
310 1057 5608 1056 698
311 2680 3834 4039 5614
312 2648 5418 4012 6112
313 4635 5451 1850 5502
314 2496 5695 5403 6105
315 4870 2148 2350 5466
316 284 285 282 5817
317 144 145 140 5911
318 3284 4293 4294 4855
319 2895 5521 5209 6213
320 1478 5663 1476 5763
321 3752 1647 3755 5583
322 2545 1298 5256 5703
323 912 1270 1492 5458
324 757 5564 3919 5977
325 5210 5268 5174 5599
326 4655 3958 4363 3955
327 5154 5705 5327 5737
328 964 5408 969 5989
329 5508 6194 5619 6224
330 3007 3006 1799 6226
331 1901 5689 5189 6091
332 1321 1317 1323 6170
333 4533 1786 4529 3569
334 4213 4114 2187 4116
335 2281 5746 3227 514
336 334 341 339 6198
337 3168 6216 5900 1282
338 1283 1282 3168 5900
339 5634 5968 3376 6049
340 5212 5693 5412 5785
341 2995 4751 3269 4898
342 5417 5508 5436 5869
343 2912 1139 1138 5643
344 3501 3500 1248 6163
345 4965 1635 2541 5997
346 4475 6032 5251 6145
347 1538 86 88 5654
348 3031 4456 4994 4982
349 5153 2730 2562 2564
350 5348 5592 5542 6127
351 5365 5573 5521 6148
352 1083 2124 5082 5568
353 4638 4639 1807 5641
354 5180 5339 5310 5900
355 2746 5489 1785 6129
356 4474 5588 3911 5640
357 2172 1161 2167 6051
358 5404 5431 5263 5582
359 4826 428 1939 5548
360 4111 4916 3585 6167
361 4756 4105 2687 5901
362 2985 2984 4791 5183
363 2009 5349 2015 5953
364 3990 516 3251 5426
365 985 3726 3724 5650
366 1724 1723 824 5211
367 3402 3224 3403 3981
368 5182 5265 2759 5825
369 2725 2353 2722 2354
370 3622 4623 4270 5381
371 5433 5660 4155 6146
372 2727 5360 3737 5814
373 2766 2769 2768 2269
374 5201 5256 5224 5681
375 1575 1574 2668 5366
376 3240 3241 3242 2760
377 1691 3264 2895 6213
378 4749 4049 4889 5492
379 3753 5249 2421 5803
380 5173 5258 5161 5458
381 5337 5403 884 6089
382 4879 2722 4170 2353
383 1480 1482 1479 5162
384 840 5083 5084 5239
385 5330 5967 5791 5999
386 336 338 343 6215
387 3796 5964 4788 6117
388 238 5668 5166 5675
389 3880 2306 3442 5213
390 3981 6052 3402 6131
391 1383 4279 2997 5278
392 1191 1960 1189 5374
393 5327 5328 5295 5737
394 152 2539 147 4549
395 2978 5425 3965 5688
396 5020 5487 5783 5775
397 3936 4131 3233 6014
398 2332 154 6227 155
399 1559 3999 3111 5905
400 3441 5213 3443 3445
401 2316 5330 3238 5827
402 4139 4140 4137 5802
403 2327 5842 2331 2328
404 1573 1574 1575 5366
405 2533 2010 5383 5736
406 1223 5874 5906 1222
407 4530 3570 4529 3569
408 43 47 46 48
409 2880 5262 2876 5229
410 4483 5093 4681 5724
411 1782 3481 3360 5223
412 5202 5520 4673 6030
413 5385 5894 5807 6050
414 5363 5381 5354 5586
415 5308 5630 5314 6038
416 399 898 1895 474
417 5637 5795 5236 5992
418 2867 2866 4408 5977
419 3564 3424 3565 5203
420 4934 1153 4524 5581
421 5333 5788 5373 6110
422 412 2902 415 6195
423 3530 3529 87 5654
424 5406 6083 5853 6119
425 4420 5498 4725 4723
426 3662 5272 5334 4703
427 1705 1704 1115 5832
428 1634 5997 1631 1636
429 5184 5514 5445 5688
430 2846 5225 2844 2843
431 1922 5079 4456 3031
432 5358 6034 5884 6124
433 5565 5923 5757 6095
434 2093 988 274 5294
435 3001 745 1766 3000
436 346 347 345 5332
437 5443 5488 4884 5596
438 2099 5391 2101 5573
439 151 5380 113 5506
440 42 2372 43 1025
441 261 5860 260 256
442 5749 5844 5726 6184
443 1872 5920 1749 1106
444 11 14 15 2900
445 207 5852 212 6057
446 228 5413 3583 6109
447 4159 4735 4154 5258
448 4874 2701 3682 853
449 3077 4570 3078 5904
450 1424 130 5831 1422
451 1826 5978 4796 5991
452 3196 3776 3325 4068
453 4541 5039 4543 5158
454 5339 5528 3214 5900
455 2960 3247 2902 5233
456 1948 4268 1947 2160
457 2224 1127 1123 1125
458 916 6037 5536 5778
459 1997 3093 1667 5484
460 2162 4805 4063 4731
461 1632 2029 3815 5570
462 5389 6098 5887 6209
463 5153 5340 5264 5622
464 4504 6064 5229 6099
465 1214 3679 3680 4124
466 4243 4501 2276 5819
467 3012 4616 5277 5672
468 1105 1101 4530 5289
469 2104 5558 2101 2102
470 4683 5034 5033 3207
471 5695 6065 4447 6089
472 778 5532 1548 6136
473 1983 1984 1985 5156
474 4292 4245 746 2261
475 1488 5699 908 5794
476 4504 2852 2853 4320
477 5239 3397 5083 5084
478 5833 5834 420 6225
479 3985 2151 2414 5156
480 4309 5336 5334 5844
481 3213 3211 1289 3210
482 5209 5391 2099 5573
483 2897 2970 1069 5684
484 1911 6202 3464 1912
485 1708 3977 3973 5824
486 58 4524 1253 5442
487 751 755 756 5451
488 3172 3171 4106 5735
489 933 5754 5441 6204
490 5789 5896 5757 6187
491 1438 2837 2835 5369
492 1996 5520 1489 3273
493 2314 2311 2316 5693
494 113 5380 118 5506
495 5417 5499 3005 5572
496 5074 5862 1683 5937
497 4045 3149 3147 6199
498 1017 1019 1676 5379
499 2239 3246 2236 5483
500 5351 5727 5197 6095
501 5052 4384 1264 6228
502 5573 6143 4893 6213
503 2342 3948 2346 6150
504 5333 5397 5216 5809
505 2793 2790 3218 2791
506 5452 5489 5438 5983
507 5605 5904 5386 6073
508 3970 3969 1628 4017
509 5509 6192 5438 6223
510 3745 5236 3746 5914
511 51 457 45 4892
512 3182 5644 3184 6130
513 3131 5695 4447 6089
514 2604 5363 2607 6010
515 5211 6032 1729 6205
516 435 436 433 6021
517 3592 69 78 71
518 1369 3079 1371 5534
519 3601 5974 3600 6154
520 3150 3148 4045 5922
521 4328 3993 2655 5449
522 2861 5660 2859 6148
523 1592 1588 1591 5217
524 5251 6032 5588 6145
525 3093 5484 1215 6129
526 4826 4821 3737 5360
527 4158 5190 2010 6147
528 5884 6034 6023 6124
529 2847 5444 2843 5449
530 1336 688 1337 1334
531 2931 3719 3968 5669
532 2696 1156 5496 2956
533 1040 1045 1044 6027
534 4534 4535 5289 6067
535 2672 2671 3911 5640
536 814 816 709 5984
537 272 6017 273 6044
538 1215 1185 1216 5484
539 5156 5235 2163 5519
540 5365 5558 5391 5573
541 2485 5771 5687 5913
542 2535 5488 4692 3475
543 2357 5251 4101 4370
544 447 446 4536 6014
545 4518 4520 4308 6184
546 2743 5215 4945 2744
547 2365 2375 2364 6122
548 3254 3256 3255 5654
549 5108 1536 765 5377
550 872 5256 873 1434
551 3430 5932 330 6016
552 2133 3535 3534 6179
553 1379 5242 4280 5278
554 970 968 3050 5993
555 2785 6081 2528 2787
556 2696 5132 1771 2542
557 5413 5787 5735 5805
558 2531 5488 3475 5736
559 3752 5583 5491 1647
560 2560 5250 2559 2557
561 2655 2888 5449 2658
562 686 687 688 5305
563 6021 5904 1130 6073
564 601 602 1407 5924
565 5575 837 2583 6144
566 288 287 289 5658
567 3133 5462 4631 720
568 407 167 5566 6019
569 2836 3414 3413 5861
570 5261 5339 5284 5975
571 255 3801 3803 5366
572 174 2817 615 5809
573 2288 3060 1878 5720
574 296 5183 292 5697
575 2243 2308 4895 2307
576 4909 5704 5609 5986
577 4424 5303 5157 5546
578 5601 5660 5433 6008
579 5230 5262 5257 5365
580 5202 5865 5231 6116
581 5482 5636 5346 5732
582 135 5722 6088 923
583 5159 5613 5508 5871
584 789 790 788 5580
585 266 265 2368 6123
586 5395 5627 1750 6211
587 2696 5571 4929 4527
588 4062 4805 2164 1616
589 3791 3792 3790 4290
590 853 5864 854 6078
591 4971 3561 3817 5807
592 2556 5401 2555 4367
593 5184 5403 5337 5425
594 4685 2379 1999 6122
595 3113 5432 2617 5966
596 3092 1997 1188 5484
597 1852 6042 1422 1421
598 87 1538 88 5654
599 195 5575 3307 5691
600 2956 4838 1396 5624
601 5160 5482 1291 6127
602 3737 3487 4826 5360
603 229 5413 228 6109
604 230 5413 231 5787
605 2331 5982 975 973
606 1663 3360 1666 5223
607 4083 5617 5323 5734
608 5358 6029 6023 6034
609 3071 1035 1037 5540
610 3132 6089 4446 6208
611 4526 4524 2692 1253
612 5182 5320 5197 5506
613 2725 2354 2722 2723
614 944 5288 4744 5113
615 4236 5353 3018 5824
616 4986 3072 4956 6135
617 4106 5723 2096 5816
618 4568 3252 1466 5426
619 3019 5832 4011 5926
620 4743 4744 944 940
621 1183 1184 1185 1187
622 745 5282 1710 5377
623 1047 5683 3175 6159
624 3300 3303 5237 5247
625 1741 2838 4739 5369
626 225 227 3587 5779
627 3101 4490 4267 5259
628 5273 6016 3427 6025
629 645 646 643 644
630 5572 5617 1461 5667
631 4139 5161 3677 4140
632 566 562 560 565
633 1485 5892 4866 5527
634 4762 4884 4761 5596
635 4469 5874 5068 5876
636 1272 3679 4125 4124
637 1894 3750 898 3533
638 2395 5607 989 5902
639 2422 508 2423 2421
640 5313 5845 5386 6046
641 2599 2601 2602 2600
642 4290 3792 3115 5146
643 3838 3837 4169 3182
644 5162 5892 5767 6071
645 2863 2280 333 2278
646 2853 5866 2854 702
647 3083 4513 3082 6191
648 3988 1645 588 5235
649 5316 5559 5121 5886
650 751 757 758 5162
651 5101 1706 5623 6196
652 3163 5592 3194 6127
653 5438 6022 5202 6116
654 3353 3350 3892 3352
655 5311 5371 5191 5469
656 2738 625 3217 2733
657 3787 83 85 5828
658 4351 4352 1221 6135
659 1556 5322 2501 6072
660 2843 2847 2845 5444
661 1463 1462 3002 3004
662 2393 5776 5399 6193
663 1056 5608 1057 1650
664 2379 2375 2377 6122
665 3189 5708 3683 3192
666 3654 5813 3652 6152
667 4257 4404 4030 5587
668 898 1894 3533 895
669 1195 5512 5424 5543
670 1556 2498 2501 5322
671 2603 4433 2604 5381
672 3190 5708 2795 5792
673 2394 2396 143 5777
674 5220 5502 5451 5564
675 278 5914 3747 3746
676 1843 3627 1847 5265
677 4524 4526 54 58
678 5344 6025 5459 6128
679 5957 6087 3636 6169
680 4363 4074 4361 6217
681 3009 3010 954 953
682 4879 3879 4878 2720
683 2331 973 2388 5982
684 5295 5737 5328 5888
685 4703 2798 2796 5792
686 3298 3469 3039 5420
687 3533 3750 5111 1894
688 4030 5587 4404 6075
689 569 2565 2563 2564
690 1591 5270 2392 5524
691 258 3803 255 3801
692 3072 4716 3453 5255
693 2441 1993 3274 5520
694 681 6165 5678 6222
695 18 5 19 4
696 3616 3615 3620 6094
697 4826 4821 5041 5040
698 2875 5009 4665 5060
699 1585 1387 1584 1583
700 2387 5390 3435 5716
701 5093 5129 5125 5635
702 3441 3880 2306 3442
703 1597 6004 1596 6137
704 2353 4879 2352 4170
705 2893 5474 4936 3808
706 2294 2298 2295 2293
707 4081 1733 4082 4084
708 2559 2941 2424 696
709 2739 2744 2742 6018
710 2415 5752 1469 5935
711 4497 5932 5878 6016
712 110 5574 5481 5895
713 3585 5413 3170 5735
714 2631 4061 1616 1614
715 4178 4166 489 5913
716 1994 4685 1999 6122
717 2636 5191 2637 5311
718 279 5737 4484 5928
719 5111 895 1894 1141
720 5111 1940 3533 895
721 458 5692 462 6207
722 55 1502 61 56
723 2289 5719 2288 6176
724 3732 5338 3734 5814
725 5231 5241 5202 6192
726 2113 5144 4921 3087
727 2158 4720 4269 4992
728 4592 1209 970 5993
729 3568 3645 4283 3566
730 2184 4050 4049 5492
731 5024 3073 3453 3074
732 5429 4581 1389 3400
733 2827 5362 2829 5856
734 2294 2297 4046 4849
735 442 448 446 5737
736 4647 5350 4646 5788
737 714 2113 715 2111
738 3413 3411 3415 5861
739 4647 3438 4690 3437
740 49 1229 4892 4823
741 4041 4165 4166 487
742 447 5737 446 6014
743 3988 5235 589 5505
744 4681 5499 4606 3649
745 4860 2759 4531 4859
746 1566 5236 1567 1564
747 1950 6102 3971 6156
748 2672 5158 3910 5640
749 2978 1447 6134 5514
750 2386 5390 612 5814
751 1904 5406 4842 5853
752 2606 5459 5381 5586
753 1816 1817 309 5632
754 3259 4650 4648 6010
755 3755 5222 909 5589
756 6043 5572 5499 5958
757 2423 510 2424 2425
758 1750 5627 1747 6211
759 4970 4811 4813 6084
760 1115 5832 1113 5834
761 3863 5991 5853 6119
762 1152 5496 2956 5624
763 635 633 4067 6087
764 4327 1730 1737 1738
765 2222 2221 1964 1965
766 5275 5799 5623 6196
767 1289 3210 3168 1282
768 4005 2759 4861 5557
769 4970 5179 4969 6084
770 3306 3301 3305 5927
771 2500 2498 1556 5695
772 4392 4112 1399 5707
773 4559 4400 2600 3714
774 118 3628 3625 1158
775 489 3771 4178 5325
776 4912 5552 4066 5700
777 438 3293 1743 3178
778 5449 3992 1589 6100
779 3150 3962 5698 5922
780 3943 5627 1875 5920
781 649 2370 644 6123
782 5322 5627 5425 5701
783 2190 5233 4098 4099
784 1957 5658 287 288
785 4910 4911 5047 5704
786 5288 5523 5177 5624
787 1464 1465 1466 4580
788 3701 4273 6074 5858
789 5301 5993 3050 6080
790 5014 4995 5007 5361
791 5144 719 716 2113
792 4061 1618 3848 4062
793 5424 5790 5192 5846
794 1897 4995 5005 6091
795 2888 2843 2842 6036
796 597 5677 5654 5685
797 719 1891 2903 2714
798 818 3311 1560 6065
799 703 5319 4698 5936
800 1788 5981 1790 5211
801 4432 4892 51 202
802 2861 6018 5257 6148
803 4716 5516 4718 5519
804 1786 4554 4831 6077
805 1431 6012 3126 6172
806 4420 5498 2461 5675
807 5677 5659 596 1539
808 5282 2929 3000 6195
809 1887 4921 413 5670
810 1611 264 263 262
811 234 230 231 5787
812 2235 5669 2931 5670
813 5223 5794 5699 6030
814 5407 5554 4249 6005
815 2263 3001 4571 5280
816 1069 4883 2971 4727
817 2843 5449 5444 6036
818 2802 2445 3189 4655
819 5468 5524 5198 5691
820 3387 6091 5739 2761
821 4713 5927 5367 5964
822 495 5988 490 6081
823 2032 3046 2865 5335
824 818 5943 5905 6045
825 1752 1753 1354 1756
826 1242 3741 3742 3743
827 608 605 607 5548
828 714 715 2115 2111
829 1070 5812 1072 5874
830 2191 4099 4901 5849
831 5319 5342 4150 5936
832 1465 3252 4568 4569
833 50 1229 49 1227
834 2257 2259 746 5280
835 5670 1767 1769 3969
836 3361 5419 403 5734
837 1100 6067 4534 4533
838 2378 2375 2365 2377
839 4250 4253 4251 5554
840 4974 2601 3146 2598
841 2398 5670 2235 2931
842 4613 5820 3447 5855
843 4542 4540 5158 4544
844 1099 5666 1104 1103
845 1460 5617 1461 6142
846 3094 215 217 216
847 3982 5930 5782 6034
848 1892 4921 1891 2903
849 4292 1770 3872 4399
850 746 2264 2263 2257
851 5342 5357 1841 5959
852 3877 1525 4294 5213
853 449 5328 5279 5602
854 4314 5580 3961 6063
855 499 501 498 5290
856 2865 2866 2032 5335
857 970 1209 965 6080
858 5605 5904 438 6021
859 271 5428 5294 267
860 825 4900 4901 4963
861 484 5423 487 6114
862 2920 5485 2922 5535
863 4114 4214 4213 242
864 4928 4927 1582 3814
865 5183 5327 5191 5697
866 5402 5798 736 5985
867 1843 1847 2760 5825
868 3191 4479 3508 5792
869 4914 4913 4890 4824
870 2654 6106 1808 6119
871 5393 5642 5538 5780
872 4165 4041 4043 6114
873 979 983 4781 981
874 3022 2135 4237 6002
875 2329 3417 2330 5500
876 5636 5732 5662 6124
877 4185 5246 4184 6158
878 66 2294 4046 4849
879 4529 4533 1101 1100
880 1474 5663 1486 6098
881 5511 2656 2657 2661
882 1021 5616 1674 5379
883 3715 5684 2909 4885
884 5172 5214 1565 5236
885 4400 4401 35 4974
886 1765 2572 1763 2576
887 716 715 714 2113
888 5790 6077 772 6126
889 3661 4234 5011 5334
890 2479 3516 4340 5743
891 3449 4604 2203 2206
892 1195 3889 2215 5424
893 622 5597 620 5917
894 5511 6036 5486 6114
895 592 5659 596 5677
896 5272 5336 5334 5708
897 2361 4785 4539 5192
898 3946 5805 5356 6150
899 1227 3529 201 1229
900 5605 5955 5376 6096
901 1474 6098 5972 6115
902 5289 5544 5400 5793
903 5241 5515 4673 6030
904 3 7 2910 1067
905 1725 1726 1723 6205
906 2116 1626 2112 2115
907 1230 1227 218 219
908 3293 5605 438 5955
909 591 592 593 5677
910 1889 1887 718 1890
911 4413 3041 9 2
912 2901 5483 2234 2236
913 12 32 13 4181
914 4998 4999 2485 4682
915 4156 5383 4155 5660
916 4826 5040 5041 5548
917 475 5883 5877 5952
918 4403 4932 3347 6218
919 4419 4725 3917 3209
920 1436 2597 2594 5703
921 1026 3094 218 219
922 1839 5342 5031 5959
923 3621 943 944 5288
924 3430 4497 3433 6016
925 414 3532 415 6035
926 1132 1487 6098 6209
927 345 3385 3383 3381
928 4227 1777 1756 5188
929 1604 1602 1606 1599
930 1806 1803 1807 5741
931 500 502 499 5290
932 4635 756 755 5451
933 3917 2870 4419 3209
934 1823 6131 3135 3767
935 4273 4274 3702 6074
936 5714 3024 345 5269
937 111 109 102 5574
938 1729 5211 1724 3461
939 10 3041 2 9
940 2117 291 2116 289
941 5042 5527 4905 5841
942 3209 4725 4420 4419
943 3291 5189 1898 1899
944 2910 7 3 12
945 2660 2659 4643 5511
946 4640 52 38 4823
947 5243 5331 776 6136
948 719 5144 1891 1888
949 4179 4658 4182 5684
950 1416 5651 5477 6127
951 2741 2740 2861 6018
952 2191 2190 2901 17
953 4012 6112 5418 6203
954 4101 5804 5233 6035
955 1738 5331 4327 5808
956 4945 2744 5215 5443
957 3845 5264 858 5384
958 5163 5199 5160 5252
959 1028 5409 3138 5969
960 7 12 2910 8
961 2233 5669 2238 5676
962 5323 5404 5227 5617
963 5206 5357 5319 6061
964 1486 5663 4488 6098
965 129 5284 133 5975
966 4891 4640 45 457
967 465 464 467 5847
968 822 3532 823 825
969 1606 5311 1720 5634
970 5393 5432 5421 5718
971 2214 768 4009 4008
972 5812 2251 5646 4422
973 1784 1664 1785 5297
974 1418 4594 5945 5661
975 5275 5372 5195 6196
976 1792 2363 1789 1788
977 4819 5210 2219 5614
978 125 3988 589 5505
979 5940 5995 5613 6092
980 4346 5658 1622 5676
981 4910 2514 2716 2515
982 774 769 772 773
983 561 5894 5385 6050
984 4474 1452 3085 5299
985 3767 5439 3485 5490
986 3892 3978 3629 3980
987 1834 3996 3995 6009
988 3308 2391 3307 5691
989 2182 1170 1169 5285
990 1797 5243 1960 5620
991 870 3912 872 869
992 2400 2399 3970 2397
993 3796 5509 5438 6117
994 2672 3909 3910 5628
995 4236 3021 3018 5353
996 5098 1454 4798 5300
997 5333 2816 2814 5809
998 4937 4173 3943 6211
999 2623 2627 4671 5440
1000 1746 5627 1875 6211
1001 174 172 173 5915
1002 2426 5504 5498 5796
1003 2246 2247 2244 5410
1004 1525 5213 1527 5228
1005 157 6202 2518 2338
1006 2459 4726 2137 5768
1007 4043 5934 5696 6113
1008 3827 5729 1009 1010
1009 6205 2054 1728 5503
1010 480 5174 481 5566
1011 5286 5311 5191 6049
1012 2602 2601 4401 2600
1013 5284 5261 5345 5831
1014 38 46 43 47
1015 5468 5480 5198 6113
1016 2677 5268 2681 5416
1017 3483 3360 3482 5223
1018 2446 5762 2445 6214
1019 5047 4911 4909 5704
1020 4514 5896 4742 4741
1021 5120 4161 632 633
1022 5205 5651 5477 6079
1023 687 2440 2442 5305
1024 651 653 4997 6080
1025 2092 6026 5954 6102
1026 2157 2156 1471 5935
1027 5180 5271 5261 5274
1028 1776 5279 301 5602
1029 4977 5773 477 5877
1030 5576 5807 5385 5894
1031 6087 5185 632 5120
1032 5256 5641 315 5703
1033 1550 1959 1960 5620
1034 2502 5887 1064 6197
1035 104 5574 102 5606
1036 2989 2990 931 5621
1037 3672 4168 5001 5991
1038 1461 2551 2548 5617
1039 4364 4361 4363 4074
1040 1983 119 1984 5505
1041 5253 5447 5310 5702
1042 4205 5531 5220 5564
1043 4657 3207 4683 4656
1044 2129 5745 1442 1750
1045 4213 4216 4215 4114
1046 2609 2629 2624 5638
1047 3923 5537 5453 5707
1048 2511 6141 4464 6143
1049 2560 82 2942 5495
1050 4034 6062 3474 6120
1051 5321 5221 1783 5533
1052 2525 2523 4100 5233
1053 1953 4827 1735 5312
1054 1847 5265 3627 5825
1055 5324 6055 1594 6149
1056 5545 5641 5256 5818
1057 833 6144 839 837
1058 5234 5333 5292 5686
1059 820 5905 819 5947
1060 3372 3338 5367 5260
1061 1925 5342 1509 5829
1062 3932 5112 4605 4604
1063 2484 2487 4453 5326
1064 632 5806 372 376
1065 6171 6198 2863 340
1066 5180 5528 5261 5900
1067 2986 4231 4232 5334
1068 508 2421 2422 6094
1069 449 5328 5286 5705
1070 461 5692 6207 5395
1071 5053 2243 2242 5493
1072 2388 5982 973 6060
1073 3590 1319 3591 5926
1074 3034 4758 3032 5611
1075 1527 5228 5170 5859
1076 3467 2337 2339 5611
1077 130 131 126 5339
1078 4272 6216 5310 2149
1079 4159 368 370 5258
1080 3681 4515 4517 5173
1081 4336 180 179 184
1082 2097 3343 521 523
1083 4967 552 5041 5548
1084 1877 5221 100 5321
1085 97 100 101 5321
1086 4433 3718 2604 5363
1087 4738 5277 4616 4313
1088 5535 2921 3457 5971
1089 3781 5109 3784 3783
1090 5222 5249 3755 6138
1091 3044 3738 3043 5448
1092 2288 1878 2615 5720
1093 5785 600 599 5212
1094 1345 5733 2393 5776
1095 577 2807 3873 5657
1096 5201 5687 5681 6001
1097 304 4437 4923 302
1098 2621 3497 2466 6083
1099 3823 5415 5259 5857
1100 5151 4790 3749 3748
1101 1620 6222 978 2539
1102 4463 5121 3904 5316
1103 2288 5966 2290 6176
1104 567 2860 571 5501
1105 4237 4344 3974 3022
1106 4418 4415 559 6093
1107 3414 5369 2835 2839
1108 1964 1694 2023 2224
1109 3176 5683 1748 6211
1110 5196 5929 5765 5948
1111 3912 872 1437 5703
1112 5654 5659 5498 5677
1113 1554 794 5102 5317
1114 4932 4809 4494 6218
1115 848 846 847 843
1116 4222 5311 5102 5931
1117 2480 2485 2481 5938
1118 2206 2205 2208 2207
1119 4132 444 4130 447
1120 674 5480 4751 5637
1121 5200 5259 3824 5415
1122 686 688 684 5305
1123 1975 3793 1976 5300
1124 2580 2581 2579 1651
1125 1007 1325 5434 5957
1126 2841 5225 2844 5510
1127 380 5815 381 379
1128 1409 5625 191 6087
1129 1588 5217 5198 5270
1130 4988 4579 4577 981
1131 4935 5465 440 6125
1132 1783 940 1781 5533
1133 985 4746 4782 4779
1134 4769 5554 3834 5664
1135 5158 5656 4338 6139
1136 3542 5774 3544 6219
1137 4505 4712 4917 732
1138 3606 3727 3726 3605
1139 2158 4719 2156 2157
1140 4296 4753 2765 5739
1141 844 845 846 843
1142 4446 4445 5052 6228
1143 737 735 2351 5798
1144 1598 987 322 5970
1145 2517 2518 2338 3354
1146 443 2088 1280 441
1147 2902 3532 826 4921
1148 5266 5362 2917 5859
1149 4149 4147 4148 5319
1150 695 5740 3507 6105
1151 899 5633 5526 5973
1152 96 5321 97 5509
1153 272 273 2094 6044
1154 2708 5714 3664 4387
1155 2412 5384 4516 6178
1156 2329 6039 2389 3416
1157 5390 5514 5425 5688
1158 6059 6095 5238 6164
1159 3291 1899 1898 1900
1160 1764 2283 2576 1765
1161 2622 2620 2230 6000
1162 674 5637 5236 789
1163 6018 3871 4760 2742
1164 4719 2159 2156 2160
1165 1948 2161 4268 2160
1166 2157 1466 1472 5935
1167 212 2641 6075 2642
1168 1355 3116 3348 1356
1169 5714 345 3381 5269
1170 3380 935 3343 6044
1171 4512 4630 3891 5783
1172 5281 5596 5383 5736
1173 542 3576 4479 5336
1174 1703 5833 5765 5834
1175 3939 5151 3938 5595
1176 542 4479 544 5336
1177 4046 4507 5137 4850
1178 4239 2454 2737 4103
1179 1465 4569 4568 4580
1180 2115 1627 3969 4018
1181 4269 3249 3250 4992
1182 2669 2668 2663 5738
1183 517 3251 515 3248
1184 4890 4823 4914 4824
1185 4567 4990 4988 4566
1186 5819 5891 5204 6226
1187 4720 2158 4719 3419
1188 984 4578 4781 983
1189 6063 5580 5758 4314
1190 5102 4579 4988 981
1191 4467 3544 4636 5743
1192 675 5610 788 5747
1193 5194 5767 5335 6071
1194 3116 4024 1754 4923
1195 4044 5277 4312 5696
1196 3357 5351 1523 5997
1197 3124 3123 3865 5758
1198 4315 4620 3271 3269
1199 2178 5749 2175 6165
1200 1359 1362 1973 1361
1201 69 5343 67 6020
1202 4756 5901 4757 6174
1203 2576 2573 2572 2574
1204 305 304 4923 302
1205 3134 6097 3133 2481
1206 2703 2965 853 6078
1207 5231 5438 5202 6116
1208 1786 1787 1788 5981
1209 1418 4696 5482 4940
1210 5879 6172 818 6211
1211 1624 288 1622 5658
1212 2170 1162 4005 4436
1213 3091 1807 4639 5641
1214 5394 6058 5186 6086
1215 2351 6021 5168 6086
1216 1490 3482 3607 5699
1217 3907 3909 3911 5588
1218 1611 262 263 5865
1219 3056 5612 2528 5993
1220 3792 3791 3794 5509
1221 2409 2410 2408 6084
1222 1935 1057 1058 5917
1223 3414 6028 5369 6096
1224 3640 3643 2044 2713
1225 1480 1799 3006 6226
1226 1262 1264 4384 6228
1227 4285 2098 3395 5728
1228 67 5680 68 6020
1229 884 3131 3129 6089
1230 3865 3123 3122 5758
1231 3923 5615 2318 5707
1232 1891 4921 5144 2903
1233 2521 5233 4564 5949
1234 2331 5982 5630 6039
1235 1517 3816 3815 5570
1236 2112 2114 2113 2111
1237 5207 5931 5705 6047
1238 5565 5757 5351 6095
1239 3121 3125 791 5747
1240 19 5 6 4
1241 591 5677 594 6185
1242 2597 2790 3873 5033
1243 575 3494 4657 4656
1244 4357 1322 4466 6170
1245 2204 2950 4602 2203
1246 5234 5373 5350 5576
1247 3778 5812 1072 3777
1248 5178 5346 5218 5585
1249 4956 3070 4352 6135
1250 128 1085 2202 5284
1251 4326 3266 3647 5331
1252 3194 3193 3479 5482
1253 265 5302 2368 6123
1254 321 5324 324 6111
1255 2810 5319 1305 5357
1256 178 4622 184 185
1257 3510 4655 3955 3954
1258 3395 2098 2097 5441
1259 513 514 511 5746
1260 2748 2754 2749 2751
1261 3116 1754 1751 1355
1262 2147 2678 408 5466
1263 5945 4594 1418 2570
1264 849 888 850 5872
1265 5205 5636 5346 6095
1266 5202 6030 5718 6192
1267 5186 5907 5347 6058
1268 3033 3036 3037 5998
1269 4981 5079 4302 4303
1270 2521 2522 2519 5675
1271 4051 2185 3940 5555
1272 1301 5679 4074 4364
1273 339 5891 5810 6198
1274 998 999 2310 1004
1275 2803 5690 4075 5818
1276 720 723 724 3133
1277 2047 5936 5091 6061
1278 1837 1835 1836 5829
1279 1943 2574 4778 5746
1280 5412 5550 5454 5621
1281 443 2087 2088 441
1282 263 5865 262 6116
1283 2180 6165 5754 6204
1284 2562 3667 2731 5622
1285 529 2968 2402 3393
1286 343 2669 2663 5738
1287 1365 1797 1960 5620
1288 1245 2983 2982 5784
1289 5261 5410 5345 5831
1290 5354 5647 5389 5890
1291 1699 3320 1694 1698
1292 2115 5682 5670 5669
1293 1352 5188 299 1353
1294 2311 5441 520 5693
1295 5328 5705 4537 5737
1296 5224 5329 5284 5561
1297 3760 3762 3491 5603
1298 5370 6055 5756 6093
1299 3584 6167 4946 4653
1300 1073 4875 5046 5874
1301 4024 3116 4023 3349
1302 1855 1854 4787 6040
1303 2224 1123 1126 1963
1304 686 2379 4685 5305
1305 1125 2022 2020 2224
1306 1121 2322 1119 3401
1307 5330 5827 2316 5999
1308 5216 5786 5309 5915
1309 797 5653 799 5898
1310 5463 5523 5239 5963
1311 5494 5586 5459 5609
1312 354 4077 4985 5405
1313 537 5623 1176 6150
1314 5132 5190 2542 5736
1315 260 5860 4660 6078
1316 1016 1021 1019 5379
1317 3937 277 3938 4389
1318 5232 899 5973 5122
1319 4476 4938 1050 6211
1320 345 347 344 5998
1321 5454 5550 5375 5621
1322 2778 5561 2041 5562
1323 974 6060 976 977
1324 5209 5392 5391 5521
1325 1092 5962 1094 1089
1326 4511 5573 2105 6143
1327 3410 2393 2395 5399
1328 4897 4896 3758 5764
1329 3718 6221 4390 5363
1330 369 5161 856 5173
1331 1316 1317 1315 6170
1332 4178 4968 3770 4177
1333 424 425 1312 1311
1334 5336 4479 2797 5792
1335 2154 1696 2153 5950
1336 5891 6177 6155 6198
1337 4790 4791 5151 3939
1338 2423 2421 508 5803
1339 5263 5312 5227 5404
1340 5286 5328 3405 6049
1341 1365 5263 1797 5620
1342 3548 5154 831 6047
1343 3535 2643 3534 6179
1344 2814 5397 5333 5809
1345 85 5267 3787 5828
1346 3406 5871 2254 6193
1347 356 5755 5427 5341
1348 1041 6027 1571 4491
1349 4688 5240 4687 5472
1350 2280 2275 2278 6198
1351 4277 4646 4278 5788
1352 4863 5150 2867 5892
1353 5104 5572 5105 6043
1354 3510 3509 3954 3955
1355 4057 5049 5336 4059
1356 2922 5485 1804 5535
1357 3238 2315 2311 2316
1358 4463 4868 5121 5316
1359 5545 4072 5703 5818
1360 4564 3721 2962 5668
1361 1181 1279 1277 6156
1362 1787 5981 1786 6077
1363 4481 5534 5456 5937
1364 136 5751 139 5943
1365 2459 2460 2401 5768
1366 1191 1961 2943 1193
1367 3514 2004 976 6060
1368 4992 5935 2156 2157
1369 5490 5681 5329 5975
1370 2957 3583 212 6109
1371 1425 6040 1423 1420
1372 5739 5817 1898 6091
1373 3115 6022 3113 6223
1374 3712 5369 3711 5879
1375 3217 6041 5340 6099
1376 1514 3388 3386 3387
1377 104 5392 5193 5606
1378 3842 77 494 5429
1379 4481 1683 1684 5937
1380 5690 5762 5256 6214
1381 4702 5334 4701 5336
1382 4329 2655 484 5511
1383 5432 6192 5221 6223
1384 5456 5937 5478 6046
1385 4314 3864 3122 5758
1386 1005 5591 1014 5729
1387 3817 4882 4973 5770
1388 1620 6190 6165 6222
1389 2105 2511 2513 6143
1390 3353 3892 3893 3352
1391 1803 5535 1804 1801
1392 5292 5956 5578 6133
1393 678 5755 356 357
1394 2581 5575 195 2582
1395 2563 2565 1685 5601
1396 3173 234 2095 5787
1397 3955 5012 3578 3577
1398 3676 857 3674 5173
1399 5407 5674 5554 6005
1400 775 769 771 6126
1401 1425 1171 5831 1426
1402 5709 5875 5273 5878
1403 590 5235 587 5519
1404 4645 333 1992 5872
1405 3632 5348 3319 5592
1406 2170 6107 4005 1162
1407 706 4698 4070 703
1408 1012 3636 5957 1011
1409 306 299 1352 1776
1410 2590 6006 325 6111
1411 2901 4179 3247 5684
1412 3089 5995 5940 6092
1413 4697 5661 4696 5782
1414 524 5693 520 5441
1415 730 3742 3740 5990
1416 1959 5877 1550 6206
1417 793 795 799 5653
1418 3955 4655 3958 3954
1419 4487 1486 1478 5663
1420 2494 5695 2497 2496
1421 267 2094 273 274
1422 2475 90 1904 5301
1423 709 711 456 5976
1424 3658 5037 525 5712
1425 1061 1059 1060 6209
1426 5575 2583 2582 6144
1427 3380 2435 935 6044
1428 932 524 523 5441
1429 5772 5900 5552 6216
1430 4993 3794 647 6117
1431 2634 352 4985 5415
1432 2840 3883 2838 5369
1433 5405 5415 5306 6024
1434 3863 4765 1912 5853
1435 3826 3924 3827 5946
1436 5358 5459 5354 5797
1437 1203 2653 1204 5408
1438 5101 535 420 5833
1439 3960 3962 3961 3959
1440 5444 5480 5175 5698
1441 1957 1958 239 5166
1442 5078 6172 4261 6220
1443 1543 5565 1546 5896
1444 4014 3624 1846 4015
1445 3113 646 2290 5642
1446 2610 5766 5586 5638
1447 906 903 905 5782
1448 4352 4956 4334 3070
1449 4045 5448 4044 5696
1450 2835 2838 1741 5369
1451 1455 1974 1454 5300
1452 2380 5755 2181 6182
1453 4448 4450 4452 4451
1454 4971 4973 4689 5807
1455 1297 5594 870 1298
1456 5487 5775 5020 1612
1457 2273 3127 3540 5879
1458 5558 6141 2105 6143
1459 152 4392 150 2539
1460 5177 5624 5523 5963
1461 2428 5368 2429 5546
1462 2092 5954 1276 6102
1463 884 883 3131 5403
1464 5785 599 603 5212
1465 4174 5309 809 5382
1466 3637 3733 549 5338
1467 561 3563 3562 3561
1468 5159 5227 5204 5871
1469 262 266 263 6116
1470 4364 4740 4661 4662
1471 5441 6017 5728 6044
1472 6029 6034 5358 6124
1473 3405 1763 2281 5746
1474 4496 5735 4670 5805
1475 2023 1964 2221 3320
1476 5346 5840 5585 6124
1477 5406 5815 379 5960
1478 2927 5886 5315 5903
1479 3021 3020 3018 5353
1480 3062 5537 3064 3066
1481 5284 5561 2778 5562
1482 5422 6064 4504 6099
1483 766 4398 4399 5377
1484 666 4001 664 665
1485 3990 5634 5311 5551
1486 2993 3110 2995 5278
1487 3894 861 3899 3895
1488 489 3772 3771 5325
1489 1227 4823 47 1231
1490 4028 5629 5587 6003
1491 4492 2593 2431 5157
1492 108 103 5559 956
1493 952 956 5121 5559
1494 4507 4850 2297 4508
1495 5346 5365 5230 5736
1496 561 3561 3560 6050
1497 1448 5701 5688 5745
1498 2345 3344 3346 5275
1499 988 5655 2093 5822
1500 6177 5631 4424 2252
1501 308 5632 2291 6152
1502 4870 734 3836 5466
1503 5755 356 355 5341
1504 3269 4751 3110 5378
1505 4677 5569 5567 5850
1506 534 4895 4416 5830
1507 5246 5293 5245 5326
1508 945 5427 5341 356
1509 1562 695 2492 5821
1510 193 2392 194 5524
1511 3625 1398 118 113
1512 3323 5460 917 6103
1513 3933 3938 277 4484
1514 1849 4014 1846 4015
1515 2783 1258 3203 3202
1516 3691 5259 3694 5857
1517 5634 5752 1600 5968
1518 2827 2826 4478 5732
1519 1100 5289 1102 6067
1520 2048 3289 2810 2808
1521 5251 6035 5790 6151
1522 957 4652 961 960
1523 5413 5805 5370 5822
1524 5735 5761 4809 6167
1525 5469 5645 5411 6154
1526 2701 2698 2700 2919
1527 74 75 73 6189
1528 5196 5372 5195 6048
1529 30 1390 2325 1389
1530 1336 5305 688 1334
1531 5381 5459 5354 5494
1532 5194 5335 2911 5481
1533 5835 5926 5743 6011
1534 6023 6034 5662 6124
1535 5771 5201 3767 6097
1536 3799 1951 1180 1092
1537 710 3350 3168 5310
1538 3333 3330 4022 4493
1539 878 876 3014 5649
1540 2144 2142 2143 5347
1541 4431 5476 4593 5773
1542 5346 5492 5443 5736
1543 5240 5603 4560 4687
1544 5396 6023 5358 6029
1545 2832 5856 2831 6005
1546 5266 5362 5170 5652
1547 4278 4275 1331 3900
1548 552 5750 2810 4147
1549 2867 2866 4863 5892
1550 2254 2253 2252 5871
1551 6139 1359 1360 1973
1552 1716 2150 5226 5310
1553 1920 1924 4303 1922
1554 3084 3460 6121 2053
1555 2082 1047 68 5680
1556 4204 5220 4205 5531
1557 3923 2317 2318 5615
1558 5417 5617 5227 6142
1559 4138 4137 4141 5802
1560 1316 6039 6038 6219
1561 2505 154 2509 6202
1562 5812 3682 4332 4333
1563 5393 5775 5302 5802
1564 3556 3554 3552 4654
1565 3823 5259 3696 3692
1566 1835 1925 1839 1836
1567 174 5809 615 5915
1568 4740 5679 4364 5823
1569 3889 3832 2216 5165
1570 3347 3346 4403 6218
1571 3347 4932 4494 6218
1572 2879 2874 2880 5667
1573 5662 5782 5636 6124
1574 3177 5395 1748 5683
1575 2976 5498 2973 5843
1576 3803 4431 255 5366
1577 5799 5929 5195 6048
1578 1772 5279 1774 1778
1579 1451 2052 2053 6121
1580 2808 3290 3289 1899
1581 1626 5669 1629 5676
1582 5077 4038 4036 4037
1583 322 6149 5324 1594
1584 2149 5552 4912 5700
1585 5345 5410 5160 5979
1586 4286 2981 5032 5117
1587 4118 4122 5323 4083
1588 1716 5310 5226 3139
1589 850 852 854 887
1590 1658 5406 1912 5853
1591 2398 2399 2397 5282
1592 4000 3455 5115 5355
1593 1837 1838 165 2947
1594 6004 6024 5563 6104
1595 4659 5876 5874 6068
1596 1805 5535 1803 1806
1597 535 534 1703 5929
1598 3519 3518 3520 3521
1599 398 5364 475 5810
1600 718 717 715 1887
1601 3656 3981 3978 5339
1602 4364 4074 4363 5823
1603 1742 5605 439 5845
1604 1094 5962 3797 6015
1605 187 600 191 186
1606 585 1641 1915 5868
1607 1195 5424 2215 5543
1608 1463 5104 1459 5944
1609 4455 4202 4201 5361
1610 5308 5939 5536 6038
1611 5607 5733 5292 5902
1612 187 190 191 600
1613 1968 5445 1969 5688
1614 458 5203 459 6207
1615 2119 2121 1581 1580
1616 1005 3336 1014 5591
1617 5970 6132 322 6137
1618 4842 1905 379 5406
1619 4534 1102 1103 1199
1620 5183 5697 5191 5705
1621 1797 5582 5243 5620
1622 3048 3052 3050 5993
1623 2591 5312 5124 5724
1624 2773 5461 5276 5786
1625 2311 2313 3239 2097
1626 5465 5907 5354 6058
1627 117 655 116 5709
1628 3257 5440 3263 3258
1629 4735 4159 370 5258
1630 5027 2752 803 5061
1631 5197 5477 5199 5506
1632 5162 5613 5204 5940
1633 3888 5748 5280 3831
1634 4299 3029 4298 4663
1635 442 2088 443 2087
1636 1387 5291 1252 5571
1637 430 426 431 5739
1638 5045 3256 217 5076
1639 797 798 3309 3310
1640 4079 5405 5294 5428
1641 2376 3151 3570 5544
1642 1727 2053 2054 6121
1643 2224 1125 1123 1964
1644 4677 2166 4680 5567
1645 5228 5694 5346 5732
1646 4576 3105 2065 4926
1647 5373 5788 5576 5965
1648 2295 2293 2298 2296
1649 405 470 472 5617
1650 3696 5259 3823 3824
1651 4403 3345 2068 6075
1652 1454 1974 4798 5300
1653 3497 5989 969 6083
1654 3556 3552 3551 4654
1655 1496 269 268 1494
1656 685 682 684 5305
1657 3574 6051 3576 6107
1658 789 3118 790 5992
1659 1989 1990 1992 5860
1660 4090 4089 5013 5714
1661 4719 4992 2156 2157
1662 5937 6009 5751 5456
1663 1516 431 2019 428
1664 5388 6174 5577 6221
1665 5196 5926 5835 6011
1666 1939 1900 4967 1898
1667 2810 3289 3291 2808
1668 5757 5896 5569 6187
1669 5728 5806 376 5816
1670 1090 1091 1089 2090
1671 3440 5894 3436 6050
1672 3810 3766 3764 864
1673 3512 2004 3514 3511
1674 2023 1701 2020 1125
1675 862 863 864 867
1676 1235 6110 1002 1330
1677 1323 4357 2155 5774
1678 3612 5387 893 5881
1679 2862 2861 2859 6148
1680 1347 1351 5956 6133
1681 1180 1181 1950 6156
1682 5623 5275 2346 6150
1683 3540 3539 3709 5879
1684 5335 5977 5176 6071
1685 1046 4847 1045 5706
1686 1306 1310 1307 5357
1687 2436 272 4079 2434
1688 5537 5453 3062 4113
1689 4029 5275 4027 4031
1690 5274 6074 5791 6186
1691 292 879 878 5649
1692 2912 5481 5392 6071
1693 4022 3330 3333 5956
1694 1512 4368 1507 1505
1695 6084 2413 2411 2410
1696 296 4790 4791 5183
1697 5620 6136 1550 6206
1698 5181 5277 5214 5575
1699 1558 6065 818 1560
1700 3767 5771 3135 4708
1701 4533 5289 1100 6067
1702 5257 5660 2861 6148
1703 3638 1758 1562 5821
1704 5506 5786 5216 5875
1705 676 5755 678 358
1706 4176 5382 225 4174
1707 733 727 3595 5839
1708 3031 4455 928 927
1709 5184 5445 1760 5740
1710 3214 5831 5261 6042
1711 832 5931 5593 6047
1712 693 694 1760 5740
1713 770 6067 5543 6077
1714 4455 928 927 4201
1715 5136 2295 5109 4506
1716 5014 3104 4995 5361
1717 1414 3447 1410 1412
1718 1579 1580 1578 5929
1719 2050 3289 2048 2808
1720 5341 5427 6017 5755
1721 1857 1861 3731 1860
1722 1579 534 4416 5830
1723 806 664 3456 3454
1724 1921 4299 4298 4663
1725 2796 5708 4703 5792
1726 2142 5219 5186 5466
1727 4994 5361 4995 4982
1728 1621 939 181 5414
1729 4643 5486 3090 5511
1730 5399 5733 5292 6133
1731 4302 3029 4201 3030
1732 5451 5564 5502 5599
1733 2067 2643 2640 6179
1734 3031 5097 4456 4996
1735 794 5317 795 5653
1736 4456 5097 5079 4996
1737 5316 5392 5365 5559
1738 2647 3756 2646 5460
1739 877 5181 879 5411
1740 2453 5332 2518 5611
1741 2461 4419 2870 2872
1742 1896 4455 4456 5361
1743 2943 2905 3646 4283
1744 3387 2761 2762 3386
1745 5403 5740 5184 5821
1746 681 680 1620 5414
1747 88 86 1538 5671
1748 212 6057 205 207
1749 6008 6041 1692 6099
1750 3050 5301 3048 5993
1751 5075 5504 2086 5759
1752 5730 1556 5943 6072
1753 5179 5583 5463 5590
1754 258 3802 3805 261
1755 1224 1222 1221 1225
1756 248 5148 64 5073
1757 870 5224 872 3912
1758 1759 5184 2800 5206
1759 1235 5607 1004 6110
1760 1909 4842 4947 5853
1761 2041 2038 2040 5562
1762 1639 4205 5564 5531
1763 5329 5561 2924 5975
1764 5170 5346 5228 5365
1765 2843 5225 2842 6036
1766 3785 3784 4852 3786
1767 2989 3658 2990 5621
1768 3820 3186 3821 3184
1769 3646 2905 2943 2906
1770 5809 5875 5216 5915
1771 4515 5458 3680 1214
1772 1874 3806 6228 3943
1773 3247 5483 2232 2234
1774 4733 4732 4880 4731
1775 3677 5161 4139 3678
1776 2212 2431 2428 2429
1777 4507 5137 4850 4508
1778 4061 2630 125 4064
1779 2294 3783 5109 3780
1780 4065 1618 3846 1617
1781 3804 3707 3805 3802
1782 3637 5184 3638 5600
1783 5287 5552 5547 6087
1784 3781 3783 3782 3780
1785 5486 5511 4643 6036
1786 3682 2701 2703 853
1787 3646 3645 3647 3567
1788 2114 5669 2237 5682
1789 2164 4060 2162 4805
1790 1037 3071 3452 1034
1791 2037 5315 2034 5886
1792 4542 5158 5656 4338
1793 4805 4734 4063 4731
1794 4063 4734 4693 4694
1795 1039 3074 3453 1036
1796 905 5389 5143 5972
1797 5164 5871 5631 6177
1798 5135 3095 66 65
1799 594 3254 2974 5685
1800 2703 854 2698 6078
1801 565 564 562 560
1802 2568 5661 4594 6029
1803 4693 4805 4806 4734
1804 587 1645 1644 5147
1805 3562 3560 561 3561
1806 5068 5073 5067 5876
1807 3497 2467 2466 6083
1808 1915 1641 585 1642
1809 4908 144 141 5911
1810 1737 3267 4327 2593
1811 926 79 3593 5473
1812 3586 5779 2773 5786
1813 1406 5625 1409 6087
1814 1266 3434 3130 3129
1815 2767 6220 2273 5879
1816 5193 5315 5176 5335
1817 3358 3357 3355 1523
1818 1085 5464 1866 2202
1819 796 5016 5102 794
1820 4459 3110 4092 5378
1821 863 864 867 3766
1822 1997 1995 1188 6122
1823 756 5564 4205 759
1824 3371 5162 1480 6226
1825 2691 5574 5022 111
1826 3422 2003 3423 6101
1827 2943 1193 2907 5374
1828 5499 5869 3648 5958
1829 2263 5280 745 6195
1830 4740 1301 4364 5679
1831 3784 3786 5109 4853
1832 5271 5681 5462 5910
1833 2809 5689 2810 5750
1834 3547 3236 3548 6047
1835 2696 5132 2542 5736
1836 167 1638 1640 1637
1837 4106 5816 2096 6044
1838 2690 5895 2691 387
1839 2695 5291 2696 5571
1840 1476 5663 1249 5763
1841 2278 2280 2274 2275
1842 3750 3533 1940 4412
1843 1717 1718 2472 6153
1844 5182 5557 5352 5825
1845 5576 5788 3438 5965
1846 5358 5986 5494 6076
1847 3906 5222 4129 5589
1848 5918 6052 5269 6131
1849 1021 5316 3904 5616
1850 2409 6084 4811 4812
1851 4645 888 889 5872
1852 3834 5614 3835 5985
1853 278 4317 4316 6070
1854 3800 1575 4430 5366
1855 789 3745 3117 5236
1856 2864 4501 2277 2279
1857 4356 4357 3849 3155
1858 1960 5243 776 6136
1859 1916 5540 2193 5868
1860 1189 1192 1190 1191
1861 5186 5717 5219 5890
1862 1056 696 698 5608
1863 4169 3837 4170 3182
1864 3 1 4 7
1865 1454 1450 1455 5300
1866 5212 599 603 3066
1867 5386 5862 5478 6073
1868 5231 5800 5367 5885
1869 1674 1673 1021 5379
1870 3767 3770 5325 4708
1871 3523 2857 2856 5242
1872 1005 5434 1329 5591
1873 4233 4234 4231 5334
1874 1653 1652 802 5898
1875 1175 5623 2346 6150
1876 3250 4992 4919 5935
1877 2294 5109 2295 2298
1878 168 166 170 169
1879 5575 5691 2583 837
1880 5432 5642 3113 6176
1881 4514 5789 5594 5896
1882 5717 5219 5402 5186
1883 4075 4361 4074 6217
1884 896 1940 3839 1141
1885 5410 5831 2245 6040
1886 5268 5566 5174 6019
1887 537 5799 5623 6150
1888 2352 4879 2353 2100
1889 2725 4169 2722 2353
1890 945 5415 352 950
1891 1786 2363 3569 5544
1892 5243 5303 5157 5711
1893 2981 1841 5032 5117
1894 1220 5156 2151 1221
1895 5074 5937 4481 3998
1896 4616 4617 4313 6144
1897 5196 6003 5833 6196
1898 5060 4665 5008 5009
1899 5177 5590 5583 6138
1900 498 5290 501 5345
1901 3035 3033 3032 5611
1902 611 612 609 2386
1903 5354 5638 5586 5986
1904 5615 5707 3923 5946
1905 2974 5685 2972 6185
1906 833 5575 6144 837
1907 150 2539 4392 151
1908 4206 4203 3920 4204
1909 561 5770 3817 5807
1910 554 5530 559 5954
1911 1452 1360 1456 5299
1912 1619 6190 3065 4392
1913 2906 2905 2943 5374
1914 3447 1413 3282 5820
1915 3834 740 5402 2679
1916 476 1365 1366 5620
1917 1743 3180 3293 5955
1918 4866 5767 4862 5893
1919 1808 6106 4667 6119
1920 5541 1586 1930 5769
1921 329 174 328 5915
1922 5407 5652 5556 6005
1923 945 959 5427 2781
1924 4074 5690 4075 6217
1925 174 615 175 172
1926 1089 1091 1092 6156
1927 2399 4398 4399 3969
1928 3997 3995 3996 5937
1929 2509 6000 2505 6202
1930 1630 1523 1520 1518
1931 4889 3690 4945 5443
1932 5152 5186 2145 6058
1933 3193 4975 4260 3479
1934 187 3613 3612 5881
1935 1170 1165 5167 2197
1936 2893 3808 2892 5474
1937 6021 3181 3292 5904
1938 2045 2043 4069 5801
1939 5770 2774 223 5779
1940 2855 3761 2856 5242
1941 2082 5680 68 5692
1942 1001 3440 998 1000
1943 1999 1995 1994 6122
1944 3815 2029 3915 1517
1945 4422 5812 3069 5906
1946 3706 6069 5128 6206
1947 1519 3816 1517 1524
1948 2851 4503 4502 6099
1949 1453 2746 1668 6129
1950 3191 2795 2797 5792
1951 164 161 165 1508
1952 5120 5700 4912 6087
1953 3526 5175 4354 5673
1954 4179 4181 4658 5684
1955 1821 5826 2734 6131
1956 2028 1632 1630 2029
1957 1069 2897 2899 2970
1958 5292 5578 5230 6133
1959 2956 4838 4524 4837
1960 2145 5186 2825 6058
1961 4572 5301 95 5612
1962 483 4565 2587 5566
1963 5776 5871 5613 6193
1964 1600 1601 1599 5634
1965 1156 2956 2696 249
1966 801 1654 800 5653
1967 5237 5260 5169 5793
1968 1416 5477 3571 6127
1969 566 1583 560 563
1970 1197 5289 1198 5543
1971 4631 5462 2482 720
1972 2880 4502 4503 4504
1973 5797 6029 5358 6124
1974 3689 5488 4692 5555
1975 1567 1568 3119 5236
1976 4661 4740 4364 5823
1977 2889 2847 2888 5507
1978 1653 5593 3600 5650
1979 886 5864 888 5872
1980 1059 6197 5887 6209
1981 1971 5445 1972 5514
1982 5099 5098 5100 5300
1983 1341 3378 325 6006
1984 409 2677 407 5416
1985 1109 1749 4794 6175
1986 4179 4183 4180 5233
1987 5727 5850 5352 6187
1988 2311 2313 2097 5441
1989 1869 1098 1867 5479
1990 560 5385 1583 5570
1991 4886 2125 1676 5379
1992 1601 1949 3376 5968
1993 5260 5401 5169 5793
1994 547 545 546 2800
1995 3996 5937 5722 6046
1996 5227 5323 5263 5404
1997 5402 5219 5717 5985
1998 5791 3702 4774 5942
1999 461 5395 2079 5692
2000 1069 3246 2971 5684
2001 5949 5233 2960 2902
2002 5057 3632 3336 5591
2003 2424 2940 2425 5463
2004 4972 4646 4647 4973
2005 1941 6053 3839 6130
2006 5875 5878 330 5932
2007 4059 4056 4055 5336
2008 4647 4277 4276 5788
2009 2757 1847 1843 1844
2010 2468 2467 3497 6083
2011 142 2716 4907 2514
2012 2959 5434 3316 5437
2013 3574 542 2729 3576
2014 646 6022 3115 6117
2015 88 73 75 6189
2016 5720 2615 2616 1878
2017 1653 1651 4712 5411
2018 4481 2645 3112 5905
2019 4888 2010 2013 2009
2020 3219 5594 4074 5679
2021 4807 5028 4001 2752
2022 3756 3323 2646 5460
2023 731 732 4712 5411
2024 5177 5491 5463 5523
2025 5179 5608 5529 5917
2026 330 5809 329 5915
2027 2142 5186 2148 5466
2028 4274 6074 5700 6186
2029 2877 2874 2876 5526
2030 2692 4837 2956 4524
2031 5031 5959 1841 6134
2032 4175 2760 2757 1847
2033 5175 3526 3527 5673
2034 5186 5907 5354 6056
2035 1619 4392 152 2539
2036 4158 4154 4157 5383
2037 2869 5668 4563 5675
2038 1661 3232 1911 6202
2039 86 5654 1538 5659
2040 4679 1160 4836 5850
2041 962 5185 2090 5881
2042 2322 2819 1120 5429
2043 3186 3808 3821 5474
2044 4346 1622 1623 5676
2045 2412 4608 4517 5384
2046 84 5250 1502 5961
2047 345 5826 5332 5998
2048 3217 5597 3215 6099
2049 5057 5437 3632 5591
2050 1261 1266 1106 1263
2051 2185 5450 5238 5555
2052 3690 3687 4945 5443
2053 5272 5336 5182 5726
2054 294 5941 296 292
2055 561 563 560 5385
2056 3018 3022 4236 5824
2057 819 2644 2645 5905
2058 2553 2554 1977 2552
2059 774 5187 4952 5790
2060 2010 4158 4439 5383
2061 544 3508 3191 4479
2062 5269 5702 5310 5918
2063 2091 1278 1279 6156
2064 5627 1875 1872 1745
2065 3667 2562 2561 5622
2066 5631 5871 2252 6177
2067 5453 5707 5199 5946
2068 5731 6100 6033 6113
2069 2788 4472 4759 6081
2070 788 675 674 5610
2071 363 5578 5442 5230
2072 4147 1309 552 1308
2073 3415 5861 4756 6174
2074 2892 5209 2895 5474
2075 1970 1968 2200 5701
2076 550 549 4820 5338
2077 1176 537 3579 5623
2078 5086 5654 4721 5685
2079 2817 5333 615 5809
2080 2001 5740 2000 5933
2081 5134 3196 3776 1296
2082 3100 5259 5200 6104
2083 3636 6087 5552 6169
2084 408 170 2146 5416
2085 2354 2720 2100 2353
2086 3591 5926 1319 6219
2087 3194 1292 1293 1294
2088 5281 5660 5229 6146
2089 2977 5425 5390 5716
2090 1093 3612 1090 5387
2091 2384 2387 2386 5390
2092 4242 4243 2276 3451
2093 1440 1439 1441 1050
2094 1637 5564 4635 5599
2095 3300 5247 5237 3302
2096 5719 5720 2288 5966
2097 3193 1292 1295 1296
2098 2299 5775 1214 5837
2099 5468 5575 5480 5696
2100 5158 5793 5656 5983
2101 736 3836 740 734
2102 2093 5655 988 5723
2103 5391 5598 5392 5618
2104 409 2681 407 2677
2105 4588 312 1348 5870
2106 5272 5454 5307 5712
2107 5253 5310 5226 5702
2108 5187 5790 774 5846
2109 548 5319 547 5357
2110 5208 5210 5178 5531
2111 3486 3484 3222 5329
2112 2500 5322 2498 5695
2113 5358 6076 5840 6124
2114 3471 5238 3940 2185
2115 4249 5554 5407 5560
2116 4721 5654 89 5843
2117 1049 1052 1051 6174
2118 1795 3977 4236 4263
2119 372 5816 376 5962
2120 165 3228 163 2947
2121 1528 5170 1526 5558
2122 5461 5770 5234 5807
2123 5327 5916 5172 5941
2124 1832 4212 4385 137
2125 322 326 1594 5324
2126 5047 5925 5171 4910
2127 5324 5721 5655 5725
2128 4392 5707 151 6190
2129 807 172 176 808
2130 5367 5452 5305 5800
2131 4177 5771 4682 5913
2132 256 260 259 5860
2133 4454 3150 3149 6199
2134 230 232 228 5413
2135 2082 5395 3903 3177
2136 3844 5853 4947 495
2137 5726 5844 5336 6184
2138 4899 4952 4331 6151
2139 2388 5630 2331 5982
2140 3600 5650 5593 5974
2141 5516 5906 5255 6135
2142 3989 516 3990 5551
2143 68 70 69 6221
2144 3794 3796 647 6117
2145 2031 2691 3046 5895
2146 613 616 614 750
2147 1467 1469 2415 5752
2148 572 5657 5604 6158
2149 4182 4825 4183 5483
2150 5411 5469 5191 5697
2151 1653 5898 5411 6154
2152 4713 3306 3305 5927
2153 4155 5433 5384 5501
2154 3753 3752 2421 5589
2155 4197 4395 3525 5673
2156 507 504 840 5523
2157 3689 5492 4051 5555
2158 1338 5536 1339 5778
2159 381 3232 2266 1662
2160 6155 6171 340 6198
2161 5305 5800 2440 5885
2162 2151 5505 1983 2152
2163 5174 5599 5268 6019
2164 5213 5346 5215 5365
2165 4753 2018 431 2019
2166 4182 5166 4825 5483
2167 3784 4851 4852 4853
2168 4091 2927 2926 3905
2169 733 5207 3595 5990
2170 2002 3722 2932 3425
2171 2767 5836 1874 2768
2172 5356 5929 5830 5799
2173 5613 5995 5777 6193
2174 2800 5184 3637 5338
2175 3836 734 736 5402
2176 930 4994 5015 5361
2177 603 5785 4622 4984
2178 5537 4113 3063 4112
2179 1009 3827 2685 5924
2180 4509 2295 5136 4506
2181 3923 5707 4112 5537
2182 1657 1911 1658 5406
2183 1871 1106 1875 1872
2184 3244 1522 4002 5727
2185 5196 5929 5314 6048
2186 2845 5444 2847 5507
2187 1760 690 689 691
2188 5306 5405 2781 945
2189 4272 4274 4273 6074
2190 5836 6089 5322 6211
2191 5480 5795 5698 5934
2192 1288 3212 3213 4776
2193 68 1047 4390 6221
2194 2588 6040 1171 1168
2195 3040 3467 4238 5332
2196 2883 1128 1130 5904
2197 2313 2098 2097 3395
2198 1249 5908 2503 1248
2199 5641 5423 5486 5510
2200 981 4223 4833 5311
2201 3170 5735 5413 5787
2202 137 1832 1831 138
2203 3888 5424 5192 5665
2204 1347 997 992 6118
2205 5203 6072 5933 6207
2206 343 5738 336 6215
2207 3335 3164 3162 3161
2208 1262 1263 1261 6228
2209 3928 3927 3862 3926
2210 1943 4778 1946 5746
2211 4562 5240 4561 5604
2212 1864 4004 4034 5923
2213 3525 2857 3523 5919
2214 3335 5542 3162 3164
2215 4096 5141 4097 5855
2216 3167 3166 3168 710
2217 1049 1055 1054 5038
2218 2011 5359 2534 5719
2219 5578 5442 59 363
2220 1526 5213 3880 6141
2221 1663 5297 1664 5533
2222 1417 1418 1419 1415
2223 709 814 3655 816
2224 3437 5807 5576 6050
2225 5683 6181 5680 6211
2226 4879 2352 4170 3840
2227 1799 5891 341 6226
2228 4470 5906 3985 2414
2229 4697 4696 4695 906
2230 4160 1426 1096 2918
2231 656 661 662 6180
2232 3944 3946 3945 5756
2233 3967 5920 5425 6157
2234 5710 5800 5231 5885
2235 3245 5320 3244 5825
2236 3826 5615 2319 2317
2237 4162 372 371 373
2238 5155 5484 5452 5489
2239 5438 5509 101 6192
2240 5813 6152 5619 6194
2241 2958 2589 2957 5852
2242 5428 6104 5721 6132
2243 892 1093 1094 5387
2244 5730 6020 5680 6072
2245 1089 1090 1094 1093
2246 1195 4151 3889 5192
2247 2641 3536 5587 2642
2248 5421 6022 5202 6192
2249 5369 6045 6028 6181
2250 482 4565 483 5566
2251 5948 6048 5929 6093
2252 1405 2058 2452 1400
2253 2638 5191 2639 5639
2254 5730 6181 1556 6072
2255 4005 5557 4861 6107
2256 4643 2659 2888 6036
2257 135 923 3994 5722
2258 5774 2155 2153 5950
2259 1675 2925 4036 6085
2260 3024 6131 5269 2734
2261 818 5905 819 817
2262 3328 3329 5018 4427
2263 3162 5542 3335 3336
2264 5435 5790 5424 6126
2265 4267 4490 3422 5259
2266 6130 1137 1140 1139
2267 2722 2353 4169 4170
2268 3163 3194 3162 3479
2269 597 5654 598 5685
2270 2901 5483 2236 3246
2271 541 539 5336 2729
2272 2456 3441 2304 3444
2273 1772 5279 2087 5888
2274 2891 3186 2890 3185
2275 294 5172 292 293
2276 5594 5679 4740 5823
2277 5115 3282 4021 5855
2278 2880 5436 5417 5667
2279 1509 165 1925 5829
2280 1647 5179 4813 5583
2281 379 5406 380 5815
2282 3617 5222 3481 5699
2283 3238 2316 5693 5999
2284 3408 2394 4228 5777
2285 5318 5678 5414 6188
2286 3286 4857 3443 5213
2287 133 5284 126 5339
2288 4176 808 4966 5382
2289 1632 5351 1518 5570
2290 3156 5848 4258 6002
2291 1130 5904 2882 2883
2292 3209 4193 3917 5187
2293 2726 1079 1078 5360
2294 825 5497 2191 5804
2295 2104 1526 3878 3879
2296 3526 4197 3527 5673
2297 4955 5114 4940 4696
2298 1316 1318 1317 6219
2299 5497 5849 5804 6035
2300 3403 3224 3402 3296
2301 3647 780 4283 5331
2302 4922 4609 4868 5559
2303 5699 5794 1488 6030
2304 3318 4603 3317 5528
2305 5577 5880 5863 6028
2306 3295 3402 1820 3225
2307 494 77 3844 5429
2308 1852 1855 3351 6042
2309 4472 4796 1812 2788
2310 4872 4809 4916 4808
2311 4759 4795 1118 3401
2312 1168 1167 2109 5979
2313 1911 3466 3464 2341
2314 4312 5575 5277 6144
2315 5208 5616 5379 6085
2316 220 4278 4646 5350
2317 5862 5937 3997 6046
2318 2948 1716 1719 2951
2319 3039 5253 1818 5420
2320 5143 5389 905 5647
2321 6107 3574 2729 3576
2322 2346 5275 2345 6150
2323 3298 5420 3297 3469
2324 4919 4992 2157 5935
2325 2991 6166 2176 2987
2326 3135 6131 1823 2734
2327 4726 2459 2401 5768
2328 3385 345 3024 3026
2329 1596 1597 972 6004
2330 100 96 1877 5321
2331 1385 5385 1252 561
2332 828 827 829 5286
2333 2276 5819 4501 6198
2334 381 2508 5815 382
2335 75 5768 86 6189
2336 1898 5817 1901 6091
2337 3550 6047 832 3725
2338 3923 5707 5453 5946
2339 1413 3447 1414 5820
2340 5726 5754 5454 6166
2341 4101 5233 2523 5949
2342 5201 5741 5687 5971
2343 5223 5297 1663 5533
2344 3629 3221 3224 3223
2345 5163 5252 5160 5410
2346 2813 5539 5392 5618
2347 2122 2123 2479 6011
2348 1521 5727 5569 5850
2349 490 5429 495 6081
2350 1307 5342 1304 5357
2351 5801 1510 1507 2713
2352 2011 5349 2010 6147
2353 5318 5678 5185 5785
2354 3524 4197 3526 5673
2355 2866 5977 5335 6071
2356 3102 3101 3694 5259
2357 1106 3943 1875 5920
2358 1708 419 421 5834
2359 1051 5363 4390 5901
2360 2696 4527 2695 5571
2361 2858 2547 2546 472
2362 516 3251 1947 515
2363 5158 5899 5039 4543
2364 3931 2198 1170 5430
2365 5388 5880 5577 6028
2366 6112 3019 4012 6219
2367 2650 1205 4218 2649
2368 5614 5717 5268 5985
2369 3656 5025 3353 3980
2370 2523 5187 4370 5949
2371 3318 2950 3528 4601
2372 4206 3045 3919 5977
2373 5175 5278 5240 5480
2374 3351 3352 1853 3893
2375 5163 5467 5160 5789
2376 3998 5456 4481 5921
2377 2266 3232 381 2265
2378 4609 4922 1528 5559
2379 4599 4293 3284 4600
2380 5242 5278 5175 5673
2381 3266 780 3647 5331
2382 4257 4255 4256 5629
2383 3158 3535 4587 4586
2384 1706 6196 5101 6225
2385 5725 5816 3945 5851
2386 871 5464 1297 1302
2387 4256 4258 3159 5848
2388 5877 6069 5620 6206
2389 5036 3658 525 5375
2390 2195 1885 3319 4925
2391 5308 5852 5195 6006
2392 355 1258 358 5341
2393 2770 2766 2768 2269
2394 3319 4637 2195 4925
2395 1583 3816 560 5570
2396 4026 3581 5623 4029
2397 3632 3195 3162 5542
2398 3189 3510 4655 6161
2399 4596 3519 3521 4597
2400 1242 3742 3595 5990
2401 2204 5310 3139 5409
2402 4514 1302 1303 5464
2403 3947 5756 5549 5980
2404 5661 5930 5647 6029
2405 109 5574 111 5606
2406 292 298 295 878
2407 3700 5702 5310 5269
2408 4808 4809 4110 4109
2409 798 5181 4712 5411
2410 3878 1526 2104 5558
2411 4959 3757 5612 4597
2412 4872 4946 4916 6167
2413 5718 5794 1488 6138
2414 5245 5687 5293 6214
2415 856 366 3558 5161
2416 4294 4284 3443 4855
2417 5190 5291 2956 5442
2418 2459 5768 2137 2136
2419 3658 5454 3659 5712
2420 4280 5278 5242 5919
2421 1508 5829 2810 1838
2422 5982 6048 5314 6055
2423 5284 5339 133 5975
2424 3072 5255 3453 3067
2425 2784 2653 1203 2654
2426 4110 4873 4111 5735
2427 3724 3726 985 982
2428 3414 5861 5369 6028
2429 4236 5353 4011 4265
2430 2523 2521 2520 5949
2431 1204 1571 2650 1205
2432 3256 5654 3530 5076
2433 363 4022 59 5578
2434 1670 2978 2980 5514
2435 2859 6148 5257 6160
2436 1681 5862 1679 1680
2437 3873 5510 5225 5545
2438 1162 5352 1160 1161
2439 1680 3278 1681 5862
2440 3026 3024 4090 3025
2441 2177 5844 5749 6184
2442 1118 1119 1120 3401
2443 5281 5383 5190 5736
2444 2032 5574 5335 5977
2445 1915 5711 1916 5868
2446 2863 2280 2278 6198
2447 1485 4950 1482 5527
2448 208 6037 206 6057
2449 2124 1017 2125 4886
2450 2880 5828 5229 3788
2451 2302 2301 3444 2300
2452 3288 3286 3287 3285
2453 2634 2632 352 5415
2454 5206 5338 546 5514
2455 1715 6216 1713 2149
2456 2395 5902 989 5912
2457 5842 6039 1316 6219
2458 2276 4501 2277 6198
2459 5168 6021 5394 6086
2460 644 5421 4409 5642
2461 4884 5488 4761 5596
2462 5635 5944 5104 6142
2463 445 2087 1779 1778
2464 2817 613 615 5333
2465 1549 5868 1643 6210
2466 5047 5638 4306 5909
2467 5261 5681 5490 5975
2468 1519 2771 3816 1524
2469 4792 4280 2857 5919
2470 2114 2111 2112 5682
2471 139 1834 138 5943
2472 1472 4919 2157 5935
2473 2966 5460 5398 5500
2474 619 613 2717 5333
2475 1337 5169 1104 685
2476 5065 4016 4248 1814
2477 1062 5972 1474 6098
2478 3387 3388 3391 5750
2479 2864 342 2863 6198
2480 2131 2134 4345 3156
2481 5195 5852 5372 6109
2482 4797 1118 493 4378
2483 3719 5658 2961 6183
2484 4253 5554 5283 5763
2485 5727 6095 5757 6187
2486 5412 5678 5441 6204
2487 333 340 334 6155
2488 2812 5598 3841 5618
2489 1227 4674 3530 3529
2490 1182 5954 3971 6102
2491 5537 3066 3062 5453
2492 326 3378 3379 5630
2493 2515 1233 1235 5902
2494 5286 5378 5328 6049
2495 1047 3175 1048 6159
2496 2015 5642 2014 5953
2497 2917 2450 2063 5859
2498 2490 1825 4246 4248
2499 3224 3402 1820 6131
2500 268 267 270 5655
2501 3295 3225 3296 3402
2502 2555 2553 2554 1979
2503 3225 1820 3224 3402
2504 30 1389 2325 5987
2505 3466 3467 5447 2341
2506 2148 2142 2145 5186
2507 206 2958 2957 5852
2508 157 6202 156 2518
2509 1709 419 1708 6003
2510 2149 2150 1715 6216
2511 4501 6200 4500 6226
2512 3502 5889 3499 6023
2513 2065 209 2066 5475
2514 2147 2148 4870 5466
2515 4345 4237 2135 6002
2516 3941 5479 3471 6164
2517 3639 3640 2713 1512
2518 1304 1305 1306 5357
2519 1205 1208 583 2649
2520 2785 1209 1207 2786
2521 1530 3327 4068 4427
2522 3656 3978 3980 5339
2523 4011 4264 1928 1796
2524 3898 3896 4551 4618
2525 1861 3155 2155 1862
2526 5219 5717 5268 6056
2527 3461 3462 4475 5211
2528 2948 1718 1719 6216
2529 3315 3316 3317 5434
2530 3058 1876 1878 5720
2531 3999 3995 3998 5921
2532 3878 5559 5170 5598
2533 2949 2950 1324 6054
2534 5508 5869 5813 6194
2535 2432 2433 4607 5368
2536 2480 2483 2488 5854
2537 768 4440 771 5424
2538 1252 563 561 5385
2539 5777 5686 141 5911
2540 77 5987 26 1144
2541 4517 858 3676 5173
2542 4894 799 5653 5898
2543 5433 5529 5179 6178
2544 4611 5448 3869 4834
2545 3056 2528 2786 5993
2546 5324 5822 324 6111
2547 3810 4636 3764 3812
2548 3910 3909 3908 5628
2549 2299 1270 912 5458
2550 5489 5503 1453 6121
2551 3742 3741 3740 3743
2552 3888 749 748 5665
2553 3917 5187 4563 2870
2554 335 5860 333 6155
2555 2488 5854 5687 6001
2556 3839 1141 1137 6053
2557 5482 5636 4696 5651
2558 1735 4827 4482 5312
2559 2503 5908 1249 1475
2560 1603 1467 1469 1466
2561 3443 3286 4294 4857
2562 1944 1943 1946 5746
2563 5880 6045 5730 6181
2564 854 2703 853 6078
2565 95 2475 92 94
2566 1321 2153 1315 5950
2567 3600 5593 1653 6154
2568 984 4781 4782 979
2569 1992 5864 4645 5872
2570 5186 5219 2142 5347
2571 5601 6008 5340 6041
2572 1654 5898 1652 1655
2573 5359 5432 5221 5720
2574 1120 3401 2322 5429
2575 3787 61 4429 5267
2576 1952 1092 1091 6156
2577 2816 5333 2817 5809
2578 992 6118 5607 2395
2579 5310 5702 5447 5918
2580 4738 3014 3012 5649
2581 3085 5713 1449 6121
2582 2781 2092 959 5427
2583 5836 5879 4476 6211
2584 170 408 407 5416
2585 271 269 1494 5428
2586 575 573 5604 574
2587 4379 5991 4381 4380
2588 3236 4536 3548 6014
2589 3619 5288 3621 6094
2590 3844 3843 494 495
2591 2569 5525 5344 5797
2592 2825 5186 2145 5347
2593 4570 2883 4854 5904
2594 945 4079 5427 356
2595 3595 3742 1242 1243
2596 5559 5606 4817 5886
2597 4689 3436 3561 6050
2598 2097 6044 523 5441
2599 4984 962 5318 4622
2600 5604 576 572 6158
2601 3013 5181 4712 2579
2602 4712 731 3013 4917
2603 321 325 326 6111
2604 3743 3727 5974 5990
2605 5216 5309 5234 5333
2606 2820 2597 3218 5703
2607 2392 5270 194 5524
2608 2919 4333 3682 6068
2609 2880 5262 3005 5436
2610 2747 5098 99 5300
2611 1245 1244 1246 1247
2612 2438 5441 4691 6044
2613 363 5296 5442 59
2614 1552 1720 1721 1605
2615 2509 153 158 157
2616 4127 6039 6219 5314
2617 4988 981 4567 4566
2618 3550 1242 3547 5990
2619 3594 2983 3595 2984
2620 74 2401 2460 5768
2621 4134 4468 4926 4135
2622 529 2402 531 3393
2623 650 91 93 1905
2624 2142 2148 2147 5466
2625 3992 5270 1589 5731
2626 4192 4950 5952 5364
2627 1355 1353 305 1354
2628 1416 5477 2319 5615
2629 186 5212 600 5625
2630 4037 5268 4038 5614
2631 3992 5449 3993 6100
2632 3595 727 733 730
2633 4692 5488 5443 5555
2634 4101 2523 4370 5949
2635 3451 2275 2964 6171
2636 733 727 728 730
2637 3576 6051 5792 6107
2638 2485 5938 2480 6140
2639 3967 4794 5920 6157
2640 3975 3974 1708 3973
2641 1852 6042 3351 3893
2642 1242 1243 3742 3741
2643 3006 3007 4501 6226
2644 520 5550 5412 519
2645 3235 3233 3236 1247
2646 3549 3548 3547 3236
2647 3891 4630 1493 5783
2648 3547 1246 1242 3549
2649 4424 5546 3653 5631
2650 2486 2484 4453 3963
2651 3592 925 3593 5473
2652 1930 5541 1587 1586
2653 3358 5569 4133 5757
2654 5289 5543 1199 6067
2655 2654 5408 2784 6080
2656 2673 596 595 5659
2657 596 5659 592 595
2658 3652 6173 6152 6194
2659 1215 1218 1668 5484
2660 5933 6072 5395 6207
2661 5323 4172 4120 4119
2662 5456 5534 5478 5937
2663 3771 3768 3770 3772
2664 642 2799 5708 5854
2665 975 5314 3514 6060
2666 2338 2340 2341 2337
2667 2247 2462 2196 5979
2668 2389 2969 3416 6039
2669 4172 5734 5263 5883
2670 4357 3546 4356 5774
2671 726 724 3133 720
2672 2071 5827 2075 5918
2673 5003 526 3237 522
2674 737 736 735 5798
2675 1876 1877 1878 5720
2676 6177 4424 5303 2252
2677 1974 1360 1362 1973
2678 5349 5538 5393 5642
2679 5989 6083 5406 6119
2680 2155 5774 4357 5950
2681 2171 2172 5792 3955
2682 2737 3027 724 2734
2683 1973 1974 5300 1976
2684 1749 5627 4287 5920
2685 2033 5315 2030 5977
2686 602 5625 599 189
2687 1289 3214 3168 3210
2688 1785 1667 1664 6129
2689 5255 5906 4422 6135
2690 3133 3027 724 726
2691 5750 1306 5319 4147
2692 4212 5203 4385 5943
2693 3230 3229 1661 1911
2694 524 5441 932 5754
2695 5522 5742 5273 6025
2696 3402 6131 3224 3981
2697 2737 3027 725 724
2698 4691 5441 935 6044
2699 5937 5751 5722 6046
2700 5440 5638 5354 6056
2701 485 487 484 5423
2702 5300 1974 1973 5983
2703 2245 2109 2246 5979
2704 1091 2091 1952 6156
2705 1339 1338 2675 5536
2706 4633 3027 726 725
2707 2637 1553 795 4931
2708 3043 4789 1569 294
2709 726 3027 4633 4631
2710 2516 2517 2518 2453
2711 1821 4239 3040 4238
2712 651 5301 5406 650
2713 130 1852 131 6042
2714 4631 3027 5910 3133
2715 2024 1887 715 717
2716 3133 2734 723 724
2717 1317 1321 1315 6170
2718 5167 5345 5160 5979
2719 3534 5848 2131 6179
2720 3767 5201 5771 5325
2721 1201 5400 1197 5666
2722 4084 5431 4122 4082
2723 1120 5429 490 6081
2724 5491 5523 5177 6094
2725 2509 153 154 159
2726 2817 2816 2815 5333
2727 5234 5309 5292 5333
2728 514 3405 2281 5746
2729 2769 2269 2273 6220
2730 5774 5842 4357 5950
2731 2619 5406 651 2618
2732 2155 4357 2154 5950
2733 2197 5167 2196 5979
2734 2964 5819 3451 6171
2735 1740 6028 3414 6096
2736 4424 5532 5164 5631
2737 4309 4233 2988 5334
2738 1818 5826 1821 1819
2739 4712 5181 3013 731
2740 4344 5824 3022 6203
2741 3351 1855 1853 3352
2742 2530 5987 2529 2325
2743 602 5625 5470 5924
2744 2811 2812 104 5392
2745 2332 155 2335 2333
2746 305 4923 1354 5188
2747 5158 5544 5155 6077
2748 221 4973 223 5350
2749 1288 5110 4976 4776
2750 3402 5420 3295 6052
2751 5198 6033 5468 6113
2752 2269 2770 1262 6228
2753 4155 5383 4154 6146
2754 4767 5283 4768 5664
2755 2990 3658 5036 5621
2756 1451 5503 2052 6121
2757 889 2256 3450 6171
2758 321 324 229 6111
2759 2214 2217 768 4008
2760 720 726 4631 3133
2761 2850 2853 2852 5866
2762 2948 2949 2471 1719
2763 5327 5737 279 5928
2764 5303 5646 5626 6210
2765 1590 1588 1593 5217
2766 3722 5322 2932 6105
2767 2261 4292 4421 2262
2768 2650 4218 1149 2649
2769 3297 5420 3298 3295
2770 5656 5158 4542 5899
2771 3550 3727 5593 3725
2772 363 5578 3330 5956
2773 2086 5677 591 5759
2774 5392 5539 1139 5643
2775 5479 5513 3471 6164
2776 1162 5352 2170 6107
2777 2619 2618 2621 5989
2778 3585 5735 4111 6167
2779 2499 2501 1556 2498
2780 1167 2462 1165 2109
2781 4160 1096 2202 2918
2782 4624 4363 2171 5823
2783 1853 3351 1852 1855
2784 3222 6131 1822 3485
2785 47 52 4823 38
2786 4988 4990 1551 4566
2787 684 688 686 687
2788 3283 5116 4599 3284
2789 4295 3283 4599 3284
2790 534 5830 1579 5929
2791 730 3740 733 5990
2792 5250 5581 4524 5961
2793 5164 5958 5312 6043
2794 5229 5828 2880 5262
2795 922 5171 1850 5502
2796 5232 5474 1690 5521
2797 2792 2820 3218 2794
2798 3217 5153 2733 5340
2799 648 649 643 6117
2800 858 3845 3666 5264
2801 5379 5616 1673 6085
2802 5240 5278 5175 5472
2803 1285 1283 3168 3350
2804 1422 6042 1852 130
2805 4992 4719 2160 4269
2806 4178 5325 3770 4708
2807 5478 5862 5386 6046
2808 5191 5217 5198 5639
2809 2657 5511 4638 485
2810 350 5918 348 5998
2811 5595 5737 3933 6014
2812 5341 5755 6017 6182
2813 3892 3352 3351 3893
2814 1588 1590 2638 5639
2815 6025 6128 5867 6180
2816 70 68 4390 6221
2817 3168 710 3166 3350
2818 4976 5110 4775 4776
2819 4126 5835 2119 5948
2820 3542 5842 5774 6219
2821 1138 5159 2912 5643
2822 5133 652 4709 4710
2823 710 3169 3167 712
2824 5728 6017 5341 5427
2825 2950 1283 2948 4602
2826 879 5411 5181 5697
2827 3893 3892 3353 3980
2828 5314 5630 5308 6048
2829 4943 5964 3306 6116
2830 4085 5404 5323 5617
2831 5148 5874 5068 4469
2832 5249 5491 5177 6094
2833 3221 6131 1820 1822
2834 512 5744 518 5746
2835 3708 5532 5303 6210
2836 5536 5630 5308 6039
2837 6131 6052 1820 1822
2838 1883 2718 4925 1886
2839 5256 5687 5201 5741
2840 2627 5440 2628 3258
2841 5239 5495 5463 5951
2842 3993 5449 4328 6036
2843 1825 4248 1808 4667
2844 4925 4637 1294 4924
2845 3295 3402 3296 3294
2846 3441 3880 5213 6141
2847 3345 5372 5275 4031
2848 3485 5439 3222 5490
2849 3487 3737 2727 5360
2850 5415 5857 5306 6024
2851 3536 4257 4256 5629
2852 644 5393 4409 5421
2853 1436 5510 2595 5703
2854 5215 5365 5346 5736
2855 4362 4361 4075 6217
2856 126 133 129 5284
2857 826 16 4921 1892
2858 3224 1820 3225 3221
2859 1571 4375 2650 4374
2860 3437 5576 3436 6050
2861 5261 5307 5271 5681
2862 4698 5319 706 4700
2863 5832 5834 5196 6112
2864 3979 3978 3629 3892
2865 376 5816 5806 5962
2866 3629 5339 132 3979
2867 3979 5339 132 131
2868 3586 5382 225 5779
2869 4515 5384 5173 5458
2870 5484 5981 5452 6122
2871 3315 2247 2196 5437
2872 4955 5732 2826 4696
2873 3629 5339 133 132
2874 4751 5769 3110 5378
2875 5587 3536 2641 5629
2876 3140 5224 4915 5562
2877 685 688 1337 5169
2878 3408 3410 2394 6193
2879 4602 3932 4604 4584
2880 5508 5619 5518 6224
2881 3378 326 325 5630
2882 1374 5534 3541 6012
2883 957 5318 960 5341
2884 3287 5116 3283 3284
2885 5287 5772 5528 5900
2886 1823 3767 3135 4708
2887 4126 4465 3517 5835
2888 4235 5247 4460 3303
2889 3924 5924 3827 5946
2890 5383 2010 2533 4439
2891 136 137 4386 5943
2892 4426 5573 2895 2894
2893 587 5235 2163 588
2894 1199 5289 1102 5666
2895 4092 1602 4457 5378
2896 2132 3018 3019 6203
2897 3619 3617 3618 5288
2898 5552 5772 5287 5900
2899 2030 2033 3921 5315
2900 2770 3807 1262 3806
2901 5835 5948 5765 6011
2902 3257 3262 3261 5440
2903 4056 540 4055 5336
2904 2230 6007 4758 6227
2905 3113 5432 5421 5642
2906 5200 5428 1494 5970
2907 2097 521 520 523
2908 4912 5700 4066 6087
2909 276 5295 1772 5888
2910 2004 6055 6004 6060
2911 4521 5907 5465 6058
2912 1253 5442 4524 5579
2913 5395 5701 461 5753
2914 936 932 931 5621
2915 5214 5448 4610 5696
2916 5191 5697 5469 5705
2917 2448 5246 4186 5326
2918 4534 4707 4533 6067
2919 932 523 935 5441
2920 3768 5439 3485 3767
2921 4524 5190 2956 5442
2922 1705 5765 1704 5832
2923 2674 5677 5504 5796
2924 5853 5989 5406 6119
2925 2921 5485 2920 4575
2926 4251 4249 4250 5554
2927 1501 1500 4230 5250
2928 2946 5610 675 792
2929 1291 5346 5134 5482
2930 5176 5392 5159 5526
2931 5464 5517 5163 5594
2932 2072 3035 4615 6007
2933 2539 4451 4549 5182
2934 442 2087 443 441
2935 5013 4089 4090 5126
2936 1483 1484 1481 5892
2937 1638 1637 4635 5599
2938 2730 2562 2731 5622
2939 5343 6020 4386 6045
2940 4680 5567 2166 6051
2941 1911 1661 6000 1657
2942 416 2902 5670 412
2943 2619 5406 2620 5815
2944 1423 6040 1425 2588
2945 5059 5375 5037 6162
2946 3040 3039 3467 5253
2947 5256 5762 5681 6001
2948 3899 4467 4636 5743
2949 1214 1213 1210 5458
2950 2233 2239 2236 5483
2951 1942 5232 897 6053
2952 1424 1422 5831 1420
2953 4293 4600 4294 4855
2954 4850 5109 3635 4851
2955 1165 5285 1169 1170
2956 560 563 1583 5385
2957 128 2202 1424 5831
2958 4294 4293 4284 4600
2959 3924 5453 3062 5924
2960 2043 2047 4071 5936
2961 1381 1380 1378 5242
2962 3755 4217 909 6138
2963 1492 1488 6138 5718
2964 902 5763 5674 6005
2965 4915 2041 1085 1086
2966 4725 5498 3917 5675
2967 4811 2408 4224 6084
2968 1424 128 4160 2202
2969 4457 5378 3376 6049
2970 1865 5467 1866 1863
2971 2256 849 850 5872
2972 1942 3821 897 5232
2973 1741 5369 1743 6096
2974 3048 3049 3053 5612
2975 2212 2213 5157 2210
2976 2948 2204 3139 2951
2977 498 1097 1095 1096
2978 1479 5364 339 5891
2979 5271 5714 5269 5910
2980 5662 5889 5556 6163
2981 4866 1485 1484 5892
2982 5229 6008 4502 6099
2983 1424 2202 4160 1426
2984 2579 5672 2581 6144
2985 1684 1682 1683 1679
2986 3190 5708 3189 2795
2987 4884 5443 4692 5488
2988 1974 1976 3793 5300
2989 3465 5420 3463 3464
2990 310 307 309 5632
2991 1611 264 262 265
2992 1098 3471 3941 5479
2993 4533 4554 1786 6077
2994 2002 3424 3425 5933
2995 5424 5748 771 5846
2996 4840 4953 4839 5478
2997 2504 6000 154 2505
2998 5180 5827 5330 5858
2999 601 2685 3924 5924
3000 1252 5385 363 1250
3001 1086 2041 2040 4915
3002 5717 5889 5884 5890
3003 488 487 3457 489
3004 4422 5876 5812 5906
3005 2255 5871 3406 6092
3006 5219 5402 5186 5466
3007 5436 5526 5159 5667
3008 2533 5383 4761 5596
3009 3201 6038 2646 6103
3010 2932 5322 2002 5933
3011 2286 4321 436 6021
3012 2285 435 2284 6021
3013 3962 3960 6063 5922
3014 3129 5337 884 6089
3015 3666 2561 570 5264
3016 5795 4750 4040 5992
3017 4184 5246 2805 6158
3018 5251 5790 2357 5588
3019 1309 2977 1670 5514
3020 2369 6123 266 2368
3021 45 49 51 4892
3022 4323 5226 4322 5310
3023 4878 2720 3879 5598
3024 5253 5420 3465 5584
3025 2973 3611 2974 2972
3026 4453 4187 3960 5326
3027 3546 4357 4466 5774
3028 1290 5430 2199 5450
3029 2901 5233 17 6035
3030 1806 5329 2038 1805
3031 5162 5891 1480 6226
3032 95 5429 2475 2474
3033 1466 3252 1472 5935
3034 2365 5484 2377 6122
3035 5180 5287 5261 5528
3036 2745 1785 2746 5489
3037 4958 5522 5397 4271
3038 4524 1153 4838 5581
3039 3142 3140 5224 3141
3040 3793 97 99 5300
3041 5307 6001 2480 6140
3042 52 1232 47 1231
3043 218 1026 39 5045
3044 3448 4584 3932 3528
3045 651 5301 653 6080
3046 3064 5785 5537 6190
3047 3090 5641 3091 4639
3048 2676 1341 1339 2675
3049 5243 5331 3266 5711
3050 5261 5490 5339 5975
3051 2923 5535 2922 2924
3052 2920 5329 2923 3484
3053 2666 2211 1037 5540
3054 3148 4040 4750 4834
3055 897 4665 4664 5232
3056 2354 2721 2722 2723
3057 2777 5779 2775 2771
3058 4187 4186 3960 5326
3059 558 5530 554 6026
3060 5456 5879 5376 5882
3061 2835 1741 2839 5369
3062 2999 2998 4751 5278
3063 5406 6000 5853 6083
3064 2924 5561 129 5975
3065 101 5321 1785 6129
3066 2183 5285 503 5450
3067 4445 2270 4383 6228
3068 416 417 775 6195
3069 4311 4044 4310 4313
3070 2443 5231 2442 5710
3071 4944 4464 5089 2510
3072 584 581 580 579
3073 3027 3024 5910 2734
3074 2353 2354 2725 2723
3075 4170 2722 4879 3840
3076 3368 5258 4159 4154
3077 3533 1894 5111 895
3078 5089 2511 2513 2512
3079 5757 5789 5565 5896
3080 1502 2560 3397 5250
3081 3829 5615 2319 3828
3082 2458 2456 2103 2104
3083 4364 5679 4074 5823
3084 4169 2353 2725 4170
3085 1599 1603 1600 5634
3086 5246 5657 5545 6158
3087 2741 6018 2743 2739
3088 2722 4170 4169 3838
3089 2722 3840 4170 3838
3090 2171 5823 4363 6051
3091 4170 3838 3840 3837
3092 2104 2458 2302 4754
3093 560 562 566 563
3094 2332 6227 5611 155
3095 3274 3273 3275 5520
3096 997 5965 998 6118
3097 5554 5560 4819 5614
3098 271 1495 4079 5428
3099 4297 5404 1736 5431
3100 3838 2724 2725 2722
3101 2753 4000 5115 5355
3102 3748 5172 3749 5914
3103 5633 4961 4664 899
3104 2725 2722 2721 2723
3105 2721 2722 2725 2724
3106 1940 3533 3750 5111
3107 3365 5538 3366 5802
3108 2458 2457 2302 3444
3109 6165 6190 5678 6222
3110 3267 1918 3266 5331
3111 5785 6190 978 6222
3112 2353 2100 4879 2720
3113 2103 2456 2458 2457
3114 2092 555 1276 6026
3115 481 5171 4565 5174
3116 811 174 807 5915
3117 1837 1836 165 5829
3118 2452 2058 2057 1404
3119 1407 5470 602 5625
3120 510 5491 509 5523
3121 1475 1474 1062 5972
3122 5132 2696 1156 5496
3123 5586 2610 2605 2608
3124 116 5380 117 5709
3125 4486 4767 739 4289
3126 4075 4073 2806 5818
3127 3905 5886 2927 5903
3128 3006 6226 4501 4500
3129 398 4192 396 397
3130 5164 5263 5243 5808
3131 836 4165 4312 5468
3132 3332 5576 1003 4675
3133 4464 2511 5089 2510
3134 1461 5572 3005 3004
3135 2056 3650 3476 3506
3136 2513 4464 5089 5090
3137 2175 5844 2174 2176
3138 1653 5411 4505 6154
3139 2989 5334 4232 5454
3140 1575 1572 1573 5366
3141 4428 1530 4068 4427
3142 1330 3900 619 6110
3143 5227 5419 5159 5883
3144 5392 5526 5232 5643
3145 2796 2798 2797 5792
3146 3058 5359 3059 5720
3147 3877 4294 4284 5213
3148 1098 1869 3471 5479
3149 2101 2106 2107 4426
3150 28 20 2529 5987
3151 2105 2106 2101 4426
3152 4511 2106 2105 4426
3153 3297 3669 3469 5420
3154 836 5575 4312 6144
3155 2302 3441 2306 2304
3156 2302 2104 3441 2456
3157 5161 5173 4735 5258
3158 2510 2104 2456 3441
3159 4885 290 1957 5248
3160 2456 2104 2510 2511
3161 4643 5511 2659 6036
3162 2873 2461 2426 5675
3163 3016 5157 3017 6066
3164 4546 4945 2743 5215
3165 2560 3397 1500 1502
3166 5345 1097 1867 5467
3167 3987 1645 3988 5235
3168 2457 3444 2304 2302
3169 1549 3568 1917 5711
3170 1580 5765 1703 5929
3171 2511 2512 5089 2510
3172 5089 4464 2513 2511
3173 4464 5090 2513 2511
3174 2582 2577 2581 6144
3175 5875 5878 3628 5915
3176 1221 1225 1222 5906
3177 3617 5223 5222 5699
3178 794 5317 1552 1553
3179 5354 5394 5389 6125
3180 5441 6182 933 6204
3181 2501 5203 1556 6072
3182 3679 4124 1214 5458
3183 2417 5716 1110 6157
3184 2457 2302 2304 2456
3185 2253 5303 2252 6177
3186 2058 1400 2057 1404
3187 5313 5459 5381 5525
3188 1482 5162 1485 5527
3189 2759 5265 148 3624
3190 2457 2456 2304 3444
3191 1822 1820 1819 6052
3192 6137 6149 5721 6212
3193 1938 1937 4812 6084
3194 3444 2304 3442 3441
3195 3059 1876 100 1879
3196 2306 2304 2300 2302
3197 3441 3880 2302 2306
3198 3445 4547 4548 2743
3199 3441 3442 2306 2304
3200 5166 3199 4182 4825
3201 3325 4068 3776 3327
3202 223 4973 4882 5350
3203 2352 2099 3183 5644
3204 2542 5190 5132 5496
3205 95 90 92 2475
3206 5420 5584 5253 5984
3207 4189 2716 4911 5048
3208 5284 5561 5329 5975
3209 2303 3444 2300 2305
3210 4975 4940 3163 5482
3211 911 5458 6138 4473
3212 2303 3444 2458 2301
3213 2458 3444 2303 2457
3214 2458 3444 2302 2301
3215 5163 5517 5182 5708
3216 1238 5364 398 397
3217 5434 5471 5437 5591
3218 5456 5882 4481 5921
3219 592 2674 5659 5677
3220 3490 5472 3763 5603
3221 2300 3444 2303 2301
3222 2302 3444 2304 2300
3223 3444 2305 2304 2300
3224 5092 560 3818 561
3225 3675 5173 5161 5458
3226 4882 5350 4973 5770
3227 4331 3532 4899 6151
3228 2144 2585 2824 5347
3229 101 5509 5321 6192
3230 4421 4706 4399 5377
3231 1240 1241 1239 5952
3232 2973 5498 2972 5843
3233 1271 5837 5775 3891
3234 2412 5529 2413 6178
3235 278 5295 3270 5888
3236 3857 4434 4094 5820
3237 4366 5793 4365 5899
3238 1958 5166 1957 5658
3239 510 5239 2424 5463
3240 5457 6141 5365 6148
3241 2554 5260 3339 3340
3242 4202 1896 1314 5817
3243 2559 696 2424 5179
3244 1937 5529 623 6084
3245 480 5174 1850 481
3246 4409 5642 5393 5780
3247 5022 5315 5193 5574
3248 557 5530 558 6026
3249 3195 3194 4637 1294
3250 366 368 3365 3366
3251 3622 6128 654 6180
3252 772 769 774 6126
3253 3330 1385 5385 363
3254 4866 4865 4499 4862
3255 5208 5560 5531 6085
3256 2175 6188 2178 6204
3257 1249 5663 1475 5908
3258 5241 6030 5202 6192
3259 3470 5513 1869 3473
3260 5386 6073 6021 6209
3261 5257 5660 5215 6018
3262 832 5593 3725 6047
3263 5517 5789 5163 6187
3264 560 561 562 563
3265 1904 1909 3844 5301
3266 4242 3451 2276 4241
3267 2534 5359 2011 5496
3268 4502 5229 2880 2876
3269 2004 2006 2003 5764
3270 2330 1701 2328 5500
3271 656 5344 658 5525
3272 5132 5119 5624 1771
3273 1441 5369 1439 5863
3274 5517 5896 5789 6187
3275 6018 3870 2860 5660
3276 5252 5410 5287 5528
3277 4951 4905 5042 5527
3278 2496 5403 2494 6105
3279 3070 3069 4335 5812
3280 4871 5493 2241 5980
3281 282 5361 281 5817
3282 1971 5514 1447 5688
3283 5755 6182 5341 6188
3284 2101 2894 2099 5573
3285 5930 6029 5782 6034
3286 5459 6025 5522 6128
3287 1541 5565 1634 5923
3288 5663 5674 5254 5908
3289 4011 5353 1113 5832
3290 5233 5849 2191 6035
3291 3862 2108 1166 3928
3292 5391 5618 5392 5644
3293 3005 5499 4606 5572
3294 4915 873 868 5224
3295 196 838 5691 5524
3296 5083 4230 3397 5581
3297 5196 5835 5765 6011
3298 4294 4600 4284 4855
3299 3997 6046 4558 6201
3300 3100 1596 4490 6104
3301 5230 5292 363 5578
3302 109 108 4817 4816
3303 4599 4600 3284 4856
3304 1866 5464 1863 5467
3305 786 4908 4910 5171
3306 4074 5690 3219 5703
3307 3862 3927 3930 3861
3308 3648 5631 3653 5958
3309 141 5902 5686 5912
3310 28 20 22 29
3311 2244 3214 1289 3211
3312 5193 5335 5176 5481
3313 1918 4492 1916 5711
3314 2139 5504 2427 5796
3315 2128 2200 2127 5753
3316 2391 195 3307 5691
3317 1459 1457 1463 5944
3318 3861 3862 3926 4686
3319 833 834 836 5468
3320 5580 5698 3962 6063
3321 1384 4687 1382 5472
3322 1205 583 4218 2649
3323 5227 5417 5164 5508
3324 4118 4083 5323 5734
3325 5316 5379 5208 5616
3326 1424 1426 4160 2918
3327 1548 6069 3706 6206
3328 5164 5724 5631 5958
3329 4999 5771 2485 4682
3330 3680 3675 1214 5458
3331 4074 5823 5594 6217
3332 4762 2744 4692 4884
3333 4599 3284 5116 4856
3334 292 5172 5649 293
3335 5285 5430 5167 5450
3336 3138 5226 1043 5969
3337 2986 2987 2988 5334
3338 5375 5781 5714 6162
3339 1357 2672 1358 5640
3340 2195 4925 4637 2194
3341 4945 3687 2743 2744
3342 1387 1583 566 563
3343 5471 5729 5252 5946
3344 4294 4855 3443 4857
3345 3500 5662 3982 903
3346 3286 4855 4294 4857
3347 3931 4749 2199 4049
3348 3564 3425 3424 5933
3349 3194 1294 1293 4637
3350 1881 1882 1883 2718
3351 4033 1080 2728 5814
3352 2963 2256 850 853
3353 4854 1372 3078 5904
3354 5387 5962 1094 6015
3355 3302 4788 3796 5964
3356 3630 463 949 5857
3357 3286 3287 4749 3288
3358 4599 4855 4600 4856
3359 969 5989 5408 6083
3360 5292 5686 5373 5902
3361 3115 3113 3114 6223
3362 1351 3330 3332 5956
3363 3266 5331 1918 5711
3364 776 780 3266 5331
3365 3465 3464 3466 5253
3366 5116 3284 3287 4856
3367 5509 6117 3115 6223
3368 4337 4338 4461 5656
3369 1296 5482 3193 1291
3370 3859 3930 3861 3862
3371 3688 5443 3687 3690
3372 2079 461 2200 5753
3373 370 859 4735 5161
3374 2098 5441 3395 5728
3375 1562 880 1563 5600
3376 5212 5287 5199 5547
3377 4102 4829 4830 5251
3378 871 3080 875 3081
3379 4451 4448 4549 6184
3380 1290 3193 1291 1292
3381 570 2561 569 5622
3382 3301 5237 3303 3305
3383 6205 5503 1728 1726
3384 3287 3284 3283 3285
3385 3165 1417 4940 4941
3386 5481 2912 4498 5194
3387 977 6004 972 6060
3388 5166 5658 2939 5668
3389 3909 5588 3907 5628
3390 3305 3303 4365 5237
3391 4377 2885 4376 5988
3392 3904 5616 5316 5886
3393 5309 5461 5350 5779
3394 55 5267 1499 5455
3395 4761 5383 4157 5596
3396 3286 4857 3287 4856
3397 4855 4857 3286 4856
3398 3284 3285 3287 4856
3399 3286 3285 3284 4856
3400 3287 3285 3286 4856
3401 4294 4855 3286 4856
3402 3286 3284 4294 4856
3403 3284 4855 4294 4856
3404 3284 4855 4600 4293
3405 4600 4855 3284 4856
3406 1143 1146 27 1147
3407 2641 5629 5848 6179
3408 4653 2069 5761 4403
3409 3471 2185 3940 3941
3410 5292 5373 5234 5576
3411 5224 5284 5163 5464
3412 1427 1428 1429 5947
3413 439 433 440 6021
3414 5435 5588 2357 5790
3415 4031 5275 4027 5372
3416 2944 5240 3774 5472
3417 467 464 468 5847
3418 4819 4037 4039 5614
3419 5434 1324 3318 5528
3420 1361 1364 4235 6139
3421 924 925 4623 5473
3422 3457 489 5913 5971
3423 5418 5475 5196 6038
3424 3682 2965 2703 6078
3425 5363 5440 5354 5465
3426 1148 27 1143 1144
3427 5146 3115 3114 6223
3428 1165 2197 1170 1166
3429 5160 5479 5290 6164
3430 5399 5686 5292 5902
3431 519 5621 5412 524
3432 3416 5500 2329 6039
3433 327 1158 1157 5915
3434 775 774 769 6126
3435 331 330 3430 3429
3436 2761 5739 5189 6091
3437 3293 3541 1369 5955
3438 2337 5447 2341 6202
3439 1864 5923 5479 6191
3440 2471 2949 1324 6054
3441 5265 3627 809 5506
3442 2586 2585 2584 2143
3443 2013 2014 3367 5953
3444 4647 3437 4689 5807
3445 2584 169 483 5566
3446 2696 251 1771 250
3447 1867 5467 1868 1865
3448 5459 5586 2606 5609
3449 3933 4130 3934 6014
3450 4235 5247 1361 5656
3451 2260 5280 2264 5748
3452 3242 5825 2759 4435
3453 837 5035 833 5468
3454 1098 499 500 498
3455 5790 5949 5233 4101
3456 5125 5105 5093 5635
3457 3484 5490 3222 5975
3458 998 1000 3440 5576
3459 5251 5497 824 5804
3460 77 5429 1142 2231
3461 4758 6007 3034 6227
3462 5478 5904 3078 5955
3463 1488 5794 908 6138
3464 1008 1014 1006 5729
3465 251 2696 2542 2543
3466 1596 5970 3098 6137
3467 167 5174 1851 5566
3468 3835 5614 5402 5985
3469 5403 5695 5322 6105
3470 3861 3930 3859 3860
3471 2850 5597 2851 2848
3472 288 5658 289 5676
3473 1166 2108 1167 2109
3474 4588 5631 311 5870
3475 5163 5197 5160 5199
3476 1653 802 1651 5898
3477 2696 253 251 249
3478 4798 1974 1455 4784
3479 940 5288 1780 5533
3480 2215 1196 1195 5543
3481 2781 2403 6026 945
3482 3537 2271 4261 6220
3483 824 821 1790 5211
3484 3244 5727 5320 5786
3485 1870 1865 1864 5479
3486 1078 5360 609 5548
3487 1790 5981 1787 6077
3488 2583 2582 195 5691
3489 3427 5397 3431 5932
3490 1395 5523 841 6094
3491 2202 2918 1096 1097
3492 4563 5668 2521 5675
3493 2959 1328 3316 5434
3494 2110 2612 632 6015
3495 612 611 1672 5390
3496 1948 5752 2415 5935
3497 5309 5382 172 5915
3498 2792 2791 2794 3218
3499 2765 285 284 5817
3500 5181 5214 5172 5637
3501 4886 5568 5379 5652
3502 2197 2198 1170 3859
3503 3864 6063 5758 4314
3504 4661 5567 4740 5823
3505 2218 4008 4553 6067
3506 1183 1188 1187 5484
3507 4691 935 2435 6044
3508 452 5976 456 450
3509 4729 1716 3139 2951
3510 2706 2076 2075 5918
3511 5375 5714 5271 6162
3512 4089 4087 5059 5714
3513 3716 4885 3200 5248
3514 5851 5756 5530 5954
3515 758 2867 5150 5892
3516 1165 2462 1166 2109
3517 3301 5237 3300 3303
3518 1170 2198 3860 3859
3519 1165 1166 1167 2109
3520 1544 4965 2543 5351
3521 4366 4736 5400 5039
3522 3927 3862 3929 3928
3523 5655 5721 5324 6212
3524 5101 5623 537 536
3525 892 3612 1093 5387
3526 499 497 498 501
3527 2481 5910 3133 5938
3528 3761 5175 3527 5242
3529 2069 4653 6167 3582
3530 4893 5573 4426 6143
3531 3928 1166 2197 2462
3532 3951 5175 3949 5444
3533 2972 2974 2975 5685
3534 5687 5741 5641 5913
3535 3859 3930 3862 3929
3536 5238 5450 2185 6164
3537 3213 1287 3211 3212
3538 3862 4686 2108 3926
3539 2197 1166 1165 2462
3540 3928 2462 2109 1166
3541 5970 6104 5428 6132
3542 582 2650 1571 4218
3543 3862 3928 1166 3859
3544 2232 2961 2233 5483
3545 481 4565 482 5566
3546 2197 3859 1166 3929
3547 3929 3859 2198 2197
3548 3928 3859 3862 3929
3549 3929 3862 3927 3930
3550 5249 5583 3755 6138
3551 693 5740 1760 2001
3552 3583 5761 212 6109
3553 333 4644 2280 6171
3554 3926 3862 3861 3927
3555 3859 2198 3930 3929
3556 2197 1166 3928 3929
3557 420 5834 6003 6225
3558 1166 3859 3928 3929
3559 3860 2198 1170 3931
3560 1689 1691 1693 6213
3561 3930 2198 3859 3860
3562 1170 1166 2197 3859
3563 2108 3928 3862 3926
3564 3325 3775 4068 3326
3565 3621 506 3615 6094
3566 1031 1028 1032 5409
3567 6003 420 1706 419
3568 2956 5190 4838 5951
3569 5423 5971 3458 485
3570 2031 5574 2691 5895
3571 5625 629 891 191
3572 2916 5362 5228 5859
3573 2433 4483 4607 5368
3574 3213 1289 1282 3210
3575 322 1594 1598 6137
3576 3438 6110 1002 6118
3577 908 5794 909 6138
3578 841 5523 506 6094
3579 1609 1608 1612 1611
3580 5264 5529 5433 6178
3581 4823 52 47 1231
3582 15 2897 2900 16
3583 42 39 1227 218
3584 38 47 219 1227
3585 2328 5398 1315 6039
3586 5131 6063 3866 3864
3587 1381 1382 3763 5472
3588 4422 5626 2251 5646
3589 3681 5173 3675 5458
3590 4665 3821 3808 5232
3591 1291 5450 3288 5492
3592 5119 4744 3058 5359
3593 449 5286 828 5705
3594 5227 5617 5417 5667
3595 3172 3170 3171 5735
3596 2098 6044 2094 273
3597 2652 1571 4667 6082
3598 263 5367 3338 1607
3599 1977 2554 2553 1979
3600 5020 5487 1610 5021
3601 1528 4922 2061 5266
3602 2902 826 16 4921
3603 5470 5729 1009 5924
3604 1011 5470 1407 5625
3605 5291 5442 5230 5579
3606 5074 3995 3997 5937
3607 4687 3763 5603 4560
3608 1610 3598 3505 5487
3609 5438 5452 5237 5927
3610 5245 5913 5423 6114
3611 2533 2535 3475 5488
3612 2038 5561 5329 2039
3613 1996 1993 1995 5710
3614 1496 5428 268 6132
3615 908 909 910 6138
3616 798 3307 195 2579
3617 2315 2311 3239 3238
3618 4811 4224 4217 5583
3619 5191 5653 5469 5898
3620 4889 4050 3690 5492
3621 4165 5897 4043 5934
3622 1784 1665 1669 1664
3623 3689 4692 3686 5443
3624 1548 6136 5532 6206
3625 1869 5479 1865 1870
3626 2905 4325 4326 5331
3627 1535 1536 1533 5553
3628 5372 5852 5761 6109
3629 2271 5078 4261 6220
3630 1217 5484 2367 5503
3631 3098 5970 1598 6137
3632 3687 2744 4945 5443
3633 3205 1258 3342 5341
3634 1137 6130 3837 3839
3635 4938 5879 5369 6181
3636 771 5846 775 6126
3637 2286 435 2285 6021
3638 5527 5841 5162 5892
3639 415 6035 3532 6151
3640 1612 1608 1609 1610
3641 5101 5833 1706 6225
3642 4076 5405 1495 5428
3643 4523 5465 4935 6125
3644 754 5940 752 751
3645 5179 5463 2559 5495
3646 1797 5263 1798 5582
3647 264 265 1611 2064
3648 3472 5238 3475 5488
3649 4286 2978 6134 2980
3650 1798 5263 1192 5582
3651 4156 5433 4155 5501
3652 5337 5390 5184 5425
3653 1406 5625 1407 1409
3654 5170 5316 5208 5346
3655 3754 5589 909 4128
3656 1549 5711 1915 5868
3657 4822 80 79 5203
3658 3607 3482 1490 3608
3659 1224 4352 1076 6135
3660 279 275 277 5737
3661 5162 5841 5767 5892
3662 3213 1288 1282 1287
3663 1129 6073 1134 6209
3664 4403 5761 5372 6075
3665 4013 651 4997 2618
3666 663 3405 302 5602
3667 1829 1825 1827 1824
3668 875 874 868 5224
3669 2985 5183 4791 5595
3670 1790 772 4952 5497
3671 719 1887 1890 718
3672 1098 3941 500 5290
3673 1981 5401 1978 1982
3674 940 5221 3059 5359
3675 3465 5253 3039 5420
3676 2609 5638 5586 6010
3677 5289 5544 5512 6077
3678 1 7 3 1067
3679 2602 2600 4401 4400
3680 5292 5385 3330 5894
3681 594 598 3254 5685
3682 2186 4116 2187 2189
3683 1112 1114 1116 5832
3684 426 430 1313 5739
3685 114 5380 1399 5707
3686 3943 5920 1106 6089
3687 4899 4331 4330 3532
3688 4876 5812 4333 6068
3689 1999 1995 2377 1188
3690 456 5976 5584 5984
3691 3084 6121 1449 2053
3692 2659 2888 2655 2658
3693 2116 291 2117 5676
3694 5303 5532 2253 5860
3695 3746 5637 4317 6070
3696 4813 5179 4970 6084
3697 4635 1637 756 5564
3698 1744 1739 438 5955
3699 4653 4946 5761 6167
3700 5972 6098 5887 6115
3701 1141 5643 402 1138
3702 5241 5452 1997 5484
3703 5432 5794 5221 6030
3704 4890 4640 457 4892
3705 5272 5375 5307 5454
3706 3483 1666 3360 5223
3707 1499 1502 1501 5250
3708 5245 5510 5423 5641
3709 2263 4571 2264 5280
3710 97 5509 4291 98
3711 4824 4890 4640 4913
3712 1103 1102 4534 4535
3713 1978 5401 1981 4793
3714 4193 2520 3917 5187
3715 3687 5443 3688 3686
3716 3875 5501 859 3876
3717 4621 6073 4570 3077
3718 1423 1854 1421 6040
3719 3469 3668 3468 5420
3720 5039 5793 4366 5899
3721 2931 5669 3969 5670
3722 2220 5379 1673 5560
3723 5617 5633 2879 5667
3724 5760 5994 5702 6083
3725 5397 5522 4958 5742
3726 5549 5756 3947 5954
3727 1978 4793 1981 1980
3728 5194 5841 5767 6071
3729 1783 5221 940 5533
3730 1819 6052 5826 6131
3731 5185 5318 957 5341
3732 2897 14 2900 16
3733 550 5360 551 5548
3734 2567 923 659 6088
3735 3990 5426 5634 5551
3736 5311 5317 5102 5653
3737 569 2563 570 5501
3738 3289 2051 3388 5820
3739 816 3402 709 5984
3740 2121 5832 2119 6011
3741 370 5161 369 859
3742 4243 6200 4244 3370
3743 4749 5443 3288 5492
3744 5160 5345 5290 5479
3745 3151 3644 682 1105
3746 1793 1788 821 5211
3747 61 1502 2056 5267
3748 5174 5585 5502 6056
3749 5191 5469 5371 5705
3750 2214 2217 2215 5165
3751 1216 5484 1217 5503
3752 682 3644 3151 683
3753 4667 1204 2654 5408
3754 5281 5442 5230 5736
3755 4421 4292 2261 4245
3756 748 749 744 5665
3757 4529 4530 4533 3570
3758 2708 5714 3381 5269
3759 2595 5510 5033 5545
3760 3222 5439 5329 5490
3761 167 168 170 5566
3762 1187 2378 2365 2377
3763 2216 5165 2215 5424
3764 649 6022 6116 6123
3765 499 498 1098 5290
3766 5346 5556 5208 5732
3767 5386 5647 5389 6125
3768 1098 1097 1867 5290
3769 4668 2671 2670 1357
3770 86 5659 1538 5671
3771 74 86 2460 5498
3772 1187 1217 1185 5484
3773 17 2190 2901 2188
3774 5192 5424 1195 5512
3775 4683 3207 3873 4656
3776 2112 5669 2116 2117
3777 4921 2902 412 5670
3778 4529 3570 4533 3569
3779 5578 5632 5619 5956
3780 4647 4973 4646 5350
3781 4292 743 746 4245
3782 1866 1088 3080 5464
3783 3460 4475 3461 3462
3784 5410 5437 5434 5471
3785 821 5211 1791 1793
3786 5372 5475 5196 5587
3787 3910 1358 2672 5640
3788 1668 5484 1218 6129
3789 715 2113 716 719
3790 1090 962 4983 2090
3791 1865 5467 1863 5479
3792 3080 3081 1863 5464
3793 317 314 313 5641
3794 239 4825 3199 5166
3795 4761 4157 4760 5596
3796 4529 1786 4533 4554
3797 3611 5504 5075 5759
3798 2545 5256 870 3912
3799 600 5785 604 5881
3800 4658 5248 4182 5684
3801 5344 5797 5636 5945
3802 517 515 1947 3248
3803 3358 4676 4678 5569
3804 2897 16 15 2903
3805 1229 5127 4674 203
3806 2897 2903 2902 16
3807 1068 3041 2900 4413
3808 1666 4282 3093 5241
3809 445 449 442 5188
3810 824 822 823 825
3811 1850 755 3089 5451
3812 609 1079 612 5360
3813 11 13 4181 12
3814 101 5438 5321 5489
3815 2807 578 2804 5545
3816 1792 1791 1723 5981
3817 1728 6205 1727 2054
3818 3138 5409 5226 5969
3819 3532 826 823 825
3820 678 5755 676 677
3821 1453 5503 5489 6129
3822 118 1158 3625 5506
3823 822 3532 4330 826
3824 1893 1892 3532 4921
3825 823 3532 822 826
3826 2873 5658 4346 5676
3827 1135 1128 2883 5904
3828 1693 1689 1687 1691
3829 3847 1618 3846 1614
3830 4196 2845 4198 5673
3831 6227 154 2334 3037
3832 2444 5708 2445 6161
3833 305 302 4923 5188
3834 3176 4937 1050 6211
3835 1742 2687 3411 5901
3836 3698 2070 3697 5918
3837 5217 5575 5198 5691
3838 2151 122 1983 5505
3839 2065 3105 209 6057
3840 2338 5611 2337 6202
3841 28 27 26 5987
3842 5497 6035 5251 6151
3843 412 4921 414 2902
3844 1378 5242 1383 5472
3845 718 5144 715 719
3846 2200 5701 2127 5753
3847 1068 1069 2897 2899
3848 3 11 2900 2897
3849 3670 3863 3463 6119
3850 134 660 923 6088
3851 4901 825 824 4900
3852 824 825 1724 4900
3853 4180 2189 2901 5233
3854 4101 5790 5251 6035
3855 1608 1610 1612 5487
3856 2831 5763 2832 6005
3857 1508 5342 1509 5801
3858 3035 5611 3032 6007
3859 5475 6037 5939 6103
3860 2564 2697 2565 6013
3861 2654 1808 4667 6119
3862 1997 5241 1995 6122
3863 823 822 824 821
3864 3232 6000 1662 2508
3865 4778 5746 2282 6049
3866 4330 3532 821 4899
3867 5690 6161 5762 6214
3868 2655 5511 4329 6036
3869 1661 1657 1656 6000
3870 3995 5937 5456 6009
3871 4862 4866 2865 5767
3872 4122 5323 4082 5431
3873 1341 5939 3378 6006
3874 3453 1986 586 5519
3875 2617 5966 5432 6176
3876 1188 5484 1997 6122
3877 4352 4986 4956 6135
3878 5256 5762 5690 6217
3879 4736 4737 1198 5400
3880 1992 259 2936 5864
3881 2648 6038 5418 6112
3882 3466 5253 5447 3467
3883 945 5306 2404 6026
3884 2717 4911 4910 5686
3885 489 5325 4178 5913
3886 4116 3715 3716 4658
3887 4728 1067 4883 5684
3888 1987 5156 1983 1985
3889 881 5403 884 5600
3890 101 5489 5300 5509
3891 5237 5452 5438 5983
3892 1238 5952 5364 397
3893 3644 2379 686 683
3894 5349 5432 5258 6176
3895 3650 5455 2055 6173
3896 4575 5325 488 5485
3897 4650 2607 4648 6010
3898 2367 1726 1792 2383
3899 4683 3873 5033 5510
3900 5691 5524 838 5468
3901 5038 1055 1441 6159
3902 4809 4109 4496 5735
3903 3924 3062 601 5924
3904 2131 5848 5418 6179
3905 1896 5361 1897 5817
3906 446 4537 4536 6014
3907 3993 834 196 194
3908 5272 5334 4703 5708
3909 3791 4291 3790 3793
3910 660 659 923 6088
3911 6123 2368 2369 5302
3912 2151 4207 1221 5156
3913 2605 2603 2604 5586
3914 1993 5520 3273 3274
3915 419 5834 1708 6003
3916 1106 6175 1749 1107
3917 3446 3447 4613 5820
3918 42 2374 2372 1025
3919 1298 5594 870 5256
3920 5329 5681 5284 5975
3921 3824 5200 3696 5259
3922 1381 3763 3762 5472
3923 1283 6216 1281 1282
3924 5076 5086 3255 5654
3925 1313 4200 1314 5817
3926 5158 5512 5435 5628
3927 402 5419 1138 5643
3928 1203 6080 1209 2784
3929 1451 1453 2052 1219
3930 5389 5394 5386 6125
3931 1185 1187 1184 1217
3932 5158 5400 5289 5512
3933 5406 651 2618 6080
3934 1822 6131 3222 3221
3935 3752 5249 3753 5803
3936 2255 2253 2254 5819
3937 5184 5425 5390 5514
3938 284 282 281 5817
3939 3938 5916 4484 5928
3940 1491 4629 4673 5718
3941 2743 6018 2741 4944
3942 2840 2837 4938 5369
3943 3899 4340 4341 5743
3944 1278 6102 1277 6156
3945 5671 763 5553 6189
3946 5331 5582 5374 5808
3947 1769 4397 3969 1767
3948 2282 5746 4991 6049
3949 3772 5325 4575 5485
3950 1926 5342 1839 5936
3951 1218 1453 1216 1219
3952 193 5524 192 5691
3953 2644 3111 3112 5905
3954 5132 5119 3061 5720
3955 2801 5206 1972 5514
3956 4271 2606 4958 5522
3957 3770 3772 3768 5439
3958 2510 5457 2511 6141
3959 2521 5949 2525 2524
3960 2225 6000 2230 6227
3961 4532 601 3062 5453
3962 2237 2114 2238 2233
3963 709 5976 456 5984
3964 3530 87 5087 5654
3965 5312 5635 5124 5724
3966 4281 4282 3483 5515
3967 4832 5769 3109 3108
3968 5804 5849 5233 6035
3969 978 5414 1620 1621
3970 728 5645 727 6154
3971 868 870 1297 5464
3972 3193 1292 1290 5592
3973 2842 5225 2841 5510
3974 3650 5869 5436 6194
3975 4249 5560 5407 5652
3976 2351 5394 4321 6021
3977 4504 4503 2851 6099
3978 3736 3374 4033 5814
3979 2365 2362 2364 2375
3980 1706 6003 1707 6225
3981 1002 3438 3439 6110
3982 1647 4813 3755 5583
3983 777 780 3568 3266
3984 1350 6133 1346 310
3985 2609 2610 5586 5638
3986 4522 5440 3261 5907
3987 4370 5187 2358 5790
3988 4910 5171 5047 5909
3989 4580 5426 1603 1721
3990 14 2192 2897 13
3991 4749 3287 3286 4857
3992 1407 5470 2684 5924
3993 2938 5064 5075 5504
3994 1717 2472 2473 6169
3995 3791 3796 3794 5509
3996 4951 5042 1240 5527
3997 1309 1306 1308 5357
3998 771 5424 4440 5748
3999 1456 1360 1452 2670
4000 5344 5742 5459 6025
4001 5146 4291 3791 5509
4002 3181 5605 3293 5904
4003 1728 6205 1725 1727
4004 4619 4463 4462 5568
4005 4610 4834 4611 5236
4006 1805 2924 5535 5329
4007 5254 5908 5168 6115
4008 5529 5608 1936 5917
4009 4474 4668 1452 2670
4010 2096 5723 2094 5816
4011 598 597 199 5654
4012 2151 3985 5505 5156
4013 1616 2630 2631 1615
4014 3095 62 66 65
4015 413 5670 416 3000
4016 2938 5498 2973 5675
4017 4084 5404 4297 5431
4018 4986 4987 3072 6135
4019 5395 5680 2082 5692
4020 2921 4575 488 5485
4021 5186 5347 2825 6058
4022 1350 309 5632 310
4023 1785 1664 1784 6129
4024 3460 1729 3461 5211
4025 2733 2731 2413 5622
4026 2501 3564 2499 5203
4027 1151 1394 1395 5523
4028 5332 5826 3040 6052
4029 4414 5954 559 6093
4030 5376 5456 5388 6028
4031 143 5777 141 5911
4032 5101 6196 5623 536
4033 2945 1383 2997 5278
4034 1054 1441 1053 5863
4035 4184 6063 4185 6158
4036 5386 5394 5168 6021
4037 780 1961 4283 5331
4038 4843 5228 5017 5859
4039 5482 4696 1418 5651
4040 1272 4125 4123 1274
4041 191 1409 189 5625
4042 4822 4385 4210 5203
4043 5176 5436 5392 5526
4044 492 5429 490 1120
4045 4987 4986 4350 6135
4046 440 2687 439 6125
4047 1374 3126 3128 6012
4048 2285 5798 2351 6021
4049 5258 5719 5349 6176
4050 5169 5305 5260 5927
4051 3275 4673 4629 5520
4052 5498 5654 86 5659
4053 1157 329 328 5915
4054 1395 6094 506 3621
4055 1828 6119 812 1825
4056 2299 1213 912 1270
4057 1975 5247 1361 3795
4058 321 323 324 5324
4059 3069 3068 4422 6135
4060 179 178 939 5414
4061 110 111 102 5574
4062 2219 5531 4819 6085
4063 3274 2443 4512 3276
4064 1387 2694 4528 5571
4065 5588 5628 3911 5640
4066 5552 5772 1717 6169
4067 3022 3973 3977 5824
4068 2865 5767 5194 5893
4069 5631 5869 5417 5958
4070 4356 5774 4382 5842
4071 1582 1583 1387 5571
4072 3432 6128 3622 4270
4073 1271 1272 4123 1267
4074 4071 5936 2047 6061
4075 3110 5278 2992 5919
4076 5532 1917 3568 5711
4077 1489 3273 5520 4673
4078 3413 1740 1742 5861
4079 171 407 411 6019
4080 5501 5384 859 5264
4081 3264 5209 2895 5521
4082 5354 5381 5313 5459
4083 1489 3273 4673 3275
4084 1638 5174 167 5599
4085 4340 3516 4341 5743
4086 3408 5399 2394 5777
4087 5254 5798 5717 5985
4088 3676 3675 3681 5173
4089 1523 5727 3357 5757
4090 2034 2030 3921 5315
4091 5224 5329 5201 5681
4092 3486 3772 2920 5439
4093 3504 1271 4123 5020
4094 3900 5350 220 177
4095 1488 5718 1491 6030
4096 911 6138 909 4217
4097 4269 3250 1947 5935
4098 1214 3675 3680 3679
4099 448 442 449 5328
4100 2142 5219 2146 5347
4101 3991 3505 3598 5231
4102 2935 5994 5409 6082
4103 1076 5906 1225 6135
4104 3432 3428 6025 3427
4105 1565 5214 1566 5236
4106 1773 301 1775 5279
4107 4676 5569 5565 5896
4108 5349 5719 2012 6176
4109 2876 5232 1690 5521
4110 3142 3140 5562 5224
4111 3504 5020 3505 3891
4112 2063 4619 5082 5266
4113 785 5171 481 920
4114 2587 4565 2586 5219
4115 4036 5531 2219 6085
4116 2087 1772 1778 5279
4117 5916 5928 5151 5941
4118 2552 2554 3338 3337
4119 5105 5499 5958 6043
4120 4365 5899 4461 4366
4121 5698 5795 4750 5934
4122 4986 4352 4350 6135
4123 4352 1224 1221 6135
4124 2286 2285 4321 6021
4125 410 411 407 6019
4126 4177 5325 4968 5771
4127 2011 5359 5190 5496
4128 4078 5405 5200 5415
4129 5657 6063 5604 6158
4130 67 68 69 6020
4131 1654 979 5016 5931
4132 4221 979 4222 5931
4133 4004 1545 4034 5923
4134 3696 4078 1498 5200
4135 5611 6007 5447 6227
4136 1215 5484 1668 6129
4137 5175 5444 4354 5673
4138 5565 5569 3358 5757
4139 4154 5590 4155 6146
4140 1781 100 1783 5533
4141 512 5746 2281 1763
4142 3429 2814 4025 5809
4143 5005 5689 1901 6091
4144 5212 5470 5287 5625
4145 3844 1908 2475 5429
4146 2666 1037 2193 5540
4147 4880 4733 1616 2164
4148 5665 5748 5424 5846
4149 5632 5813 2291 6152
4150 5176 5365 5316 5392
4151 3481 3482 3360 5223
4152 3481 1782 3617 5223
4153 1546 4513 4514 6191
4154 3712 3883 3711 5369
4155 623 1937 621 5529
4156 1799 5162 1479 5891
4157 5122 5232 899 4664
4158 2686 2689 2688 5465
4159 1750 5627 5395 5753
4160 3447 5820 3282 5855
4161 3680 5458 4515 3681
4162 5527 5883 1240 5952
4163 3037 6227 154 3034
4164 5230 5281 5215 5365
4165 1305 5750 2810 5829
4166 4709 4710 652 5815
4167 2424 2833 2559 5239
4168 5212 5625 5547 6087
4169 2101 5391 5558 5573
4170 476 475 478 5883
4171 4282 1998 1997 5241
4172 1825 812 455 5584
4173 2039 5535 1806 5741
4174 2624 2629 2625 5440
4175 4040 4043 4041 5922
4176 2196 5348 2195 5437
4177 5186 5394 5168 6058
4178 5275 6168 5761 6218
4179 80 4822 3565 5203
4180 3272 5462 4631 4800
4181 987 5970 1496 6132
4182 5597 5866 2852 6099
4183 1227 3256 199 5654
4184 3622 5381 4270 5459
4185 4125 1274 1272 4124
4186 5373 5576 5292 5965
4187 754 3371 5940 5162
4188 3363 1240 404 5527
4189 649 5421 644 6022
4190 5242 5278 1383 5472
4191 3886 1365 476 5883
4192 4903 5518 1349 5776
4193 5159 5298 5176 5436
4194 5202 5487 5302 5783
4195 4514 4513 1302 6191
4196 1336 5260 1977 5401
4197 1283 4601 2950 5528
4198 2011 2012 2009 5349
4199 4313 4311 4738 5277
4200 5424 5846 771 6126
4201 1556 2499 4212 5203
4202 2180 6182 2175 6204
4203 3669 3668 3469 5420
4204 3406 2254 4904 5776
4205 3407 3410 3408 6193
4206 3827 5729 3829 5946
4207 3476 6173 3650 2055
4208 4270 5381 2606 5459
4209 4123 1274 4125 4124
4210 1616 2164 4733 4805
4211 3991 5783 3891 3505
4212 3338 3373 5367 5260
4213 1267 5837 1270 1275
4214 2688 5465 2687 2686
4215 3135 6097 3767 5910
4216 2591 5546 5312 5724
4217 4110 4109 4809 5735
4218 5207 5990 733 6154
4219 1509 5342 1508 5829
4220 926 5473 137 6031
4221 5224 5641 5256 5741
4222 5170 5228 1526 5365
4223 912 5458 908 910
4224 5652 5856 5556 6005
4225 1365 5620 476 5883
4226 2985 5183 5154 5784
4227 541 2729 5336 540
4228 4546 5215 5213 5443
4229 5191 5541 5480 5639
4230 1035 5255 586 5626
4231 4840 3079 5085 5534
4232 5388 5473 5363 5901
4233 1492 908 6138 1488
4234 4155 5384 4156 5501
4235 4448 4451 4452 6184
4236 5337 5425 5403 6089
4237 5221 5297 5223 5533
4238 459 458 72 5203
4239 3376 5968 1946 6049
4240 475 479 3884 5883
4241 11 2897 4181 13
4242 5221 5321 5297 5533
4243 1644 1641 587 5868
4244 5222 5589 3906 5699
4245 2572 5744 1763 5746
4246 5232 5392 5209 5521
4247 4151 1198 4541 5512
4248 2393 4904 1345 5776
4249 4389 2089 3937 5737
4250 3586 3587 3588 5779
4251 3390 5080 3289 5820
4252 886 888 4645 5872
4253 3422 3694 3101 5259
4254 2554 3339 3338 3337
4255 767 763 3970 5553
4256 3564 5203 4212 2499
4257 4210 4385 3564 5203
4258 2484 5326 4454 6199
4259 5677 5685 598 6185
4260 3699 5827 5269 5858
4261 5314 5982 5630 6048
4262 1420 1421 1422 6040
4263 3564 3565 4210 5203
4264 5585 6076 5884 6124
4265 3900 172 175 5333
4266 5209 5474 5539 5232
4267 644 5302 2369 5393
4268 1143 5429 1144 5612
4269 1305 1306 5319 5750
4270 3115 3794 4402 4993
4271 5750 552 1308 4147
4272 1834 5751 3996 6009
4273 3264 5474 5209 5521
4274 5462 4631 4800 5714
4275 5571 5579 1253 2694
4276 2069 5761 4403 6075
4277 1488 5718 1493 1491
4278 772 6077 770 6126
4279 3565 72 80 5203
4280 5535 5741 5201 5971
4281 5307 5708 5272 5854
4282 945 5341 355 356
4283 938 677 676 5341
4284 253 2696 254 249
4285 5433 5583 5179 5590
4286 3499 5908 3501 6115
4287 3757 5612 95 1146
4288 2104 3879 3878 5558
4289 4822 4210 3565 5203
4290 3289 5080 3290 5820
4291 105 5193 104 5392
4292 3565 3424 459 5203
4293 3908 5435 4539 5628
4294 5151 5183 4791 5941
4295 5440 5363 5586 6010
4296 2658 5449 1589 1932
4297 100 3059 1783 5221
4298 5205 5506 5216 5709
4299 1195 1198 4151 5512
4300 2287 2289 2012 5719
4301 2761 5750 3387 5189
4302 3773 4688 4687 5472
4303 3772 3486 3769 5439
4304 5283 5554 5254 5674
4305 3135 5771 3767 6097
4306 904 5763 902 6005
4307 3069 4422 4335 5812
4308 2502 1060 1064 5887
4309 3421 5563 6004 2003
4310 2183 2182 1169 5285
4311 225 5382 221 5779
4312 5181 5217 798 5575
4313 1101 5169 1099 5289
4314 3799 5648 377 5962
4315 2408 6084 2412 6178
4316 4671 5347 5219 6056
4317 350 2076 5918 5998
4318 1899 5189 1901 5689
4319 1669 1785 2745 1784
4320 2468 1045 4846 5706
4321 1546 6191 4004 4513
4322 1904 3844 2475 5301
4323 838 834 833 5468
4324 3102 3100 3101 5259
4325 3141 1435 5224 6090
4326 5105 5635 5104 6043
4327 601 5212 599 5625
4328 87 3529 1538 5654
4329 5477 5651 1416 6079
4330 5376 5879 5369 6096
4331 4292 5377 743 4245
4332 1338 5460 2966 5536
4333 1481 5892 1485 1482
4334 1781 5533 1782 1665
4335 5389 5972 5887 6115
4336 2837 2840 2835 5369
4337 3706 5476 4977 6069
4338 5155 5588 4474 5640
4339 4347 2939 4348 5658
4340 2025 2024 2115 2026
4341 4473 4217 4224 5583
4342 5232 6053 1942 6130
4343 1707 6196 1706 6225
4344 3944 5648 3947 5851
4345 1138 1137 1141 5643
4346 3570 5544 1105 5289
4347 2920 5439 3772 5485
4348 5325 5439 5201 5485
4349 5329 5439 5201 5490
4350 2813 6053 5539 6130
4351 2760 4435 2759 5825
4352 1785 100 1781 1784
4353 2172 3956 3955 2171
4354 4409 5393 644 5780
4355 4894 4930 2638 5217
4356 4320 701 3359 5422
4357 5394 5845 5386 6125
4358 5505 3985 2151 122
4359 3090 318 317 5486
4360 5289 5400 1198 5512
4361 3319 5348 2195 5592
4362 1198 5400 5158 5512
4363 1198 1195 1196 5543
4364 3665 3237 5003 5781
4365 5388 5722 5473 6031
4366 5826 5918 6131 6052
4367 5658 5668 5483 6183
4368 2378 2377 1187 1188
4369 4410 3367 2014 5538
4370 1640 171 411 6019
4371 5580 5637 674 5795
4372 1182 1181 1179 5954
4373 5333 5373 619 6110
4374 5629 212 2067 2641
4375 317 5510 314 5641
4376 4207 4351 1221 5156
4377 2152 4207 2151 5156
4378 5197 5216 5205 5506
4379 447 4536 3236 6014
4380 1177 1174 1178 6150
4381 1717 6153 2472 6169
4382 3288 1291 2199 5450
4383 2260 2258 2257 2259
4384 2056 1502 55 5267
4385 95 5429 1146 5612
4386 1735 2591 2592 5546
4387 355 5341 2783 1258
4388 1718 6153 1713 6216
4389 5127 203 1229 204
4390 2807 5545 3873 5657
4391 945 3398 2404 5306
4392 1549 5303 3708 5532
4393 4811 4217 4813 5583
4394 4649 1051 4651 5901
4395 3960 5246 4185 5657
4396 3457 5971 5913 485
4397 2696 5736 2542 2543
4398 2624 5440 2623 5638
4399 2804 2805 2802 5545
4400 1415 1417 1418 5651
4401 657 5867 5244 6079
4402 656 5867 657 6079
4403 1528 1401 1527 5170
4404 6116 6022 649 6117
4405 4940 1417 3165 5482
4406 2525 5949 2521 2523
4407 3791 5509 3795 3796
4408 5153 6013 5601 6041
4409 263 5367 1609 5865
4410 968 5993 970 6080
4411 537 1177 538 6150
4412 537 1172 1177 6150
4413 621 5529 1936 5917
4414 4424 5532 5303 5546
4415 4681 5958 5724 6043
4416 2696 5190 2956 5496
4417 4660 4659 2699 5646
4418 2656 2659 2660 5511
4419 937 3342 938 5341
4420 1692 6008 1690 6041
4421 1527 1526 1528 5170
4422 4182 4658 3199 5248
4423 5370 5756 5725 5805
4424 3231 3229 3232 3230
4425 3090 2660 4643 5511
4426 5039 4541 4737 5158
4427 4481 1684 4840 5534
4428 3769 3486 3485 5439
4429 5227 5404 5312 6142
4430 55 1502 1499 5267
4431 3422 5563 4489 6004
4432 5229 5961 5495 6064
4433 1972 1970 4634 5445
4434 1726 2367 2364 5503
4435 4936 5474 2893 1690
4436 5456 5921 5751 6045
4437 5938 6097 5910 6140
4438 5287 5772 5552 6169
4439 3304 5964 4942 4788
4440 3140 5224 1435 873
4441 728 727 733 6154
4442 5358 5890 5884 6023
4443 4675 5576 998 5965
4444 5292 5607 5373 5965
4445 4960 5122 2878 5633
4446 4942 4788 648 647
4447 77 492 2819 5429
4448 3083 1302 4514 4513
4449 2867 4408 3045 5977
4450 1828 2489 6119 1825
4451 5772 6054 5900 6153
4452 2193 5540 1035 5626
4453 5191 5411 5181 5898
4454 4362 6161 4363 6217
4455 2680 5268 3835 5614
4456 80 72 67 5203
4457 3199 3716 3200 5248
4458 100 5321 1783 5533
4459 3950 5444 2846 3951
4460 5322 5740 2002 5933
4461 3305 5237 4365 5927
4462 2001 2000 460 5933
4463 5973 2875 5232 5060
4464 3378 5630 325 6006
4465 3584 3585 4916 6167
4466 1592 5524 2392 193
4467 1043 5706 1040 6027
4468 2284 1131 2285 6021
4469 1905 1904 90 5301
4470 4888 2009 2013 5953
4471 1002 1004 3438 6118
4472 2977 5716 2418 6157
4473 6143 6148 4893 6213
4474 5234 5351 5291 5570
4475 3107 2992 4394 5919
4476 3414 2839 1741 5369
4477 2332 2334 5611 6227
4478 6084 2412 2413 2410
4479 442 5188 449 5279
4480 434 433 437 6021
4481 3188 2285 2351 6021
4482 5268 5585 5174 5717
4483 2875 2876 2874 5526
4484 317 313 3091 5641
4485 2691 5895 2690 3046
4486 5324 5723 5655 5822
4487 2835 2840 2838 5369
4488 5132 5624 1152 1771
4489 5340 5433 5264 5529
4490 3698 3700 5310 5269
4491 3702 5791 3699 6074
4492 3773 2944 3774 5472
4493 5155 6121 6032 6205
4494 3669 3673 4168 5584
4495 5369 6028 5376 6096
4496 3487 2727 2726 5360
4497 1453 5489 2746 6129
4498 3767 6097 5201 5439
4499 5420 3468 3463 5584
4500 652 4710 5133 5815
4501 428 429 605 5548
4502 3046 5574 2031 5895
4503 3371 754 1480 5162
4504 4394 5919 4395 3107
4505 5263 5582 5243 5808
4506 3422 5259 4490 5563
4507 5004 5827 5714 5269
4508 5272 5274 5271 5550
4509 5182 5792 5708 6051
4510 3693 3691 3692 5259
4511 255 5860 5366 6069
4512 997 998 2310 6118
4513 5213 5228 1529 5346
4514 3481 3617 3614 5222
4515 3953 5175 3951 5444
4516 154 2622 2229 2225
4517 2691 107 387 5895
4518 5973 899 5232 5526
4519 5452 5503 5155 5981
4520 5223 5699 1488 6030
4521 5160 5410 5345 5467
4522 1004 5607 1236 6118
4523 2253 5646 5303 5860
4524 2637 4894 5653 5191
4525 5198 5541 5191 5639
4526 720 2482 5938 5462
4527 5498 5685 2972 5843
4528 646 644 645 5642
4529 3586 2773 3245 5786
4530 1305 5319 2810 5750
4531 490 3842 494 5429
4532 459 72 3565 5203
4533 5159 5526 5392 5643
4534 4272 5700 4274 6074
4535 1301 5679 1297 1299
4536 998 5965 3438 6118
4537 3486 5329 3222 5439
4538 5151 5595 5183 5928
4539 5552 5700 4272 6074
4540 1172 1176 2346 6150
4541 3767 5325 5771 4708
4542 2763 5739 2018 5750
4543 2884 5798 2285 6021
4544 1596 3098 1598 6137
4545 1878 5720 96 2616
4546 702 701 4320 5422
4547 3792 4290 3791 5146
4548 5195 5833 5275 6196
4549 1488 5223 1489 5699
4550 104 105 102 5574
4551 5340 5495 5422 6064
4552 3791 4290 3790 5146
4553 4026 6196 1707 6225
4554 6104 6132 5970 6137
4555 435 433 434 6021
4556 2992 5278 4792 5919
4557 972 974 977 6060
4558 77 5429 1143 1142
4559 2007 5830 4417 6093
4560 881 883 884 5403
4561 5185 5212 5120 6087
4562 3900 615 750 5333
4563 2881 3238 2311 5693
4564 3615 3617 3619 5222
4565 873 4915 3140 5224
4566 3115 3792 4290 4402
4567 3466 5253 3464 6202
4568 5297 5321 1784 5533
4569 5232 5539 5392 5643
4570 485 4638 3458 5423
4571 640 3657 641 5712
4572 2745 99 2746 2747
4573 1333 1336 5305 5885
4574 1320 5838 1322 6170
4575 4402 3794 3115 3792
4576 2065 5475 2067 6179
4577 2081 5395 2082 5692
4578 5192 5846 5790 5873
4579 5263 5323 5227 5734
4580 2579 2581 195 5062
4581 2891 3183 2099 5644
4582 5215 5365 5257 6148
4583 3414 1740 3413 5861
4584 2511 2510 4464 5457
4585 5119 3058 3061 5720
4586 2875 5232 2876 5526
4587 3012 5649 876 5672
4588 899 402 399 5643
4589 3501 5908 2503 6115
4590 5624 5359 5132 5496
4591 530 5398 531 528
4592 3639 4699 1512 5801
4593 79 4385 4822 5203
4594 5553 763 5671 761
4595 3620 3906 3616 5222
4596 1483 4863 5892 754
4597 5216 5333 5234 5686
4598 5362 5556 5208 5652
4599 3541 1374 1369 5534
4600 5337 5390 3435 5814
4601 5225 5922 5245 6114
4602 4250 4769 4252 5554
4603 1759 1758 2800 5184
4604 5536 5630 3378 5939
4605 5641 5741 5423 5971
4606 1428 1430 1429 5947
4607 1556 2501 2499 5203
4608 2482 5462 2480 5938
4609 278 5327 4485 5914
4610 5184 5445 5425 5688
4611 3790 5146 4290 4291
4612 1545 5789 1546 5923
4613 194 5468 5270 6033
4614 3903 1748 3177 5395
4615 5482 5592 1290 6127
4616 5229 5495 5340 6064
4617 5327 5378 5191 5637
4618 3414 1438 2835 5369
4619 2754 5115 4021 5855
4620 5190 5496 5359 5951
4621 5166 5668 2939 5675
4622 5301 5853 5408 5989
4623 320 5324 322 6212
4624 3883 3712 4739 5369
4625 4479 5336 3576 5792
4626 1783 100 1785 1879
4627 3237 522 526 5781
4628 2834 3397 2557 5250
4629 4384 6228 2269 1262
4630 1050 4937 4476 6211
4631 2809 5189 3291 5689
4632 1868 5467 1867 2201
4633 5261 5528 5339 5900
4634 2033 5315 4206 3920
4635 4474 6032 4475 6145
4636 3357 5351 1634 5757
4637 255 1572 1575 5366
4638 1623 1626 1629 5676
4639 3615 3616 3614 5222
4640 3906 3614 3616 5222
4641 3617 1782 1780 5533
4642 3059 5221 100 1876
4643 899 399 894 5643
4644 1785 100 1783 1781
4645 1080 2384 1079 5814
4646 3967 3965 2978 5425
4647 5729 5924 5252 5946
4648 4386 5343 69 6020
4649 3735 3736 4033 5814
4650 5312 1954 1457 6142
4651 5224 3141 3140 1435
4652 4371 6145 5588 4628
4653 2542 5359 2534 5496
4654 5379 5560 5208 6085
4655 1748 6211 1750 1747
4656 3967 4287 1444 5425
4657 2841 4683 4406 5510
4658 3981 3629 3978 5339
4659 2369 4595 4409 5780
4660 3025 5714 4800 4631
4661 4679 4836 4835 4133
4662 5278 5480 4751 5610
4663 3256 3530 217 5076
4664 5480 5696 5637 5795
4665 778 1548 1550 6136
4666 1362 1360 1974 1363
4667 4999 3134 2485 5771
4668 3127 3126 1374 6012
4669 4178 5325 4177 5913
4670 2564 2732 5153 2730
4671 1204 1202 1203 5408
4672 1197 5289 1199 5400
4673 1099 5169 1102 5289
4674 4439 4157 2533 5383
4675 5272 5708 4703 5854
4676 5611 5826 5332 6052
4677 6004 6060 6055 6149
4678 4096 4097 4095 5855
4679 2545 1299 2822 2544
4680 893 5387 891 5881
4681 3915 2029 3815 3914
4682 873 5256 5224 5641
4683 404 5419 3363 5527
4684 964 963 1203 5408
4685 4791 5183 5151 5595
4686 4637 3194 3195 5592
4687 4911 2716 4189 2717
4688 1732 1734 1735 5808
4689 4883 2971 2239 5684
4690 2884 738 2285 5798
4691 1876 1877 100 1879
4692 1079 609 1078 5360
4693 2948 1716 3139 5310
4694 2492 2494 1561 5403
4695 5478 5534 5376 5955
4696 398 475 395 5810
4697 4626 4628 4627 6145
4698 699 5597 2854 5917
4699 4868 5266 4922 5559
4700 2497 5026 2496 5695
4701 382 5133 4710 5815
4702 5279 3268 663 5602
4703 3183 3186 2891 3185
4704 3121 790 3961 5580
4705 4811 5583 4813 6084
4706 5434 5437 2959 5591
4707 448 5328 4537 5737
4708 2534 2012 2011 5719
4709 3791 5146 3790 4291
4710 1241 1240 3363 5883
4711 3590 3591 3589 5926
4712 3053 3054 3048 5612
4713 2017 5548 2016 5750
4714 2041 1805 2038 5561
4715 2726 1078 429 5360
4716 5583 5590 5177 5951
4717 3708 6108 5532 6210
4718 1050 1438 1440 5369
4719 4291 97 99 3793
4720 2844 5225 4683 5510
4721 3119 5236 4750 5992
4722 2382 4680 6051 5850
4723 4534 5289 1102 1199
4724 2708 5269 3381 5918
4725 2532 2011 2010 2531
4726 5408 5989 965 6080
4727 3844 495 494 5429
4728 551 5360 5041 5548
4729 4802 3657 640 5712
4730 2332 5611 2335 155
4731 774 4952 772 5790
4732 1493 4629 1491 5718
4733 113 1399 114 5380
4734 3588 4881 2775 5779
4735 3755 4813 4217 5583
4736 107 105 106 5481
4737 5680 5730 68 6020
4738 5281 5596 5215 6018
4739 5477 5542 3571 6127
4740 1544 1540 1634 1541
4741 495 490 494 5429
4742 3184 3821 1942 6130
4743 5403 5425 5322 6089
4744 3223 5490 3484 5975
4745 3082 4004 6191 4513
4746 2787 6081 2528 2530
4747 2985 5784 2984 5839
4748 2342 5980 3944 3948
4749 318 5510 314 317
4750 3387 3103 5739 6091
4751 1727 6121 5503 6205
4752 195 5691 193 192
4753 3901 1748 3903 5395
4754 201 3529 1227 5654
4755 4321 2285 3188 6021
4756 4798 1454 1455 1974
4757 5541 5769 1929 6100
4758 2331 5630 2388 6039
4759 4879 2720 2102 5598
4760 2747 5099 99 5098
4761 2285 5798 737 2351
4762 533 5493 4895 5799
4763 3289 5080 2810 5689
4764 1545 4004 6191 5923
4765 455 5584 456 5976
4766 901 903 5782 5662
4767 92 90 653 5301
4768 1453 2746 1450 1454
4769 1358 3910 5158 5640
4770 2734 5269 5180 6131
4771 4483 5368 2428 5546
4772 5264 5433 5384 6178
4773 5244 5867 5344 6079
4774 4175 3240 2760 5825
4775 3373 5367 1608 5865
4776 4405 3974 4344 5824
4777 641 5454 5272 5712
4778 3844 1909 5853 5301
4779 2358 5304 2356 5790
4780 5706 5994 1045 6027
4781 5447 5994 5253 6083
4782 281 5361 4202 5817
4783 4839 5478 1682 6073
4784 3715 3716 4658 5684
4785 5224 5446 4915 5562
4786 5588 4627 4628 6145
4787 4759 5988 2788 6081
4788 4571 5280 4440 5748
4789 2901 2190 2191 5233
4790 3040 4239 1821 5826
4791 2687 5901 439 6125
4792 5229 5422 5340 6099
4793 3430 3433 3427 6016
4794 5033 3207 2789 2790
4795 3644 5544 682 1105
4796 873 5224 1435 5641
4797 789 788 674 5580
4798 5035 5468 837 5691
4799 5198 5575 5468 5691
4800 1435 315 1434 5641
4801 4045 4040 3148 4834
4802 6013 5153 2562 2564
4803 2255 5940 4240 6200
4804 1370 1374 3128 6012
4805 4610 5448 4834 5696
4806 5434 5957 1324 5528
4807 5197 5506 5320 5786
4808 2041 5561 2038 5562
4809 2607 2604 5586 2605
4810 3421 6004 4489 977
4811 1569 1565 4789 5214
4812 1957 3199 3200 5248
4813 5200 6024 5428 6104
4814 4840 5478 3079 5534
4815 6182 6188 2175 6204
4816 398 395 393 5810
4817 4670 5723 4106 5816
4818 2969 1125 3418 5500
4819 5237 5438 3795 5983
4820 3081 5464 871 6191
4821 975 5982 5314 6060
4822 5039 4737 5400 5793
4823 5540 1037 3452 1038
4824 2099 5209 2891 5644
4825 5087 89 4721 5654
4826 1263 1262 3806 6228
4827 2256 5819 2964 6171
4828 740 2679 3836 5402
4829 5053 1182 4414 5549
4830 622 2854 626 5917
4831 4821 5338 3732 5814
4832 1462 3004 1463 5572
4833 4102 5251 4101 6145
4834 3078 1372 1371 5955
4835 251 250 2696 249
4836 3058 4743 3059 4744
4837 4743 940 3059 4744
4838 5385 5570 560 5770
4839 1453 1668 1218 6129
4840 3866 5604 4561 5758
4841 3699 5693 2073 5791
4842 5037 4089 5059 5714
4843 3944 5756 5725 5851
4844 5327 5328 5286 6070
4845 5706 5994 5760 6083
4846 1957 5166 3199 5248
4847 83 3787 3789 5828
4848 4519 4308 6184 4518
4849 3697 2070 2072 5918
4850 4370 5251 4101 5790
4851 327 811 1158 5915
4852 5185 6186 5120 5212
4853 1634 1540 1542 1541
4854 785 781 481 5171
4855 1544 1541 1545 1547
4856 789 5580 674 5795
4857 841 1395 1394 5523
4858 4741 4742 4676 5896
4859 2251 5303 2252 5646
4860 4198 4197 1929 1933
4861 3915 2029 1520 1517
4862 1387 5385 5291 5571
4863 1021 3905 1678 5886
4864 3815 1632 2028 2029
4865 5204 5940 5819 6200
4866 5353 5824 1708 5834
4867 5669 5670 2237 5682
4868 4371 5588 2357 4628
4869 3427 116 654 6016
4870 5039 4366 4461 5899
4871 2587 5219 2584 5566
4872 330 5932 4497 6016
4873 4667 2935 2652 6082
4874 2569 5797 5344 6079
4875 439 5605 438 6021
4876 5174 5566 167 6019
4877 1896 1897 1898 5817
4878 6003 6196 4026 6225
4879 820 3311 818 6065
4880 5771 6001 5201 6097
4881 2137 2140 2138 2136
4882 5220 5316 5178 5616
4883 5232 5521 2876 5526
4884 2762 285 2765 5817
4885 4354 5175 3953 5444
4886 5826 5918 5611 5998
4887 3148 4040 4045 5922
4888 3099 3100 3102 5200
4889 5168 5890 5389 6115
4890 3388 1514 2810 5750
4891 1877 5221 96 5966
4892 1309 5357 5206 5514
4893 1542 5565 1543 3356
4894 5368 5546 3653 6066
4895 1117 1116 1114 5832
4896 3077 5478 4839 6073
4897 4817 5193 5142 5886
4898 4800 5066 4802 5714
4899 5665 5846 5424 5873
4900 3291 1899 3289 5689
4901 5120 5547 5212 6186
4902 621 622 620 5917
4903 1582 4927 5351 5570
4904 5344 5840 5636 6124
4905 3629 5339 3224 6131
4906 5151 3939 4791 5595
4907 313 314 315 5641
4908 1851 5174 1638 5599
4909 4175 3245 5320 5786
4910 1493 1492 1269 5718
4911 2543 251 2696 2541
4912 5130 2541 2543 4965
4913 3500 5556 1248 6163
4914 4636 5838 4618 3898
4915 3357 1634 1631 1633
4916 4626 4371 4628 6145
4917 1542 1634 4965 1540
4918 3943 6089 1106 6228
4919 5279 5328 442 5888
4920 3649 5499 4429 3650
4921 4565 5566 5174 6056
4922 251 253 2696 2541
4923 3734 4821 3732 5814
4924 1017 5568 1083 1015
4925 168 167 1851 5566
4926 2542 2696 251 1771
4927 1634 1540 1544 4965
4928 1540 2543 1544 4965
4929 3244 5320 4002 5352
4930 4463 5316 3904 5568
4931 5322 6072 1556 6211
4932 5674 5763 5554 6005
4933 1658 1914 1662 5960
4934 195 2581 2579 5575
4935 754 5162 5940 751
4936 1113 5353 421 5834
4937 1546 5789 4514 5896
4938 5130 4965 2543 1540
4939 5130 2541 4965 1635
4940 1080 4033 3435 5814
4941 677 5755 5341 6188
4942 4497 329 3628 5878
4943 1630 1632 1520 2029
4944 1635 2541 4928 5130
4945 2734 5910 5180 5269
4946 3619 5222 3617 5288
4947 6069 6155 5877 6177
4948 1771 5132 250 1155
4949 931 2990 936 5621
4950 5258 5590 4154 6147
4951 1587 5639 4832 1586
4952 2902 5233 5187 5949
4953 589 3988 588 5235
4954 3443 4284 4294 5213
4955 1743 3179 3180 5955
4956 4975 3479 3193 5482
4957 4793 1980 1978 5401
4958 4928 253 2541 2696
4959 810 809 1158 5915
4960 565 1584 564 1583
4961 3505 5020 3504 5021
4962 4659 5874 5046 6068
4963 5215 5596 2744 6018
4964 5840 5925 5585 6076
4965 78 79 69 5473
4966 5180 2734 3135 5910
4967 4928 1635 5997 2696
4968 249 2694 254 252
4969 345 348 3381 5918
4970 4959 5987 5612 3757
4971 4224 5583 4811 6084
4972 3082 3081 3083 6191
4973 1602 5378 4093 5769
4974 3240 3245 3241 2760
4975 2010 5190 4158 5383
4976 6087 635 628 191
4977 4995 3104 5006 5817
4978 5905 5947 818 6045
4979 3817 3813 5770 3818
4980 3060 2288 2287 5720
4981 5464 5594 4514 5789
4982 5852 6037 5475 6057
4983 1863 6191 4004 1864
4984 1215 1667 3093 6129
4985 4199 281 4202 5817
4986 5619 6173 5442 6224
4987 3663 2708 4387 4086
4988 3458 5971 5423 5741
4989 1582 5997 4928 1635
4990 1773 3268 301 5279
4991 328 174 327 5915
4992 985 4779 4782 4747
4993 5291 5570 5351 5571
4994 2031 5315 5022 5574
4995 1755 4438 4923 4437
4996 565 560 566 1583
4997 3815 1517 3915 3914
4998 5501 5622 570 6013
4999 1585 1584 565 1583
5000 3602 3726 3604 5650
5001 619 750 3900 4510
5002 2024 5682 2115 715
5003 5340 5660 5229 6008
5004 3004 5572 5104 1463
5005 1387 1582 1584 1583
5006 204 203 3531 5127
5007 5180 5490 3767 6131
5008 594 5685 2974 6185
5009 5321 5489 1667 6129
5010 587 1641 585 5868
5011 59 362 1254 365
5012 1953 5312 1735 5808
5013 359 59 360 361
5014 566 1387 1585 1583
5015 1523 3357 1631 1633
5016 2776 5461 2774 5770
5017 1002 6110 1235 1004
5018 758 757 4408 6071
5019 4154 5383 4158 6146
5020 285 3103 3104 5817
5021 1520 2029 1632 1518
5022 456 5976 452 455
5023 5033 5545 5703 2595
5024 2138 2140 2137 1257
5025 2956 5951 4838 5963
5026 3475 5238 3470 6062
5027 1518 5276 1524 1517
5028 2070 2071 2072 5918
5029 2802 5818 5545 6214
5030 3243 3241 3244 3245
5031 564 560 565 1583
5032 1785 5489 101 6129
5033 4804 1688 2732 6013
5034 566 1585 565 1583
5035 4528 5571 2695 4527
5036 3936 3934 4131 6014
5037 3046 2032 2031 5574
5038 4130 447 3234 6014
5039 2071 2076 2072 5918
5040 4536 4537 5154 6014
5041 1520 1517 2029 1518
5042 1157 328 327 5915
5043 3135 5180 3767 6131
5044 5449 6100 1589 1932
5045 2364 2362 2363 5544
5046 758 4408 2866 6071
5047 3234 4131 4130 6014
5048 5058 5066 4089 5714
5049 4177 4166 4178 5913
5050 195 2579 3307 5575
5051 4433 4270 3717 5381
5052 1520 1632 1630 1518
5053 5698 5922 3962 6063
5054 3622 661 4623 5381
5055 2112 5669 2114 5682
5056 811 810 1158 5915
5057 1874 3943 5836 3710
5058 2810 5319 4147 5750
5059 2051 3228 3388 5820
5060 615 5333 172 5915
5061 3813 3816 3814 3815
5062 560 1583 3813 3816
5063 5363 5473 3718 6221
5064 2256 853 2251 2253
5065 3806 3943 1106 6228
5066 2612 6015 1094 3797
5067 1050 5683 3176 6211
5068 1519 3913 1517 3816
5069 4682 5771 2485 5913
5070 1517 3914 3815 3816
5071 178 183 5785 182
5072 840 1394 1396 5523
5073 1457 5404 1460 6142
5074 2125 4886 1017 5379
5075 4997 2618 651 6080
5076 2767 5879 5836 6220
5077 1518 1517 1524 1519
5078 5170 5316 5266 5568
5079 982 5650 3724 5931
5080 1248 5674 1249 5908
5081 4802 5066 5058 5714
5082 2854 5597 699 5866
5083 1135 4621 1134 6073
5084 4305 4304 786 5909
5085 1865 1863 1864 5479
5086 1346 6133 1350 1351
5087 1406 3636 1011 6087
5088 5863 6028 5880 6181
5089 4534 1199 1196 6067
5090 241 4559 4825 4182
5091 5227 5871 5620 6177
5092 154 153 2509 6202
5093 2466 2620 2621 6083
5094 4363 4362 4655 5708
5095 2844 4683 2846 3952
5096 59 359 362 365
5097 1346 1349 1348 6133
5098 2254 5871 5776 6193
5099 4483 5546 2591 5724
5100 1138 5419 5159 5643
5101 1866 5467 1865 1868
5102 3594 5784 3595 727
5103 5205 5234 5230 5686
5104 2204 3139 3137 5409
5105 5155 5489 5452 5713
5106 477 5877 5773 6155
5107 899 5419 402 5526
5108 2945 2944 1383 5472
5109 5474 5644 5539 3184
5110 3043 5002 3044 5448
5111 4072 3873 2807 5545
5112 2935 1031 2652 5409
5113 5552 6087 5287 6169
5114 3632 5542 5348 5592
5115 2667 4430 2668 5476
5116 3762 1381 5242 1380
5117 1544 6062 2538 1545
5118 2538 1547 1544 1545
5119 1600 5752 1949 5968
5120 3818 3817 561 5770
5121 5338 5390 5337 5814
5122 5493 5830 5356 6093
5123 2820 5703 3218 2794
5124 1801 3457 1802 5741
5125 5238 6095 5450 6164
5126 2928 2927 3921 5903
5127 4739 2838 3883 5369
5128 3048 5301 4572 5612
5129 2902 5233 2901 6035
5130 5180 5490 5261 5681
5131 711 453 451 5976
5132 2470 3697 2463 5702
5133 5369 5879 3712 6096
5134 3079 3078 1371 5478
5135 5192 5512 4539 5628
5136 5717 5554 5560 5407
5137 3165 5482 1417 5651
5138 5261 5284 5163 5681
5139 89 5087 87 5654
5140 538 5493 533 5799
5141 4005 4861 4436 6107
5142 2391 5524 1592 193
5143 4949 5527 4866 4951
5144 1225 1224 1076 6135
5145 3960 4185 6063 5657
5146 4436 2759 5557 4861
5147 2537 6062 3474 4035
5148 4813 4969 4970 5179
5149 5791 5858 3699 6074
5150 4158 6146 5190 6147
5151 4411 1830 4844 138
5152 1361 5656 5247 6139
5153 3317 5528 4601 1283
5154 5619 5632 3477 6173
5155 4755 5465 4651 5901
5156 3523 3527 4197 5242
5157 62 4469 4470 5874
5158 959 1089 2090 5387
5159 4520 5336 4055 4308
5160 1917 3266 3265 1918
5161 2680 2679 3835 5268
5162 780 1960 1961 5374
5163 5202 5718 5421 6192
5164 3432 3428 6128 6025
5165 5030 6061 5959 6134
5166 4881 227 224 5779
5167 947 5415 949 5857
5168 183 978 5785 182
5169 3601 733 3740 5974
5170 570 5622 569 6013
5171 2994 2995 2998 5278
5172 3193 3198 4260 5482
5173 433 439 438 6021
5174 1350 4022 309 60
5175 334 396 394 5810
5176 998 3438 1002 1004
5177 1218 1215 1216 5484
5178 5413 5822 5324 6111
5179 3453 4717 4715 4716
5180 462 2078 72 5692
5181 1968 1969 1448 5688
5182 1816 309 308 5632
5183 4460 4365 3303 5899
5184 2562 5153 6013 5622
5185 4524 5442 2694 5579
5186 509 5491 510 5803
5187 2547 5617 472 5633
5188 1550 5620 776 6136
5189 1385 561 1252 563
5190 4809 6168 4496 4495
5191 4834 3869 4045 5448
5192 359 365 59 364
5193 6083 1570 2566 971
5194 1664 1667 1785 5297
5195 4066 4067 633 6087
5196 5168 5394 5354 6058
5197 3186 2890 3808 5474
5198 5708 2444 3683 638
5199 5143 3503 2503 5972
5200 1333 5367 1336 5885
5201 1496 5970 5428 6132
5202 1771 5624 1152 1154
5203 5047 4306 4910 5909
5204 3375 5337 3374 5814
5205 2716 2514 4910 4907
5206 2768 6220 5836 6228
5207 4446 5836 4445 6228
5208 4928 1632 1635 5130
5209 360 59 359 362
5210 3074 1036 1039 1035
5211 363 359 361 364
5212 5880 6159 1441 6181
5213 5224 5256 3912 870
5214 1792 1726 2367 2364
5215 3712 3711 3709 5879
5216 716 2113 714 2111
5217 1253 5571 1252 1250
5218 2605 2607 2609 6010
5219 809 4175 5825 5320
5220 1843 5265 1847 5825
5221 1483 1481 1480 5892
5222 5648 6102 1278 6156
5223 5261 5339 3214 6042
5224 1067 12 2909 2910
5225 364 365 59 4022
5226 363 364 59 4022
5227 59 364 363 361
5228 896 5643 1141 6053
5229 59 1817 57 58
5230 5225 5245 5545 5510
5231 5483 5658 5166 5668
5232 5475 6037 916 6057
5233 4235 5656 1361 6139
5234 3795 5438 3796 5509
5235 334 339 396 5810
5236 5340 6008 5229 6099
5237 2584 483 2587 5566
5238 735 5798 5466 6086
5239 125 2631 2630 2165
5240 4630 5520 1493 5783
5241 3018 5824 3019 6203
5242 2586 2584 5219 5347
5243 474 471 473 470
5244 4866 5841 5527 5892
5245 2426 5498 2459 5796
5246 1525 5213 1529 5443
5247 1277 1279 1278 6156
5248 2895 4893 1693 5573
5249 2952 3757 28 5987
5250 1611 265 262 6123
5251 5104 5944 1463 6142
5252 1478 5283 4487 5663
5253 3370 4500 4501 6200
5254 990 141 2396 5912
5255 5253 6083 5994 6119
5256 5900 6216 3168 5310
5257 4802 5712 5462 6162
5258 394 396 334 338
5259 3265 3267 1737 2593
5260 4080 4083 4122 4082
5261 3181 438 6021 437
5262 1181 6102 1950 6156
5263 2180 5754 933 6204
5264 3119 4610 4750 5236
5265 2937 5675 2519 2522
5266 3189 3192 2795 5708
5267 2515 1235 2715 5902
5268 4526 1253 58 4524
5269 2503 5908 1475 6115
5270 1912 5853 5406 6000
5271 4012 6112 5824 3019
5272 5636 5797 5344 6124
5273 4526 4525 2692 4524
5274 4934 1396 1153 5581
5275 6216 1282 3168 1281
5276 4185 6063 5657 6158
5277 5636 5732 5661 5782
5278 875 868 871 5464
5279 4697 5647 905 5972
5280 2814 2816 2817 5809
5281 4794 3967 2420 6157
5282 1704 1703 1580 5765
5283 5661 5945 5636 6124
5284 1194 5431 1736 5582
5285 4120 4172 5323 5431
5286 578 6158 577 572
5287 2703 2702 2698 854
5288 3664 4388 5714 5781
5289 3122 5580 3961 4314
5290 4524 4525 1503 4526
5291 3058 4744 3059 5288
5292 5158 4542 5051 4338
5293 5528 5772 5287 5957
5294 2692 4525 4837 4524
5295 3333 3331 1351 3330
5296 972 6060 6004 6149
5297 3361 403 3362 5734
5298 2692 2694 1253 4524
5299 638 2795 3192 5708
5300 782 5171 785 5909
5301 3263 4748 4671 5440
5302 4096 5820 4613 5855
5303 2631 4064 4061 4065
5304 5853 5988 5978 5991
5305 2696 2695 254 249
5306 4921 412 413 5670
5307 2211 5540 1916 5711
5308 967 5989 2618 6080
5309 56 1499 55 1502
5310 2629 4650 2628 6010
5311 4306 2624 4910 5909
5312 1004 6110 5607 6118
5313 2693 1386 2692 2694
5314 110 102 105 5574
5315 3767 5490 5180 5910
5316 5060 5122 4665 5232
5317 1441 5880 5038 6159
5318 1253 1386 1252 2694
5319 2370 2371 266 6123
5320 1000 998 1003 5576
5321 3259 3258 2628 6010
5322 5154 5784 5183 6047
5323 833 836 6144 5575
5324 4524 54 1503 1499
5325 1251 1253 1252 1250
5326 2564 569 2562 6013
5327 5797 5840 5344 6124
5328 3259 4648 4649 6010
5329 2688 5465 3262 6010
5330 4755 5465 2688 6010
5331 4159 4155 4154 4735
5332 5286 5327 5191 5705
5333 4038 5268 2680 5614
5334 3004 5499 4681 5105
5335 4008 5424 768 6126
5336 5867 6025 5344 6128
5337 2141 5504 2674 5677
5338 2834 2833 2559 2557
5339 4362 4363 4361 6217
5340 96 5720 1878 1877
5341 2912 5841 5194 6071
5342 5269 5310 5180 6052
5343 2717 2715 2515 2716
5344 1184 1187 2364 5484
5345 923 2567 3994 6088
5346 6119 1828 4168 5991
5347 4651 3259 4649 6010
5348 55 56 54 1499
5349 1386 1253 2692 2694
5350 1252 5571 1253 2694
5351 2582 2581 5575 6144
5352 2256 5819 2255 2964
5353 5714 3383 345 3024
5354 2936 2702 887 5864
5355 1291 5482 1290 6127
5356 3259 4651 3260 6010
5357 5661 6029 5945 6124
5358 2695 5571 4528 2694
5359 908 5699 909 5794
5360 5910 5714 4631 5462
5361 3715 4181 4116 2908
5362 2693 2692 254 2694
5363 4546 5213 4857 5443
5364 5636 5651 5344 5945
5365 104 102 103 5606
5366 5969 6027 4491 6082
5367 4021 5820 4020 5855
5368 5356 6150 5805 6168
5369 110 105 107 5481
5370 5479 5789 5467 6191
5371 1718 1717 1713 5772
5372 249 2695 254 2694
5373 1503 4524 1499 1501
5374 5177 5491 5249 5583
5375 1190 1191 1192 5374
5376 4498 5419 406 5841
5377 956 108 5121 5559
5378 3987 5067 5147 5906
5379 5240 5603 5175 5604
5380 5286 5746 5551 6049
5381 5214 5277 5181 5649
5382 824 825 4901 5804
5383 5229 5660 5257 6008
5384 5815 2508 2504 4710
5385 4155 5384 3874 4156
5386 2107 2099 2101 2894
5387 5169 5452 5237 5793
5388 1792 1723 6205 5981
5389 671 2944 2999 5240
5390 3282 5820 4021 5855
5391 5041 551 550 5360
5392 329 330 174 5809
5393 5427 5648 5341 5728
5394 5692 6072 72 6207
5395 2628 5440 2623 2625
5396 250 1156 249 252
5397 3069 5812 3070 5906
5398 3070 5812 1076 5906
5399 5175 5242 3761 5472
5400 5168 5798 5254 6098
5401 4650 2609 2607 6010
5402 3024 5714 4090 3025
5403 1596 6004 4490 6104
5404 4886 5379 2220 5560
5405 5796 5659 1257 2140
5406 4693 4063 4062 4805
5407 2814 2816 5333 2815
5408 2508 5960 5815 6000
5409 3846 1618 1616 1614
5410 1396 5624 1151 2956
5411 3024 3383 4090 5714
5412 4563 2521 2520 5675
5413 1469 1467 1603 5752
5414 4616 5672 2577 6144
5415 5252 5453 5199 5946
5416 4168 3673 4167 5584
5417 165 1838 1837 5829
5418 5730 6045 1556 6181
5419 2422 509 2423 508
5420 5646 5812 4422 5876
5421 3025 5714 5910 3024
5422 249 1156 2956 252
5423 242 4216 4215 4213
5424 3025 3027 5910 4631
5425 5592 5542 3163 3162
5426 1975 5300 3795 5509
5427 2905 5331 4283 5374
5428 2694 2692 252 2956
5429 1396 2956 1153 4838
5430 4062 4063 4060 4805
5431 5418 5587 5475 5629
5432 2824 5347 2586 5907
5433 1667 5484 3093 6129
5434 3937 2088 442 5737
5435 5330 5550 5274 5791
5436 5636 5782 5661 6124
5437 5782 6029 5661 6124
5438 3946 5980 2342 6150
5439 4934 4524 4230 5581
5440 4105 3411 2687 5901
5441 4631 5714 5910 3025
5442 125 4064 2630 2631
5443 3653 5368 4607 5724
5444 4737 5158 1198 5400
5445 3073 3453 3072 4716
5446 475 5364 479 5952
5447 5580 5747 5240 5758
5448 4748 3261 2824 5440
5449 776 5243 1960 5331
5450 1108 1873 1110 6175
5451 322 5970 987 6132
5452 5068 3986 4469 5906
5453 2629 2609 4650 6010
5454 3447 3282 1410 5855
5455 1153 2956 1152 1156
5456 5877 5891 5364 5952
5457 4049 5450 2184 5492
5458 802 801 793 5898
5459 331 3429 4025 5809
5460 442 2087 445 5279
5461 4651 5465 4755 6010
5462 2648 2132 4012 6203
5463 1997 5452 5241 6122
5464 1661 1656 3232 6000
5465 1497 3099 3102 5200
5466 3040 5447 3467 5611
5467 1937 2409 4812 6084
5468 4230 5250 3397 5581
5469 5728 5816 5648 5962
5470 5226 5969 5409 5994
5471 2854 4318 2853 702
5472 4341 4467 5096 5743
5473 4590 5073 4589 5876
5474 2260 5165 2258 5748
5475 1798 1192 1797 5582
5476 1514 5829 1307 1835
5477 2317 5477 655 5615
5478 2039 5562 2040 2038
5479 1110 1873 1111 6175
5480 1466 1465 1472 3252
5481 1780 5288 3617 5533
5482 1587 5198 1588 5639
5483 3871 2740 2742 6018
5484 3059 4744 940 5288
5485 5115 3455 3280 5355
5486 812 4167 815 5584
5487 5183 5697 296 5941
5488 4413 9 11 3
5489 1416 657 2319 5477
5490 4623 3717 4270 5381
5491 2568 5797 2569 5945
5492 5398 5500 5460 6039
5493 4182 4215 242 4825
5494 1248 5556 902 6005
5495 2189 5233 4100 4098
5496 4671 2586 4565 5219
5497 4635 755 1850 5451
5498 3032 5611 4758 6007
5499 6128 5522 3432 6025
5500 4533 3569 3570 5289
5501 5678 6165 2178 6188
5502 1987 4715 4718 5519
5503 3871 2861 2740 6018
5504 2981 1840 1310 6134
5505 287 5658 2239 5676
5506 1537 762 761 760
5507 944 941 942 943
5508 3194 5592 5482 6127
5509 3618 3619 3615 3617
5510 5277 5649 3012 5672
5511 5143 5389 3503 5972
5512 1864 4034 3473 5513
5513 5169 5305 1336 5401
5514 3280 3455 3454 5355
5515 4098 5233 2190 2189
5516 1686 2697 1688 6013
5517 942 941 944 940
5518 6087 5881 5387 5185
5519 4257 4027 4028 5587
5520 5030 1971 1972 6134
5521 5193 5392 5316 5559
5522 130 126 5831 6042
5523 4954 5346 1529 5732
5524 2162 4060 4063 4805
5525 2694 1387 1252 5571
5526 1750 6211 1748 5395
5527 1242 3743 3742 5990
5528 4952 6035 415 6151
5529 1648 5608 1056 1650
5530 1260 2783 959 5341
5531 1798 1365 4172 5263
5532 3467 5447 2341 2337
5533 4389 277 2089 5737
5534 5262 5436 2880 5526
5535 2423 508 509 505
5536 3908 5435 4373 4372
5537 4041 487 4166 6114
5538 3682 6068 2251 6078
5539 4517 2412 4516 4608
5540 3465 5420 3464 5584
5541 880 882 1563 5600
5542 1397 113 3625 5265
5543 5190 2534 2542 2536
5544 4329 5897 835 6036
5545 746 5665 744 743
5546 1258 5341 4336 938
5547 1447 5688 1446 1443
5548 3876 859 570 5264
5549 425 426 1314 5739
5550 2444 2445 2446 5762
5551 2063 5266 2917 5859
5552 3423 5847 468 6101
5553 1238 479 5364 5952
5554 2421 5803 2425 3753
5555 1648 5608 1647 3753
5556 4465 5743 3515 5835
5557 3316 5434 3318 3317
5558 1014 3336 3335 5591
5559 3589 4011 3590 5926
5560 2477 1145 2474 5429
5561 5205 5742 5244 6025
5562 1281 5310 5253 5976
5563 1931 4396 4395 5673
5564 5258 5953 5349 6147
5565 4761 5488 2535 2533
5566 2533 4439 2010 2532
5567 3939 3934 3936 5595
5568 4205 5220 4204 5564
5569 1688 6013 4804 6041
5570 1791 824 1723 5211
5571 4474 5155 3085 6032
5572 3194 5592 1293 1292
5573 1783 3059 100 1879
5574 2973 5498 2938 5504
5575 1086 1085 874 1087
5576 3945 5756 3946 5805
5577 4492 1918 2593 5711
5578 821 1788 1790 5211
5579 6004 6104 1596 6137
5580 5327 5595 5154 5737
5581 5547 5700 5552 6074
5582 908 910 5458 6138
5583 908 5458 912 1492
5584 255 5366 3706 6069
5585 183 181 178 5414
5586 1204 6082 5994 6119
5587 2531 2534 2532 2011
5588 2907 5374 2906 2943
5589 1939 428 1516 5739
5590 1808 2489 1825 6106
5591 1481 1482 1480 5162
5592 2533 2532 2010 2531
5593 4533 3570 4530 5289
5594 1592 5217 1591 5524
5595 3122 5747 5580 5758
5596 5539 5643 5232 6053
5597 2680 2681 2677 5268
5598 83 82 84 81
5599 5031 6134 1447 1971
5600 5187 5233 2902 6035
5601 5797 5945 5344 6079
5602 2865 5335 3046 5895
5603 2338 2337 2341 6202
5604 3637 5338 5184 5600
5605 130 5339 126 6042
5606 5177 5288 5249 6094
5607 5616 5903 1674 6085
5608 3982 5662 3502 6034
5609 5297 5515 5241 6192
5610 1194 5374 1192 5582
5611 3319 5348 3632 5437
5612 2131 5418 2130 6179
5613 1404 5228 1527 5859
5614 4939 5264 2413 5622
5615 3539 5879 3127 6012
5616 2969 2402 1125 5500
5617 5810 6155 5738 6215
5618 5657 5698 5604 6063
5619 2092 2091 959 5427
5620 2668 5476 2663 5738
5621 5458 5718 1492 6138
5622 296 5697 292 5941
5623 3368 4154 4159 4887
5624 3475 2535 2533 2531
5625 4502 6099 2848 2851
5626 3475 2537 2535 2531
5627 2351 5798 5168 6021
5628 2285 1131 2884 6021
5629 1595 2390 972 6060
5630 2968 5398 2966 5460
5631 697 5917 698 696
5632 433 436 440 6021
5633 3787 3005 3789 5828
5634 2759 5557 5182 5825
5635 2537 4035 2538 2531
5636 5548 5739 5189 5750
5637 3242 5825 5557 2759
5638 5305 5800 5452 6122
5639 151 3624 149 148
5640 1480 1479 1799 5162
5641 4154 6018 3870 3871
5642 4673 5520 5241 6030
5643 1843 3625 3627 5265
5644 2358 4370 2520 5187
5645 1489 1491 4673 6030
5646 4154 4159 4887 4158
5647 1576 5366 255 5860
5648 2680 2677 2679 5268
5649 5481 5574 5335 5895
5650 5620 6177 5532 6206
5651 2479 4219 2478 5926
5652 2810 5750 1514 5829
5653 1455 5983 1974 5713
5654 711 712 453 5976
5655 3293 1371 1372 5955
5656 5072 4590 4589 5876
5657 4408 3919 3045 5977
5658 5348 5410 5160 5471
5659 3663 2709 3381 3382
5660 3589 3019 4011 5926
5661 1489 1488 1491 6030
5662 4594 5647 2568 6029
5663 5160 6095 5197 6187
5664 5696 5795 4040 5992
5665 4030 4031 4027 5587
5666 936 5036 524 5621
5667 3005 3787 4429 5828
5668 3126 6172 5879 6220
5669 3938 3934 3939 5595
5670 3800 4430 4431 5366
5671 3330 5578 5292 5956
5672 4100 2523 4101 5233
5673 416 3000 2902 6195
5674 1563 5338 3637 5600
5675 2539 151 148 5265
5676 5241 5520 5202 6030
5677 1710 5282 2397 5553
5678 4159 5258 3368 368
5679 1308 5319 1309 5357
5680 369 855 860 859
5681 277 3937 3933 5737
5682 2217 4008 2218 5543
5683 1095 1097 498 497
5684 501 5290 5167 5345
5685 5178 5220 5210 5502
5686 898 3750 1894 1895
5687 5475 5939 5308 6038
5688 3298 3039 3295 5420
5689 2759 148 2539 1846
5690 1088 5464 1085 5446
5691 3293 3292 3181 5904
5692 1500 3397 4230 5250
5693 4894 5898 5653 5191
5694 1812 2788 4796 5978
5695 5323 5617 5227 5734
5696 1684 5478 4840 5534
5697 2694 5442 5291 5579
5698 2904 5188 302 5602
5699 1564 1565 1566 5236
5700 5164 5508 5417 5631
5701 2879 1461 3005 2550
5702 5337 5403 5184 5600
5703 1518 5351 5276 5570
5704 12 8 3 11
5705 4191 5254 738 5798
5706 370 860 4735 859
5707 4866 5841 5767 5893
5708 2195 2196 1290 5348
5709 2902 2929 2870 5187
5710 4155 3874 859 4735
5711 4735 860 3874 859
5712 855 5173 858 859
5713 3059 5221 1876 5720
5714 5036 5375 525 5621
5715 573 5604 5225 5175
5716 754 751 758 5162
5717 333 5860 1992 5872
5718 4257 3536 4404 5587
5719 2647 5398 3394 5460
5720 3624 3625 1843 5265
5721 2759 1843 2755 5265
5722 5146 5509 3115 6223
5723 1785 101 100 5321
5724 151 1397 3624 5265
5725 1639 5268 5210 5599
5726 878 3043 295 293
5727 151 113 1397 5265
5728 2737 5826 2734 1821
5729 5240 574 4560 5603
5730 5354 5647 5313 6125
5731 120 119 123 121
5732 3233 1247 3936 5154
5733 3874 860 4735 3875
5734 3368 5953 5258 6147
5735 3077 3078 3079 5478
5736 5258 5718 5458 6138
5737 3378 5630 5308 5939
5738 3003 2547 2879 2550
5739 2926 3905 2927 5903
5740 568 2563 569 567
5741 5953 4158 4154 4888
5742 569 568 570 2563
5743 3707 6108 5532 3708
5744 4155 5173 859 5384
5745 1138 402 2912 5419
5746 4386 79 926 6031
5747 835 2655 4329 6036
5748 376 5942 4162 5806
5749 2510 3441 3445 6141
5750 5882 5947 5879 6012
5751 5354 5494 5358 5986
5752 1102 5169 1099 5666
5753 2811 5559 3878 5598
5754 4030 5372 4031 5587
5755 6015 5942 4162 5185
5756 2664 335 336 6215
5757 880 881 882 5600
5758 3536 2642 4404 5587
5759 2762 5739 3103 5817
5760 3184 3820 3819 3821
5761 1851 4635 1850 5599
5762 4175 5320 809 5786
5763 959 5185 957 5341
5764 4038 4037 5077 5268
5765 1692 6041 3217 6099
5766 1773 3270 4316 5295
5767 2859 1686 1685 1687
5768 5376 5879 5456 6028
5769 885 881 884 5337
5770 5517 5708 5567 6051
5771 3936 1247 2985 5154
5772 5945 5651 1418 5661
5773 3233 5154 3936 6014
5774 2904 5328 449 5602
5775 449 5188 2904 5602
5776 1784 5321 100 5533
5777 97 5509 98 96
5778 4820 3732 4821 5338
5779 2104 2456 2302 2458
5780 6018 4157 4154 5383
5781 5313 5388 5363 5901
5782 167 5566 170 407
5783 3568 1549 5532 5303
5784 5195 5370 5356 6048
5785 4503 2876 2880 2877
5786 1657 5960 5406 1658
5787 3547 1247 3236 5154
5788 2539 148 2759 5265
5789 3404 5328 1773 3271
5790 2939 5166 1958 5658
5791 2684 5470 1009 5924
5792 1946 5968 5551 6049
5793 2831 4254 1477 5763
5794 3837 6130 1941 3839
5795 3798 5806 632 6015
5796 5708 6051 4363 6217
5797 2432 3016 3017 5368
5798 2860 6018 3871 3870
5799 4681 5093 2433 2432
5800 309 4022 1350 5956
5801 2935 5409 2652 6082
5802 5512 5543 5289 6077
5803 5321 5438 5241 5489
5804 1869 5479 1870 5513
5805 1722 4580 1721 5426
5806 1662 6000 3232 1656
5807 1589 5270 2392 1591
5808 88 5671 1531 6189
5809 1495 5200 4076 5428
5810 59 1255 1254 5579
5811 5336 5557 3576 5792
5812 2995 2994 2993 5278
5813 4119 4118 5323 5734
5814 2210 3015 1038 2212
5815 5356 5980 3946 6150
5816 5365 5558 3878 5598
5817 1485 5527 5162 5892
5818 4594 2569 2570 5945
5819 5557 5336 4452 5182
5820 1588 5198 1587 5270
5821 1157 5878 329 5915
5822 2164 4805 4062 4060
5823 2474 2475 2477 5429
5824 399 899 473 402
5825 2411 6084 2409 623
5826 2195 5348 3319 5437
5827 5755 358 676 5341
5828 488 5325 489 5971
5829 1647 1648 1649 4969
5830 1365 1368 1798 4171
5831 5269 5714 5271 5827
5832 1589 1588 1587 5270
5833 5185 5678 5341 6182
5834 4352 6135 4349 4350
5835 3362 5734 3887 5883
5836 3453 4716 5024 4717
5837 5648 5816 375 5962
5838 5708 5762 2444 5854
5839 5125 5129 5124 4933
5840 4880 4805 4733 4731
5841 2908 2909 5684 12
5842 958 1258 959 5341
5843 2831 1477 2832 5763
5844 3740 5974 733 5990
5845 6023 6029 5396 6034
5846 5343 5943 5203 6072
5847 5363 5901 5465 6125
5848 1918 5331 2593 5711
5849 5815 2508 381 5960
5850 3338 1607 5367 3373
5851 3457 489 4166 5913
5852 5607 1237 994 1234
5853 4470 2414 3985 3136
5854 194 3993 834 6033
5855 74 5768 75 6189
5856 1689 6148 1687 1691
5857 2185 5450 5290 6164
5858 2853 702 4318 4319
5859 3532 5497 4899 6151
5860 3759 3423 2006 5847
5861 4757 5465 4755 5901
5862 2456 2302 2304 3441
5863 1649 1648 1647 1646
5864 1401 5170 1528 5266
5865 1649 4969 1648 1650
5866 5151 5928 5183 5941
5867 5115 5141 3280 5855
5868 1570 1045 6083 1571
5869 5853 5978 5408 6119
5870 1174 6150 2240 1178
5871 3530 5087 5086 5654
5872 674 5610 671 673
5873 1252 361 363 1385
5874 5191 5469 5411 5898
5875 2424 2940 696 2941
5876 3266 4326 3267 5331
5877 5252 5434 5287 5470
5878 72 5680 67 6020
5879 4878 2104 2102 5598
5880 2849 5597 2848 627
5881 5201 6001 5681 6097
5882 1131 6073 1129 6209
5883 5164 5631 5532 6177
5884 766 765 1535 5553
5885 3046 2911 4862 2865
5886 5058 5714 5037 6162
5887 3833 2214 2216 5165
5888 4639 2660 3090 5511
5889 2977 5425 2978 5688
5890 5215 5443 2744 5596
5891 1005 1007 1329 5729
5892 3994 5937 3996 6046
5893 4162 5942 376 373
5894 1185 1215 1186 5484
5895 1564 3117 3745 5236
5896 3402 5984 816 6052
5897 3468 5420 3668 5584
5898 5170 5559 5365 5598
5899 4843 1404 2450 5859
5900 5554 5614 3834 5985
5901 5892 2866 4862 4866
5902 5254 5664 738 5798
5903 5816 6017 2094 6044
5904 2777 2771 2773 5461
5905 1080 3435 2384 5814
5906 4838 5239 1396 5963
5907 3841 2812 4879 5598
5908 5077 4037 4036 5268
5909 3355 1542 3356 5565
5910 2978 3965 1444 5688
5911 3375 885 3374 5337
5912 1960 1366 1365 5620
5913 1527 5170 1404 5859
5914 855 369 856 5173
5915 3475 5238 2531 5736
5916 1495 1498 4078 5200
5917 2054 5503 1727 6121
5918 2290 5966 2617 6176
5919 5218 5451 5178 5502
5920 5246 5293 2446 6214
5921 501 5167 1165 5979
5922 5418 5848 2131 6203
5923 1749 6175 1106 5920
5924 5231 5520 4630 5783
5925 3046 5335 2032 5895
5926 796 5016 793 800
5927 5132 5359 2542 5496
5928 1947 516 1944 5426
5929 4119 3362 4118 5734
5930 2586 4671 2824 5907
5931 3700 5310 3701 3698
5932 3022 5824 3018 6203
5933 2078 2079 2077 5692
5934 4750 3120 3119 5992
5935 894 399 1141 5643
5936 4098 5233 4101 4102
5937 4782 979 1654 5650
5938 696 2559 2942 5179
5939 327 174 811 5915
5940 5986 6056 5047 6076
5941 5791 5827 5330 5999
5942 479 5883 475 5952
5943 2557 1500 2560 3397
5944 5270 5468 5198 6033
5945 5502 5564 5210 5599
5946 5322 6065 5695 6089
5947 2442 688 687 5305
5948 144 140 141 5911
5949 5253 5584 3463 6119
5950 1620 5414 978 6222
5951 4080 5323 5617 4085
5952 3133 5910 5462 5938
5953 5276 5351 5234 5570
5954 420 5833 1703 5834
5955 2800 5206 5184 5338
5956 2319 3571 1416 5615
5957 2352 3183 3182 5644
5958 745 3209 2929 5187
5959 697 702 82 701
5960 3367 5538 3365 5953
5961 3532 4331 415 6151
5962 1395 5288 944 5624
5963 2247 5434 5410 5437
5964 2219 4037 4819 5614
5965 1742 439 2687 5901
5966 5437 5471 3632 5591
5967 1850 5451 922 5502
5968 3940 4692 3689 5488
5969 3074 3071 3068 5255
5970 3359 4320 702 701
5971 5177 5523 5463 5963
5972 525 522 519 5375
5973 5175 5480 5240 5580
5974 4349 5516 2152 1987
5975 4169 3838 4170 3837
5976 1721 1605 1720 5634
5977 1894 895 898 1141
5978 1315 5842 1321 5950
5979 5266 5568 2124 5652
5980 5245 5510 5225 6114
5981 2101 4426 2107 2894
5982 1110 5920 1108 6175
5983 255 3800 3801 5366
5984 5208 5560 5407 5585
5985 5037 5375 525 5712
5986 2819 5429 2322 5612
5987 2131 5848 3156 6002
5988 3236 5154 1247 6014
5989 4713 2371 4943 6116
5990 4254 4251 4253 5763
5991 4533 4530 1101 5289
5992 5327 5737 5295 5888
5993 5584 5976 5253 5984
5994 5604 5657 5225 5698
5995 2489 6106 5991 6119
5996 526 522 525 5375
5997 83 3788 3359 4320
5998 2525 4183 2524 5233
5999 3617 5288 5223 5533
6000 3761 5472 3760 5603
6001 1175 2346 1176 6150
6002 3138 1027 1028 5969
6003 2636 3376 1602 5191
6004 1597 6137 1595 6149
6005 4793 5169 1980 5401
6006 5175 4353 3492 5603
6007 1526 1525 3877 5213
6008 5176 5995 5159 6071
6009 2851 2852 4504 6099
6010 5218 5585 5346 5840
6011 348 5918 350 2706
6012 5243 5546 5164 5808
6013 5073 5072 5067 5876
6014 1869 5513 3470 3471
6015 3724 5593 832 5931
6016 2637 5311 5191 5653
6017 3636 5957 1007 1012
6018 4503 4502 2880 2876
6019 2356 3908 2357 5435
6020 2010 5190 2011 6147
6021 5190 5590 2011 6147
6022 118 114 112 5380
6023 1721 1720 1552 5317
6024 3841 4879 3840 5618
6025 1595 5630 3379 2388
6026 104 5193 105 5574
6027 2593 5331 4327 1738
6028 2550 3004 1462 1461
6029 5495 5951 5190 6146
6030 2550 1461 3005 3004
6031 1341 5778 5536 5939
6032 4387 4388 5059 5714
6033 4084 4120 4122 5431
6034 1158 5875 3628 5915
6035 765 5377 1535 5553
6036 1462 3004 2550 3002
6037 5815 2504 2622 4711
6038 4943 3306 4713 6116
6039 3863 5853 1912 6119
6040 2309 997 2310 6118
6041 1168 5979 2245 6040
6042 2972 2975 2976 5843
6043 1461 5572 3004 1462
6044 5093 5125 4681 5105
6045 2628 3258 5440 6010
6046 1347 992 1344 6118
6047 681 5678 5414 6222
6048 868 873 4915 874
6049 2104 6141 2510 2511
6050 401 5419 405 403
6051 101 2745 99 5300
6052 5302 5421 649 6123
6053 905 2502 4697 5972
6054 5567 5850 5352 6051
6055 5004 2708 5714 5781
6056 5131 6063 4184 6158
6057 1527 5213 1526 5228
6058 3242 2759 5557 4436
6059 6036 6100 5897 6113
6060 813 5984 812 815
6061 6042 126 5284 5339
6062 3461 1724 3462 5251
6063 301 5279 663 299
6064 5662 5732 5636 5782
6065 4961 5633 4960 3003
6066 4715 5255 4716 5519
6067 2311 5441 2097 520
6068 5567 5569 4676 5594
6069 3652 5499 3648 3650
6070 2091 5648 1278 6156
6071 5041 4821 4826 5360
6072 5363 5901 5473 6221
6073 118 5380 115 5878
6074 889 888 849 5872
6075 5120 5942 3702 6186
6076 3436 3330 3559 5894
6077 1054 5863 1053 6174
6078 1054 5880 5863 6174
6079 2805 6158 576 5131
6080 978 5414 1621 181
6081 1732 5582 5404 5808
6082 768 5165 4440 5424
6083 1736 5404 1732 5582
6084 405 5617 4080 4083
6085 2417 2420 2419 6157
6086 5221 96 3114 5321
6087 5328 5378 5286 6070
6088 1079 5360 2727 5814
6089 5623 5799 5275 6150
6090 256 259 257 5860
6091 1087 1085 874 1088
6092 3737 4821 3734 5814
6093 4127 5982 2331 6039
6094 1594 6137 322 6149
6095 2848 6099 4502 3216
6096 965 5408 964 5989
6097 5160 5410 5252 5471
6098 5646 6068 2699 6078
6099 2015 2009 2012 5349
6100 5190 6146 5590 6147
6101 1681 6197 1059 3277
6102 5578 5442 5715 59
6103 3443 3442 4284 5213
6104 2895 5573 4426 4893
6105 4284 3442 2306 5213
6106 4270 5459 2606 5522
6107 3658 5454 5036 5621
6108 3984 3986 3987 5235
6109 399 470 471 400
6110 1068 3 2900 2897
6111 2585 2144 2143 5347
6112 2913 2915 2829 5362
6113 1451 1219 2052 5503
6114 5475 5852 5308 5939
6115 2737 4103 2454 5826
6116 2183 503 2185 5450
6117 898 474 399 471
6118 1291 5450 5346 5482
6119 2232 2233 2234 5483
6120 2911 5335 2865 5895
6121 2679 5402 3835 5614
6122 2241 5980 5493 6150
6123 1203 2654 2653 5408
6124 2917 2916 2450 5859
6125 4123 1271 5775 5020
6126 2277 2276 4242 4243
6127 4899 5497 1790 6151
6128 5121 952 4868 4815
6129 5348 5437 5410 5471
6130 2731 2733 2730 5622
6131 5801 1512 1507 1504
6132 1490 5699 3906 4128
6133 3808 3821 4665 5009
6134 4826 5360 428 5548
6135 399 474 1895 471
6136 1359 5640 1358 6139
6137 2603 5381 2604 5586
6138 1151 5624 1396 1394
6139 686 5305 4685 5800
6140 4615 4614 2464 6007
6141 4170 3837 3840 2352
6142 659 656 658 6088
6143 2893 2890 2892 3808
6144 4665 5009 3821 5008
6145 4170 3182 3837 2352
6146 3921 2030 2034 2035
6147 350 2706 5918 2076
6148 4602 3528 3932 4584
6149 809 5825 5265 5320
6150 1894 898 399 1141
6151 3877 3880 1526 5213
6152 894 1141 895 896
6153 1895 3751 4412 3750
6154 1940 895 5111 1141
6155 5836 6065 5322 6089
6156 1942 3819 3184 3820
6157 2070 5269 2071 5918
6158 5055 4896 4897 5764
6159 1489 5223 1488 6030
6160 5344 6128 661 6180
6161 3582 6109 5413 6167
6162 5159 5417 5227 5508
6163 5540 5626 4422 3071
6164 5357 6061 5206 6134
6165 473 900 4961 3003
6166 5805 6150 3946 6168
6167 5435 5512 5192 5628
6168 2888 2842 4642 6036
6169 3821 5009 3808 5008
6170 3390 5080 3389 6091
6171 2194 5348 1290 5592
6172 2210 5157 1038 5540
6173 473 898 894 471
6174 1696 5398 1315 5950
6175 1378 5472 1384 1382
6176 894 5643 1141 896
6177 3184 3819 1942 3821
6178 231 2095 234 5787
6179 2360 749 5665 747
6180 649 5302 644 5421
6181 4532 599 601 5212
6182 5008 3821 3186 3808
6183 5196 5372 5308 5475
6184 4961 900 5633 3003
6185 5575 5672 5277 6144
6186 732 5411 728 5645
6187 4185 6063 3864 4314
6188 3458 5423 4638 5741
6189 2875 2874 2878 5060
6190 4422 5255 3071 5626
6191 2100 5391 2099 5644
6192 5391 5392 5209 5644
6193 661 5459 5344 5525
6194 477 5810 475 476
6195 3420 3419 2158 4720
6196 69 6221 3592 5473
6197 5429 3400 1389 5612
6198 5222 5288 5177 5359
6199 4540 5158 4544 5628
6200 257 5860 1991 1576
6201 4119 3887 3362 5734
6202 3618 1780 942 5288
6203 2729 3576 542 5336
6204 3277 6073 1059 6209
6205 1526 5228 5213 5365
6206 1140 5618 2812 3841
6207 5559 5598 2812 5618
6208 5281 5291 5190 5442
6209 5618 2352 2100 4879
6210 1941 3839 896 1940
6211 1771 5113 1154 1155
6212 5199 5274 5261 5163
6213 4961 473 2547 2858
6214 4310 5277 4044 5448
6215 895 1141 894 898
6216 4122 4084 1733 1194
6217 3981 5180 3656 5310
6218 5389 5396 3499 5890
6219 1141 894 898 399
6220 1942 896 1941 6053
6221 399 1894 1895 898
6222 3165 3163 4940 5482
6223 85 5267 1502 61
6224 2999 2945 2997 5278
6225 2067 212 5629 5475
6226 709 3402 710 5310
6227 898 3751 1895 474
6228 3848 1617 1618 4065
6229 3839 1940 5111 1141
6230 1137 1140 3837 6130
6231 402 5643 1141 399
6232 5349 5393 5258 5432
6233 2550 2548 1461 2551
6234 4966 226 4176 5382
6235 2479 5832 2122 6011
6236 4864 4499 390 389
6237 894 900 473 899
6238 3948 5980 2241 6150
6239 4541 4540 4539 5512
6240 4787 1854 1423 6040
6241 470 400 399 473
6242 399 400 401 473
6243 3715 4658 4116 4181
6244 2878 5060 2874 5122
6245 5419 5526 899 5633
6246 473 471 894 399
6247 471 470 399 473
6248 236 235 239 5166
6249 5860 5864 1992 5872
6250 4960 5633 4961 4664
6251 900 899 5633 473
6252 3669 5420 815 5584
6253 4514 5594 1303 5896
6254 4960 5633 4664 5122
6255 5084 5149 507 5239
6256 2145 5186 2142 5347
6257 4961 899 5633 900
6258 5535 1804 2921 5485
6259 1978 1979 1982 5401
6260 4765 5853 3863 5991
6261 3622 5459 4270 6128
6262 4935 5394 4523 6125
6263 3481 5223 3617 5699
6264 3018 3020 3019 5353
6265 2514 5902 1233 2515
6266 5177 5249 5222 6138
6267 1396 5581 4838 1153
6268 3837 3841 3840 5618
6269 5226 5409 5253 5994
6270 3477 1816 3478 6152
6271 3837 2352 3182 5618
6272 2875 5060 4665 5232
6273 2813 5392 2812 5618
6274 4343 5743 3590 5926
6275 5438 5452 5241 5489
6276 473 2858 4961 900
6277 3716 3715 4885 5248
6278 5265 5825 809 3627
6279 876 3013 3012 5672
6280 115 112 116 5380
6281 2891 5209 3183 5644
6282 5241 5484 1667 6129
6283 5810 5891 5877 6155
6284 2199 4049 4749 5450
6285 2879 5633 3003 4960
6286 3840 2352 3837 5618
6287 3837 1137 1141 1140
6288 5304 5846 5187 6195
6289 4564 5483 4183 5668
6290 3901 5395 3903 5753
6291 5191 5311 2636 5634
6292 2896 2892 2891 5209
6293 3312 5836 3311 6172
6294 612 5390 5360 5814
6295 4154 4155 4156 5383
6296 1938 6084 4970 4969
6297 209 5475 2065 6057
6298 1706 5833 420 6225
6299 5051 4338 1358 6139
6300 5294 5721 5405 5725
6301 912 1213 2299 5458
6302 2547 2858 473 472
6303 574 5240 4562 5604
6304 1101 1105 1099 5169
6305 1749 5627 1872 1745
6306 5631 5813 5508 5869
6307 5216 5709 5506 5875
6308 3474 6062 3470 6120
6309 5068 5874 5148 5073
6310 1038 2212 5157 2210
6311 4080 4084 4081 4082
6312 402 5526 5419 5643
6313 475 5810 5364 5952
6314 4122 4084 1194 4120
6315 4081 1733 4297 1736
6316 2630 4061 4060 2164
6317 317 318 5510 5486
6318 3646 4283 3647 3645
6319 2434 5996 2437 6017
6320 5303 5540 5157 5711
6321 4696 4695 1418 5651
6322 2856 3527 3523 5242
6323 1450 2746 1453 5489
6324 3990 5311 829 5551
6325 3832 3833 2216 5165
6326 5160 6095 5923 6164
6327 268 1494 269 5428
6328 5171 5174 1850 5502
6329 1712 3495 743 5377
6330 2911 106 2912 5481
6331 4571 4010 2260 5165
6332 1185 1217 1216 5484
6333 6087 5387 2110 632
6334 735 5402 734 5466
6335 715 2111 2113 5682
6336 5197 5199 5182 5506
6337 4484 279 277 5737
6338 3696 1498 1497 5200
6339 5631 5724 3653 5958
6340 2958 3964 2589 5852
6341 1361 4235 3300 5247
6342 5743 5926 2479 6011
6343 5823 6051 5708 6217
6344 5256 5545 5245 5641
6345 599 5212 186 5625
6346 5567 5594 4740 5823
6347 5271 5272 5163 5274
6348 4971 3817 4973 5770
6349 61 2056 4429 5267
6350 1538 5654 1539 5659
6351 4461 4460 5247 5899
6352 2534 5719 2542 5720
6353 2072 3035 5447 5918
6354 5271 5307 5272 5375
6355 1733 4084 4122 4082
6356 765 1536 1535 5377
6357 2012 5349 2011 5719
6358 4883 4727 1069 1067
6359 1495 5405 4079 5428
6360 3698 5269 2070 5918
6361 3990 4833 5634 5426
6362 685 5169 1104 5666
6363 589 2823 123 124
6364 2669 394 343 338
6365 3799 377 3797 5962
6366 2865 5194 4499 5893
6367 589 2163 587 590
6368 3739 5448 4611 4610
6369 5109 3786 4851 4853
6370 1733 1730 1732 1731
6371 2694 252 249 5291
6372 5434 5528 5287 5957
6373 2906 5374 2907 1731
6374 3247 2901 2902 5233
6375 475 5877 5810 5952
6376 1616 1615 2631 1614
6377 591 2085 2086 5759
6378 4408 5977 2866 6071
6379 5169 5544 2379 6122
6380 1064 5887 1063 6197
6381 879 5649 292 5697
6382 715 5144 2113 719
6383 4061 3846 1616 1614
6384 2943 1961 2905 4283
6385 2164 2162 4733 4731
6386 1310 2980 2981 6134
6387 3465 3039 3469 5420
6388 5889 5890 3499 6023
6389 1033 1037 1034 1035
6390 3130 3132 3684 6208
6391 3266 3267 3265 1918
6392 3738 3868 3739 5448
6393 4852 3786 3784 4853
6394 3463 5253 3464 5584
6395 4524 55 54 1499
6396 5262 5267 4429 5455
6397 3475 5488 5238 5736
6398 3688 3690 3689 5492
6399 237 235 236 5166
6400 1452 2670 1360 5299
6401 3452 1034 3071 3075
6402 2974 5759 3611 2085
6403 5230 5579 1250 5291
6404 1441 1050 1439 5369
6405 5312 6142 1457 5944
6406 4064 4065 2631 3846
6407 1051 4649 4390 5363
6408 3 7 4 8
6409 487 486 488 485
6410 612 5390 1309 5548
6411 5109 2295 5136 3635
6412 4714 1988 1986 4715
6413 2151 5156 1220 2414
6414 3405 514 2904 5286
6415 3266 1917 778 6136
6416 3453 3073 5024 4716
6417 3016 3452 3830 3651
6418 1737 1730 1732 1738
6419 2433 4483 4681 4607
6420 5852 5939 5475 6037
6421 2529 5987 5612 4959
6422 3453 3074 3073 3067
6423 1034 1039 1036 1035
6424 3803 3804 258 256
6425 258 3802 3803 3801
6426 1817 5632 5578 309
6427 125 589 2631 2165
6428 768 2217 2214 5165
6429 2529 2530 5612 5987
6430 588 2823 5088 589
6431 5516 5156 2152 1987
6432 2538 2531 4035 6062
6433 768 4008 2217 5424
6434 3830 3452 3016 5157
6435 5540 5157 4424 5303
6436 113 5265 151 5506
6437 2165 2162 119 1984
6438 4696 5661 5636 5732
6439 589 124 123 125
6440 3071 3075 1034 1035
6441 239 1958 236 5166
6442 1616 2630 2164 4061
6443 5230 5292 5291 5385
6444 589 2165 119 2163
6445 1996 5241 4281 5520
6446 787 5909 2624 2623
6447 1615 1614 1618 1613
6448 2193 1036 586 1035
6449 2165 1984 119 2163
6450 5781 3237 5004 3665
6451 3744 5172 1565 5236
6452 4470 62 3096 5148
6453 2164 4062 1616 4061
6454 4065 3846 3848 3847
6455 590 1984 1985 1986
6456 4051 4050 2184 5492
6457 3345 4404 2068 6075
6458 174 331 4025 5809
6459 1874 1871 3806 3943
6460 586 587 585 5868
6461 2115 715 714 713
6462 2631 4065 4061 3846
6463 393 394 396 5810
6464 3846 1618 3847 1617
6465 3846 3847 4065 1617
6466 2165 2630 2162 2164
6467 125 121 124 123
6468 4862 1484 1485 4863
6469 119 121 125 123
6470 3170 5413 233 5787
6471 5155 5299 5158 5640
6472 3650 3506 3652 6173
6473 5874 64 5148 5073
6474 4616 6144 5277 5672
6475 5469 5653 1654 5898
6476 1618 1615 1616 1614
6477 2631 2630 1616 4061
6478 1983 5156 1987 2152
6479 125 2162 4060 119
6480 2631 3846 4061 1614
6481 3016 3015 1038 3452
6482 2630 4061 2631 4064
6483 4065 3847 3848 1617
6484 1034 1037 3071 1035
6485 440 5465 2687 6125
6486 4806 4805 4880 4731
6487 2162 1984 2165 2163
6488 3135 2734 5180 6131
6489 3704 3803 255 256
6490 4694 4063 2162 4060
6491 3286 5213 1525 5443
6492 5135 3096 62 64
6493 1616 1615 1618 1613
6494 4062 4061 2164 4060
6495 4921 5670 2113 3086
6496 4061 4060 4062 4063
6497 1307 5829 1514 1304
6498 4061 3846 1618 1616
6499 1984 2162 119 4060
6500 3 12 1069 1067
6501 4734 4694 4063 4731
6502 78 3592 79 5473
6503 4438 4226 4225 5188
6504 4732 4734 4806 4731
6505 3847 1617 1618 1614
6506 5770 3813 2776 3816
6507 15 16 1891 2903
6508 2897 16 2902 2901
6509 5648 5728 5427 5816
6510 655 5867 656 6180
6511 1037 2210 2211 2209
6512 2237 5669 2235 5670
6513 2502 1475 1062 5972
6514 859 3875 3874 5501
6515 2162 4063 4694 4731
6516 1616 4733 4880 4805
6517 417 6195 412 415
6518 2256 5864 853 2253
6519 2184 2183 2185 5450
6520 4733 4805 2164 4731
6521 2897 1068 3 1069
6522 2960 3247 2232 2234
6523 1618 1614 1617 1613
6524 2164 4805 2162 4731
6525 4806 4734 4805 4731
6526 5336 5844 4308 6184
6527 5791 6074 3702 6186
6528 2213 2209 2210 2212
6529 2231 1142 2477 5429
6530 4063 4805 4693 4734
6531 4927 5570 1582 5571
6532 777 3266 3568 778
6533 1915 1643 1641 1642
6534 2910 12 3 1067
6535 1618 4061 4065 3846
6536 5202 5421 5302 6123
6537 3653 3651 3648 4607
6538 1034 3075 3452 1039
6539 1887 1889 1888 1890
6540 5681 6097 6001 6140
6541 4424 5157 3653 5546
6542 3567 1917 3645 3266
6543 3833 4010 2214 5165
6544 5379 5560 4886 5652
6545 4092 4457 4458 5378
6546 3600 3599 3602 5974
6547 6089 6211 5836 6228
6548 3515 5835 2120 3517
6549 3074 3075 3071 1035
6550 1033 2193 2666 1037
6551 1171 1168 6040 5831
6552 5230 5257 5229 5281
6553 2931 2961 2232 2235
6554 586 1986 3453 1036
6555 2117 5669 2114 2112
6556 1985 1988 1987 4715
6557 2930 2235 4921 4920
6558 1988 4718 1987 4715
6559 2212 5157 3016 1038
6560 5987 2320 2530 5612
6561 5157 2212 3017 2431
6562 5532 5620 5164 6177
6563 1015 1018 5082 1084
6564 3830 4423 3071 3452
6565 1669 1664 1668 6129
6566 4423 3452 3830 5157
6567 3802 258 1575 3800
6568 4673 3275 3273 5520
6569 2015 645 2014 5642
6570 578 5545 2807 6158
6571 1986 4714 3453 1036
6572 1069 1068 3 1
6573 2 4 3 1
6574 3071 3074 3067 3075
6575 5253 1281 2935 5409
6576 688 5169 685 5305
6577 4577 4567 4989 4988
6578 44 4640 4913 4641
6579 5105 4681 5958 5499
6580 5158 5628 5435 5640
6581 3601 3740 3603 5974
6582 3649 4681 3648 4607
6583 1918 3267 3265 2593
6584 3711 5369 2840 5879
6585 2467 2465 2466 6083
6586 2428 6066 2593 2592
6587 5452 5489 5484 6129
6588 5100 5098 4798 5300
6589 64 3096 62 5148
6590 5494 5704 5609 5742
6591 1034 3075 1039 1035
6592 1039 3075 3074 1035
6593 2073 5827 5791 5999
6594 2193 1037 1033 1035
6595 1073 5874 1070 1072
6596 2509 157 158 6202
6597 5253 5976 5310 6052
6598 3986 5906 5067 3987
6599 4395 5919 4394 4948
6600 849 889 3450 890
6601 4431 3800 3801 4430
6602 3982 5782 5662 6034
6603 3035 5611 5447 5918
6604 4477 4478 2826 5732
6605 5307 5454 5375 5712
6606 2429 2432 2431 3017
6607 1573 1572 1577 5366
6608 2104 5558 2102 5598
6609 4875 4876 4659 6068
6610 5815 4710 2504 4711
6611 1007 5434 1329 5957
6612 3647 3567 3645 3266
6613 593 5677 594 591
6614 5275 5833 5195 5929
6615 2428 4483 2433 2429
6616 158 157 3232 6202
6617 4317 3746 674 5637
6618 4084 5323 1955 5404
6619 4534 6067 1100 4535
6620 2346 5275 5623 2347
6621 3985 5906 4470 4469
6622 1235 2717 619 2715
6623 3261 4522 2824 5440
6624 5419 5617 5227 5667
6625 4906 4283 3266 780
6626 2561 3666 3667 5264
6627 2536 5736 2538 6062
6628 3236 5154 3548 6047
6629 5360 5390 550 5814
6630 1960 1189 1365 1366
6631 4258 5848 4745 6002
6632 1918 5711 1915 1917
6633 598 5654 3254 5685
6634 2418 5716 2419 6157
6635 2242 3971 1182 5549
6636 2912 5392 105 5643
6637 4607 5368 3016 2432
6638 5441 5728 5185 5806
6639 4162 5942 373 371
6640 621 1935 622 5917
6641 5945 6029 5797 6124
6642 5325 5771 4177 5913
6643 5155 6032 5981 6205
6644 2591 2428 2433 2430
6645 6207 5692 461 458
6646 5825 4175 3627 1847
6647 5877 5883 5620 5891
6648 4651 4755 3260 6010
6649 5124 5129 5125 5093
6650 1459 5104 1463 5129
6651 2503 905 5143 5972
6652 439 5845 440 6125
6653 4755 3262 3260 6010
6654 5636 5945 5797 6124
6655 4755 2688 3262 6010
6656 3651 4607 3649 3648
6657 5376 6028 1740 6096
6658 4607 4681 4606 3649
6659 569 5622 2562 6013
6660 569 5501 570 6013
6661 3163 5542 5592 6127
6662 3194 5482 3479 6127
6663 2212 1038 3016 3015
6664 4066 1406 4067 6087
6665 3479 5482 3163 6127
6666 998 2310 996 997
6667 5181 5411 5191 5697
6668 5223 5515 5221 6030
6669 2593 6066 2428 2431
6670 4490 5259 3100 6104
6671 2891 5209 2892 5474
6672 4804 3217 1692 6041
6673 2934 5695 2495 2933
6674 2429 3017 2431 6066
6675 1488 5794 5718 6030
6676 5033 4407 4406 5510
6677 5419 5526 5159 5643
6678 743 745 1533 5377
6679 1457 5312 1953 1954
6680 1463 1459 1458 1457
6681 3183 5474 3184 5644
6682 192 193 194 5524
6683 1972 5091 5030 6061
6684 2433 2428 2591 4483
6685 2260 5165 3833 2258
6686 5318 962 4984 5881
6687 960 5318 4336 5341
6688 5205 5742 5686 5840
6689 2214 4010 4009 5165
6690 2210 2213 2211 2209
6691 3033 3035 3036 5998
6692 2237 2232 2235 5669
6693 235 237 238 5166
6694 2128 5753 2081 2080
6695 2433 5124 5093 4483
6696 3599 3600 3601 5974
6697 3016 5157 2212 3017
6698 1589 1591 1588 5270
6699 2591 4483 5124 4482
6700 5181 5672 3013 731
6701 4483 4482 4933 5124
6702 1426 1095 497 5345
6703 5199 5265 5182 5707
6704 2212 2431 5157 2213
6705 2431 2593 4492 2213
6706 2593 2431 2428 2213
6707 2210 4492 2211 2213
6708 2593 5546 1735 2592
6709 6011 5743 3515 3516
6710 779 3568 777 780
6711 1737 2593 4327 1738
6712 1011 5470 5729 1009
6713 4984 5881 5785 5318
6714 1045 3498 971 6083
6715 4938 5369 1438 1050
6716 2428 2431 2212 2213
6717 2114 2117 291 2238
6718 5033 3873 4683 3207
6719 4973 5770 5350 5807
6720 1747 5627 1746 6211
6721 762 760 1537 5671
6722 3255 5685 2974 3254
6723 3471 6120 5238 6164
6724 5560 6163 5717 5407
6725 2186 13 37 32
6726 4413 3041 2900 11
6727 677 5341 938 6188
6728 4883 4728 4727 1067
6729 5789 5923 5160 6095
6730 11 9 4413 3041
6731 884 5337 881 5600
6732 5215 5660 5281 6018
6733 4409 5421 5393 5642
6734 4475 5251 4829 6145
6735 3841 5598 4879 5618
6736 2505 2509 2507 6000
6737 5208 5556 5362 5732
6738 151 5265 3624 148
6739 8 3 9 4
6740 2903 1891 719 5144
6741 1156 1152 5132 5496
6742 3716 3715 4116 2908
6743 5270 5468 194 5524
6744 2899 1068 1069 2970
6745 1218 5484 1216 6129
6746 4566 5426 1722 5634
6747 2483 2482 3272 5462
6748 5719 5966 2288 6176
6749 3464 5253 3463 6119
6750 1187 2377 2365 5484
6751 4923 302 4438 5188
6752 1108 1107 1873 6175
6753 260 6078 2699 2698
6754 4215 242 4825 241
6755 1550 1548 3706 6206
6756 2733 5529 624 5597
6757 5128 1550 3706 6206
6758 3037 5611 3033 5998
6759 2985 4791 3936 5595
6760 2395 5399 2393 5733
6761 1765 845 848 844
6762 2899 1068 2900 2897
6763 821 824 3532 822
6764 11 9 8 3
6765 3 12 7 8
6766 5521 6148 5573 6213
6767 4111 5735 4916 6167
6768 2598 35 3146 4400
6769 4943 2371 2370 6116
6770 5291 5351 5234 5736
6771 2470 5702 2465 5760
6772 818 6181 5879 6211
6773 5169 5400 5289 5544
6774 4343 4342 3590 5838
6775 5346 5694 1529 5732
6776 4751 5480 5278 5769
6777 5910 5938 2481 6097
6778 720 3133 5938 722
6779 263 2371 4713 6116
6780 5751 5943 136 6045
6781 3670 5991 3863 6119
6782 4012 5418 2648 6203
6783 2509 3232 2507 6000
6784 5965 6110 3438 6118
6785 4502 2876 1690 6008
6786 5301 5612 3048 5993
6787 6087 629 891 5625
6788 2931 2399 1766 1767
6789 683 686 684 5305
6790 2263 745 3872 1766
6791 3236 3234 447 6014
6792 1721 1603 1605 5634
6793 2898 2970 2899 3246
6794 4689 3561 4971 5807
6795 291 2117 2114 2112
6796 3517 2120 4126 5835
6797 4908 5686 4910 5925
6798 979 982 980 5650
6799 289 287 2238 5676
6800 4317 3269 4315 5378
6801 1468 1469 2156 2415
6802 2404 5306 2406 6026
6803 4324 5706 5226 5760
6804 2158 3419 2159 4719
6805 5102 794 5016 5653
6806 3821 5232 1942 6130
6807 2238 289 291 287
6808 1069 1 3 1067
6809 18 2 5 4
6810 18 19 9 4
6811 2964 5819 2255 6200
6812 5226 5994 5706 6027
6813 5482 5636 5205 6095
6814 3 2 4413 4
6815 9 3 4413 4
6816 4640 4641 44 38
6817 1675 2219 1673 6085
6818 1740 5577 1742 5861
6819 1748 5683 5395 6211
6820 4885 290 5248 4883
6821 5294 5816 5725 5851
6822 4145 5801 4698 5936
6823 9 2 18 4
6824 4413 2 9 4
6825 5182 5567 5352 6051
6826 5241 5452 1995 6122
6827 3 12 2897 1069
6828 330 3429 331 5809
6829 4883 2238 291 287
6830 290 4883 291 287
6831 911 912 910 5458
6832 1352 1776 299 5188
6833 1817 5715 57 58
6834 6026 6102 5405 5306
6835 10 3041 9 11
6836 3671 3672 5001 5991
6837 4974 2598 3146 4400
6838 3420 4720 2158 4919
6839 2925 5220 2928 5531
6840 2239 287 2238 4883
6841 1708 3974 4405 5824
6842 2897 2901 2898 3246
6843 5693 5791 520 5999
6844 5122 4664 899 5633
6845 4854 1372 3293 1375
6846 5205 5216 5197 5234
6847 5230 5518 5292 6133
6848 2825 5907 4521 6058
6849 3200 1957 290 286
6850 4728 1067 2909 2910
6851 5212 5547 5120 6087
6852 3422 5563 2003 6101
6853 4102 5804 4099 5849
6854 598 5677 597 5685
6855 4885 1067 4728 5684
6856 3000 2931 2398 1766
6857 266 6123 2369 2370
6858 567 2859 2860 5501
6859 2900 14 2897 11
6860 1216 1453 1218 6129
6861 2897 3 11 12
6862 4117 4213 35 3145
6863 1192 1191 1189 5374
6864 2186 33 12 32
6865 116 3427 3433 6016
6866 3146 35 4974 4400
6867 4836 4679 2382 1160
6868 814 813 812 707
6869 5207 5784 5183 5839
6870 4974 2600 2598 4400
6871 2186 32 37 36
6872 4752 4117 33 35
6873 2187 4114 4213 4115
6874 2167 6051 2171 2172
6875 4400 3714 4559 35
6876 2063 2062 4619 5266
6877 4215 35 2598 4400
6878 4497 115 3433 6016
6879 2186 4116 33 36
6880 1346 1348 310 6133
6881 4564 2521 2524 5233
6882 3996 5722 3994 6046
6883 33 32 2186 36
6884 4901 2191 825 4963
6885 5262 5521 5365 5526
6886 4497 3430 330 6016
6887 5435 5628 5588 5640
6888 4401 2600 4974 4400
6889 3291 3289 2810 5689
6890 4213 4114 3144 4115
6891 1587 5541 5198 5639
6892 836 5468 4312 5575
6893 2192 37 2186 13
6894 836 834 835 5468
6895 462 5692 72 6207
6896 5489 5509 5438 5983
6897 4783 1363 1974 1456
6898 4117 4213 3144 2187
6899 1612 5487 5302 2064
6900 3 4413 2900 11
6901 1466 1465 4568 4580
6902 2791 2793 2794 3218
6903 4719 2158 4720 4269
6904 1619 2539 6190 4392
6905 2900 1068 2899 3041
6906 4568 4580 4569 4566
6907 4533 5289 1101 1100
6908 2799 4703 2796 5708
6909 867 3766 3765 3810
6910 4927 5351 2696 5997
6911 1947 3250 4269 3248
6912 5102 981 4988 4566
6913 1551 5102 4988 4566
6914 5282 5377 767 5553
6915 4719 2157 2158 4919
6916 3250 3253 1472 4919
6917 4782 4746 4780 4779
6918 4698 5801 4070 5936
6919 3005 5262 3789 5828
6920 5290 5479 3941 6164
6921 294 5214 5172 293
6922 967 2618 4997 6080
6923 5342 4150 5801 1508
6924 5721 5725 5370 5756
6925 4781 984 4779 4578
6926 2873 5658 3719 6183
6927 844 843 846 848
6928 4720 4919 4992 2158
6929 1415 1418 1416 5651
6930 1024 53 215 219
6931 4538 1104 1981 5666
6932 825 826 4963 6035
6933 2157 4919 1472 1470
6934 40 3256 5045 3299
6935 2157 4919 3420 2158
6936 3043 5214 293 5649
6937 3141 6090 5224 2039
6938 2803 5818 2802 6214
6939 2534 5190 2011 5736
6940 2156 4719 2158 2159
6941 2156 1466 1468 1471
6942 1549 3707 3708 6210
6943 1472 1466 2157 1470
6944 1466 1471 2157 1470
6945 1472 4919 3253 1470
6946 4892 4890 4640 4823
6947 5178 5210 5208 5585
6948 1529 5346 1291 5443
6949 5252 5470 5199 5924
6950 686 683 2379 5305
6951 1466 5752 5426 5935
6952 5354 5890 5186 6056
6953 5487 5775 5302 5783
6954 590 1986 1985 5519
6955 1654 5650 5054 4780
6956 1603 1467 1466 1464
6957 4640 38 44 45
6958 3762 3761 1380 5242
6959 5756 5954 5549 6093
6960 1603 5426 4580 1466
6961 1554 5102 796 5016
6962 4988 5102 1551 4579
6963 45 457 4640 4892
6964 774 773 772 4952
6965 3816 5570 3814 3815
6966 978 182 3064 5785
6967 1001 3438 998 5576
6968 793 795 796 794
6969 3431 5397 4189 2814
6970 4587 2133 3158 4134
6971 4989 4567 4569 4990
6972 4989 4988 4567 4990
6973 3361 3364 3363 5883
6974 447 4132 442 3937
6975 4024 3348 3116 3349
6976 5054 5650 1655 4153
6977 985 4782 984 4747
6978 4780 4782 985 4746
6979 1626 5669 3969 1629
6980 4891 4640 44 45
6981 355 352 945 354
6982 4580 4990 4569 4566
6983 517 1944 1947 515
6984 661 5525 5344 6180
6985 4137 4123 4139 5802
6986 4320 2853 4319 5866
6987 3699 5269 3698 6074
6988 796 5102 1554 794
6989 3319 3315 2195 5437
6990 5129 5124 4933 5635
6991 5252 5261 5199 5287
6992 2932 5322 2500 6105
6993 1521 5569 4133 5850
6994 5423 5511 5486 6114
6995 561 3560 3559 6050
6996 3530 1227 217 4674
6997 4040 5922 3148 5934
6998 5384 5433 5264 5501
6999 3443 5213 3441 3442
7000 5208 5560 5379 5652
7001 5208 5556 5346 5585
7002 294 4789 5941 5172
7003 5039 4542 4543 5899
7004 5180 5274 5261 5287
7005 5476 6155 2664 6215
7006 794 5317 1551 1552
7007 1165 5167 2197 5979
7008 5318 4622 4652 4336
7009 1085 5284 5562 5446
7010 1730 5582 1732 5808
7011 1934 5507 2888 1932
7012 2412 2413 4939 5264
7013 459 2002 460 5933
7014 1106 6089 5716 1266
7015 1539 1538 1537 1532
7016 1571 4218 2650 1205
7017 1577 2662 1573 5366
7018 1274 1214 4124 5775
7019 4670 5728 3945 5816
7020 2619 5989 2621 6083
7021 5380 5506 151 5707
7022 5812 5876 5646 6068
7023 4155 5433 4156 5660
7024 51 49 4432 202
7025 3470 5513 3474 6120
7026 119 2163 1984 5505
7027 6180 661 3622 6128
7028 835 836 833 834
7029 3955 2171 4363 5708
7030 5302 5487 5202 6123
7031 5037 3657 3659 3658
7032 2483 5462 4802 5712
7033 2815 5686 5333 5742
7034 3738 3869 3868 5448
7035 4611 4834 4610 5448
7036 5253 5409 2935 5994
7037 127 2778 1085 5284
7038 6000 6202 6083 6227
7039 87 88 86 5654
7040 2806 5545 2803 4075
7041 2445 5545 2446 6214
7042 2142 2147 408 5466
7043 4818 3834 4769 5554
7044 40 3299 198 199
7045 1024 219 215 1026
7046 642 5854 5708 638
7047 4674 203 5127 3531
7048 4432 457 51 4892
7049 5801 2713 1507 1512
7050 1697 5398 1696 5950
7051 5407 5556 5208 5585
7052 601 1407 2684 5924
7053 3668 5420 3669 5584
7054 307 312 311 5632
7055 38 48 219 47
7056 457 4640 4890 4891
7057 4890 4892 4914 4823
7058 3637 1562 1563 5600
7059 48 1025 42 1022
7060 500 499 1098 5290
7061 38 47 43 48
7062 4640 4890 4824 4823
7063 1230 1231 1232 1228
7064 4086 5714 3381 2708
7065 3970 763 4017 4019
7066 51 4892 49 202
7067 1023 53 1024 219
7068 3005 4606 3004 5572
7069 49 1229 38 1227
7070 45 38 4823 4640
7071 1535 1533 1534 1532
7072 3350 5310 3351 5900
7073 1229 1231 1227 1228
7074 1754 4225 1756 5188
7075 48 2372 43 42
7076 5318 962 4652 4622
7077 2813 104 2812 5392
7078 42 219 48 1022
7079 440 5845 439 6021
7080 267 5294 270 5655
7081 1270 5837 1267 1269
7082 4845 4253 4252 5283
7083 1050 5369 1441 6181
7084 1026 5045 218 3094
7085 3308 5524 2391 5691
7086 45 4892 4640 4823
7087 38 43 42 48
7088 1654 4782 5016 979
7089 260 5864 5860 6078
7090 1230 1227 47 1231
7091 1581 5830 2007 5948
7092 653 5301 3048 6080
7093 4891 457 45 44
7094 3716 5248 4658 5684
7095 1942 1941 3184 6130
7096 1024 1023 215 53
7097 2098 5728 4106 6044
7098 47 1232 1230 1231
7099 655 6016 5709 6025
7100 22 25 24 20
7101 43 2372 48 46
7102 1101 4533 4529 4530
7103 4549 5182 4451 6184
7104 2373 48 2372 46
7105 1023 53 48 2374
7106 5251 5588 4101 6145
7107 4337 5656 1364 4338
7108 2372 48 2373 2374
7109 3043 5649 878 5002
7110 1023 48 1025 2374
7111 2373 53 1023 2374
7112 48 53 2373 2374
7113 5181 2579 3013 5672
7114 3114 5509 5146 6223
7115 5160 5477 5205 6127
7116 218 40 1227 3256
7117 96 5221 1877 5321
7118 5298 5399 5230 5518
7119 3404 3268 1773 5328
7120 3541 3293 3180 5955
7121 3969 5669 2025 5670
7122 5195 5356 5275 5799
7123 42 38 1227 39
7124 217 3530 218 1227
7125 3917 3209 4725 4193
7126 4893 6148 1689 6213
7127 4018 1769 4262 4397
7128 4486 4487 4845 5283
7129 1227 1231 1230 1228
7130 4559 4213 33 3716
7131 5696 5934 5480 6113
7132 49 202 4892 1229
7133 4913 4640 44 4891
7134 3495 4777 5108 1536
7135 1114 1115 1117 5832
7136 4673 5718 5202 6030
7137 47 1227 1230 219
7138 1227 42 219 38
7139 1271 5837 3891 1273
7140 1229 4823 1227 1231
7141 2357 4101 4371 4370
7142 1532 1537 5553 1531
7143 773 4899 1790 4952
7144 1357 1360 2670 5640
7145 5182 5336 4452 6184
7146 53 2373 46 48
7147 4823 38 45 49
7148 49 4892 45 4823
7149 4009 4571 4440 5165
7150 1602 5191 3376 5378
7151 38 1227 1229 4823
7152 47 1227 38 4823
7153 5475 5629 2067 6179
7154 5940 3371 6226 5162
7155 1095 1426 1097 5345
7156 2869 2461 2870 2871
7157 3474 3470 3473 5513
7158 48 219 47 1232
7159 47 219 1230 1232
7160 53 219 216 215
7161 1769 1770 4399 1767
7162 200 49 203 204
7163 1110 2416 1266 5716
7164 3743 3550 3727 5990
7165 1219 2054 2052 5503
7166 212 2067 2066 5475
7167 2972 5685 2975 5843
7168 4137 5302 4142 5802
7169 3022 4344 3974 5824
7170 1041 1044 1570 6027
7171 68 5680 2078 5692
7172 2695 2694 249 5291
7173 992 997 2309 6118
7174 1934 1929 1933 5507
7175 1291 5443 5346 5492
7176 249 252 2956 5291
7177 4226 1756 4225 5188
7178 5572 5617 5417 6142
7179 3949 2846 3952 3950
7180 2593 5243 1738 5546
7181 962 5318 5185 5881
7182 5439 5681 5490 6097
7183 2309 3922 992 6118
7184 4668 1357 2670 5640
7185 3889 3888 3890 3831
7186 502 500 3941 5290
7187 574 4561 4562 5240
7188 1037 1034 3452 1038
7189 5531 5616 5208 6085
7190 1957 288 1958 5658
7191 4857 5213 3286 5443
7192 4266 3694 3422 5259
7193 1763 2283 2574 5746
7194 2843 2844 2841 5225
7195 3576 5792 5557 6107
7196 1586 5639 4832 5769
7197 5202 6022 5421 6116
7198 2080 2081 2077 5395
7199 901 5662 907 5732
7200 1730 1738 4327 5808
7201 5444 5673 5175 5769
7202 2251 853 2965 6078
7203 3150 5326 3962 5922
7204 3669 4168 3671 5584
7205 4250 4886 2220 5554
7206 826 17 16 1892
7207 4539 2359 2356 3908
7208 2039 5561 5224 5562
7209 3636 4066 5552 6087
7210 123 3988 125 5505
7211 2260 4010 4571 4009
7212 2441 2443 2440 5710
7213 5238 5736 5450 6095
7214 2873 5668 2869 5675
7215 499 503 501 5290
7216 677 938 681 6188
7217 5565 5789 1546 5896
7218 2342 2346 2345 6150
7219 1875 5627 3943 6211
7220 874 5224 875 5446
7221 5376 5478 5456 5534
7222 3717 3718 4433 5381
7223 3175 5683 1048 6159
7224 503 5167 501 5290
7225 5225 6036 5897 6114
7226 4216 240 4214 242
7227 1851 1638 4635 5599
7228 5251 5790 4952 6151
7229 1793 1791 1788 5211
7230 4282 5241 1666 5515
7231 196 5691 197 192
7232 5168 6098 5389 6209
7233 1197 1196 1198 1195
7234 4591 3707 5072 6108
7235 4101 4100 2525 2523
7236 3718 5381 3592 5473
7237 5258 5583 5384 5590
7238 2370 6116 2371 6123
7239 577 5225 572 5657
7240 239 235 4825 5166
7241 4594 5661 2568 5945
7242 5107 4705 4704 765
7243 1713 1714 2149 5552
7244 2097 3380 3343 6044
7245 2215 3889 1195 2216
7246 2114 2233 2237 5669
7247 597 598 593 5677
7248 235 238 4825 5166
7249 2232 2961 2931 5669
7250 5402 5466 735 5798
7251 3090 4643 2842 318
7252 4227 1779 1777 5188
7253 1281 5409 5253 5310
7254 5607 6110 5373 6118
7255 4308 5336 4309 5844
7256 2345 5275 2344 6150
7257 5733 5965 1347 6118
7258 2257 2261 746 2259
7259 4011 3020 4265 5353
7260 3007 6198 4501 6226
7261 5728 5816 4106 6044
7262 5160 6095 5482 6127
7263 1981 5401 1982 5666
7264 4245 2261 2259 746
7265 5436 5455 3650 6194
7266 5075 3610 3611 3609
7267 4249 2831 2124 5652
7268 3094 218 219 216
7269 5402 5717 5186 5798
7270 5613 5871 3406 6193
7271 4262 2027 2115 2025
7272 715 5144 718 1887
7273 1816 5632 308 6152
7274 4129 3620 2422 5249
7275 219 215 3094 216
7276 3759 5764 3758 5847
7277 1711 745 2398 1710
7278 122 3985 3984 5505
7279 5497 5804 5251 6035
7280 3530 3256 218 1227
7281 1322 1320 5139 5838
7282 5306 5721 5405 6024
7283 217 3530 3094 5076
7284 5045 217 3094 5076
7285 5102 4221 4222 5931
7286 1264 6208 5052 6228
7287 1399 151 4392 5707
7288 4659 6068 5646 6108
7289 2360 5304 745 747
7290 1325 5434 1329 1007
7291 3974 3973 3022 5824
7292 1732 1735 1738 5808
7293 5406 5989 5301 6080
7294 2042 5031 5091 5959
7295 2067 5629 2641 6179
7296 89 5654 5498 5843
7297 5791 5942 5693 6186
7298 3653 5631 5546 5724
7299 767 2397 2399 5282
7300 2257 2263 4292 2262
7301 6226 4244 3371 5940
7302 4501 2279 3006 4500
7303 2289 2288 2290 6176
7304 5280 5748 3888 5665
7305 4750 4834 4040 5992
7306 2401 4726 2426 2459
7307 3871 6018 2860 2861
7308 2619 5815 2622 652
7309 3089 5451 5218 5911
7310 766 4704 4706 4705
7311 2235 5670 3086 2237
7312 1931 1930 4396 5673
7313 4500 3369 3006 6226
7314 2191 5497 825 6035
7315 203 3531 4674 3529
7316 2855 5242 1377 1376
7317 4459 4458 3110 5378
7318 2316 3238 2074 5827
7319 1475 5663 1476 1474
7320 5047 5704 4909 5986
7321 2174 5334 2988 5844
7322 765 1535 761 766
7323 5313 5647 5354 5797
7324 3436 5894 3559 6050
7325 4767 4289 4486 5283
7326 476 5620 1366 5877
7327 3498 3497 971 6083
7328 5420 5984 5253 6052
7329 2360 5304 747 5665
7330 4092 3110 4093 5378
7331 867 3810 3765 3809
7332 746 3495 4245 743
7333 5191 5327 5286 5378
7334 2398 1766 2931 2399
7335 4923 4438 1754 5188
7336 5214 5236 5172 5637
7337 5619 5813 5632 6152
7338 2239 5658 2233 5676
7339 4244 5940 6226 6200
7340 5016 979 4221 5931
7341 3611 3916 2938 2973
7342 227 3588 3587 5779
7343 4768 5283 4769 5664
7344 746 4292 2263 743
7345 4292 746 2257 2261
7346 2119 5948 3514 4126
7347 1016 4619 4462 5568
7348 858 5264 859 5384
7349 4517 5173 4515 5384
7350 455 812 456 5584
7351 2263 743 3872 745
7352 745 5665 744 747
7353 1712 1711 1533 745
7354 1533 743 1712 745
7355 5075 3611 2938 5504
7356 4813 5583 5179 6084
7357 16 4921 1892 2903
7358 768 769 770 771
7359 4726 2400 3970 763
7360 4244 6226 1480 3369
7361 5777 5995 3089 6193
7362 537 538 532 5799
7363 745 5304 5280 5665
7364 4767 4486 4845 5283
7365 1478 4253 4487 5283
7366 2460 86 74 75
7367 5535 2924 2923 5329
7368 1721 5317 1722 5634
7369 3719 5669 2961 5676
7370 746 5280 748 5665
7371 4380 5001 5000 5991
7372 4389 3937 277 5737
7373 5093 5724 5635 6043
7374 5312 5417 5227 6142
7375 570 571 3876 5501
7376 3491 3490 3489 5603
7377 1421 1854 1855 6040
7378 3904 1021 1020 5568
7379 1953 1956 4827 5312
7380 5163 5284 5224 5681
7381 1125 2020 3418 5500
7382 1536 4777 1712 3495
7383 3670 3671 3863 5991
7384 5207 5784 3595 5990
7385 5310 5858 5180 5900
7386 4487 4253 4845 5283
7387 5807 5894 5576 6050
7388 1722 5317 5311 5634
7389 1461 5572 1462 6142
7390 2870 2461 2869 4563
7391 1316 6038 2648 6219
7392 2163 5235 5156 5505
7393 2397 2401 74 2400
7394 237 5166 2939 5675
7395 117 114 4391 5707
7396 831 5705 830 6047
7397 4106 5787 4670 5805
7398 4902 5804 4900 5849
7399 5735 5787 4106 5805
7400 2253 5532 5303 6177
7401 1825 6106 2489 6119
7402 2859 6160 1687 6148
7403 97 5321 101 5509
7404 5732 4955 4477 4954
7405 3874 3875 859 860
7406 1691 6160 5521 6213
7407 1349 5733 5518 6133
7408 3530 4674 3531 3529
7409 5176 5436 5298 6224
7410 5293 5326 2484 6199
7411 2519 5675 2937 3916
7412 5421 5718 5432 6192
7413 3943 6211 5836 4476
7414 89 4721 4724 4722
7415 3270 5295 276 5888
7416 3503 5972 5389 6115
7417 4868 4609 952 5559
7418 4129 5222 3620 5249
7419 1751 1754 1756 5188
7420 4848 5760 2468 4847
7421 4524 5442 55 1499
7422 2609 5638 2624 2610
7423 3022 3977 4236 5824
7424 2105 2101 2103 5573
7425 3837 5618 3182 6130
7426 4215 241 4825 4182
7427 6102 5427 5405 5851
7428 4564 5668 2524 2521
7429 2744 4762 2742 5596
7430 5190 5359 2011 5590
7431 675 5610 2946 671
7432 4145 1510 4146 5801
7433 2930 2929 2902 5670
7434 5144 719 718 1887
7435 1892 4921 1888 1891
7436 719 2903 15 2714
7437 2899 2897 2898 3246
7438 4554 6077 772 4831
7439 3906 5589 4128 5699
7440 1352 3220 5188 1353
7441 4761 5488 2533 5596
7442 3245 4175 3586 5786
7443 1104 5666 1099 685
7444 4901 2191 2190 4099
7445 1064 1060 1063 5887
7446 745 5280 743 5665
7447 212 207 2957 5852
7448 1993 1994 1995 5710
7449 4608 5264 3845 5384
7450 3308 5217 1592 5524
7451 5205 5651 5482 6127
7452 5482 5651 3165 6127
7453 2361 2356 4539 2359
7454 5351 5757 5727 6095
7455 2129 2128 2126 5753
7456 445 1779 4227 5188
7457 3223 5339 3629 5490
7458 5205 5234 5197 6095
7459 1756 3220 1354 5188
7460 5419 5527 404 5841
7461 761 5553 764 5671
7462 1958 2939 236 5166
7463 4479 4307 544 5336
7464 5238 6059 5736 6095
7465 818 5879 820 6172
7466 1766 5282 2399 2398
7467 5393 5432 5349 5642
7468 129 5561 5284 5975
7469 3753 5249 3752 5589
7470 1015 1016 1017 5568
7471 49 200 50 198
7472 4225 1754 4438 5188
7473 1769 5670 1768 1767
7474 5412 6165 5726 6190
7475 3969 1767 2931 5670
7476 5159 5526 5419 5667
7477 4399 1766 1767 1770
7478 413 5670 1766 1768
7479 4438 302 4923 4437
7480 1892 2903 1891 16
7481 5584 5991 3670 6119
7482 17 14 2897 16
7483 4960 2878 2879 5633
7484 4616 4313 5277 6144
7485 5183 5784 5207 6047
7486 5799 5833 536 6196
7487 1353 1354 3220 5188
7488 33 4117 4752 36
7489 3818 5385 560 5770
7490 5226 5702 4324 5760
7491 4329 5511 484 6114
7492 746 5280 2263 2264
7493 748 746 2259 5280
7494 2825 5347 2824 5907
7495 3831 3888 2259 5280
7496 2900 14 15 16
7497 718 1889 717 1887
7498 436 5394 440 6021
7499 5385 5807 561 6050
7500 4698 5319 4145 5936
7501 5256 5818 5690 6214
7502 4540 5158 4543 4542
7503 1537 760 761 5671
7504 5204 5891 5819 6177
7505 2539 4549 1620 6190
7506 1890 719 1891 1888
7507 718 1891 719 2714
7508 5187 5949 2960 2902
7509 719 1888 1890 1887
7510 719 1888 1887 5144
7511 1887 5144 1888 413
7512 4348 2873 4346 4347
7513 4419 2870 3917 4563
7514 5654 5677 5498 5685
7515 416 6195 2902 412
7516 417 6195 415 4952
7517 731 5181 877 5411
7518 2960 5187 2870 4564
7519 4921 5670 2930 2902
7520 5158 5544 5289 5793
7521 2970 2971 1069 3246
7522 4563 5187 3917 2520
7523 4215 4559 241 4182
7524 5222 5794 5177 6138
7525 2426 2459 2137 2136
7526 5503 6121 5155 6205
7527 413 1893 414 4921
7528 1893 4921 3532 414
7529 2235 4920 3086 4921
7530 5425 5627 5322 5920
7531 2898 2971 2970 3246
7532 2901 16 2902 17
7533 1972 5514 5206 6061
7534 413 1887 5144 4921
7535 5144 1888 413 4921
7536 413 4921 414 412
7537 1893 4921 413 1888
7538 2903 4921 2902 16
7539 4004 6191 1863 3082
7540 1461 2879 2880 5572
7541 6087 634 629 5625
7542 1187 1188 2377 5484
7543 5220 5886 5616 5903
7544 4183 5483 4825 5668
7545 1891 1888 5144 4921
7546 1888 4921 1892 1893
7547 242 241 235 4825
7548 5403 5821 2492 6105
7549 1863 6191 1864 5479
7550 2003 5847 3423 6101
7551 4504 4502 4503 6099
7552 4069 4070 3639 5801
7553 3524 3526 4354 5673
7554 5219 5890 5717 6056
7555 211 6057 205 210
7556 3434 5337 3129 5716
7557 5577 5861 1740 6028
7558 2961 6183 3721 3720
7559 4027 5587 5275 6196
7560 5749 6165 1620 6190
7561 762 596 1256 5671
7562 3998 5921 3995 6009
7563 6202 5447 3466 5253
7564 4847 5706 4324 5760
7565 4079 945 2781 5405
7566 2904 4226 4438 5188
7567 1756 1777 3220 5188
7568 5243 5546 2593 5711
7569 1930 5673 1929 5769
7570 5735 4108 4670 4106
7571 2974 5685 3255 2975
7572 1507 1510 5801 1504
7573 2407 3758 4896 5764
7574 5529 5608 5179 6084
7575 593 5677 596 597
7576 445 1778 1779 5188
7577 3648 5499 3652 3654
7578 1666 1664 1663 5297
7579 2949 1283 2950 5900
7580 2117 2238 2114 5669
7581 1509 1926 2713 5801
7582 5180 5339 5261 5490
7583 1605 1606 1720 5634
7584 5169 5401 5400 5793
7585 5920 6157 1110 5716
7586 2743 5215 2739 6018
7587 1495 4076 4079 5405
7588 2181 933 2438 6182
7589 5406 5989 2619 6083
7590 3704 3707 5860 1548
7591 5761 4872 4932 6218
7592 270 5294 988 5655
7593 5334 5336 4703 5708
7594 1644 5868 5626 6210
7595 5108 4777 765 1536
7596 2141 5075 5064 5504
7597 1589 1587 1929 5731
7598 5601 6041 1686 6160
7599 1786 1788 1789 5981
7600 2235 2237 2233 2232
7601 1766 5670 413 3000
7602 2929 2930 2235 5670
7603 1686 6041 1687 6160
7604 1720 5317 1721 5634
7605 5623 4027 5275 6196
7606 3620 5222 3616 5249
7607 5175 5673 5278 5769
7608 764 1537 761 5671
7609 1256 5659 1257 5671
7610 596 1538 1539 5671
7611 1766 3000 2931 5670
7612 5020 3505 3891 5783
7613 4921 3086 2113 3087
7614 4921 5144 2113 1887
7615 1529 5694 4954 5732
7616 3181 5904 6021 438
7617 5378 5480 4751 5769
7618 1538 5659 1539 5671
7619 763 761 760 5671
7620 4428 1529 5134 1530
7621 1734 5312 1953 5808
7622 1722 5426 1721 5634
7623 2080 5395 2079 5753
7624 6055 6060 1595 6149
7625 2507 3232 2508 6000
7626 1912 5406 1911 6000
7627 1727 5503 2054 6205
7628 5225 5897 5657 5922
7629 3870 5501 2859 5660
7630 5480 5639 5541 5769
7631 4051 5492 2184 5555
7632 3461 4475 3460 5211
7633 2113 5670 4921 1887
7634 5144 2113 1887 715
7635 4396 5673 1930 5769
7636 2930 5670 4921 2235
7637 3947 5954 5851 6102
7638 413 1768 1887 5670
7639 2113 5682 1887 715
7640 5459 5344 5358 5494
7641 4628 4627 5588 3907
7642 236 1958 1625 2939
7643 2027 3969 2025 5670
7644 4349 4351 4207 5516
7645 3446 4613 3388 5820
7646 5424 6077 5435 6126
7647 5199 5287 5274 5547
7648 5863 5880 5577 6174
7649 5436 5508 5298 6224
7650 1733 1194 4084 5431
7651 2956 2694 4524 5291
7652 1229 4824 4914 4823
7653 4146 4698 4145 5801
7654 289 5658 287 5676
7655 2901 4181 2897 4180
7656 3648 3649 3650 5499
7657 4253 5283 1478 5763
7658 2247 3315 3317 5437
7659 1302 4513 3083 6191
7660 1970 2000 1760 5701
7661 3876 5264 570 5501
7662 1722 5311 4566 5634
7663 4004 6191 1546 1545
7664 4198 5507 1929 5673
7665 5306 5415 947 5857
7666 2409 1937 623 6084
7667 3503 3499 3501 6115
7668 202 1229 4914 4892
7669 4146 4699 4698 5801
7670 4150 1510 4054 5801
7671 1769 1767 4399 4397
7672 3968 2399 2931 3969
7673 2024 2027 2025 5670
7674 876 5181 731 5672
7675 4794 2420 1109 6175
7676 1767 1766 4399 5282
7677 3094 3530 4674 3531
7678 4329 6036 5511 6114
7679 179 178 184 180
7680 4105 4756 3411 5901
7681 1873 1749 1109 6175
7682 1106 1107 1108 6175
7683 2004 6055 2007 6004
7684 3503 5389 3499 6115
7685 4671 5219 4565 6056
7686 487 4165 4329 6114
7687 5262 5521 2876 6008
7688 5269 6131 3024 5918
7689 1229 4674 1227 3529
7690 2931 3969 2399 1767
7691 512 5746 1763 5744
7692 416 5670 413 412
7693 3000 2902 2929 5670
7694 1887 2024 5682 5670
7695 5458 5583 5258 6138
7696 5199 5274 5272 5412
7697 1628 4017 3969 4018
7698 4289 4488 4487 5283
7699 4818 4819 3834 5554
7700 4399 1767 3969 4397
7701 1256 596 2673 5671
7702 4398 4018 4262 4397
7703 1257 760 1256 5671
7704 749 747 744 5665
7705 739 4289 4767 5283
7706 739 5283 4767 5664
7707 2399 5282 1766 1767
7708 4252 4769 4768 5283
7709 5283 5554 4769 5664
7710 5038 5880 1054 6221
7711 596 5659 2673 5671
7712 1539 5659 596 5671
7713 1538 1531 88 5671
7714 4018 1769 3969 2027
7715 4262 1769 4018 2027
7716 2235 5670 2398 2929
7717 2115 3969 2027 4018
7718 596 762 1537 5671
7719 2024 715 2115 2026
7720 1627 3969 4018 1628
7721 2673 5659 1256 5671
7722 3969 4397 1769 4018
7723 767 5553 2397 5282
7724 5443 5492 3689 5555
7725 738 5254 4191 5664
7726 2115 2027 4262 4018
7727 2024 5682 715 1887
7728 5670 2931 2398 3000
7729 4606 5499 3004 5572
7730 4928 2696 5997 4927
7731 1227 1229 201 50
7732 763 2137 4019 4726
7733 1539 596 1537 1538
7734 1229 203 4674 3529
7735 762 2673 1256 596
7736 5586 2605 2609 6010
7737 743 5280 746 5665
7738 4018 4017 767 763
7739 2462 2197 2196 5979
7740 2084 2974 591 594
7741 4769 5283 4252 5554
7742 5599 1640 167 1638
7743 4692 5443 3689 5555
7744 4681 2432 2433 4607
7745 202 200 49 198
7746 4252 5283 4253 5554
7747 5889 6023 5662 6124
7748 1532 1535 5553 1537
7749 4457 1602 3376 5378
7750 4766 4765 3863 5991
7751 3716 4213 4116 4658
7752 5406 5960 1657 6000
7753 1296 3197 1295 5482
7754 5107 4704 5108 765
7755 6131 3402 1820 6052
7756 119 123 125 5505
7757 484 5511 5423 6114
7758 1248 3500 903 5662
7759 2774 4882 3817 5770
7760 3911 5628 2672 5640
7761 5254 5554 5283 5664
7762 2083 591 2974 2085
7763 4346 3968 3719 1629
7764 785 5171 786 5909
7765 5107 765 5108 4777
7766 4942 6117 5964 4943
7767 1533 5553 1532 1535
7768 594 5677 593 598
7769 3145 4752 3146 35
7770 4432 202 49 198
7771 5532 5860 5303 6108
7772 1535 5553 1537 764
7773 4810 5712 5272 5854
7774 5194 5481 2912 6071
7775 5309 5333 5216 5915
7776 4671 5909 5638 6056
7777 964 1202 1204 5408
7778 4486 4289 4487 5283
7779 6002 2131 4345 3156
7780 748 5280 3888 5665
7781 1596 6104 5970 6137
7782 325 2590 3964 6006
7783 4824 5127 1229 204
7784 4914 4824 1229 204
7785 3142 5224 5562 2039
7786 4914 1229 202 204
7787 4914 4892 1229 4823
7788 48 2374 42 1025
7789 1726 1217 2367 5503
7790 5629 5824 4028 5848
7791 1766 1767 1768 5670
7792 3609 2083 2974 2085
7793 204 202 49 1229
7794 825 4963 2191 6035
7795 4112 114 1399 5707
7796 5347 5907 2825 6058
7797 3964 5939 1341 6006
7798 16 826 2902 6035
7799 2860 3870 2859 5660
7800 763 1257 4019 2137
7801 270 988 320 5655
7802 4671 2627 2623 5909
7803 5517 5823 5708 6217
7804 3742 3743 3740 5990
7805 5257 5281 5215 5660
7806 6133 1347 1351 1346
7807 4667 1571 1204 6082
7808 4767 5283 4252 4768
7809 2461 5498 2426 5675
7810 2961 5669 2232 5676
7811 4429 5499 3649 4606
7812 5484 5503 1216 6129
7813 1931 3525 4197 4395
7814 2607 2605 5586 6010
7815 3005 5436 4429 5499
7816 1219 1728 2054 5503
7817 2563 567 568 5501
7818 3417 2329 3416 5500
7819 5391 5521 5365 5573
7820 3611 3377 2974 3610
7821 5346 5585 5556 5662
7822 596 5677 593 592
7823 4681 5499 3004 4606
7824 5714 3383 3381 345
7825 4429 4606 3005 5499
7826 2582 2583 5575 5691
7827 49 50 201 1229
7828 988 5324 323 5655
7829 761 1537 764 762
7830 1595 6137 1594 6149
7831 5349 5359 5258 6147
7832 1262 2770 2269 3807
7833 1486 1474 1478 5663
7834 2041 5562 1085 2778
7835 4984 603 599 604
7836 2974 2083 3609 3610
7837 1639 1640 411 6019
7838 278 5327 5295 5888
7839 5193 5481 105 5574
7840 4594 4695 4697 5661
7841 4928 3814 1582 1632
7842 1626 1623 1628 1627
7843 1229 3529 201 203
7844 1657 1656 5960 1658
7845 1021 5616 3904 5886
7846 5647 5890 5354 6029
7847 2485 6097 3134 6140
7848 3306 5964 4713 6116
7849 4424 3653 2252 5631
7850 3388 4613 4094 5820
7851 203 204 49 1229
7852 2604 5586 5363 6010
7853 2581 2577 2579 6144
7854 3653 5546 5368 5724
7855 1622 4346 4348 5658
7856 267 5428 5294 5655
7857 49 200 201 50
7858 50 198 200 201
7859 201 199 1227 50
7860 199 198 50 201
7861 199 201 200 198
7862 597 199 1539 201
7863 5351 5565 5923 1634
7864 4769 4250 4818 5554
7865 4488 1486 4487 5663
7866 3795 5509 5300 5983
7867 4668 4474 3911 5640
7868 4043 5696 4312 6113
7869 1418 4695 4594 5661
7870 816 813 815 5984
7871 2178 6165 2175 6204
7872 2202 5345 1424 5831
7873 5586 5638 5440 6010
7874 238 5166 237 5675
7875 5321 6192 5509 6223
7876 5268 5416 5219 6019
7877 2970 3246 1069 5684
7878 96 3114 2616 5966
7879 2931 1767 1766 5670
7880 1768 5670 1769 2024
7881 876 5649 5181 5672
7882 5181 5649 5277 5672
7883 2402 2969 2966 5500
7884 3875 571 3874 5501
7885 5340 5433 5229 5660
7886 4130 4131 3934 6014
7887 5586 2604 2607 6010
7888 5433 5501 4156 5660
7889 2579 2577 3013 5672
7890 4156 5501 3870 5660
7891 4818 4250 2220 5554
7892 3888 5192 749 5665
7893 6004 5764 2003 5563
7894 4252 4253 4250 5554
7895 5852 5939 3964 6006
7896 1726 1728 1217 5503
7897 289 2116 1622 5676
7898 419 1709 1707 6003
7899 484 487 4329 6114
7900 591 2974 2084 2083
7901 3405 5328 2904 5602
7902 2330 2020 1701 5500
7903 5515 6030 5241 6192
7904 978 5785 3064 6190
7905 1537 5671 5553 6189
7906 2241 5493 2240 6150
7907 3588 5779 2773 3586
7908 4113 5453 3924 5946
7909 2086 5504 2141 5677
7910 4825 4559 3199 4182
7911 2968 2402 2966 5500
7912 1622 5676 1626 1623
7913 5480 5541 5444 5769
7914 1623 1622 4348 1624
7915 4549 4448 4449 6184
7916 5309 5779 3586 5786
7917 3013 2577 4616 5672
7918 4616 5277 4738 3012
7919 4627 4474 4626 6145
7920 5230 5686 5399 5777
7921 3827 5924 5729 5946
7922 1625 1624 4348 1958
7923 3435 3434 2384 5716
7924 5323 4122 4120 5431
7925 4306 2610 2624 5638
7926 2685 3827 3924 5924
7927 1625 1958 4348 2939
7928 4338 5656 1364 6139
7929 5266 5316 5170 5559
7930 1019 1017 1016 5379
7931 2943 1961 1191 5374
7932 4367 4736 2556 5401
7933 5283 5663 1478 5763
7934 1352 299 306 1353
7935 2696 5351 5291 5736
7936 3734 5338 3375 5814
7937 4078 5200 3696 5415
7938 1729 5211 3460 6032
7939 4883 5483 4885 5684
7940 1325 1324 5434 5957
7941 5417 5436 3005 5499
7942 5213 3445 3441 6141
7943 814 812 456 707
7944 526 5375 4388 6162
7945 2085 5075 3611 3609
7946 4838 5951 5581 5963
7947 5718 6030 5432 6192
7948 1522 1521 4002 5727
7949 2873 3719 3720 6183
7950 5318 5341 5185 5678
7951 5185 5441 5412 5678
7952 4587 6179 2643 3535
7953 5351 5570 4927 5571
7954 5535 1801 1803 5741
7955 6042 5831 5284 126
7956 5287 5528 5180 5900
7957 5590 5258 5173 5384
7958 5276 5727 1522 5786
7959 4757 4755 4651 5901
7960 656 660 661 6088
7961 1984 5156 1983 5505
7962 11 12 4181 2897
7963 123 122 3984 5505
7964 5086 2975 3255 5685
7965 1392 30 2325 5987
7966 5494 5609 5459 5742
7967 3451 5819 2964 6200
7968 2233 2232 2237 5669
7969 4182 5483 4179 5684
7970 3417 2020 2330 5500
7971 3499 5889 5717 5890
7972 3870 3874 571 5501
7973 1983 5156 2152 5505
7974 3984 5235 3988 5505
7975 120 122 123 5505
7976 1983 122 120 5505
7977 3985 5235 3984 5505
7978 2014 5642 5538 5953
7979 2827 5732 2914 5856
7980 2072 5702 3697 5918
7981 212 5475 2066 6057
7982 5678 5785 5414 6222
7983 782 786 787 5909
7984 2186 4181 33 4116
7985 5313 5845 5388 6125
7986 5146 98 4291 5509
7987 115 116 3433 6016
7988 3428 3427 654 6016
7989 4498 5194 2912 5841
7990 5706 5969 5226 6027
7991 4634 1970 1760 5445
7992 3628 1157 1158 5915
7993 5375 5550 5271 5967
7994 285 2762 3103 5817
7995 873 1435 1434 5641
7996 459 3424 2002 5933
7997 2120 2119 4126 5835
7998 834 5468 194 6033
7999 818 6172 6065 6211
8000 3134 5938 2485 6140
8001 3266 5532 1917 6136
8002 262 5865 1611 6123
8003 375 3945 376 5816
8004 2427 5498 2938 5675
8005 4559 4215 35 4213
8006 1430 3311 820 6172
8007 5261 5271 5180 5681
8008 5923 5565 5351 6095
8009 555 6026 2405 553
8010 2840 5879 4938 6211
8011 4089 4088 4086 5714
8012 4165 5934 4043 6113
8013 2901 4180 2897 2189
8014 1771 5624 1154 5113
8015 4273 2150 4272 5310
8016 3089 5451 753 5995
8017 1088 875 3080 5464
8018 3966 1671 1672 5390
8019 86 75 2460 5768
8020 4401 2601 4974 2600
8021 2601 2598 4974 2600
8022 3544 5774 4466 6170
8023 2598 2600 4215 4400
8024 5346 5636 5482 6095
8025 4783 1456 1974 4784
8026 35 3145 4213 4215
8027 4213 3145 3144 4215
8028 1276 5954 1181 6102
8029 5226 5706 1043 5969
8030 2598 2601 2599 2600
8031 4094 4613 4096 5820
8032 4215 2600 2598 3144
8033 587 5255 5235 5626
8034 4117 4752 3145 35
8035 33 4213 35 4117
8036 5132 3061 3060 5720
8037 5350 5461 5234 5807
8038 5012 3577 3955 3576
8039 33 3714 34 35
8040 2600 4400 4559 4215
8041 4213 4117 33 4116
8042 3714 35 33 4559
8043 4165 4043 4312 6113
8044 3146 2598 3145 35
8045 3700 5702 3697 5760
8046 1760 5445 1970 5701
8047 868 874 4915 5224
8048 2187 4213 3144 4115
8049 2245 2246 4787 5831
8050 4559 4658 4213 3716
8051 1662 2508 6000 5960
8052 2115 5670 2025 5669
8053 3714 4559 33 3716
8054 4117 4116 2186 36
8055 1183 1187 1185 5484
8056 1678 5886 2926 5903
8057 3688 5443 3690 5492
8058 875 5446 868 5464
8059 3525 4395 4948 5919
8060 3602 5054 4153 5650
8061 4216 4214 4114 242
8062 4224 1210 4515 1211
8063 3224 5339 3981 6131
8064 1887 5682 2113 5670
8065 3209 2870 2929 5187
8066 5191 5327 5172 5697
8067 33 4181 2908 4116
8068 4829 4475 3462 5211
8069 1011 5729 1006 1009
8070 1559 1834 3999 5905
8071 1668 1664 1215 6129
8072 241 4825 3199 239
8073 2746 1669 1668 6129
8074 1521 5727 1523 5757
8075 143 3089 922 3088
8076 5287 5858 5552 5900
8077 589 5235 2163 5505
8078 3199 4182 4559 4658
8079 4549 5749 5726 6184
8080 1792 2383 1723 1791
8081 2594 2596 1437 5703
8082 2813 5618 1140 6130
8083 2842 5486 5225 5510
8084 2960 4564 3247 4179
8085 3199 4825 241 4559
8086 5245 5545 5510 5641
8087 4692 4884 2744 5443
8088 299 302 1353 5188
8089 2524 4825 2522 4183
8090 5386 5389 5168 5394
8091 656 5525 658 6088
8092 1104 5169 4793 5666
8093 4511 4426 2105 5573
8094 1143 1144 1146 5612
8095 1777 1774 1776 5188
8096 4910 2624 4305 5909
8097 3803 3801 4431 5366
8098 445 4226 449 5188
8099 5493 5549 5356 5980
8100 3969 2115 2025 5669
8101 4885 5248 3715 5684
8102 3968 3969 2931 5669
8103 5670 3969 1769 2027
8104 2377 5484 1188 6122
8105 4593 4430 2667 5476
8106 1627 1626 3969 1628
8107 2086 2141 592 5677
8108 1723 5211 1725 6205
8109 1085 2778 5562 5284
8110 5196 5475 5308 6038
8111 2115 2025 2027 3969
8112 1531 1537 5553 6189
8113 5636 5661 5651 5945
8114 3199 4658 4559 3716
8115 4179 4181 2901 4180
8116 1165 5167 5285 1170
8117 1667 5241 1997 5484
8118 5160 5923 5479 6164
8119 17 2188 2191 2190
8120 123 119 120 5505
8121 17 2192 2191 2188
8122 13 4181 32 2186
8123 4559 4182 4213 4658
8124 4213 4182 4559 4215
8125 2522 2524 238 4825
8126 1550 6136 1548 6206
8127 5262 5828 5455 5961
8128 3358 1523 3355 5757
8129 1597 6060 972 6149
8130 250 1156 2696 249
8131 5275 5833 5799 6196
8132 3966 1672 2418 5390
8133 3964 2590 2589 6006
8134 4565 5171 781 5909
8135 550 5360 1309 5390
8136 641 3659 3662 5454
8137 2104 5598 3879 5558
8138 4084 1194 4120 5431
8139 5436 5667 2880 5973
8140 5499 5572 5105 3004
8141 4237 4344 3022 6002
8142 2233 2238 2239 5676
8143 2678 5416 408 5466
8144 3247 4179 2901 4180
8145 4409 644 2369 5780
8146 2421 4129 2422 5249
8147 2908 33 12 4181
8148 2908 3714 33 3716
8149 34 3714 33 2908
8150 1667 1215 1664 6129
8151 2717 5333 2815 5686
8152 12 33 2186 4181
8153 4559 35 33 4213
8154 2909 5684 1067 4885
8155 879 5645 5411 5697
8156 3017 5368 3016 6066
8157 4182 4658 4179 4181
8158 3280 805 5115 5355
8159 5478 5605 5386 6073
8160 3184 5644 5539 6130
8161 5292 5399 5230 5686
8162 3251 1947 5426 516
8163 833 836 5575 5468
8164 4216 4114 4213 242
8165 2897 14 17 2192
8166 2077 5395 2081 5692
8167 884 5403 3131 6089
8168 2901 2189 2897 2188
8169 5121 5559 4817 5886
8170 66 3095 5135 4046
8171 1283 5528 2950 6054
8172 2186 4180 4181 4116
8173 5185 5648 5387 5962
8174 4100 5233 2189 4180
8175 3272 4802 2483 5462
8176 1589 5270 1587 5731
8177 4177 4968 4682 5771
8178 5469 5593 1653 5650
8179 1654 5469 1655 5650
8180 4958 5459 2606 5609
8181 4744 1771 5113 5624
8182 453 5976 452 451
8183 2186 2189 2187 2188
8184 2117 291 2238 5676
8185 5416 5566 5219 6019
8186 3980 5339 3892 6042
8187 3878 5558 3879 5598
8188 2192 2188 2897 13
8189 3463 3863 3464 6119
8190 1657 6000 5960 1656
8191 1995 5800 1994 6122
8192 807 810 811 5915
8193 3863 1912 3464 6119
8194 5547 5552 5287 5858
8195 485 5913 5423 5971
8196 17 5233 2191 4963
8197 686 2439 2440 5800
8198 3194 3162 3195 5592
8199 4351 5516 4349 6135
8200 1898 1312 1896 5817
8201 3621 944 1395 5288
8202 1852 1853 1855 6042
8203 2927 2928 1677 5903
8204 2251 6068 5646 6078
8205 2897 2192 17 2188
8206 4310 4313 4044 5277
8207 3387 5189 3389 6091
8208 242 4216 241 4215
8209 5861 5901 4756 6174
8210 98 5146 96 5509
8211 3763 3490 3762 5472
8212 830 5705 5371 5931
8213 5180 5858 5287 5900
8214 12 4181 2186 32
8215 5187 5790 5233 6035
8216 17 2901 2897 2188
8217 4226 5188 4227 1756
8218 4288 4488 1133 6098
8219 1908 2231 2477 5429
8220 2345 2346 2343 5275
8221 5373 5965 5607 6118
8222 17 2192 14 13
8223 1863 1866 3080 5464
8224 2897 11 14 13
8225 5105 5125 5129 5635
8226 2577 5672 2579 6144
8227 2583 2577 2582 6144
8228 3721 2869 3720 6183
8229 1434 5256 873 5641
8230 1353 302 305 5188
8231 5286 3405 5746 6049
8232 4311 4313 4310 5277
8233 3724 832 4222 5931
8234 125 589 119 5505
8235 4101 5233 4098 4100
8236 4738 4310 5002 5277
8237 5284 5464 2202 5467
8238 446 5737 4537 6014
8239 5188 3220 1352 1777
8240 2783 2779 945 2782
8241 2507 2508 2505 6000
8242 2485 5293 2484 5913
8243 3413 3415 2836 5861
8244 4500 6226 4244 3369
8245 1459 1956 1457 5944
8246 5463 5951 5177 5963
8247 5855 1412 1411 1410
8248 4895 533 538 5493
8249 3844 77 2231 5429
8250 506 5523 505 6094
8251 1216 5503 1453 6129
8252 13 2897 4180 2189
8253 2189 2188 2186 13
8254 2897 2188 2189 13
8255 2186 4116 4117 2187
8256 133 5339 3223 5975
8257 4179 5483 3247 5684
8258 2238 2233 2114 5669
8259 3224 3221 3629 6131
8260 488 3457 2921 5971
8261 2101 5573 5558 2103
8262 3956 4363 4625 3957
8263 4213 4116 33 3716
8264 33 4116 4117 36
8265 3716 4116 33 2908
8266 3133 3027 726 4631
8267 4556 2568 4555 6201
8268 1828 1826 2489 1825
8269 3059 1876 3058 5720
8270 2455 3027 2734 3024
8271 1050 6181 5683 6211
8272 3390 3391 4434 5820
8273 3678 4125 3679 5458
8274 4035 2531 2537 6062
8275 2400 2397 3970 5553
8276 757 5162 751 5995
8277 2900 3 1068 4413
8278 4803 4802 3272 5714
8279 5629 5475 212 5372
8280 5704 5742 5494 5840
8281 4237 3973 3977 3022
8282 1453 1219 1451 5503
8283 502 3941 2185 5290
8284 5212 5453 5199 5924
8285 5213 5346 1529 5443
8286 4670 4106 4108 5728
8287 3960 5657 6063 5922
8288 2039 3143 3141 1807
8289 4923 1754 1751 5188
8290 3390 5689 5189 5750
8291 1958 288 1624 5658
8292 5435 2357 4373 4372
8293 4515 1214 1210 5458
8294 2128 2080 2079 5753
8295 4505 4152 1653 6154
8296 2689 5465 4521 5907
8297 1347 6133 5292 5733
8298 5413 5761 5195 5805
8299 4272 5552 6216 2149
8300 5735 5761 5413 5805
8301 5356 5370 5195 5805
8302 6169 6153 6054 5772
8303 1326 6153 6054 6169
8304 4042 4166 4682 5913
8305 5177 5951 5624 5963
8306 5586 2610 2609 2605
8307 6104 6137 5721 6212
8308 3272 4800 4803 5714
8309 372 375 376 5816
8310 2485 2484 4998 5913
8311 5154 4537 4536 831
8312 4177 4682 4166 5913
8313 745 5187 2929 6195
8314 5590 5951 5433 6146
8315 3414 1741 1740 6096
8316 2970 3246 2897 2899
8317 5344 5651 5205 6079
8318 5264 5340 2413 5622
8319 2116 5669 2112 1626
8320 1738 5546 5243 5808
8321 2116 289 291 5676
8322 2961 5658 3719 5676
8323 5016 4221 5102 5931
8324 920 1850 922 5171
8325 1015 1018 1016 5568
8326 3115 5509 3794 6117
8327 5305 1336 1333 1334
8328 5646 2251 5812 6068
8329 5511 5423 4638 485
8330 5192 5665 5424 5873
8331 837 2583 197 5691
8332 5294 5655 5405 5721
8333 1901 5189 1898 6091
8334 5469 5645 5183 5697
8335 1009 5729 3827 5924
8336 5468 5575 837 5691
8337 4915 5446 1085 2041
8338 2078 461 2079 5692
8339 2498 5322 1556 5695
8340 6018 2742 4760 5596
8341 241 4216 242 240
8342 1807 5741 5641 6090
8343 242 4215 4182 4213
8344 3841 3837 1140 5618
8345 3938 5595 5151 5928
8346 2029 1517 3815 5570
8347 5450 5492 5346 5736
8348 2524 5668 4564 4183
8349 2931 2235 2232 5669
8350 2139 2138 2141 5796
8351 4521 2825 4522 5907
8352 5646 5864 2253 6078
8353 2484 5326 4453 3963
8354 242 4825 235 238
8355 235 241 242 240
8356 312 310 1348 5632
8357 1171 5831 6040 1425
8358 2156 1469 1468 5935
8359 2194 1290 1293 5592
8360 2468 5706 4847 5760
8361 5553 5768 74 6189
8362 3222 5329 3484 5975
8363 2342 2345 2343 2344
8364 305 1354 1353 5188
8365 1774 5188 1779 1778
8366 3888 748 2259 5280
8367 5148 62 5874 4469
8368 4601 4603 3932 3528
8369 302 2904 4438 5188
8370 2761 1513 3387 5750
8371 5518 5870 1348 6133
8372 2102 5391 4879 5598
8373 1354 1751 1756 5188
8374 5030 5959 5031 6134
8375 2264 2257 746 5280
8376 2263 5280 746 743
8377 2163 5156 1984 5505
8378 4226 2904 449 5188
8379 1777 1776 1352 5188
8380 4667 6082 1204 6119
8381 570 568 571 5501
8382 2044 2713 1926 5801
8383 570 2563 568 5501
8384 4429 5436 3650 5499
8385 5237 5247 3303 5899
8386 3195 3632 4637 5592
8387 589 2163 119 5505
8388 1717 3636 5552 6169
8389 1812 2654 2788 5978
8390 5218 5298 5176 5995
8391 2357 3908 2359 4372
8392 5156 5235 3985 5505
8393 4848 5760 3697 2470
8394 1522 5276 1518 5727
8395 5545 5245 5225 5657
8396 1728 1219 1217 5503
8397 2379 5305 5169 6122
8398 3201 5418 2648 6038
8399 39 1026 218 219
8400 5221 5288 940 5533
8401 5045 218 217 3256
8402 314 5510 318 319
8403 4658 4181 3715 5684
8404 1216 1217 1219 5503
8405 571 3875 3876 5501
8406 1354 4923 1751 5188
8407 567 571 568 5501
8408 5395 5701 5322 5933
8409 2909 1067 4728 4885
8410 4702 5336 2797 5792
8411 3256 218 217 3530
8412 1734 1953 1735 5808
8413 1891 719 1890 718
8414 1171 6040 2588 1425
8415 4080 4085 5617 2549
8416 3875 3876 859 860
8417 5501 5264 859 3876
8418 3870 4156 3874 5501
8419 5563 6024 5259 6104
8420 3609 3611 2974 3610
8421 571 2860 3870 5501
8422 2245 5979 5410 6040
8423 5447 5702 5253 5994
8424 218 3256 5045 40
8425 1055 5038 1049 6159
8426 737 738 736 5798
8427 1632 3815 3814 5570
8428 5530 5764 5055 6004
8429 3100 5970 1596 6104
8430 4839 3077 4840 5478
8431 4987 4350 4718 5516
8432 5226 1716 4322 2150
8433 5407 6005 5556 6163
8434 308 311 2291 5632
8435 1583 1582 3814 5570
8436 6207 460 2000 5933
8437 5177 5583 5249 6138
8438 2925 5903 5531 6085
8439 2195 4637 3319 5592
8440 794 1553 795 5317
8441 3077 3079 4840 5478
8442 2482 2483 2480 5462
8443 72 5203 458 6207
8444 969 2618 3496 5989
8445 624 623 620 5529
8446 909 5589 5222 5699
8447 2999 5278 4751 5610
8448 1703 5765 1705 5834
8449 2471 1718 2949 6153
8450 3611 5759 2974 2972
8451 2086 5075 2085 3609
8452 5405 5721 5428 6024
8453 1730 5374 1732 5582
8454 5507 5769 5673 6100
8455 3699 2070 3698 5269
8456 1302 5789 4514 6191
8457 3564 5203 2501 5933
8458 376 374 5693 2312
8459 2545 2596 5703 3912
8460 414 415 412 6035
8461 2000 5701 5395 5933
8462 3943 6211 6089 6228
8463 5082 1015 1083 5568
8464 3988 123 3984 5505
8465 4785 5192 3890 4786
8466 1544 5351 2543 5736
8467 5345 5261 5284 5467
8468 1113 1115 1114 5832
8469 5238 5492 5450 5736
8470 2974 2083 3610 2084
8471 5284 5345 2202 5831
8472 5701 5740 5322 5933
8473 3222 5490 5329 5975
8474 5470 5625 5212 5924
8475 3610 3377 2083 3609
8476 4894 3309 3307 5217
8477 2083 3377 3610 2084
8478 1654 5016 800 5653
8479 2974 3610 3377 2084
8480 2973 3377 2974 3611
8481 4357 5842 3849 5950
8482 5352 5557 5182 6051
8483 4152 4505 732 6154
8484 1372 5904 3293 5955
8485 2359 3908 2357 2356
8486 1489 1490 1488 5699
8487 3005 5417 2880 5436
8488 636 639 5854 2444
8489 3620 4129 3906 5222
8490 3601 4152 733 6154
8491 2040 4915 2041 5562
8492 4607 5368 4483 5724
8493 5874 5876 5812 6068
8494 4428 5228 2916 2914
8495 3436 5576 1001 998
8496 3307 4894 798 3310
8497 5162 5419 5159 5841
8498 1021 5379 5316 5616
8499 5243 5374 5331 5582
8500 5174 5268 5210 5585
8501 697 5597 5422 5866
8502 2220 4886 1676 5379
8503 5311 5469 5191 5653
8504 5228 5362 5170 5859
8505 5394 6021 2351 6086
8506 3752 5249 3755 5589
8507 4232 5334 3661 5454
8508 3830 5157 3016 6066
8509 1539 1538 201 5654
8510 1518 5276 1517 5570
8511 2121 1580 2119 5765
8512 835 6036 5897 6113
8513 1269 1492 1270 5458
8514 768 4009 4440 5165
8515 3889 5165 2216 5424
8516 5251 4370 2357 5790
8517 3054 5612 3056 5993
8518 2439 5710 2440 5800
8519 3755 5249 3752 5583
8520 3214 5339 3351 6042
8521 3402 5976 709 5984
8522 4910 2716 2717 5686
8523 1437 5703 1434 315
8524 1823 1819 1821 6131
8525 1526 5558 5365 6141
8526 394 5738 392 2669
8527 4075 5690 2803 6217
8528 1283 5900 5528 6054
8529 5396 5890 5647 6029
8530 790 3121 791 5580
8531 5093 5105 4681 6043
8532 813 816 814 5984
8533 2696 5291 5190 5736
8534 3286 5443 4749 4857
8535 3134 2481 2485 5938
8536 48 2374 2372 42
8537 5790 4101 5233 6035
8538 83 81 84 5828
8539 2240 5493 1177 6150
8540 2473 3636 1717 6169
8541 3960 6063 4314 3962
8542 5724 5958 5164 6043
8543 1342 5460 1338 5536
8544 17 5233 4963 6035
8545 1582 5351 5997 1632
8546 4804 5153 3217 6041
8547 1363 1362 1360 1359
8548 785 922 920 921
8549 5609 5704 4958 5742
8550 1275 1270 2299 5837
8551 3179 3541 3180 5955
8552 1361 6139 1359 1364
8553 5224 5256 872 3912
8554 5858 5900 5310 6216
8555 4206 5220 4204 5903
8556 1177 1178 2240 6150
8557 4460 5247 4235 4337
8558 3639 2044 2045 4069
8559 783 2627 4565 5909
8560 4367 4365 2555 4366
8561 1686 1688 1687 6041
8562 3090 5641 4639 5511
8563 1184 2364 2367 5484
8564 1942 6053 1941 6130
8565 1359 1360 1357 5640
8566 2002 5740 2001 5933
8567 5346 5450 1291 5492
8568 130 5831 128 1424
8569 1364 5656 4337 4235
8570 5045 39 218 40
8571 3600 1653 4152 6154
8572 271 5996 272 267
8573 2264 5280 4571 5748
8574 274 988 270 5294
8575 48 1023 1022 219
8576 2098 4106 2096 6044
8577 3485 5490 3222 6131
8578 5218 5777 5298 5995
8579 1204 1205 2650 2649
8580 879 5649 5181 877
8581 3085 5155 4474 5299
8582 2160 2415 2156 5935
8583 5444 5604 5225 5698
8584 522 5375 5330 5967
8585 1552 1722 1721 5317
8586 5218 5840 5686 5925
8587 5019 4843 4428 5228
8588 838 194 834 5468
8589 2461 4563 2870 4419
8590 507 505 504 5523
8591 1626 1629 3969 1628
8592 1309 5206 546 5514
8593 42 1025 41 1022
8594 3466 3039 3465 5253
8595 732 733 4152 6154
8596 5251 5804 4101 6035
8597 4041 5922 4043 6114
8598 50 199 1227 40
8599 219 1023 1022 1024
8600 219 1026 1024 1022
8601 4256 2641 3536 5629
8602 5468 5696 5480 6113
8603 3100 5200 3099 5970
8604 50 1227 49 40
8605 3067 6135 5255 3068
8606 42 219 38 48
8607 49 1227 38 40
8608 1227 40 199 3256
8609 1477 5763 902 2832
8610 219 42 1227 218
8611 39 38 1227 40
8612 1026 1022 219 39
8613 3159 3536 2641 3534
8614 40 3299 5045 39
8615 4872 5761 4809 6218
8616 39 218 42 219
8617 2622 2225 154 6000
8618 39 219 42 1022
8619 3452 1037 5540 3071
8620 3578 3576 3574 6051
8621 5452 5713 5489 5983
8622 40 199 198 50
8623 199 3256 40 3299
8624 4745 4345 4258 6002
8625 1025 48 1023 1022
8626 4352 3070 1076 6135
8627 5369 5861 1439 5863
8628 2450 1401 2063 5859
8629 411 5268 5077 6019
8630 674 5637 789 5795
8631 2902 17 16 6035
8632 5233 5790 5187 5949
8633 39 40 1227 218
8634 4312 5468 4165 6113
8635 5388 5605 5376 6028
8636 2270 2267 4383 6228
8637 5994 6082 4667 6119
8638 3516 5743 2479 6011
8639 2190 2189 2901 2188
8640 833 5468 5575 837
8641 2620 4758 2230 6007
8642 2921 488 485 3457
8643 4329 834 4328 835
8644 1002 1331 1330 6110
8645 2102 5558 5391 5598
8646 5163 5708 5307 5762
8647 3873 5545 5225 5657
8648 2726 428 4826 5360
8649 5722 6046 5313 6088
8650 854 5864 260 6078
8651 995 2514 990 5902
8652 3600 5974 5593 6154
8653 5656 5247 4461 4337
8654 4185 5657 5246 6158
8655 5076 3530 5086 5654
8656 5506 5615 5199 5707
8657 2001 460 2002 5933
8658 3424 5203 3564 5933
8659 5320 5506 809 5786
8660 2533 2531 2010 5736
8661 3120 3962 790 5580
8662 879 298 3594 5645
8663 262 6116 5865 6123
8664 1306 1309 1310 5357
8665 4271 5397 3431 5522
8666 3652 5869 3650 6194
8667 5352 5825 5557 6107
8668 1425 1420 1426 5831
8669 2182 5430 5285 5450
8670 2024 5670 1769 2027
8671 619 5373 1235 6110
8672 5625 634 191 6087
8673 4312 5696 5468 6113
8674 1261 1263 1106 6228
8675 5469 5593 5207 6154
8676 1051 4757 4651 5901
8677 1283 5528 3214 1285
8678 3952 4683 2841 2844
8679 2131 2135 2132 6203
8680 128 126 127 5284
8681 820 818 5905 5947
8682 4523 5186 5152 6058
8683 2267 4384 4383 6228
8684 1724 5211 824 5251
8685 312 5632 1348 5870
8686 3228 2051 3446 5820
8687 2410 2412 2408 6084
8688 3208 2789 5033 3207
8689 2319 657 655 5477
8690 3375 3374 3736 5814
8691 3458 485 2657 4638
8692 537 1176 1172 6150
8693 2040 5562 3142 3140
8694 3303 3300 4235 5247
8695 141 5777 2396 5912
8696 2393 5399 3410 6193
8697 3452 5157 4423 5540
8698 4979 4828 3718 5363
8699 5686 5704 4910 5925
8700 4665 5009 2875 5232
8701 1305 2810 5342 5829
8702 517 515 1945 5746
8703 972 4489 4490 6004
8704 2122 5832 2121 6011
8705 5359 5719 5258 5794
8706 1840 5342 1307 5357
8707 1409 1407 602 5625
8708 3683 638 2444 636
8709 1131 4191 2884 5798
8710 632 4162 5120 5185
8711 5303 5711 1549 5868
8712 5055 4418 4896 5530
8713 5531 5560 4819 6085
8714 3948 4585 2346 6150
8715 3143 1807 313 3141
8716 1663 5223 1666 5297
8717 3217 2733 625 5597
8718 6004 6137 972 6149
8719 459 5203 3424 5933
8720 4500 6200 4244 6226
8721 4224 911 4473 5458
8722 6087 191 628 634
8723 1543 1541 1546 5565
8724 1744 5605 1739 5955
8725 6040 5410 1168 5979
8726 3141 3143 2039 3142
8727 879 3594 729 5645
8728 4381 5001 5991 4766
8729 4090 3024 3026 3385
8730 5322 5933 2501 6072
8731 4465 3544 4467 5743
8732 1297 870 868 1300
8733 3899 5096 4467 5743
8734 3648 5499 3654 5869
8735 3700 4323 5310 5702
8736 4291 3793 3791 5509
8737 3673 3669 815 5584
8738 868 870 872 869
8739 1224 1225 1221 6135
8740 2007 5055 5764 6004
8741 1299 2545 1298 2544
8742 1420 1424 1426 5831
8743 1414 3447 3446 5820
8744 1417 5482 1418 5651
8745 732 5645 728 6154
8746 1684 4953 4840 5478
8747 5761 5805 5735 6168
8748 4541 5158 4540 5628
8749 2202 5345 5284 5467
8750 5751 5921 5456 6009
8751 2010 2531 2011 5736
8752 1281 1284 453 5976
8753 4741 4740 4676 4742
8754 870 1300 871 868
8755 871 1300 1297 868
8756 5261 5339 5180 5900
8757 4418 558 4896 5530
8758 870 5256 2545 1298
8759 2545 1300 870 1298
8760 1767 5282 4399 2399
8761 343 394 2669 5738
8762 2794 3219 2822 5703
8763 418 421 419 5834
8764 6084 5529 2413 2412
8765 2584 5219 169 5566
8766 5121 4817 3904 5886
8767 3743 5974 3606 3603
8768 2924 133 2923 5975
8769 795 5311 2637 5653
8770 4391 114 4112 5707
8771 2912 105 1139 5643
8772 1283 1285 3214 3351
8773 5087 4721 5086 5654
8774 3099 5970 3097 3098
8775 4095 4094 4096 5820
8776 2287 2542 3060 5720
8777 5203 5933 459 6207
8778 5704 5840 5494 6076
8779 5406 2620 2622 6000
8780 5402 3835 3834 2679
8781 96 5966 5720 1877
8782 4911 5609 4909 5704
8783 2148 5152 2350 6086
8784 5259 5415 5200 6024
8785 5462 5681 5307 6140
8786 5241 5489 5452 6129
8787 5313 5363 5354 6125
8788 1144 1143 77 5429
8789 1109 2420 1111 6175
8790 1944 5426 1946 5935
8791 3350 1285 1283 3351
8792 3873 3207 5033 2790
8793 128 5284 2202 5831
8794 2459 2136 2426 5796
8795 1823 1822 1819 6131
8796 2821 3218 2820 2597
8797 5879 5921 5882 6045
8798 5897 6036 5444 6100
8799 5190 5383 2010 5736
8800 2011 5190 2010 5736
8801 1399 5380 151 5707
8802 5218 5346 5230 5686
8803 2543 5351 2696 5736
8804 4406 5033 2595 4407
8805 4561 5240 3867 5758
8806 791 788 790 5580
8807 5279 5602 663 299
8808 2876 5521 5262 5526
8809 5730 6020 5343 6045
8810 1573 2663 1574 5366
8811 5016 795 793 5653
8812 1047 6174 1051 6221
8813 5163 5517 5256 5594
8814 3962 3961 790 5580
8815 3214 5528 1283 5900
8816 3266 5331 5243 6136
8817 4661 4662 4624 4364
8818 3698 5702 5269 5918
8819 5551 5634 5311 5968
8820 624 2413 2411 5529
8821 139 5751 1834 5943
8822 1137 1138 1139 5643
8823 1834 5905 1559 5943
8824 2168 2382 6051 2167
8825 2029 1518 1517 5570
8826 2846 4683 5225 5444
8827 3069 6135 3067 3068
8828 1293 1290 1292 5592
8829 4637 3632 3319 5592
8830 1948 2160 1947 5935
8831 5160 5450 1291 5482
8832 3943 4476 4937 6211
8833 5782 6034 6029 6124
8834 482 480 481 5566
8835 5314 5929 5196 5948
8836 738 737 3187 5798
8837 1256 2673 2140 5659
8838 2483 4802 640 5712
8839 824 5251 4900 1724
8840 77 2231 1142 76
8841 738 3187 2285 5798
8842 5334 3662 5454 5272
8843 2533 5488 2531 5736
8844 3795 5509 3791 1975
8845 3423 467 468 5847
8846 1227 199 201 5654
8847 2124 5568 4886 5652
8848 69 6020 68 6221
8849 1099 5169 685 5666
8850 5789 5923 1545 6191
8851 5836 6208 6089 6228
8852 156 6202 157 153
8853 1800 4192 396 5364
8854 2594 2597 1436 2595
8855 5370 5721 5324 5725
8856 3301 5927 3306 5964
8857 117 5380 114 5707
8858 3653 311 2252 5631
8859 2252 311 4588 5631
8860 1020 4463 3904 5568
8861 4317 5637 4315 6070
8862 5057 3336 2959 5591
8863 4440 5165 4571 5748
8864 5207 5839 5645 6154
8865 778 776 3266 6136
8866 1632 1518 2029 5570
8867 3726 3605 3727 5974
8868 4440 5280 771 5748
8869 4958 5522 2606 5742
8870 3675 3678 3679 5458
8871 6021 6073 1131 6209
8872 3138 4730 1043 5226
8873 60 309 5578 4022
8874 5160 5197 5163 6187
8875 5703 1299 2822 2545
8876 2185 5238 3940 5488
8877 5987 1144 5429 5612
8878 5680 6020 72 6072
8879 5300 5509 5489 5983
8880 2545 5703 5256 3912
8881 4240 2964 2255 6200
8882 4307 4309 4308 5336
8883 1760 2801 4634 5445
8884 2741 2739 2740 6018
8885 2874 5667 2878 5973
8886 2765 5739 2762 5817
8887 1450 5300 2746 5489
8888 320 322 987 6132
8889 1256 2140 1257 5659
8890 5353 5834 5832 6112
8891 2392 5270 1589 3992
8892 733 5974 3601 6154
8893 3952 4406 2841 4683
8894 3969 767 4018 4017
8895 2935 4667 1825 5253
8896 5625 191 891 5881
8897 1743 5955 3541 3179
8898 5708 638 3683 3192
8899 3217 5340 2733 5597
8900 738 2884 4191 5798
8901 4066 5700 5552 6087
8902 5120 3702 4274 6186
8903 4683 4657 5034 3207
8904 4312 5277 4313 6144
8905 1749 5920 4794 6175
8906 2066 5475 209 6057
8907 2504 2505 2508 6000
8908 3022 2132 2135 6203
8909 5438 5509 3795 5983
8910 1455 1456 1974 5983
8911 5306 6004 5721 6024
8912 5241 5438 5321 6192
8913 5479 5923 5789 6191
8914 5201 5535 5329 5741
8915 2012 5642 5349 6176
8916 1972 1971 1970 5445
8917 2821 2792 2791 2790
8918 3208 2789 2790 5033
8919 1225 5906 1221 6135
8920 3208 2790 2792 2821
8921 4476 5879 2840 6211
8922 2142 408 2146 5219
8923 4350 5516 4987 6135
8924 4683 4684 5034 4657
8925 577 3873 575 572
8926 4424 5157 5540 4423
8927 2232 3247 2960 2962
8928 1792 2383 6205 1723
8929 1785 5321 1667 6129
8930 1322 4357 1323 6170
8931 101 5489 5321 6129
8932 575 3949 4657 3494
8933 3135 5325 4708 5771
8934 2551 4085 2549 5617
8935 1040 1046 1045 5706
8936 5897 5934 4165 6113
8937 5176 5977 5564 6071
8938 3873 575 4657 4656
8939 3949 4683 2846 5444
8940 3949 5444 2846 3950
8941 4657 4683 3873 4656
8942 4276 3438 4647 5788
8943 4696 5732 906 5782
8944 2597 2596 2594 5703
8945 6207 2000 461 5395
8946 4701 5334 4309 5336
8947 5518 5733 5399 6133
8948 4703 5336 4702 5792
8949 3218 5703 4072 4073
8950 5452 5544 5155 5983
8951 2912 5392 5159 6071
8952 3069 5906 3070 6135
8953 3748 3744 3747 5914
8954 3106 5769 3110 5919
8955 5291 5351 2696 5571
8956 4987 5516 3072 6135
8957 2480 2486 2484 5293
8958 4155 5590 5173 5384
8959 1911 5406 1657 6000
8960 1525 5228 1527 5694
8961 1085 5562 2041 5446
8962 165 161 164 162
8963 786 782 785 5909
8964 1482 5364 1479 5891
8965 5236 5795 5696 5992
8966 4524 5442 1499 5961
8967 5155 5544 5452 5981
8968 3793 1975 3791 5509
8969 577 6158 578 2807
8970 5389 5887 5386 6209
8971 4954 5482 5346 5732
8972 3238 5330 2316 5999
8973 117 5707 3923 2318
8974 3499 5717 3501 5908
8975 172 5915 807 173
8976 943 3621 3619 5288
8977 4481 5921 5882 5947
8978 5352 6051 2170 6107
8979 5462 5714 4802 6162
8980 2346 1175 2347 5623
8981 1758 1759 1757 5184
8982 5324 5723 5370 5725
8983 84 5267 85 5828
8984 5399 5733 5518 5776
8985 3946 5805 5756 5980
8986 1368 3886 4171 5883
8987 5010 4234 4702 5334
8988 989 995 990 5902
8989 3958 4655 3510 3954
8990 5212 5274 5199 5412
8991 5164 5631 5417 5958
8992 4266 5259 3422 5563
8993 3072 4987 4716 5516
8994 1194 5374 1736 1733
8995 2181 2438 2380 6017
8996 540 4308 4055 5336
8997 4912 633 5120 6087
8998 933 5441 4691 6182
8999 321 229 325 6111
9000 5460 6038 1316 6039
9001 212 2066 209 6057
9002 455 454 1825 5976
9003 5157 5546 5243 5711
9004 2661 5511 4638 2657
9005 5196 6038 5314 6219
9006 5469 5653 5311 5931
9007 1199 5289 1197 5543
9008 1118 5988 4759 6081
9009 660 656 659 6088
9010 5121 5559 108 5606
9011 776 5331 3266 6136
9012 287 5658 1957 290
9013 3277 6073 1682 6197
9014 5365 5457 5213 6141
9015 1006 5729 1007 1005
9016 536 532 535 5929
9017 1441 5683 1050 6181
9018 5529 5597 5179 5917
9019 5026 2934 3312 6065
9020 5530 6026 5306 6102
9021 4884 5596 2744 5443
9022 2895 5209 2894 5573
9023 3271 3269 4620 5056
9024 4411 138 4844 5943
9025 1176 3579 3580 5623
9026 2727 4033 2728 5814
9027 5218 5911 922 5925
9028 5208 5568 5170 5652
9029 1933 5507 2845 2889
9030 5197 5727 5320 6187
9031 1994 5710 2439 5800
9032 2492 5821 695 6105
9033 3683 5708 2445 2444
9034 5661 5732 4696 5782
9035 710 5976 709 5310
9036 5441 6017 2438 6182
9037 1726 1792 5981 2364
9038 5686 5840 5704 5925
9039 1823 3767 3485 6131
9040 4549 5749 681 6165
9041 5201 5681 5439 6097
9042 5181 5191 5172 5697
9043 3122 3961 3960 4314
9044 5262 5455 5436 6224
9045 2501 2500 2932 5322
9046 2567 5722 3994 6088
9047 710 712 5976 3169
9048 641 3657 3659 5712
9049 5421 5432 5393 5642
9050 1136 1132 1129 6209
9051 655 5707 5615 5709
9052 3627 5265 3625 5506
9053 4492 5540 2211 5711
9054 2434 2435 272 6017
9055 409 408 2678 5416
9056 111 5574 5193 5606
9057 1510 1508 1509 5801
9058 3438 5576 3437 5807
9059 191 189 186 5625
9060 4365 4366 4367 5793
9061 3892 3980 3629 5339
9062 4307 3191 4479 544
9063 5204 6200 5819 6226
9064 1985 1986 1988 5519
9065 4236 4265 3020 5353
9066 702 4320 4319 5422
9067 1182 5549 3971 5954
9068 5452 5793 5544 5983
9069 3937 447 4130 3933
9070 619 5333 1235 5373
9071 5243 5263 5164 5620
9072 2520 2521 4563 5949
9073 1266 3129 3130 6089
9074 3189 5708 3190 3510
9075 4699 4144 4360 5811
9076 4954 3198 3197 5482
9077 1213 1214 2299 5458
9078 1523 5997 1631 3357
9079 3570 1105 4530 5289
9080 2759 3624 148 1846
9081 1790 5251 772 5497
9082 5398 2402 531 529
9083 2759 1843 3624 1846
9084 2061 4922 4868 5266
9085 5158 5400 4737 5793
9086 4838 5581 1396 5239
9087 4554 4553 770 6067
9088 1708 4405 3975 5824
9089 2727 2728 1079 5814
9090 4836 1160 2382 2169
9091 1385 3440 3330 3559
9092 5189 5739 1898 6091
9093 2170 2167 2172 1161
9094 3232 6000 2509 6202
9095 2384 5716 1266 2387
9096 2382 4679 4836 4835
9097 233 232 230 5787
9098 1128 1129 1130 6073
9099 5436 6194 5508 6224
9100 5048 5397 4958 5742
9101 5890 5168 5908 6115
9102 2820 3218 2821 2792
9103 2742 4762 4760 5596
9104 2167 2169 2168 2382
9105 3629 5490 5339 6131
9106 3221 5490 3629 6131
9107 2797 4479 5336 4307
9108 2342 5980 3948 6150
9109 4434 3391 4094 5820
9110 5247 5656 5237 5983
9111 2166 4624 2171 5823
9112 3956 3957 3958 4363
9113 6072 5680 6181 6211
9114 1020 5568 4462 4463
9115 2821 3218 2791 2792
9116 222 226 3008 5382
9117 4454 5326 3150 6199
9118 167 1640 5599 6019
9119 2014 5538 3367 5953
9120 1221 5516 4351 6135
9121 1973 1975 1976 5300
9122 477 5773 395 6155
9123 1329 3336 1005 5591
9124 4363 3958 4625 3957
9125 1995 5241 1996 5710
9126 2175 2181 2178 6188
9127 957 959 962 5185
9128 5273 5878 5875 5932
9129 5179 5597 697 5917
9130 4367 5401 4365 5793
9131 4999 2485 4454 4998
9132 704 4071 705 6061
9133 4958 5609 4911 5704
9134 405 5419 401 400
9135 3996 5937 3995 6009
9136 1720 1606 1553 5311
9137 2434 2438 2435 6017
9138 1732 1736 1734 5404
9139 906 5732 907 5782
9140 3737 3734 3735 5814
9141 4119 5323 4172 5734
9142 395 5810 477 6155
9143 3293 5904 5605 5955
9144 1673 1674 1675 6085
9145 3480 949 463 5857
9146 4363 4624 4364 5823
9147 5308 6038 5536 6039
9148 546 1309 548 5357
9149 2876 5262 2877 5526
9150 2426 5498 2427 5675
9151 592 591 2086 5677
9152 3390 2810 5689 5750
9153 5330 5271 5274 5550
9154 4901 4902 4900 5849
9155 704 705 1759 2801
9156 79 4386 69 6031
9157 2361 2360 749 5873
9158 5205 5273 5244 5709
9159 5164 5546 5312 5808
9160 4826 1939 5040 5548
9161 2092 2403 555 6026
9162 5921 5943 5751 6045
9163 5206 5319 704 6061
9164 3024 3385 3383 345
9165 2435 273 272 6017
9166 2734 1823 1821 6131
9167 3024 5269 5910 2734
9168 4615 2464 2463 6007
9169 5583 5590 5433 6178
9170 3375 3736 3734 5814
9171 3134 6097 5938 6140
9172 5080 3390 4434 5820
9173 2925 5531 4036 6085
9174 2252 5303 2253 5646
9175 5344 5945 5651 6079
9176 3697 5702 3698 5918
9177 2821 2790 2791 3218
9178 4464 2741 2861 6018
9179 5228 5362 2914 5732
9180 679 5755 677 6188
9181 3208 2790 2597 5033
9182 2923 5975 5329 2924
9183 1823 3485 1822 6131
9184 2660 4639 2661 5511
9185 4879 2812 3879 5598
9186 2623 2627 783 5909
9187 550 5338 4821 5814
9188 1725 5211 1729 6205
9189 3268 5279 1773 5328
9190 3954 3958 3956 3957
9191 3169 5310 1281 5976
9192 4625 4363 3956 2171
9193 1240 5527 3363 5883
9194 2204 2203 4602 2207
9195 2739 2742 2740 6018
9196 576 6063 5131 6158
9197 2346 2347 2343 5275
9198 3696 5200 3693 3692
9199 4555 6197 3278 6201
9200 4028 5629 5418 5824
9201 3347 6218 2345 3346
9202 5275 5372 3346 6218
9203 1550 1960 776 5620
9204 5879 6028 5369 6045
9205 812 4168 4167 5584
9206 5143 5930 3982 6034
9207 1336 4793 5023 5169
9208 5335 5481 5193 5574
9209 2984 297 4791 5183
9210 4836 4133 4679 5850
9211 5157 5546 2592 6066
9212 3427 3432 3431 5522
9213 5230 5365 5176 5392
9214 2444 5762 2447 5854
9215 6000 6202 154 2505
9216 5365 5521 5392 5526
9217 4742 5896 4514 1303
9218 1378 1382 1381 5472
9219 5662 5889 3502 6023
9220 1384 2944 3773 5472
9221 2476 1908 2477 5429
9222 1297 5679 1301 1303
9223 3600 3602 4153 5650
9224 77 1143 1144 76
9225 1117 5832 2121 1116
9226 5391 5558 5365 5598
9227 729 5645 727 728
9228 2865 5335 5194 5767
9229 5904 6021 5386 6073
9230 2828 5856 2831 2832
9231 660 134 924 6088
9232 650 90 92 5301
9233 3744 5236 3745 5914
9234 1349 1345 4903 5776
9235 5635 6043 5312 6142
9236 973 975 974 6060
9237 3824 5259 3823 5415
9238 3975 4028 4027 6003
9239 2539 5265 2759 5182
9240 697 696 700 5179
9241 528 5398 531 529
9242 5269 5827 5180 5858
9243 2345 2347 3344 5275
9244 5460 5500 2966 6039
9245 5159 5436 5417 5508
9246 5163 5464 5284 5467
9247 5227 5617 5419 5734
9248 2445 5762 2444 6161
9249 4040 6199 4042 3149
9250 4233 4309 4234 5334
9251 5526 5667 5436 5973
9252 3654 5499 3652 5869
9253 525 5375 3658 5712
9254 2228 2226 2225 6227
9255 4803 3272 4631 4800
9256 3048 3054 3052 5993
9257 3102 5200 3100 5259
9258 5271 5375 5330 5714
9259 5432 5719 5258 6176
9260 4086 4387 4087 4089
9261 4608 2412 4939 5264
9262 393 5810 5738 6215
9263 4088 4090 4086 5714
9264 5055 5530 4896 5764
9265 5293 5687 2447 5762
9266 1105 5544 3570 3151
9267 4646 4973 221 5350
9268 2522 4183 4825 5668
9269 5674 6005 5407 6163
9270 3376 4457 4092 1602
9271 2733 5153 2730 5622
9272 5250 5495 5239 5581
9273 5442 5455 5262 6224
9274 5438 5489 101 5509
9275 2986 4233 4231 5334
9276 3272 4803 2482 721
9277 4828 2604 3718 5363
9278 650 653 651 5301
9279 5594 5690 4074 6217
9280 1997 5484 5452 6122
9281 4667 5253 2935 5994
9282 1266 4339 1110 5716
9283 897 896 1942 6053
9284 1503 54 4524 4526
9285 5269 5827 2075 5004
9286 116 6016 655 6025
9287 2221 1965 2222 2223
9288 1133 6098 1131 6209
9289 4307 2797 4701 5336
9290 440 4935 2689 5465
9291 373 3396 2312 374
9292 1865 5479 1869 1867
9293 560 5570 3816 5770
9294 922 3089 143 5911
9295 4676 5679 5594 5896
9296 916 5778 208 6037
9297 3617 3615 3614 5222
9298 3998 5905 3999 5921
9299 5234 5309 5197 5786
9300 4901 4099 4902 5849
9301 1137 6053 6130 3839
9302 2774 5461 2771 5779
9303 5388 5901 5313 6125
9304 4539 5192 4786 5512
9305 5554 5674 5407 5717
9306 292 5697 5172 5941
9307 4051 3940 3689 5555
9308 3274 2443 2441 5520
9309 5254 5674 5554 5717
9310 1974 1456 1360 5983
9311 5865 6116 5202 6123
9312 226 222 221 5382
9313 876 731 3013 5672
9314 770 6077 5424 6126
9315 115 5878 5380 6016
9316 5923 6059 5479 6164
9317 4523 6058 5394 6086
9318 2548 2551 2549 5617
9319 3799 375 377 5648
9320 4995 3389 5005 6091
9321 1736 5431 5404 5582
9322 4715 4716 4718 5519
9323 4524 58 55 5442
9324 5444 6100 5541 6113
9325 5641 5511 3090 5486
9326 3322 3201 4134 6179
9327 2487 5293 2480 2488
9328 5258 5359 5349 5719
9329 4751 5480 674 5610
9330 1692 4502 1690 6008
9331 1582 5997 1635 1632
9332 5624 5119 5132 5359
9333 5463 5491 5239 5523
9334 131 132 126 5339
9335 5334 5454 2989 6166
9336 5637 5696 5236 5795
9337 3993 4328 834 835
9338 5223 1489 3608 3483
9339 5270 6033 5541 5731
9340 1336 1980 4793 5169
9341 3674 3677 3675 5161
9342 5573 6148 6143 6213
9343 1850 5174 1851 5599
9344 4946 6167 3584 4916
9345 4789 294 3043 5214
9346 2966 1338 2967 5460
9347 3238 2311 3239 2881
9348 4390 6221 3718 70
9349 3675 3680 3681 5458
9350 3072 6135 3070 4956
9351 5162 5940 751 5995
9352 4676 5594 5569 5896
9353 2932 3722 2002 5322
9354 5413 6006 5195 6109
9355 871 3081 875 5464
9356 4266 468 469 6101
9357 1653 5469 1655 5898
9358 442 5737 447 3937
9359 4523 6058 2145 2825
9360 3534 3535 2133 3158
9361 5517 5594 5464 5789
9362 757 759 4206 5564
9363 5186 5354 5168 5890
9364 3767 3770 3768 5439
9365 853 5864 850 854
9366 5227 5436 5159 5667
9367 1610 1608 3598 5487
9368 5372 5761 4403 6218
9369 1050 6159 1049 1048
9370 4527 4929 4528 5571
9371 3280 3454 664 5355
9372 5546 5631 5164 5724
9373 1422 5831 1420 6040
9374 5037 3658 3659 5712
9375 2432 3017 2429 5368
9376 1745 5627 1746 1747
9377 4284 2306 3877 5213
9378 3071 5255 1035 5626
9379 3671 3670 3669 5584
9380 5155 5503 5489 5713
9381 5220 5315 4206 5564
9382 1357 1358 1359 5640
9383 5743 5835 3544 5838
9384 2539 6190 1620 6222
9385 5743 5838 4342 4343
9386 4975 3163 3479 5482
9387 2893 3264 1690 5474
9388 5231 5520 5241 5710
9389 2801 4071 2047 6061
9390 5230 5234 5205 6095
9391 1987 5156 1985 5519
9392 2479 1116 2122 5832
9393 2784 2785 2654 5301
9394 4321 5394 4935 436
9395 2055 55 57 5715
9396 5680 5692 5395 6072
9397 2672 5628 5158 5640
9398 440 5394 4935 6125
9399 1914 5406 379 5960
9400 2794 3218 3219 5703
9401 3355 3356 3358 5565
9402 2125 1017 1676 5379
9403 3271 3269 3404 5378
9404 2842 2888 2847 2843
9405 5277 5575 4312 5696
9406 5832 5926 3019 6112
9407 1825 5253 4667 6119
9408 5498 5677 5504 5759
9409 5205 5344 5244 5742
9410 2871 2461 2870 2872
9411 1281 6216 1283 2948
9412 3605 3726 3599 5974
9413 4178 487 489 4166
9414 2581 2582 2578 2577
9415 4968 4708 3135 5325
9416 1556 5943 818 6045
9417 3952 2846 3949 4683
9418 4441 4442 3109 2639
9419 5182 5517 5352 5567
9420 3869 5448 3044 4310
9421 430 431 4753 5739
9422 4735 5161 859 5173
9423 156 2518 6202 5611
9424 3118 5992 3119 3120
9425 4725 5498 2976 5843
9426 1383 5278 2945 5472
9427 2696 5496 5132 5190
9428 3550 3547 6047 5990
9429 5173 5384 5258 5458
9430 1350 5632 6133 310
9431 5193 5392 105 5481
9432 4712 5181 731 5411
9433 1683 1679 1682 5478
9434 641 5272 4810 5712
9435 2480 5462 5307 6140
9436 3674 5161 3675 5173
9437 2822 1299 5703 3219
9438 3152 3849 1861 3155
9439 5411 5645 5469 5697
9440 2064 5302 265 5487
9441 233 230 234 5787
9442 2805 2449 2802 5545
9443 4701 2797 4702 5336
9444 3120 5698 3150 3962
9445 3390 3388 2810 5750
9446 1603 1466 4580 1464
9447 650 383 380 5406
9448 3959 3962 3963 3150
9449 3960 3962 3959 3150
9450 3959 3963 3960 3150
9451 5698 5922 5897 5934
9452 1434 5256 315 5703
9453 1013 3829 1010 5729
9454 878 3043 3042 295
9455 5456 5751 5388 6028
9456 858 5173 855 857
9457 4483 5724 4681 4607
9458 1359 1360 1973 1362
9459 1235 5333 2717 5902
9460 4834 5448 4045 5696
9461 4192 5952 4949 397
9462 2016 1308 1309 607
9463 3457 4166 487 5913
9464 3117 3119 1567 3118
9465 2484 3149 4454 4998
9466 5887 6073 5386 6209
9467 1313 2765 4200 5817
9468 363 59 1250 5296
9469 5175 5480 5444 5769
9470 5205 5346 5230 6095
9471 2966 2675 1338 5536
9472 4787 5831 1855 6040
9473 3070 5906 1076 6135
9474 3646 4283 2905 5331
9475 2822 5703 2820 2794
9476 3406 5871 5613 6092
9477 5549 5954 4414 6093
9478 315 5641 1436 5703
9479 6173 6194 5455 6224
9480 294 3043 295 3042
9481 1310 1670 2980 5514
9482 3618 942 3619 5288
9483 802 793 798 5898
9484 5991 5988 4379 1913
9485 5184 5390 5338 5514
9486 3822 949 951 5857
9487 835 5897 4165 6113
9488 206 5852 207 6037
9489 3123 5747 3122 5758
9490 2977 2978 1670 5514
9491 5412 6165 5678 6204
9492 3865 3866 3867 5758
9493 3506 3478 3652 6173
9494 609 5360 612 5548
9495 2388 3379 3378 5630
9496 1611 2064 265 5487
9497 828 831 449 5705
9498 156 5611 6202 155
9499 487 3457 489 4166
9500 2784 1209 2785 5993
9501 5147 5626 3987 5906
9502 2974 591 594 6185
9503 5313 5473 5388 5722
9504 1582 5570 5351 1632
9505 3921 2037 4091 2034
9506 5122 4664 4665 5232
9507 2417 2387 2416 5716
9508 3435 5337 3434 5716
9509 2151 1983 120 2152
9510 5572 6043 5104 6142
9511 5187 4564 2960 5949
9512 1342 2967 1338 5460
9513 1583 5385 1387 5570
9514 1333 3597 1608 5885
9515 3255 3256 5076 5654
9516 2388 5630 3378 6039
9517 468 5847 464 6101
9518 4244 4240 752 6200
9519 4979 4649 4648 5363
9520 4386 137 136 6031
9521 5172 5637 5236 5914
9522 3042 3043 878 3044
9523 5123 725 2737 4633
9524 3867 3124 3865 5758
9525 3638 5184 1562 5600
9526 1996 5520 1993 5710
9527 105 5392 1139 5643
9528 2428 2592 2591 5546
9529 1670 1310 1309 5514
9530 5184 5338 5337 5600
9531 3482 5223 3481 5699
9532 2771 5461 2777 5779
9533 3622 661 6180 662
9534 736 738 739 5664
9535 5920 4794 3967 4287
9536 1653 1655 1652 5898
9537 787 786 4304 5909
9538 5432 6022 5421 6223
9539 2239 5483 2233 5658
9540 1002 3439 1331 6110
9541 5294 5723 5655 5725
9542 3910 5158 2672 5628
9543 6022 6117 5438 6223
9544 2834 2424 5149 5239
9545 5550 5791 5330 5967
9546 4611 5448 3739 3868
9547 3133 6097 3134 3135
9548 5428 5970 5200 6104
9549 4968 3134 3135 4999
9550 5655 5723 5324 5725
9551 4174 809 4176 5382
9552 5210 5502 5220 5564
9553 3018 5353 3019 5824
9554 2905 1961 2943 5374
9555 5265 5506 5182 5707
9556 1772 5295 5279 5888
9557 1209 3056 2786 5993
9558 3707 256 261 3804
9559 798 793 797 5898
9560 5001 1828 5000 5991
9561 1209 4592 3056 5993
9562 5274 5858 5791 6074
9563 801 802 1652 5898
9564 277 5737 275 5888
9565 1525 1526 1527 5213
9566 5280 5748 5665 5846
9567 5002 4738 4311 4310
9568 5164 5546 4424 5631
9569 299 663 302 5602
9570 4676 2166 4677 5567
9571 4916 4873 4809 5735
9572 2163 5235 590 5519
9573 4289 5798 5254 4191
9574 808 5382 809 5915
9575 170 407 5566 5416
9576 5214 5277 5002 5448
9577 1315 5398 2647 5460
9578 4474 5588 5155 6032
9579 3089 5218 143 5911
9580 2594 1437 1436 5703
9581 2847 2843 2888 5449
9582 5386 5845 5394 6021
9583 2417 2416 1110 5716
9584 369 5173 859 5161
9585 4036 5210 1639 5268
9586 3301 5237 3305 5927
9587 3676 3681 4517 5173
9588 5184 5338 5206 5514
9589 111 5142 4817 5193
9590 5438 6192 6022 6223
9591 3381 5714 4086 3383
9592 4642 4643 2888 6036
9593 5176 5218 5178 5230
9594 4570 1135 2883 5904
9595 856 5161 3674 5173
9596 6165 6188 5678 6204
9597 1008 1005 1014 5729
9598 2491 1814 2489 1808
9599 1461 2880 3005 5572
9600 1192 5263 4172 5431
9601 5272 5454 5334 5726
9602 2834 5084 3397 5239
9603 4399 4397 3969 4018
9604 4889 4546 4857 5443
9605 768 771 770 6126
9606 3869 5448 4611 3868
9607 5336 5049 4057 4452
9608 4045 3150 3147 3148
9609 4541 5512 5158 5628
9610 5163 5307 5261 5681
9611 72 458 462 6207
9612 2119 2122 2121 6011
9613 4454 4998 2485 2484
9614 2290 5642 2289 6176
9615 143 141 140 5911
9616 621 1936 1935 5917
9617 2834 5239 3397 5250
9618 5641 5486 3090 317
9619 5313 5381 661 5525
9620 2319 5477 2317 5615
9621 3808 5009 4665 5232
9622 2445 2449 2446 5246
9623 1369 1371 3293 5955
9624 2218 5543 4008 6067
9625 5874 5876 4469 5906
9626 5207 5974 5593 5990
9627 5354 5907 5440 6056
9628 875 3081 3080 5464
9629 6048 6055 5370 6093
9630 2395 5733 992 6118
9631 487 5913 4166 6114
9632 619 1235 1330 6110
9633 2579 2581 2578 2577
9634 741 5664 4769 3834
9635 1897 5361 4995 5817
9636 4772 5942 4771 4773
9637 5426 5752 1946 5935
9638 3698 3701 6074 5269
9639 4366 5039 5400 5793
9640 88 5553 1533 6189
9641 557 5764 5530 6026
9642 4101 5251 2357 5588
9643 2166 4676 4661 5567
9644 4168 1828 5001 5991
9645 2464 5702 2463 6007
9646 1932 1589 1929 6100
9647 4659 261 4589 6108
9648 2596 2597 2820 5703
9649 1705 422 420 5834
9650 3806 1106 1263 6228
9651 5444 5769 5541 6100
9652 4724 4721 89 5843
9653 899 897 4664 5232
9654 485 486 484 487
9655 2996 5278 2997 4279
9656 657 5477 1416 6079
9657 1102 5289 5169 5666
9658 4072 5703 3218 3873
9659 2578 2583 839 2577
9660 2161 2160 1948 2415
9661 1599 5634 1605 1603
9662 4642 2842 4643 6036
9663 4676 4740 4661 5567
9664 2557 3397 2560 5250
9665 2834 2557 2559 5250
9666 957 962 4652 5318
9667 1970 1969 1968 5445
9668 4005 4007 4056 5557
9669 4294 1525 3286 5213
9670 4730 3138 4324 5226
9671 5453 5537 5199 5707
9672 1740 5605 5376 6096
9673 5619 5956 5632 6133
9674 2884 6021 1131 6209
9675 1242 3595 2983 5784
9676 2003 5764 6004 2004
9677 3509 3577 5012 5792
9678 1611 1612 2064 5487
9679 5160 5167 1290 5450
9680 2912 5419 4498 5841
9681 4765 4766 4381 5991
9682 5356 5549 5493 6093
9683 2578 2582 2583 2577
9684 2093 5294 274 5723
9685 5298 5436 5159 5508
9686 4026 1707 5623 3581
9687 908 5699 4128 909
9688 5210 5560 5208 5585
9689 939 5318 938 4336
9690 4355 3953 4354 5175
9691 3054 3056 3057 5993
9692 1842 5342 1841 5959
9693 5828 5961 5229 6064
9694 3474 5513 4034 6120
9695 5164 5620 5227 5871
9696 4221 981 5102 5311
9697 1671 2977 1309 5390
9698 2578 2581 2579 2580
9699 5253 5994 4667 6119
9700 3878 5170 1528 5558
9701 3398 5306 945 5415
9702 2658 2659 2656 2655
9703 5234 5385 5292 5576
9704 1592 5524 2391 3308
9705 196 834 3993 4328
9706 225 226 221 5382
9707 324 5413 229 6111
9708 5052 4383 4384 6228
9709 3788 4320 83 5422
9710 5329 5439 2920 5535
9711 341 3007 1799 6226
9712 1651 798 4712 802
9713 839 6144 833 836
9714 5177 5359 5288 5624
9715 4659 4660 261 6108
9716 2082 2078 2077 5692
9717 5395 5701 5627 6211
9718 2270 6220 2267 6228
9719 2392 5524 1592 1591
9720 2225 2226 154 6227
9721 5680 6072 5395 6211
9722 4740 5567 4676 5594
9723 681 679 677 6188
9724 5413 6109 229 6111
9725 4445 4383 5052 6228
9726 4894 5217 5898 5191
9727 5239 5581 5495 5951
9728 2245 5831 4787 6040
9729 197 5691 196 838
9730 833 837 838 5035
9731 838 5035 5691 5468
9732 4730 4869 1043 5706
9733 4542 5899 5158 4543
9734 2579 1651 2581 798
9735 798 3310 195 3307
9736 5627 5701 5395 5753
9737 1480 5162 1799 5891
9738 193 5691 195 2391
9739 197 838 196 5035
9740 2547 472 473 5633
9741 655 5615 5477 5709
9742 2357 2358 2356 5790
9743 4279 1379 2996 5278
9744 3546 5774 4382 4356
9745 3953 4355 3951 5175
9746 3355 5565 3358 5757
9747 5031 5342 1842 5959
9748 5722 5751 136 6031
9749 4461 4337 5247 4460
9750 261 256 3707 6108
9751 5491 5803 505 6094
9752 2398 745 1711 2929
9753 5341 5648 5185 5728
9754 4441 1604 4442 2639
9755 2361 5192 4539 5873
9756 5210 5585 5268 5717
9757 2258 3831 2259 5280
9758 5623 1707 4026 6196
9759 2928 5220 4204 5531
9760 5199 5506 5477 5615
9761 3866 4561 3867 5758
9762 2119 1580 1581 5765
9763 816 5984 5420 6052
9764 5363 5388 5313 5473
9765 4928 5997 1582 4927
9766 517 1945 1944 5746
9767 298 878 292 879
9768 1297 1303 1302 5464
9769 1235 5607 5333 5902
9770 134 926 925 5473
9771 2636 795 1553 1606
9772 5826 6052 1818 3040
9773 2156 2160 2161 2415
9774 3150 5698 3120 3148
9775 1605 5634 1599 1606
9776 3309 3310 798 4894
9777 2579 4712 1651 798
9778 2537 2531 3475 6062
9779 505 508 506 6094
9780 4221 980 4222 979
9781 2412 5264 4608 5384
9782 1417 1416 3165 5651
9783 793 5016 796 795
9784 5062 195 2579 798
9785 4931 4894 2637 4930
9786 795 5653 4894 799
9787 3256 1227 3530 5654
9788 5182 5726 5336 6184
9789 5176 5451 5178 5995
9790 1877 5720 5221 5966
9791 5405 5725 5306 5851
9792 4517 4515 4516 5384
9793 2968 2966 2967 5460
9794 113 114 118 5380
9795 2542 5719 5359 5720
9796 4910 5171 4908 5925
9797 4514 5464 1303 5594
9798 5417 5631 5508 5869
9799 1791 5211 821 824
9800 5394 5845 440 6021
9801 2356 5304 2360 5873
9802 5062 798 2579 2581
9803 1651 802 1653 1652
9804 4461 5656 4542 5899
9805 3604 3599 3605 3726
9806 1417 1418 4940 4941
9807 1011 5470 2684 1407
9808 3256 598 199 5654
9809 3604 3602 3599 3726
9810 5344 5459 661 6128
9811 2356 5192 3908 5435
9812 4566 5311 1722 5317
9813 5121 108 4817 5606
9814 5396 6029 5143 6034
9815 5016 981 4221 979
9816 2987 931 2991 6166
9817 2329 2331 2388 6039
9818 4569 4990 4567 4566
9819 2380 6017 5755 6182
9820 4963 5233 2191 6035
9821 4504 5422 3788 6064
9822 5693 5791 4774 5942
9823 5273 5397 3427 5932
9824 1539 199 597 5654
9825 5432 6030 5221 6192
9826 97 101 99 5300
9827 351 350 344 5998
9828 3429 5809 330 5932
9829 2956 5291 4524 5442
9830 2094 5816 5294 5996
9831 4696 5636 4695 5651
9832 5757 6095 5923 6187
9833 1498 1495 1494 5428
9834 3650 5499 5436 5869
9835 5200 3102 3693 5259
9836 348 5918 345 5998
9837 5202 5520 5231 5783
9838 1683 5862 5478 5937
9839 1526 5170 1527 5228
9840 61 3787 85 5267
9841 4204 5315 4206 5903
9842 4782 984 4747 4779
9843 2843 2841 2842 5225
9844 1790 4952 4899 6151
9845 1305 5342 1304 5829
9846 1309 552 2016 5548
9847 4594 4555 2568 5647
9848 5041 5360 4826 5548
9849 5344 5636 5205 5651
9850 5205 5636 5482 5651
9851 5252 5287 5199 5470
9852 5216 5809 5397 5932
9853 4782 985 5650 4780
9854 981 980 4221 979
9855 5714 5781 5330 5827
9856 133 2924 129 5975
9857 4781 4579 5102 981
9858 4779 984 4781 4782
9859 4746 4779 985 4747
9860 5459 5742 5522 6025
9861 4781 4578 4579 983
9862 5102 5016 4781 981
9863 5102 4221 5016 981
9864 1604 1606 2636 2635
9865 1280 4132 443 444
9866 4567 4988 4577 981
9867 1994 1993 2439 5710
9868 4781 981 5016 979
9869 5016 4782 4781 979
9870 5935 5752 1949 1948
9871 980 5931 3724 4222
9872 1722 4990 4580 4566
9873 2131 2135 4345 2134
9874 4574 3048 653 4572
9875 5412 5693 5185 5785
9876 5161 5349 5258 5953
9877 4765 5991 4379 1913
9878 2143 2142 2146 5347
9879 5308 5630 3378 6006
9880 1551 4990 1722 4566
9881 1602 1599 1601 3376
9882 4579 981 4781 983
9883 5224 5741 2039 6090
9884 984 4747 4779 4578
9885 1248 5556 3500 5662
9886 4044 5448 5277 5696
9887 984 983 4781 979
9888 4577 981 4579 983
9889 5208 5556 5407 5652
9890 957 5185 962 5318
9891 830 6047 3550 3547
9892 26 25 20 5987
9893 3606 5974 3743 3727
9894 828 5371 832 830
9895 3251 5426 4568 3990
9896 683 5169 2379 5305
9897 4568 4833 981 4223
9898 5593 3727 3550 5990
9899 4249 2124 4886 5652
9900 5482 4696 5732 4954
9901 5220 5531 2925 5903
9902 2521 5668 2522 5675
9903 882 3733 1563 5600
9904 3603 3741 3743 3740
9905 3603 3743 5974 3740
9906 5429 2819 3400 5612
9907 3286 3288 4749 5443
9908 1245 1247 1246 5784
9909 3217 3216 1692 6099
9910 4457 4778 4991 6049
9911 2482 2480 2481 5938
9912 4317 4620 4315 3269
9913 3691 3693 3694 5259
9914 2746 2747 99 5300
9915 743 745 2263 5280
9916 450 451 452 5976
9917 5021 3505 5487 1610
9918 1666 3093 1667 5241
9919 4073 4075 4074 5690
9920 5334 5844 5726 6166
9921 2902 6035 826 3532
9922 105 5392 2912 5481
9923 3271 4316 1773 3270
9924 3628 5506 5875 1158
9925 3550 6047 830 832
9926 294 5172 5941 292
9927 2966 3378 2675 5536
9928 5308 5630 5536 5939
9929 1429 4480 1427 5947
9930 1570 6083 964 1204
9931 2923 3484 5329 5975
9932 3899 4341 5096 5743
9933 3484 2923 133 5975
9934 3902 5627 1750 5745
9935 5159 5204 5162 5613
9936 2255 5940 5204 6092
9937 2131 2134 3157 3158
9938 864 3899 3895 3764
9939 5567 5823 2166 6051
9940 2151 5156 5505 2152
9941 5527 5891 5883 5952
9942 1472 3252 3250 5935
9943 681 5749 2178 6165
9944 1452 1449 3085 5299
9945 190 891 191 5881
9946 3885 1241 3363 5883
9947 1242 2983 1245 1246
9948 296 5941 294 4789
9949 727 5645 3594 5839
9950 2857 3525 4948 5919
9951 5227 5312 5164 5417
9952 727 5645 729 3594
9953 743 5665 744 745
9954 5630 6006 5308 6048
9955 1266 5716 3129 6089
9956 5230 5365 5215 5736
9957 5314 6048 5948 6093
9958 5313 5722 5388 6046
9959 1385 5894 561 6050
9960 3947 5756 3944 5851
9961 290 5658 1957 5248
9962 2340 3230 2338 2341
9963 5948 6055 5314 6093
9964 4134 4587 2133 4926
9965 345 3024 3026 3028
9966 1645 5147 587 5626
9967 651 5406 652 650
9968 2664 5366 2665 6155
9969 4237 3977 4236 3022
9970 1245 1242 1243 2983
9971 1243 1242 1245 1244
9972 5183 5697 298 292
9973 3867 4687 4688 5240
9974 3233 2985 3936 1247
9975 1246 3549 3547 1247
9976 3549 3236 3547 1247
9977 298 5183 297 3594
9978 5316 5379 1021 5568
9979 4811 6084 2409 2408
9980 1259 1258 5341 1260
9981 5585 5889 5662 6124
9982 5269 5827 2071 5918
9983 4679 4133 4678 5569
9984 4353 4355 3761 5175
9985 4354 3761 4355 5175
9986 5033 5510 3873 5545
9987 1517 5276 3816 5570
9988 3592 5381 3717 5473
9989 1468 1466 2156 5935
9990 4767 4768 742 5664
9991 739 738 4191 5664
9992 5824 5834 5353 6112
9993 5183 5645 5469 5705
9994 4055 5336 4520 5050
9995 688 2442 1335 5305
9996 1167 1168 1165 5979
9997 442 4132 444 443
9998 2056 5267 55 5455
9999 4307 4308 2174 540
10000 1638 1851 167 5174
10001 3845 3667 3666 5264
10002 3375 5338 5337 5814
10003 2402 2968 531 3393
10004 4146 1504 1512 5801
10005 3322 4135 4134 3321
10006 2879 5617 2547 5633
10007 2438 6017 5441 6044
10008 5354 5986 5358 6056
10009 5324 6055 5370 6111
10010 2540 4549 681 6165
10011 5480 5934 5698 6113
10012 1489 5515 5223 6030
10013 981 5311 4833 4566
10014 4771 2314 2073 5693
10015 4476 2840 4938 6211
10016 5246 5545 2805 6158
10017 147 4451 2539 148
10018 3547 3548 831 6047
10019 1431 5882 1370 3128
10020 3236 447 3548 4536
10021 1347 5733 1346 6133
10022 1027 1030 1028 5969
10023 2933 5695 2495 6105
10024 4111 3585 3170 5735
10025 1401 1404 1527 5170
10026 5529 6084 5179 6178
10027 3333 3330 1351 5956
10028 1690 5521 3264 6160
10029 2185 3941 3471 6164
10030 233 5413 232 5787
10031 174 173 807 5915
10032 2282 2574 2283 5746
10033 1115 1113 423 5834
10034 5929 6048 5356 6093
10035 2514 4908 4910 4907
10036 1529 5213 1525 5228
10037 1250 5571 5291 5579
10038 5064 2938 2139 5504
10039 776 778 1550 6136
10040 711 450 456 5976
10041 3114 96 5221 5966
10042 5426 1947 3251 5935
10043 3592 3593 79 5473
10044 1420 5831 1425 6040
10045 503 5450 5167 5290
10046 4505 5411 732 6154
10047 987 986 320 6132
10048 1987 5516 4350 4349
10049 5006 5817 3104 6091
10050 1512 2713 3643 3640
10051 4623 5381 661 5473
10052 3492 575 3951 5175
10053 1056 2940 696 5179
10054 3831 5165 3889 5424
10055 4819 2220 1673 5560
10056 3209 745 4193 5304
10057 2978 5514 2977 5688
10058 3949 3951 575 5175
10059 1763 2282 2283 5746
10060 5073 5874 64 5876
10061 5443 5492 5488 5736
10062 5303 5626 5540 5868
10063 2288 5719 2287 5720
10064 2969 5500 3416 6039
10065 1200 4736 1198 5400
10066 1505 1504 1512 1506
10067 5211 5981 1790 6077
10068 2271 2272 5078 6220
10069 3933 3935 3938 3934
10070 1713 5552 2149 6216
10071 4135 918 919 917
10072 4296 430 4753 5739
10073 1313 1314 424 5739
10074 835 5468 834 6033
10075 2982 2985 1247 5784
10076 924 4623 661 6088
10077 5005 1901 1897 6091
10078 5033 5703 2597 2595
10079 1175 3580 2347 5623
10080 2342 6150 2344 6168
10081 2328 2331 2329 6039
10082 5679 5594 1297 1298
10083 445 2087 442 441
10084 2088 3937 443 4132
10085 5746 512 3227 511
10086 4524 5250 4230 5581
10087 1280 2088 443 4132
10088 3418 1125 2969 2402
10089 1666 1667 1664 5297
10090 5366 5860 2665 6155
10091 3132 5052 3684 6208
10092 3115 6117 6022 6223
10093 3105 5475 2065 6103
10094 5202 5718 5520 5783
10095 601 5625 602 5924
10096 906 905 4697 5782
10097 5160 5467 5345 5479
10098 5230 5442 5291 5736
10099 1175 1176 3580 5623
10100 932 5621 524 5754
10101 3938 277 3937 3933
10102 2667 5476 2668 5738
10103 3220 1777 1756 1753
10104 3939 3935 3936 3934
10105 3938 3935 3939 3934
10106 3699 3698 3702 6074
10107 1482 5162 1481 5892
10108 2744 5596 4884 4762
10109 4357 5774 1323 6170
10110 3105 4468 4576 919
10111 4087 4089 4387 5714
10112 3662 5272 641 5454
10113 2663 5738 336 343
10114 5296 5230 5579 1250
10115 3702 5942 5791 6186
10116 1032 1030 4491 5969
10117 4336 184 179 5318
10118 2413 5340 5264 5529
10119 1754 3116 4023 4024
10120 1716 5310 2948 6216
10121 2669 392 2668 5738
10122 295 3043 294 293
10123 3544 6170 5838 6219
10124 1176 5623 1175 6150
10125 4130 447 3937 4132
10126 1549 5532 1548 778
10127 391 392 393 5738
10128 1901 5817 1897 6091
10129 5301 5993 2785 6081
10130 3233 4131 3234 3236
10131 4687 5472 5240 5603
10132 1416 5651 2571 6079
10133 2612 2110 2611 6015
10134 3797 5962 3798 6015
10135 3468 3465 3469 5420
10136 3798 5962 5806 6015
10137 3797 632 2612 6015
10138 973 974 972 6060
10139 2281 3226 514 3227
10140 4678 4676 4677 5569
10141 1673 5379 1674 5616
10142 1467 1600 1603 5752
10143 86 5768 5671 6189
10144 195 192 197 5691
10145 2260 2259 2257 5280
10146 3436 5576 3440 6050
10147 5219 5566 5268 6019
10148 1239 5527 1240 5952
10149 854 887 2702 5864
10150 4563 5675 2461 2869
10151 5195 6006 5852 6109
10152 5459 5522 4270 6128
10153 2425 5179 3753 5803
10154 2429 5546 5368 6066
10155 5520 5718 4629 5783
10156 5206 5445 5184 5514
10157 4213 2187 4117 4116
10158 1945 5744 2572 5746
10159 4660 5646 2699 6078
10160 3253 4992 3250 3249
10161 4481 5478 1684 5534
10162 4165 5897 4329 6114
10163 1250 59 363 361
10164 59 362 360 1254
10165 361 1250 59 360
10166 661 4623 924 662
10167 599 600 5785 604
10168 5370 5756 5356 6093
10169 3127 3537 3126 5879
10170 1516 5739 431 425
10171 2704 3320 1964 1695
10172 5978 5991 2489 6106
10173 3867 5240 3774 5758
10174 304 1755 4923 4437
10175 1493 5520 4629 5783
10176 5083 3397 5239 5581
10177 1779 5188 1774 1777
10178 3227 512 2281 1762
10179 5400 5401 5169 5666
10180 2242 5493 4871 5549
10181 1774 5279 1772 1773
10182 882 5337 3375 5600
10183 1060 5887 1059 6197
10184 1779 2087 445 441
10185 3307 2579 798 5575
10186 4901 5804 2191 5849
10187 732 728 733 6154
10188 4554 6067 770 6077
10189 2361 749 4425 5192
10190 5325 5485 5201 5971
10191 1074 4047 1076 5874
10192 971 3497 969 6083
10193 4663 1920 4299 1922
10194 4388 5375 525 6162
10195 1835 5342 1925 5829
10196 669 672 2946 2944
10197 5459 5609 4958 5742
10198 5259 6004 5563 6104
10199 4071 5319 703 5936
10200 4079 5996 2437 2434
10201 847 845 2576 2348
10202 3097 987 3098 5970
10203 5334 5336 5272 5726
10204 1539 5659 5654 5677
10205 5307 5712 5375 6162
10206 3762 5472 3761 5242
10207 5273 5397 5216 5742
10208 3712 3709 3538 5879
10209 1447 2978 4286 5688
10210 4347 5668 2873 5675
10211 5819 6200 6198 6226
10212 3579 3581 3580 5623
10213 1708 4236 3977 5824
10214 4464 5457 2741 6018
10215 2318 5615 655 5707
10216 3747 5914 278 4485
10217 3900 5788 5333 6110
10218 322 6132 320 6212
10219 4260 4975 3193 5482
10220 2094 274 267 5294
10221 1355 3348 305 1356
10222 1593 3309 4894 5217
10223 3109 2639 4442 1602
10224 5516 4207 2152 5156
10225 998 1004 2310 6118
10226 4073 4074 3218 5690
10227 4773 5942 5120 4162
10228 1603 1466 1469 5752
10229 2156 2161 1468 2415
10230 1945 2572 1943 1944
10231 1284 2935 5253 1281
10232 5067 5626 5147 5876
10233 1792 2364 2366 5981
10234 513 515 514 5746
10235 2193 1035 586 5626
10236 4158 5383 5190 6146
10237 6133 1350 1351 5956
10238 5269 5271 5180 5827
10239 1370 3079 1369 5534
10240 4363 6051 5823 6217
10241 1754 1755 1756 4225
10242 1111 2417 1110 6175
10243 1929 1933 4197 1931
10244 602 5470 1407 5924
10245 967 968 965 6080
10246 967 3050 968 6080
10247 2511 5558 2104 6141
10248 4474 2670 1452 5299
10249 4002 5352 5320 5727
10250 5259 6024 5200 6104
10251 3652 5499 3650 5869
10252 5236 5637 5214 5696
10253 2363 1788 1792 5981
10254 2160 4719 4992 2156
10255 1378 1379 1383 5242
10256 1496 3097 1497 5970
10257 670 2997 2999 2945
10258 26 1389 30 5987
10259 2809 5189 1898 3291
10260 5124 4483 2591 5724
10261 1352 303 306 1776
10262 3885 3363 3884 5883
10263 1752 1756 1354 1751
10264 299 300 301 306
10265 3227 512 1762 5744
10266 2546 2548 2549 5617
10267 1128 1135 1129 6073
10268 3147 3150 4045 6199
10269 2176 5844 2174 2988
10270 2133 2134 2131 3158
10271 5395 5933 5322 6072
10272 2984 2985 2982 5784
10273 5068 5874 5073 5876
10274 4204 5220 4206 5564
10275 1756 1751 1752 1754
10276 3116 4024 4923 3348
10277 1571 5994 1045 6083
10278 5318 5414 680 6188
10279 2222 1963 1964 2224
10280 4923 4438 1755 1754
10281 5256 5681 5201 5687
10282 16 17 826 6035
10283 1355 1751 4923 1754
10284 4201 928 3029 4455
10285 919 918 915 917
10286 301 303 1776 306
10287 3829 3572 2319 5615
10288 4751 673 674 4317
10289 1756 1754 1752 1755
10290 1355 1354 305 4923
10291 3220 1353 1352 1354
10292 842 1065 1761 1762
10293 4923 1751 1355 1354
10294 1352 1753 3220 1354
10295 299 301 1776 306
10296 847 846 848 2349
10297 2809 4967 1898 5189
10298 1751 1754 3116 4023
10299 3116 1355 1751 1354
10300 2437 5755 2380 6017
10301 5043 5394 4321 6086
10302 301 300 303 306
10303 299 1353 305 306
10304 5292 5733 5607 5965
10305 305 300 299 306
10306 3142 5562 2040 2039
10307 1639 5564 756 1637
10308 2177 5749 4550 6184
10309 3320 1962 2355 1966
10310 305 1353 1355 1356
10311 305 306 1353 1356
10312 2782 2783 355 945
10313 3116 4923 1754 1355
10314 1355 3348 4923 305
10315 5521 5573 5209 6213
10316 4447 4446 3132 6089
10317 2575 2711 2712 2348
10318 832 5371 828 829
10319 4024 1754 4923 3348
10320 4308 6184 2177 4519
10321 1132 6098 4288 1133
10322 3116 3348 1356 3349
10323 4832 5639 2638 2639
10324 1835 1841 1842 5342
10325 2126 5701 1448 5745
10326 5176 5298 5159 5995
10327 5333 5397 2815 5742
10328 2357 3908 4372 5435
10329 846 845 848 2349
10330 2068 4404 2642 6075
10331 4923 304 1754 1755
10332 299 300 305 302
10333 5256 5594 5517 5690
10334 5397 5809 2814 5932
10335 2085 5075 2086 5759
10336 1620 5749 4549 6165
10337 3070 1071 1076 1070
10338 1765 1762 1761 1763
10339 3116 3348 4923 1355
10340 3471 5479 1869 5513
10341 4269 4268 1947 4032
10342 2572 1944 1945 5746
10343 4438 302 3226 2904
10344 1947 3248 4269 4032
10345 2711 2348 2572 1945
10346 4225 3226 2904 4438
10347 1076 5812 1070 5874
10348 5422 5866 5597 6099
10349 5425 5701 5445 5740
10350 1764 1765 1761 1763
10351 5413 5735 3585 6167
10352 5155 5713 3085 6121
10353 4534 6067 5289 1199
10354 2711 2348 518 2349
10355 2093 5723 2095 5822
10356 6186 5693 5185 5942
10357 363 5296 1250 5230
10358 5688 5701 5425 5745
10359 356 2381 4079 5427
10360 302 3405 3226 2904
10361 4793 5401 1981 5666
10362 5314 6038 5630 6039
10363 3901 2081 2129 5753
10364 3346 5372 3345 6218
10365 5165 5424 3831 5748
10366 1278 6102 1276 1277
10367 4571 771 4440 5280
10368 791 792 788 5747
10369 517 513 1945 515
10370 3163 5482 3165 6127
10371 511 2904 3226 514
10372 5252 5729 5470 5924
10373 681 4549 4550 5749
10374 5454 5726 5412 5754
10375 5104 5635 5129 5944
10376 305 1353 299 302
10377 4106 5787 3173 5822
10378 3016 5368 3651 6066
10379 4147 1306 1308 5750
10380 4871 4764 3947 5549
10381 5358 5840 5797 6124
10382 1944 515 517 5746
10383 2095 5787 231 5822
10384 2809 552 4967 5189
10385 518 5744 1945 5746
10386 5897 5922 5225 6114
10387 478 5883 3884 3886
10388 3516 3515 4341 5743
10389 933 931 932 5754
10390 5370 5725 5723 5822
10391 820 5947 1430 6172
10392 3219 5594 1299 5690
10393 2128 2079 2200 5753
10394 5410 5434 5252 5471
10395 1441 1439 1053 5863
10396 2765 284 4200 5817
10397 2691 5574 110 5895
10398 4336 5318 938 5341
10399 3226 2904 3405 514
10400 3227 3226 514 511
10401 1968 5688 1448 5701
10402 5372 5587 5196 6196
10403 514 3226 2281 3405
10404 3253 4919 3250 4992
10405 2620 6000 5406 6083
10406 5388 5845 5577 5901
10407 5648 5816 5427 5851
10408 5627 5688 5425 5745
10409 2180 5749 2179 6166
10410 1448 5688 1443 5745
10411 1750 5745 1442 3902
10412 4946 5761 4403 4653
10413 3227 5744 1066 512
10414 4889 5443 4857 5492
10415 3670 5584 3468 3668
10416 513 516 514 515
10417 454 1284 5253 5976
10418 524 5412 5441 5754
10419 5627 5745 5701 5753
10420 2069 212 6167 5761
10421 4594 5661 5647 6029
10422 1944 516 1947 515
10423 1604 1602 3109 4442
10424 517 518 1945 513
10425 5425 5701 5627 5745
10426 1765 842 1761 5744
10427 2351 4321 3188 6021
10428 4514 5789 1546 6191
10429 1765 5744 844 842
10430 2285 3187 737 5798
10431 847 4666 2576 845
10432 3908 5192 4539 5435
10433 115 118 112 5380
10434 6000 1661 1911 6202
10435 2264 4571 2260 5748
10436 5017 1404 4843 5859
10437 2085 591 2974 5759
10438 3121 5580 3122 5747
10439 515 3251 1947 3248
10440 1523 5351 1630 5997
10441 3550 5990 6047 5593
10442 656 5867 5344 6180
10443 155 6202 154 6227
10444 3250 3249 4269 3248
10445 3248 3249 4269 4032
10446 1602 2636 1606 3376
10447 3420 4919 4992 4720
10448 2157 4719 4992 4919
10449 4069 5801 2043 5936
10450 4269 4719 2158 4992
10451 4719 4919 2158 4992
10452 512 1763 2281 1762
10453 2538 5736 2531 6062
10454 2156 5935 4992 2160
10455 4070 5936 703 4698
10456 704 5319 4071 5936
10457 5585 5890 5884 6056
10458 1839 5342 2042 5936
10459 5536 5939 6037 6103
10460 2576 4666 847 5138
10461 4005 6107 2170 3574
10462 2225 2622 2230 6000
10463 4355 4353 3951 5175
10464 2348 847 845 2349
10465 5819 6198 5891 6226
10466 512 845 1066 2712
10467 2010 5953 4439 6147
10468 848 845 847 2349
10469 847 2348 846 2349
10470 848 845 4666 847
10471 848 845 1765 4666
10472 518 2349 845 2712
10473 844 848 846 845
10474 2711 2349 518 2712
10475 4549 4449 4518 6184
10476 5412 5621 5454 5754
10477 845 1765 4666 2576
10478 2268 2273 2269 6220
10479 518 845 512 2712
10480 2348 2349 2711 2712
10481 2572 2348 2711 2575
10482 2576 2283 1764 2573
10483 1061 6098 1487 6209
10484 5486 5510 5423 6114
10485 3584 4653 3582 6167
10486 2348 2575 2572 2576
10487 1765 844 848 842
10488 1011 5957 5470 6087
10489 3123 792 3125 5747
10490 2576 2574 1763 2283
10491 6065 6172 5836 6211
10492 2698 2919 2703 6078
10493 4475 4626 4474 6145
10494 5801 4150 5342 5936
10495 978 6190 2539 6222
10496 3132 4446 5052 6208
10497 1763 2576 2572 2574
10498 2617 3113 2290 6176
10499 1342 5536 916 6103
10500 1784 1664 1669 6129
10501 4327 5331 1730 5808
10502 770 5424 4008 6126
10503 2635 1604 2639 2636
10504 1347 5965 997 6118
10505 1953 5312 1457 1956
10506 5312 6043 5417 6142
10507 924 5473 4623 6088
10508 1949 5935 1944 1946
10509 131 1852 3892 6042
10510 2104 3441 2510 6141
10511 451 450 711 5976
10512 2018 5739 2017 5750
10513 3394 5460 3323 3756
10514 2281 2282 1763 4991
10515 5234 5461 5276 5770
10516 3266 5532 5243 5711
10517 2854 699 702 5866
10518 3813 560 5770 3818
10519 2521 2524 2522 5668
10520 4713 5367 263 6116
10521 4029 3344 2347 5275
10522 4751 2999 673 670
10523 5243 5331 1738 5808
10524 5425 5688 5445 5701
10525 5198 5480 5468 5575
10526 3611 2972 2973 5759
10527 5349 5953 2010 6147
10528 5289 5400 5169 5666
10529 5560 5614 5717 6163
10530 5168 5389 5386 6209
10531 3759 3758 2407 5847
10532 2635 4442 4441 1604
10533 1602 3376 1606 1599
10534 3355 1523 3357 5757
10535 1367 5128 4977 5877
10536 3162 3194 3163 5592
10537 5142 111 5022 5193
10538 3109 1602 1604 4093
10539 857 3676 858 5173
10540 3363 5419 3361 5883
10541 5761 5852 212 6109
10542 2215 5424 2217 5543
10543 3527 5242 5175 5673
10544 2926 5886 3905 5903
10545 5550 5693 5412 5791
10546 2997 1383 2945 4279
10547 5193 5220 5176 5315
10548 5386 6021 5168 6209
10549 5467 5789 5464 6191
10550 5227 5263 5164 5312
10551 1181 1277 1276 6102
10552 1765 2576 1763 2283
10553 2123 3516 2479 6011
10554 376 5806 372 5962
10555 992 5607 994 989
10556 4092 4459 4093 3110
10557 5815 5960 5406 6000
10558 5245 5641 5423 5913
10559 1385 5385 561 5894
10560 4418 5055 2007 6093
10561 5447 5702 2072 5918
10562 3636 5552 1714 1717
10563 4696 906 4697 5782
10564 671 669 670 2944
10565 2573 2574 2576 2283
10566 2504 5815 6000 2508
10567 5920 6089 3943 6211
10568 1792 1788 1791 5981
10569 5380 5709 116 6016
10570 5540 5303 2251 5626
10571 5493 5799 1177 6150
10572 1765 1763 1764 2283
10573 4713 5964 5367 6116
10574 5815 5406 2622 6000
10575 3123 3125 3121 5747
10576 5420 5584 3463 3464
10577 670 669 2945 2944
10578 4922 5266 1528 5559
10579 5478 5904 5605 6073
10580 1106 6089 3130 6208
10581 5700 6074 5547 6186
10582 1359 5299 1360 5640
10583 1863 5464 3081 6191
10584 1870 3473 1869 5513
10585 5322 6089 5920 6211
10586 3269 3404 1773 3271
10587 3755 5249 5222 5589
10588 1780 940 4744 5288
10589 2281 1763 3405 4991
10590 2040 3140 4915 5562
10591 1773 3404 3269 3268
10592 3674 857 856 5173
10593 681 938 680 6188
10594 3194 1292 3193 5592
10595 429 5360 1078 5548
10596 5256 5762 5687 6214
10597 2995 4898 3269 4459
10598 454 455 452 5976
10599 3592 3718 3717 5381
10600 3109 2639 4832 3108
10601 855 856 857 5173
10602 3464 5253 3465 5584
10603 5198 5270 5217 5524
10604 2989 4232 3661 5454
10605 5218 5230 5176 5298
10606 5179 5608 4969 6084
10607 3651 4607 3653 5368
10608 6038 6112 4012 6219
10609 4287 3983 1444 5627
10610 522 5375 526 5781
10611 1161 5352 1160 5850
10612 5153 5622 2562 2730
10613 809 5382 5309 5915
10614 2141 2086 5075 5504
10615 4952 5187 415 6035
10616 3402 5310 709 5976
10617 1875 3943 4173 6211
10618 3130 3684 1264 6208
10619 5836 6172 5879 6211
10620 4620 5056 3269 4751
10621 4415 4414 559 6093
10622 1674 5616 1021 1678
10623 4831 772 1786 6077
10624 2281 512 3227 5746
10625 3269 3110 4459 4458
10626 5168 5717 5186 5890
10627 874 1088 1085 5446
10628 1748 1746 3176 6211
10629 673 2999 671 670
10630 2638 5217 5191 5639
10631 5261 5274 5199 5287
10632 5627 5920 3943 6211
10633 1588 4832 2638 1590
10634 3094 217 218 216
10635 2141 5064 2139 5504
10636 5305 5452 5367 5927
10637 5322 5920 5627 6211
10638 2845 5673 3524 4354
10639 3388 3391 3390 5820
10640 5287 6087 5957 6169
10641 586 5255 587 5626
10642 1667 3093 1997 5241
10643 671 670 2999 2944
10644 1377 5242 1378 1376
10645 2997 5278 2996 2994
10646 1781 1784 100 5533
10647 2087 1778 445 5279
10648 864 863 862 861
10649 1431 3126 1433 6172
10650 278 5737 5327 5888
10651 767 5377 766 5553
10652 2004 2007 5764 6004
10653 445 5188 442 5279
10654 4425 4785 2361 5192
10655 4204 4206 4205 5564
10656 5046 4048 1073 5874
10657 4832 1590 1588 1586
10658 2846 3953 3950 3951
10659 5055 4897 4978 5764
10660 5225 5444 5175 5604
10661 2383 1723 1726 6205
10662 4832 5639 1588 2638
10663 5221 6192 5321 6223
10664 1384 5472 1378 1383
10665 291 289 2238 5676
10666 1514 3388 3387 5750
10667 5648 5806 5728 5962
10668 3113 6022 5432 6223
10669 3266 1918 1917 5711
10670 4442 1604 1602 2639
10671 4197 3523 3526 3527
10672 4564 2870 4563 5187
10673 2639 1604 2635 4441
10674 2371 263 266 6116
10675 4847 1046 4869 5706
10676 3661 4232 2989 3660
10677 2215 2218 1196 5543
10678 5312 5404 1954 6142
10679 4484 5916 5327 5928
10680 3739 1569 3043 5448
10681 4428 5694 1529 1530
10682 2746 1785 1669 6129
10683 4249 5554 4251 5763
10684 1664 5297 1784 5533
10685 5563 5764 2003 5847
10686 4868 5316 5266 5559
10687 5337 5716 5425 6089
10688 5341 5728 5185 6182
10689 1057 1935 1936 5917
10690 3106 3108 4396 3107
10691 5234 5570 5385 5770
10692 4794 1749 4287 5920
10693 5484 5503 5452 5981
10694 1774 5188 1778 5279
10695 2996 1379 4279 4280
10696 853 2256 850 5864
10697 3760 5472 3762 5603
10698 5603 3763 4687 5472
10699 3527 5175 4354 3526
10700 5231 5865 3598 5885
10701 4341 3515 4467 5743
10702 3880 3877 2306 5213
10703 2831 5652 5407 6005
10704 3148 5922 5698 5934
10705 5399 5902 5733 5912
10706 1377 5242 2855 2856
10707 5212 600 599 186
10708 3611 5075 2085 5759
10709 5036 5454 5375 5621
10710 2357 4373 4628 5588
10711 3435 5390 5337 5716
10712 3631 5764 2406 3480
10713 4532 3066 599 5212
10714 3670 5584 3671 5991
10715 1139 5643 5539 6053
10716 3168 3169 710 5310
10717 3993 2658 2655 5449
10718 3759 5847 2407 465
10719 2087 2088 2089 5737
10720 2919 6068 3682 6078
10721 1436 2595 2597 5703
10722 3834 3835 5402 5985
10723 544 5336 540 539
10724 2846 5444 5225 2843
10725 2844 5225 2846 4683
10726 3628 1158 118 5506
10727 2938 2973 3916 5675
10728 1361 5247 1973 6139
10729 265 5487 5302 6123
10730 78 69 3592 5473
10731 1370 5534 1374 6012
10732 5120 6186 5185 5942
10733 5012 3509 4479 3577
10734 3193 5482 3194 5592
10735 4933 5635 4482 5944
10736 1260 945 2783 2779
10737 5337 5338 3733 5600
10738 5240 5480 5278 5610
10739 3870 5383 4154 4156
10740 4969 5529 1938 6084
10741 3693 5200 3696 3102
10742 1056 5608 1648 2940
10743 509 505 510 5523
10744 151 5506 5265 5707
10745 1759 2801 1760 5445
10746 1647 5608 1648 4969
10747 959 1258 1260 5341
10748 841 1394 840 5523
10749 5224 5561 5284 5562
10750 4991 5328 3404 6049
10751 3648 4681 3649 5958
10752 2253 5871 5819 6177
10753 4038 5268 410 2681
10754 2698 854 260 6078
10755 5452 5544 5169 6122
10756 5721 6004 5530 6093
10757 3318 4601 4603 5528
10758 3867 5240 4560 4687
10759 3659 2989 3661 5454
10760 5704 5925 5840 6076
10761 1742 5861 5577 5901
10762 3865 3124 3122 3123
10763 772 1790 1786 6077
10764 2191 5849 5497 6035
10765 2863 2278 333 340
10766 3016 3651 3830 6066
10767 950 2632 951 5415
10768 5530 6004 5055 6093
10769 3949 3493 4657 3494
10770 2796 4703 2799 2798
10771 172 5309 176 5382
10772 86 5671 88 6189
10773 4744 5288 944 1780
10774 186 189 599 5625
10775 5189 5689 3390 6091
10776 1132 1136 1487 6209
10777 5334 3662 3661 5454
10778 5236 5696 4834 5992
10779 4544 5158 3910 5628
10780 588 1641 587 1645
10781 4006 2729 6107 3574
10782 540 2174 4307 543
10783 4657 3493 3949 4684
10784 5310 3701 4273 2150
10785 575 3949 3492 3951
10786 700 696 2942 5179
10787 3662 5334 4702 4703
10788 3493 3492 575 3949
10789 3489 575 3493 3492
10790 3493 575 3489 3494
10791 5225 573 575 572
10792 3120 5580 790 5795
10793 1802 4638 1807 5741
10794 4560 5240 4561 574
10795 5943 1556 5730 6045
10796 2137 5768 5796 2136
10797 4079 1495 2436 4076
10798 4007 6107 4006 2729
10799 3453 4714 1986 5519
10800 2020 2022 2023 2224
10801 2664 6155 335 6215
10802 5290 5450 5160 6164
10803 1018 4619 1016 5568
10804 1325 1324 5957 1326
10805 4498 5841 4905 5893
10806 335 2665 5860 6155
10807 5350 5770 223 5779
10808 4184 5131 4561 3864
10809 2894 5209 2099 5573
10810 1071 3070 4352 4334
10811 5225 5657 5245 5922
10812 3912 1437 2596 5703
10813 461 462 458 5692
10814 1002 6110 1004 6118
10815 5583 5590 5258 6138
10816 1665 1664 1784 5533
10817 5690 5818 2803 6214
10818 1726 5503 2364 5981
10819 5307 5462 2483 5712
10820 5365 5559 5392 5598
10821 4173 4937 3176 6211
10822 4645 889 2275 6171
10823 670 2945 2999 2944
10824 3162 5542 3195 5592
10825 6060 6055 6111 5982
10826 4008 5424 770 5543
10827 5164 5532 5243 5620
10828 28 2529 2952 5987
10829 461 2078 462 5692
10830 3890 5192 4785 4425
10831 1382 4687 3763 5472
10832 669 2944 671 672
10833 5222 5359 5177 5794
10834 3050 967 4997 6080
10835 1706 3579 3581 1707
10836 1494 1496 1497 5970
10837 965 968 970 6080
10838 3969 4398 4399 4018
10839 1790 1787 1786 6077
10840 1786 5544 5289 6077
10841 3637 3638 1562 5600
10842 2424 2834 2833 5239
10843 680 5318 939 5414
10844 6004 2004 3421 2003
10845 5348 6127 5477 5160
10846 5245 5545 5246 5657
10847 5301 5408 2654 6080
10848 1588 5217 1590 5639
10849 5183 5327 5154 5705
10850 4813 1647 4969 5179
10851 5365 5392 5391 5598
10852 4764 4871 2241 5980
10853 5197 5727 5276 5786
10854 671 672 2946 675
10855 1328 2959 1329 5434
10856 5819 6171 2253 6177
10857 6026 2092 5405 6102
10858 376 5693 5942 5806
10859 1429 2645 4480 5947
10860 3539 3538 3709 5879
10861 2773 1522 3245 5786
10862 3102 3694 3693 5259
10863 1250 5291 1252 5385
10864 4724 4722 4721 5843
10865 1059 5887 1060 6209
10866 1266 3130 1264 1106
10867 2618 2619 5406 5989
10868 3173 2094 2096 5723
10869 4022 5578 363 5956
10870 5892 4863 4862 2866
10871 1450 5489 1453 5713
10872 3745 5236 674 3746
10873 3864 6063 4184 5131
10874 3960 3961 3122 3959
10875 736 5664 741 5985
10876 544 4307 540 5336
10877 2365 2364 1187 5484
10878 5085 4480 4840 5534
10879 1152 2956 1153 1151
10880 2073 2314 2316 5693
10881 840 5239 1396 5581
10882 4497 5878 115 6016
10883 397 5952 4949 1239
10884 2288 2289 2287 5719
10885 5498 5685 5677 6185
10886 3989 5286 514 5551
10887 410 5416 5268 6019
10888 2150 4323 4322 5310
10889 3669 3670 3668 5584
10890 4002 5727 1521 5850
10891 4328 5449 2655 6036
10892 561 5385 3818 5770
10893 4726 5553 763 5768
10894 5170 5266 1401 5859
10895 134 136 137 5473
10896 3864 6063 4185 4184
10897 5083 5239 840 5581
10898 196 194 838 5524
10899 5108 4421 3495 5377
10900 946 950 951 5415
10901 3816 5570 5276 5770
10902 341 340 342 6198
10903 5547 5700 5120 6087
10904 5310 5918 5447 6052
10905 3290 5080 3289 5689
10906 1797 1365 1798 5263
10907 2648 5418 2130 6203
10908 1291 3193 1290 5482
10909 3467 5332 3040 5611
10910 1290 5592 5348 6127
10911 95 1143 1146 5429
10912 1524 2773 2771 5461
10913 3762 5472 3490 5603
10914 5302 5421 5202 5718
10915 1222 1226 5874 1225
10916 4118 5323 4120 4119
10917 3961 5580 3122 3121
10918 4533 6067 4554 6077
10919 1667 5489 5241 6129
10920 2380 2381 5755 2437
10921 3631 2407 5847 465
10922 4095 5855 2754 4020
10923 4575 3772 488 5325
10924 1249 5674 5663 5908
10925 4363 5708 2171 6051
10926 3948 3947 4764 5980
10927 1226 4047 1076 1225
10928 3280 5141 5115 805
10929 842 848 843 844
10930 5176 5481 5335 6071
10931 6171 2863 333 340
10932 4736 1200 2556 5400
10933 2221 1962 1965 2223
10934 4796 2489 1813 5978
10935 774 775 417 6195
10936 1076 1070 1074 5874
10937 636 638 5854 637
10938 3034 6007 5611 6227
10939 4834 5236 4610 5696
10940 5262 5455 5442 5961
10941 1775 1776 1774 5279
10942 5386 5887 5862 6073
10943 2902 5187 415 6195
10944 1790 5981 1788 1787
10945 5530 5954 5756 6093
10946 4135 919 3105 916
10947 512 513 511 5746
10948 530 1963 2705 1126
10949 3471 5513 3470 6120
10950 4168 5991 5584 6119
10951 2551 1460 4085 5617
10952 2094 5294 267 272
10953 4172 4171 1365 1798
10954 3320 1698 1700 1694
10955 4481 5937 5074 1683
10956 3171 5735 3170 5787
10957 3139 3138 3137 5409
10958 3491 3762 3490 5603
10959 927 3031 4455 4456
10960 272 271 2434 2436
10961 3499 5890 5396 6023
10962 5689 2810 3390 5080
10963 5309 5350 177 5382
10964 3890 4151 4786 5192
10965 1685 1686 2859 5601
10966 4308 4518 4519 4520
10967 1929 5673 5507 5769
10968 1452 5299 1456 5713
10969 1773 1772 3270 5295
10970 4090 3024 3385 3383
10971 271 268 267 269
10972 417 4952 774 6195
10973 2494 5403 2492 6105
10974 3099 1596 3100 5970
10975 5053 5549 4414 6093
10976 3793 99 5099 5300
10977 5195 5805 5761 6168
10978 2539 4451 1846 148
10979 5029 1861 2155 1862
10980 1546 5789 5565 5923
10981 2448 4186 4187 5326
10982 1448 2129 2126 5745
10983 3126 6012 5879 6172
10984 592 595 5659 2674
10985 2985 5154 1247 5784
10986 3457 485 3458 5971
10987 2242 5493 2240 2241
10988 3089 752 3408 5940
10989 1339 5536 1341 5778
10990 5314 6055 6048 6093
10991 3682 2251 2965 6078
10992 2867 2866 758 4408
10993 141 5686 4908 5911
10994 431 2018 4753 5739
10995 1223 4470 5906 5874
10996 2312 2313 2311 5693
10997 3302 3795 3300 5247
10998 1476 1478 1474 5663
10999 3264 5521 2895 6213
11000 3345 4403 3347 3346
11001 3476 2055 3477 6173
11002 117 5380 655 5709
11003 2957 207 212 3583
11004 3115 646 3113 6022
11005 343 338 394 5738
11006 1528 5170 3878 5559
11007 1123 1126 1963 530
11008 1213 911 1210 5458
11009 5042 4498 406 5841
11010 1032 1028 1030 5969
11011 376 5728 4670 4285
11012 5082 5266 4619 5568
11013 4302 4455 3029 1922
11014 987 1598 3098 5970
11015 1817 5619 3477 6173
11016 270 986 268 320
11017 4984 4622 5318 5785
11018 2774 4881 223 5779
11019 4230 5083 4934 5581
11020 1946 5746 4778 6049
11021 1428 6012 1431 6172
11022 1447 5514 2978 5688
11023 5493 5549 5053 6093
11024 878 3014 5002 5649
11025 3450 2256 2275 6171
11026 697 5179 700 5422
11027 1964 3320 2023 1694
11028 6083 971 964 969
11029 1031 6082 1571 2652
11030 3540 3709 2767 5879
11031 771 416 775 6195
11032 95 1145 1143 5429
11033 1587 5541 1929 5731
11034 5393 5718 5258 5794
11035 5251 5435 5155 6077
11036 4089 5066 5013 5714
11037 5207 5645 5469 6154
11038 5154 5327 5183 5916
11039 4916 5735 4809 6167
11040 1497 3696 3695 1498
11041 911 6138 4217 4473
11042 5623 3581 1706 3579
11043 5195 5372 5275 5761
11044 2030 2034 2037 5315
11045 2972 5759 2974 6185
11046 3278 5862 1680 6201
11047 3457 5741 1801 5971
11048 1993 2441 2439 5710
11049 2256 5872 2253 6171
11050 3097 5970 3099 1497
11051 416 771 3001 6195
11052 4537 446 448 5737
11053 1131 5798 2884 6209
11054 2569 5945 5797 6079
11055 4434 3857 4020 5820
11056 2224 1964 1694 1125
11057 3102 3099 3101 3100
11058 1634 4965 1544 5351
11059 3072 6135 5255 3067
11060 5305 5367 5260 5927
11061 1041 1030 1042 5969
11062 3213 3212 3211 3210
11063 211 208 6057 916
11064 2394 5777 5399 5912
11065 1072 4875 1073 5874
11066 1349 5518 1348 6133
11067 771 4571 3001 6195
11068 4303 1924 5079 1922
11069 4037 5210 4036 5268
11070 3105 4135 4468 919
11071 1985 5156 1984 5519
11072 545 2800 547 5206
11073 745 5282 3000 6195
11074 5211 5251 5155 6077
11075 5197 6095 5727 6187
11076 62 1074 1075 5874
11077 4980 5647 4697 6197
11078 788 5580 791 5747
11079 5535 3457 1801 5971
11080 4632 726 4631 4800
11081 1612 5020 4142 5775
11082 2389 2329 973 2388
11083 2787 3401 4759 6081
11084 1204 5408 4667 6119
11085 5478 5534 4481 5937
11086 5237 5793 5452 5983
11087 2859 5660 5257 6148
11088 3127 2273 3537 5879
11089 5175 5472 3761 5603
11090 4471 5836 3313 6172
11091 5656 5793 5237 5983
11092 2334 5611 3037 5998
11093 3512 976 3514 2004
11094 3081 1302 3083 6191
11095 705 2801 704 6061
11096 2395 2394 3410 5399
11097 1126 1123 2224 1124
11098 1594 1598 1597 1596
11099 700 5179 2942 5495
11100 4123 1274 1267 1272
11101 4811 4970 4812 6084
11102 5163 5271 5261 5307
11103 5212 5547 5274 6186
11104 5447 5918 5611 6052
11105 4126 3517 3514 3513
11106 915 916 919 917
11107 1962 1967 2355 1966
11108 6155 6177 6171 6198
11109 619 750 613 5333
11110 3035 5918 2076 5998
11111 4431 4977 3706 5476
11112 4303 1923 5079 1924
11113 2388 2331 2329 973
11114 2263 745 3001 6195
11115 939 178 181 5414
11116 5547 6074 5274 6186
11117 2804 5545 6158 2805
11118 100 97 96 5321
11119 1016 5379 1017 5568
11120 2066 212 2068 2067
11121 1488 1490 908 5699
11122 4036 5210 4037 5531
11123 880 5403 881 5600
11124 809 5309 4174 5786
11125 5346 5686 5218 5840
11126 4830 3462 4102 5251
11127 3098 3100 3099 1596
11128 2447 2448 4187 5326
11129 177 5350 221 5382
11130 401 402 473 5419
11131 1450 1454 2746 5300
11132 5703 2545 1298 1299
11133 5631 5813 311 5870
11134 2241 6150 4585 3948
11135 2327 3543 5314 3542
11136 842 1762 1761 5744
11137 3895 3764 3899 5096
11138 5376 6012 5879 6096
11139 2299 5458 1214 5775
11140 5647 6197 4555 6201
11141 5477 5651 5205 6127
11142 6084 623 2411 5529
11143 6171 2280 2863 6198
11144 3376 5378 5191 6049
11145 2765 2018 2763 5739
11146 5535 1804 3457 2921
11147 3320 2221 1962 1964
11148 1707 6196 5623 1706
11149 3415 1053 1439 5861
11150 4980 1064 4555 6197
11151 2023 1125 2020 2224
11152 5880 6174 1054 6221
11153 2230 2228 2225 6227
11154 5356 6048 5370 6093
11155 5230 5298 5218 5399
11156 5204 5227 5159 5891
11157 2595 4407 5033 5510
11158 3850 3849 3853 1860
11159 1964 2705 530 1963
11160 1475 5972 2503 6115
11161 1136 6073 3277 6209
11162 2696 5351 4927 5571
11163 5170 5365 3878 5598
11164 2219 5210 4037 5614
11165 2914 5732 5362 5856
11166 4357 4358 2155 1862
11167 4721 4722 2975 5843
11168 465 463 464 5847
11169 5302 5718 5202 5775
11170 405 5617 4083 5734
11171 2221 1964 2023 2222
11172 5359 5590 5190 5951
11173 586 1986 590 5519
11174 495 5429 3844 6081
11175 2328 2330 1702 1701
11176 5274 5693 5412 6186
11177 1131 6098 5798 6209
11178 2014 645 4410 5538
11179 4206 5315 5220 5903
11180 527 1694 1696 1695
11181 2788 2785 2787 6081
11182 1696 527 1697 1694
11183 1634 5923 1545 1541
11184 2423 509 510 5803
11185 5832 5926 5196 6011
11186 5306 5851 5530 6102
11187 4472 2788 2787 6081
11188 2788 5978 2654 6081
11189 5485 5535 5201 5971
11190 2037 5142 5022 5886
11191 2020 2023 2021 1701
11192 4718 5516 1987 5519
11193 3278 4555 1064 6197
11194 4123 4124 4125 5775
11195 788 5610 5580 5747
11196 530 1123 1964 1963
11197 4376 1118 493 6081
11198 5235 5255 587 5519
11199 2021 2023 1700 1701
11200 3844 5429 5301 6081
11201 3544 4466 4636 5838
11202 975 5982 2331 4127
11203 4048 5046 63 5874
11204 1694 3320 1699 1695
11205 3320 1694 1964 1695
11206 5013 3025 5714 4800
11207 1964 1694 530 1695
11208 1699 3320 2704 1695
11209 4659 63 5046 5874
11210 919 916 4135 917
11211 530 1694 1964 1125
11212 2646 3201 917 3323
11213 1986 4715 1988 5519
11214 1965 1962 1967 2223
11215 1340 1341 1343 5778
11216 864 4636 863 861
11217 403 5419 405 5734
11218 5258 5794 5718 6138
11219 5733 5902 2395 5912
11220 530 1125 1964 1123
11221 4156 5384 3874 5501
11222 1964 1963 2222 1965
11223 2023 1701 1694 1700
11224 1694 1701 2023 1125
11225 575 5175 5225 3949
11226 5399 5733 2395 5912
11227 143 5218 3089 5777
11228 2879 1461 5617 5667
11229 4266 3422 3101 4267
11230 3059 5288 940 5359
11231 5314 3543 2327 4127
11232 1342 1338 1340 5778
11233 587 5255 586 5519
11234 1984 2163 1985 5519
11235 2663 5366 2664 5476
11236 5847 2407 3631 5764
11237 909 5699 5222 5794
11238 2447 5293 2488 5687
11239 5308 5939 5852 6006
11240 3753 5179 1648 5608
11241 914 916 915 917
11242 527 5398 528 529
11243 2224 1127 1124 1123
11244 2224 1123 1963 1964
11245 1340 1343 211 5778
11246 5234 5350 5309 5461
11247 1126 1124 2224 1127
11248 3849 4357 2154 1861
11249 1123 1124 1125 1127
11250 2788 2654 2785 6081
11251 1964 1962 1963 1965
11252 1518 1523 1521 5727
11253 1790 5251 5211 6077
11254 5756 6055 5721 6093
11255 5158 3910 1358 5051
11256 4431 5366 4430 5476
11257 2018 5548 607 2017
11258 1964 1695 530 2705
11259 2704 1695 1964 2705
11260 1699 1695 2704 2705
11261 2809 1898 1900 3291
11262 4006 3574 6107 4005
11263 4759 4472 2787 6081
11264 2021 2023 2020 2022
11265 2022 2224 1125 1127
11266 5168 6021 5798 6209
11267 2632 2634 2633 5415
11268 5344 5525 5459 5797
11269 428 1516 2018 2019
11270 2929 5282 745 6195
11271 3000 5282 2398 2929
11272 5264 5384 2412 6178
11273 4649 5363 4651 6010
11274 5460 6038 5536 6103
11275 5462 5938 5910 6140
11276 913 914 3394 3392
11277 103 102 108 5606
11278 2312 2314 5942 5693
11279 2494 2496 1561 5403
11280 5442 5455 55 1499
11281 1962 2223 2355 1967
11282 2355 1962 2221 2223
11283 4061 1616 1618 4062
11284 5556 5585 5407 5889
11285 5798 6021 2884 6209
11286 646 5642 3113 6022
11287 5179 5529 5340 5597
11288 909 6138 911 910
11289 378 377 372 5962
11290 654 6025 5867 6180
11291 5585 5884 5717 5889
11292 3171 3174 3173 5787
11293 1988 4715 1985 5519
11294 3816 1524 2771 5461
11295 5925 5704 5047 6076
11296 5169 5260 5237 5927
11297 1524 5276 2773 5461
11298 1049 1047 1048 6159
11299 1973 1974 1360 5983
11300 5331 5374 1730 5808
11301 4576 4926 4134 4468
11302 3190 5792 3508 3509
11303 2966 5500 2969 6039
11304 871 5464 1302 6191
11305 3600 4152 3601 6154
11306 4926 3105 2065 4135
11307 4926 2065 4134 4135
11308 4576 4468 3105 4135
11309 4926 4468 4576 4135
11310 4576 3105 4926 4135
11311 1482 5527 5364 5891
11312 1340 211 1342 5778
11313 824 825 3532 822
11314 4135 3201 4134 3321
11315 1342 916 914 917
11316 2268 2271 2273 6220
11317 4029 2347 3580 5623
11318 1939 1516 1515 5739
11319 4468 919 4135 918
11320 221 5382 5350 5779
11321 3130 6089 3132 6208
11322 17 4963 826 6035
11323 5048 2610 4306 5766
11324 233 3171 3170 5787
11325 3664 3665 526 5781
11326 3268 5328 663 5602
11327 4162 6015 5806 5942
11328 914 917 3394 1342
11329 4968 4999 4682 5771
11330 4787 1423 2588 6040
11331 1340 1338 1339 5778
11332 2777 5461 2773 5779
11333 1706 420 6003 6225
11334 586 590 587 5519
11335 5378 5637 5327 6070
11336 2513 5090 4511 6143
11337 914 2967 1342 3392
11338 2967 3394 1342 3392
11339 2968 3394 2967 3392
11340 3393 3394 2968 3392
11341 2536 1544 2543 5736
11342 4555 5647 4980 6197
11343 2160 4992 4269 5935
11344 1709 6003 4026 1707
11345 3237 526 5003 5781
11346 5308 5314 5196 6038
11347 5354 5907 5186 6058
11348 2962 5668 3721 6183
11349 914 917 915 913
11350 5534 5478 1371 5955
11351 5196 5833 5765 5929
11352 1588 5639 4832 1587
11353 3525 5242 4197 5673
11354 1739 5605 1740 6096
11355 2536 2534 2531 5736
11356 5292 1347 5956 6133
11357 4134 3201 3322 3321
11358 5721 6024 6004 6104
11359 654 6128 6025 6180
11360 2446 2447 5762 6214
11361 3849 4357 4356 5842
11362 5199 5707 5615 5946
11363 1492 5718 5458 5775
11364 2974 5759 591 6185
11365 6186 5212 5185 5693
11366 2646 3756 2647 3323
11367 2330 5500 2328 6039
11368 3158 2133 4587 3535
11369 861 3896 3898 4618
11370 3665 3664 5714 5781
11371 5218 5686 5230 5777
11372 3394 917 3323 1342
11373 4410 5538 645 5780
11374 4595 4410 4409 5780
11375 2874 5060 2875 5973
11376 3269 3110 2995 4459
11377 4595 5538 4410 5780
11378 5324 5721 5370 6055
11379 3534 2133 2131 3158
11380 4409 4410 645 5780
11381 3514 6055 2004 6060
11382 1059 1063 1060 6197
11383 3816 5276 1524 5461
11384 3747 3744 3746 5914
11385 3394 914 913 917
11386 3135 3134 4968 5771
11387 5254 5798 5663 6098
11388 3214 5339 5261 5528
11389 5375 5550 519 5621
11390 5234 5309 5276 5461
11391 2121 5765 2119 5832
11392 932 936 524 5621
11393 196 5524 5691 192
11394 4469 5876 5068 5906
11395 578 572 576 6158
11396 3866 3865 3864 5758
11397 5019 4428 5018 5694
11398 520 5791 5550 5967
11399 5630 6048 5982 6111
11400 2773 5276 1522 5786
11401 835 6100 6036 6113
11402 210 211 6057 3105
11403 4162 372 3798 371
11404 2130 5418 2131 6203
11405 205 6057 208 206
11406 5698 5934 5897 6113
11407 5513 6059 5923 6120
11408 5212 5785 5412 6190
11409 5231 5865 5367 6116
11410 5067 6210 3707 1644
11411 632 5387 2110 6015
11412 5408 5978 2654 6119
11413 4491 1030 1041 5969
11414 3588 2777 2773 5779
11415 5259 5857 4266 3694
11416 5221 5288 5222 5359
11417 4357 4356 3728 3155
11418 3191 2797 4479 5792
11419 2391 5524 193 5691
11420 2174 2177 2175 2173
11421 184 4622 178 5414
11422 1245 2982 1247 5784
11423 1333 5305 1335 5885
11424 336 5738 2664 6215
11425 177 172 3900 5309
11426 472 5617 4080 405
11427 4635 5502 1850 5599
11428 3613 4983 5094 5881
11429 3581 4029 3580 5623
11430 5276 5461 5309 5786
11431 5209 5474 3183 5644
11432 1130 5904 6021 2284
11433 2421 5249 2422 6094
11434 2141 2674 592 5677
11435 3908 3909 3907 5628
11436 5530 5756 5721 6093
11437 1027 1042 1030 5969
11438 5199 5453 5212 5537
11439 221 5350 223 5779
11440 6102 5851 5405 5306
11441 5785 4622 3066 603
11442 5428 6024 5721 6104
11443 1812 4796 1813 5978
11444 2489 5978 1826 5991
11445 5498 5659 86 5768
11446 5444 6036 5449 6100
11447 1341 2675 2676 3378
11448 3063 3064 5537 4112
11449 2676 2675 2966 3378
11450 1863 5467 5464 6191
11451 2314 3396 5942 4771
11452 395 5773 5738 6155
11453 2845 5507 4198 5673
11454 2542 5190 2536 5736
11455 902 5556 5662 901
11456 424 426 1313 5739
11457 5764 2008 2005 2006
11458 3816 2771 2776 5461
11459 2969 2676 2966 3378
11460 2969 2389 2676 3378
11461 2073 3699 4774 5693
11462 183 5414 5785 978
11463 2073 4774 4771 5693
11464 1358 5640 5158 6139
11465 3066 5212 5453 5537
11466 2412 6084 5529 6178
11467 2648 2646 3201 6038
11468 5731 6033 5541 6113
11469 2717 2716 2515 5902
11470 4786 4541 4539 5512
11471 3250 4919 1472 5935
11472 4465 3515 3517 5835
11473 1641 1643 1915 5868
11474 2487 2484 2486 5293
11475 1773 5295 3271 5328
11476 4792 2992 2996 5278
11477 4480 5882 1427 5947
11478 697 5422 82 702
11479 577 5657 572 6158
11480 3252 5426 3251 3250
11481 3517 3513 2120 3515
11482 849 2256 889 5872
11483 4520 6184 5336 4308
11484 205 6057 212 209
11485 4321 5394 436 6021
11486 1947 4269 2160 4268
11487 2646 2648 1316 6038
11488 3250 3252 5426 5935
11489 1785 5297 1667 5321
11490 5391 5392 5365 5521
11491 4501 5819 4243 6200
11492 2150 4322 5226 5310
11493 3509 3955 5708 5792
11494 4028 4027 4257 4030
11495 1282 5900 1283 6216
11496 5405 5428 5200 6024
11497 2612 1094 3799 3797
11498 2328 2329 2330 6039
11499 2333 5611 155 2335
11500 205 6057 211 208
11501 5211 5251 4475 6032
11502 5826 2455 3024 5918
11503 4636 4858 4618 5838
11504 1974 1456 1455 4784
11505 771 5280 4571 6195
11506 3659 3657 5037 5712
11507 5722 5937 3996 6009
11508 2480 5938 5462 6140
11509 5346 5443 5215 5736
11510 431 426 425 5739
11511 819 5905 2645 5947
11512 4167 3673 815 5584
11513 3432 4271 3431 5522
11514 5279 5295 1773 5328
11515 5224 5464 5163 5594
11516 2008 4978 2006 5764
11517 5225 5486 2842 6036
11518 3759 4978 3758 5764
11519 1257 2137 763 5768
11520 386 4194 4195 388
11521 3378 5536 2966 6039
11522 3625 5265 113 5506
11523 3821 5232 3184 5474
11524 3162 3161 3164 3160
11525 1106 1266 3130 6089
11526 4249 4254 2831 5763
11527 3127 3539 3540 5879
11528 5577 5845 1742 5901
11529 5708 3509 3190 3510
11530 4894 798 5898 5217
11531 2096 2098 3395 4106
11532 2093 234 231 2095
11533 3936 5595 3934 6014
11534 1326 2472 2471 6153
11535 5620 5877 476 5883
11536 1404 5694 1530 1527
11537 3661 4234 4232 3660
11538 4224 1210 911 5458
11539 3719 5658 2873 5676
11540 2957 3583 2589 228
11541 741 736 742 5664
11542 5181 5575 2579 5672
11543 178 5414 5785 183
11544 1461 1460 2551 5617
11545 5191 5217 5181 5575
11546 137 138 1831 5943
11547 341 5891 339 6198
11548 5161 5802 5349 5953
11549 3162 5542 3336 3632
11550 5339 5490 3223 5975
11551 3457 3458 1802 5741
11552 3788 5828 5229 6064
11553 2612 3972 3799 2614
11554 5994 6083 1204 6119
11555 3770 5325 4178 3771
11556 2137 1257 5796 5768
11557 3771 3772 3770 5325
11558 3164 5542 3165 3571
11559 4536 5154 3548 6014
11560 6097 3135 3133 5910
11561 2788 5988 5978 6081
11562 5419 5527 5162 5883
11563 4414 5493 5830 4895
11564 4946 4872 5761 6167
11565 5612 5993 5301 6081
11566 1532 5553 1533 1531
11567 191 5625 600 5881
11568 4522 5907 3262 4521
11569 5798 6098 5168 6209
11570 493 490 4376 6081
11571 3134 5771 3135 6097
11572 2982 2983 2984 5784
11573 5830 5493 4414 6093
11574 3595 2984 2983 5784
11575 5185 5728 5441 6182
11576 1132 6209 6098 1133
11577 3948 4764 2241 5980
11578 825 5497 3532 6151
11579 4414 5493 5053 6093
11580 5887 6098 1060 6209
11581 1060 6098 1061 6209
11582 2633 951 2632 5415
11583 3824 3822 2633 5415
11584 1557 5905 818 5943
11585 5647 5972 4697 6197
11586 2389 3378 2969 6039
11587 1928 1113 4011 1796
11588 1800 5364 396 5810
11589 4985 4077 4078 5405
11590 4165 487 4041 6114
11591 5159 5392 5176 6071
11592 4512 5231 4630 5783
11593 144 5911 4908 5925
11594 674 3746 5236 5637
11595 3402 5310 3656 710
11596 654 5867 655 6180
11597 2653 2654 1204 5408
11598 4403 5761 4946 4932
11599 5067 5876 5072 6210
11600 2171 5708 3955 5792
11601 212 3582 3584 4653
11602 2069 4653 3582 212
11603 3035 2076 350 5998
11604 5735 4106 4670 5805
11605 5649 5172 292 5697
11606 208 3964 2958 5778
11607 2992 3106 3110 5919
11608 5738 6155 5476 6215
11609 72 5692 5680 6072
11610 5811 4144 1511 4143
11611 2663 5476 2664 5738
11612 655 5867 654 6025
11613 525 5375 5059 6162
11614 5191 5480 5378 5639
11615 2708 5714 5781 3665
11616 4985 5415 945 5405
11617 5222 5223 5221 5794
11618 5346 5362 5228 5732
11619 5358 6056 5986 6076
11620 4645 6171 2275 2280
11621 3834 5664 5554 5985
11622 1161 5850 2167 6051
11623 2299 1270 1269 5837
11624 922 5451 5218 5925
11625 655 5244 657 5867
11626 1092 3799 5962 5648
11627 134 135 136 5473
11628 4627 5588 4474 6145
11629 5359 5590 5258 6147
11630 5273 5932 3427 6016
11631 3671 5584 4168 5991
11632 2983 1245 1246 5784
11633 2960 4179 3247 5233
11634 135 923 6088 134
11635 3044 3043 878 5002
11636 931 2179 2991 6166
11637 3792 5146 3791 5509
11638 5539 5474 5209 5644
11639 795 1553 1606 5311
11640 3490 4560 3488 5603
11641 3490 3763 4560 5603
11642 5376 5534 5456 5882
11643 547 2800 546 5206
11644 3251 3250 5426 5935
11645 2003 5764 2006 5847
11646 4843 5228 5019 5694
11647 3037 351 2334 5998
11648 4995 5361 3104 5817
11649 1905 5301 90 5406
11650 1801 1802 1803 5741
11651 3282 1411 1410 5855
11652 4484 3748 4485 5916
11653 1533 5553 73 6189
11654 575 3488 574 5603
11655 1636 1631 1635 5997
11656 5178 5316 5208 5616
11657 2196 1290 5160 5167
11658 680 5414 1621 1620
11659 5657 5922 5698 6063
11660 5229 5262 5230 5442
11661 520 5441 2097 524
11662 3972 1951 1950 3799
11663 4109 5735 4107 4108
11664 5367 5800 5305 5885
11665 1740 5861 3414 6028
11666 1257 5659 5796 5768
11667 2094 6044 2098 2096
11668 5597 6099 2851 2848
11669 3582 6167 2069 212
11670 392 2667 2668 5738
11671 4916 4808 4809 4873
11672 4523 5043 5152 6086
11673 845 2349 518 5744
11674 408 5416 5219 5466
11675 1579 5830 1581 5929
11676 520 5967 5550 519
11677 283 5817 285 3104
11678 4810 642 641 5854
11679 541 540 5336 539
11680 661 5459 3622 6128
11681 2096 5816 2094 6044
11682 4670 5735 4109 4108
11683 3171 233 3174 5787
11684 650 1905 90 5406
11685 1802 1807 1803 5741
11686 5517 5594 5567 5823
11687 1447 5514 1971 6134
11688 4333 5812 3682 6068
11689 5438 6117 5509 6223
11690 2245 4787 1168 6040
11691 1005 1008 1006 5729
11692 1955 1954 1734 5404
11693 5318 5414 179 939
11694 3162 3160 3164 5542
11695 4702 5334 5011 5010
11696 1482 4192 1800 5364
11697 3608 1489 5223 5699
11698 1314 5739 1313 5817
11699 3541 6012 5376 6096
11700 5330 5375 5271 5967
11701 2016 552 1309 1308
11702 2032 2866 3045 5977
11703 3788 4504 4320 5422
11704 994 989 1234 993
11705 5593 5974 5207 6154
11706 2425 2940 1648 5608
11707 2411 2413 6084 5529
11708 820 5879 818 5947
11709 897 5232 894 6053
11710 5713 5983 1974 5300
11711 5309 5350 5234 5373
11712 2395 2393 1344 5733
11713 3586 4175 4174 5786
11714 5230 5291 5234 5736
11715 4944 2510 4548 5457
11716 5253 5702 5226 5994
11717 2831 5407 4249 6005
11718 1416 2571 658 6079
11719 3122 5580 4314 5758
11720 4373 5435 3908 5588
11721 5728 6017 5816 6044
11722 5368 5546 4483 5724
11723 5489 5713 5300 5983
11724 5279 5328 3268 5602
11725 2565 2697 1686 5601
11726 4108 4106 3395 2098
11727 5925 5047 6056 6076
11728 273 2094 267 272
11729 5381 5494 5354 5586
11730 5410 5160 2196 5348
11731 3947 5549 4764 5980
11732 1620 6165 681 6222
11733 1128 5904 1135 6073
11734 5716 5920 5425 6089
11735 5620 5871 5164 6177
11736 542 544 539 5336
11737 1498 5200 1495 5428
11738 5291 5571 1250 1252
11739 2606 5459 4958 5742
11740 5884 5890 5889 6023
11741 4049 4050 4889 5492
11742 3364 3887 3884 5883
11743 111 5193 4817 5606
11744 3198 5482 4975 4260
11745 4982 4996 3031 4456
11746 5251 5588 5435 5790
11747 4936 2875 5009 5474
11748 2291 2292 308 6152
11749 5215 5596 5281 5736
11750 4108 3395 4285 2098
11751 1010 1009 1006 5729
11752 958 957 960 5341
11753 3904 3905 1021 5886
11754 2258 5280 2260 5748
11755 3879 2720 4879 5598
11756 1014 1013 1006 5729
11757 3129 3132 3130 6089
11758 68 5680 5038 5730
11759 4609 5559 103 956
11760 3523 5242 4197 3525
11761 4763 3971 3947 5648
11762 2096 3173 2095 2094
11763 5178 5451 5218 5995
11764 4131 3236 3233 6014
11765 2211 2210 1037 5540
11766 1255 1253 1251 5579
11767 4087 5059 4387 4388
11768 5953 4439 4158 4888
11769 992 5733 1344 6118
11770 5273 5742 5205 6025
11771 829 5311 4222 5371
11772 5887 6197 6073 6209
11773 5488 5596 5443 5736
11774 4949 4950 1485 5527
11775 2313 2097 5441 3395
11776 4212 137 1831 5943
11777 3793 5300 1975 5509
11778 5390 5425 5337 5716
11779 5452 5800 1995 6122
11780 4523 6058 5465 6125
11781 4789 4790 296 5941
11782 4111 5735 4107 4110
11783 998 5576 3438 5965
11784 4079 4076 354 5405
11785 1739 5955 5605 6096
11786 739 4191 4289 5664
11787 2993 2994 2992 5278
11788 5578 59 5715 1817
11789 4488 5283 4289 5663
11790 960 1258 958 5341
11791 5301 5429 95 5612
11792 870 5464 5224 5594
11793 5738 5773 5476 6155
11794 1250 1254 1251 5579
11795 2278 2276 2274 6198
11796 4076 4078 4077 5405
11797 1290 2199 1291 5450
11798 1819 5826 1821 6131
11799 3886 3887 4171 5883
11800 5853 5988 495 6081
11801 2334 3037 3596 351
11802 925 3592 3717 5473
11803 4872 4808 4916 4873
11804 2105 2513 4511 6143
11805 2570 5945 2569 6079
11806 5477 6127 5348 5542
11807 3524 5673 2845 4196
11808 5215 5281 5230 5736
11809 4079 1495 271 2436
11810 3366 368 5161 366
11811 4185 4186 4184 5246
11812 5918 5826 2455 345
11813 2708 4387 3664 3663
11814 2369 4138 5393 5302
11815 376 5728 2312 5806
11816 6066 5157 2593 2592
11817 5038 1047 1049 6159
11818 3168 1283 1285 1282
11819 4631 3272 4803 2482
11820 3851 3731 4356 5842
11821 5569 5727 1521 5757
11822 5991 6106 5978 6119
11823 5588 6032 4474 6145
11824 5673 5769 4396 5919
11825 4875 5812 4876 6068
11826 1344 5733 1347 6118
11827 3594 5645 298 5697
11828 911 910 6138 5458
11829 5712 5854 2488 2483
11830 2018 2765 4753 5739
11831 3163 3160 3162 5542
11832 676 358 938 5341
11833 3271 5328 5295 6070
11834 5198 5217 5191 5575
11835 2180 6165 5749 6166
11836 4165 6033 835 6113
11837 5003 3665 5004 3237
11838 5345 5290 1867 1097
11839 4076 4077 354 5405
11840 3309 4894 798 799
11841 3026 3385 345 3028
11842 2534 2011 2531 5736
11843 993 1234 1235 5607
11844 3113 5642 5421 6022
11845 5712 637 639 5854
11846 1528 2811 4609 5559
11847 653 650 92 5301
11848 333 2863 6171 2280
11849 807 5915 809 810
11850 4632 4631 3025 4800
11851 3632 5437 5348 5471
11852 464 5857 469 6101
11853 3448 4604 3449 4814
11854 5978 5988 4796 5991
11855 2881 2311 2097 520
11856 5278 5769 5673 5919
11857 3383 4086 3663 3382
11858 3721 5668 2869 6183
11859 2969 3378 2966 6039
11860 523 519 520 524
11861 654 116 655 6025
11862 3019 5353 4011 5832
11863 1159 1160 1162 1164
11864 4405 5848 5824 6002
11865 2706 2707 2708 2075
11866 3712 3541 1743 6096
11867 1654 5653 801 5898
11868 3911 2671 4668 5640
11869 1949 1601 1600 5968
11870 5214 5637 5575 5696
11871 5407 5889 5585 6163
11872 1528 3878 2811 5559
11873 4911 2815 4189 5742
11874 1713 5772 5552 6216
11875 5219 5268 5174 6056
11876 5163 5256 5224 5594
11877 815 5584 5420 5984
11878 3541 5534 1369 5955
11879 144 5171 922 5925
11880 5830 5929 5356 6093
11881 1718 5772 1713 6153
11882 4683 5225 5444 3949
11883 5978 5988 5301 6081
11884 5424 5435 5192 5790
11885 519 5375 522 5967
11886 2774 5770 5461 5779
11887 3172 5735 4111 3170
11888 5224 5256 870 5594
11889 896 1141 3839 6053
11890 5518 5613 5298 5776
11891 4106 5735 3171 5787
11892 3511 2120 2119 3513
11893 5187 5304 2358 5790
11894 722 721 4803 720
11895 3194 3479 3163 6127
11896 5192 5435 2356 5790
11897 3381 3383 3663 3382
11898 1115 423 422 5834
11899 2447 5762 2488 5854
11900 2322 5429 2530 5612
11901 4803 4801 3272 4802
11902 358 353 355 5341
11903 1987 5516 5156 5519
11904 4307 4701 4309 5336
11905 958 959 957 5341
11906 79 5473 926 6031
11907 101 5300 97 5509
11908 5182 5199 5163 5272
11909 4429 2056 3650 5455
11910 3712 5879 3541 6096
11911 510 2425 2423 5803
11912 4050 3689 3690 5492
11913 789 5236 3117 5992
11914 402 4498 2912 5419
11915 1508 161 160 164
11916 1329 5729 1007 5957
11917 2847 5449 2888 5507
11918 6128 3428 654 6025
11919 1452 1450 1449 5713
11920 1035 5540 3071 5626
11921 1690 5232 4936 5474
11922 1331 4275 4278 5788
11923 5727 5757 5569 6187
11924 5291 5385 5234 5570
11925 4943 648 4942 6117
11926 1456 1450 1452 5713
11927 3641 4393 4369 3552
11928 4479 3191 4307 2797
11929 2406 5306 3480 5764
11930 1323 2153 1321 5774
11931 540 4056 2729 5336
11932 5556 5889 5407 6163
11933 1307 1310 1840 5357
11934 5367 5927 5438 5964
11935 660 924 661 6088
11936 5469 5898 1653 6154
11937 917 5536 1342 6103
11938 5471 5591 5252 5729
11939 3654 2291 3648 5869
11940 3598 5865 1608 5885
11941 5581 5951 4838 5961
11942 4687 1384 3773 5472
11943 3502 5662 3500 5889
11944 956 952 4609 5559
11945 2502 5887 4697 5972
11946 1600 5634 1603 5752
11947 5550 520 5693 5791
11948 1364 5656 4235 6139
11949 2386 611 612 5390
11950 2720 4878 2102 5598
11951 981 4833 4568 4566
11952 5267 5455 5262 5828
11953 2593 5157 4492 5711
11954 4093 5378 3110 5769
11955 3408 6092 3407 6193
11956 3271 5378 3404 6070
11957 4013 3050 4997 6080
11958 1072 1070 3070 5812
11959 4418 4417 4415 6093
11960 1213 912 911 5458
11961 5383 5596 2533 5736
11962 326 5324 321 6111
11963 3050 4013 3048 6080
11964 505 5491 509 5803
11965 2455 345 3028 3024
11966 5935 1946 1949 5752
11967 4792 2996 4280 5278
11968 59 5442 58 5579
11969 3980 3350 3656 5339
11970 1132 1133 1129 6209
11971 3343 3380 523 935
11972 5349 5642 2015 5953
11973 5541 6033 5198 6113
11974 6081 2786 2528 5993
11975 5564 5176 5315 5977
11976 1673 5560 5379 6085
11977 679 681 2178 6188
11978 3659 2989 3658 3660
11979 3661 2989 3659 3660
11980 4883 5483 2239 5658
11981 5388 6028 5751 6045
11982 598 5685 594 6185
11983 1840 5357 1310 6134
11984 97 5300 3793 5509
11985 1163 1160 1159 1164
11986 1795 5353 1708 1794
11987 2253 5872 5860 6177
11988 934 933 932 5441
11989 3089 5777 5218 5995
11990 4786 5192 4151 5512
11991 5528 5957 1324 6054
11992 5370 5413 5324 6111
11993 5292 5309 5234 5373
11994 2459 5498 2460 5796
11995 2073 5791 5693 5999
11996 4636 5743 3544 5838
11997 2995 4751 2998 5278
11998 358 937 938 5341
11999 981 4566 5102 5317
12000 5264 5433 5153 5501
12001 4496 5805 3946 6168
12002 5216 5397 5273 5932
12003 5246 5545 5245 6214
12004 5854 638 636 2444
12005 2447 5687 2488 5762
12006 4474 5299 5155 5640
12007 5354 5890 5358 6029
12008 3474 3473 4034 5513
12009 2149 4272 2150 5310
12010 933 6182 2180 6204
12011 3288 2199 4749 5450
12012 3267 2593 1918 5331
12013 5218 5451 3089 5995
12014 4703 5708 5336 5792
12015 1948 2415 2160 5935
12016 6000 2225 154 6202
12017 4673 5515 1489 6030
12018 520 519 523 521
12019 133 5339 3629 3223
12020 4515 1210 4224 5458
12021 4126 2120 3517 3513
12022 3026 3025 4090 5013
12023 940 5288 5221 5359
12024 5749 6165 5726 6166
12025 290 5248 4883 5658
12026 1304 5342 1307 5829
12027 5196 5587 5418 6003
12028 2990 931 2987 2989
12029 5178 5220 5176 5316
12030 3282 3280 1411 5855
12031 510 5463 2425 5803
12032 876 877 731 5181
12033 5330 5714 5375 5781
12034 5660 6008 5601 6160
12035 2897 4181 2901 5684
12036 4954 5694 2914 5732
12037 2948 5310 1281 6216
12038 4255 4028 4405 5848
12039 5373 5607 1235 6110
12040 2238 287 2239 5676
12041 2515 5686 2514 5902
12042 1214 1212 1210 1213
12043 3537 5879 2273 6220
12044 4646 5350 4278 5788
12045 5244 5477 657 6079
12046 4101 5251 4102 5804
12047 2272 2271 2268 6220
12048 1211 4515 4224 6178
12049 5210 5268 4037 5614
12050 5580 5698 5480 5795
12051 58 1253 1255 5579
12052 5405 5721 5306 5725
12053 325 5630 326 6111
12054 881 885 882 5337
12055 525 526 519 522
12056 2101 2100 2102 5391
12057 3625 113 118 5506
12058 699 697 702 5866
12059 5314 6055 3514 6060
12060 4411 4212 4582 5943
12061 4377 4378 4376 2885
12062 3043 5214 5002 5448
12063 1392 2325 2529 5987
12064 5205 5477 5244 6079
12065 3335 1014 1005 3336
12066 1291 1292 3193 1296
12067 4519 4549 6184 4550
12068 572 5604 574 576
12069 3049 5612 4597 3053
12070 5245 5293 5246 6214
12071 83 5422 81 6064
12072 4428 5228 2914 5694
12073 5824 6003 5834 6112
12074 3562 3563 3560 3561
12075 4549 4550 4519 4449
12076 3508 5792 3190 3191
12077 1843 3626 3627 3625
12078 546 5206 2800 5338
12079 4005 5557 4058 2759
12080 296 4791 297 5183
12081 2217 2218 2215 5543
12082 3744 1564 3745 5236
12083 658 2569 5344 6079
12084 473 472 470 5617
12085 2570 2571 1418 5651
12086 1601 3376 1599 5634
12087 5243 5582 5263 5620
12088 3620 5249 3616 6094
12089 5449 6036 3993 6100
12090 3628 4497 1157 329
12091 3996 5751 5722 6009
12092 1295 5482 3198 3193
12093 2643 2067 2641 6179
12094 5260 5305 5169 5401
12095 574 5604 572 573
12096 3577 3575 3578 3576
12097 655 5477 5244 5709
12098 5052 1264 3684 6208
12099 1014 5591 5471 5729
12100 5375 5454 3658 5712
12101 5726 6165 5754 6166
12102 664 665 3454 806
12103 2531 5736 5238 6062
12104 2463 5702 4615 6007
12105 4416 4415 4417 5830
12106 3247 5483 2901 5684
12107 4531 2759 4860 4058
12108 5180 5310 3981 6131
12109 4403 5372 3345 6075
12110 5836 1874 2768 6228
12111 4594 2568 2569 5945
12112 3366 3558 366 5161
12113 154 6000 2504 2622
12114 3417 3416 3418 5500
12115 2174 4308 4307 4309
12116 4286 1444 1446 5688
12117 5303 5532 5243 5546
12118 2483 5307 2480 5462
12119 5310 5447 5253 6052
12120 2495 5695 2934 2497
12121 1708 5824 3975 6003
12122 3640 2044 2045 3639
12123 4344 6002 5824 6203
12124 5469 5705 5207 5931
12125 2311 2097 3239 2881
12126 3238 5330 2074 5827
12127 148 4451 1846 146
12128 3955 3577 3578 3576
12129 4276 4277 4275 5788
12130 154 155 153 6202
12131 2921 5485 488 5971
12132 1061 1136 1059 6209
12133 3277 1059 1136 6209
12134 711 709 712 5976
12135 4447 3132 3131 6089
12136 4276 1331 3439 5788
12137 1209 5993 2784 6080
12138 1439 1050 1440 5369
12139 5301 5406 1904 5853
12140 1581 5765 1580 5929
12141 2407 5764 557 6026
12142 152 148 2539 151
12143 4663 1921 1920 1919
12144 5293 5762 2447 6214
12145 2796 5708 642 2799
12146 4028 5824 4405 5848
12147 1693 5573 4893 6213
12148 656 5525 661 6180
12149 1510 1504 4146 5801
12150 4231 4234 3660 4232
12151 4589 5073 64 5876
12152 1136 1061 1487 6209
12153 2747 2746 5098 5300
12154 2961 5658 5483 6183
12155 4048 5874 62 1075
12156 2068 212 2069 6075
12157 2130 3201 2133 6179
12158 4479 3577 3509 5792
12159 5256 5703 1298 5690
12160 3477 5632 1816 6152
12161 2437 5996 5755 6017
12162 2804 6158 576 2805
12163 3887 4119 4171 5883
12164 4070 4698 706 4700
12165 5730 5943 5343 6072
12166 81 5961 5828 6064
12167 1489 3608 1490 5699
12168 5341 6017 5728 6182
12169 2087 5737 2089 5888
12170 5721 6055 6004 6093
12171 4647 4646 4277 5788
12172 1131 6021 1130 6073
12173 1801 3457 5535 1804
12174 587 590 2163 5235
12175 1063 1681 1064 6197
12176 4013 653 3048 6080
12177 438 5605 1744 5955
12178 671 5240 2999 5610
12179 2078 5680 72 5692
12180 1198 4541 5158 4737
12181 5010 4701 4702 4234
12182 3439 3438 4276 5788
12183 488 5485 5325 5971
12184 2698 2699 2919 6078
12185 4940 3198 4696 5482
12186 5134 5346 4954 5482
12187 4385 5203 79 5343
12188 2641 3534 2643 6179
12189 3345 5372 4031 6075
12190 4750 4611 4834 5992
12191 1560 5695 1558 6065
12192 2246 5831 1855 4787
12193 5039 4736 5400 4737
12194 5400 4366 4367 4736
12195 5400 5544 5169 5793
12196 5400 5401 4367 5793
12197 4365 5260 5237 5793
12198 5407 5560 5208 5652
12199 4659 4589 63 5874
12200 4172 4171 4119 5883
12201 5406 5853 5301 5989
12202 4315 5637 5378 6070
12203 2317 2319 655 5477
12204 1192 1189 1797 5374
12205 5630 5982 5314 6039
12206 2016 607 1309 5548
12207 2090 5185 959 5387
12208 2179 2175 5844 2180
12209 1186 3092 1188 5484
12210 4903 5776 2254 5871
12211 4371 4101 5588 6145
12212 1134 1136 1129 6209
12213 5880 6020 69 6221
12214 1852 1421 1853 6042
12215 2149 4912 4272 5700
12216 2699 6068 2919 6078
12217 261 5646 4660 5860
12218 607 606 1309 5548
12219 2803 6161 5690 6214
12220 2911 5194 2865 5335
12221 4279 5242 1379 5278
12222 4277 4278 4275 5788
12223 1717 5772 1718 6153
12224 3921 2033 3920 5315
12225 5370 6048 5195 6111
12226 756 5564 759 5995
12227 1959 1366 1960 5620
12228 5842 6170 5774 6219
12229 320 6132 5655 6212
12230 2770 2269 2768 6228
12231 980 5650 982 5931
12232 1855 2246 2245 2244
12233 2875 5526 2874 5973
12234 679 2181 678 5755
12235 539 542 2729 541
12236 3616 5249 5222 6094
12237 973 972 2390 6060
12238 1322 5838 4636 6170
12239 318 319 5510 2842
12240 2010 5349 2009 5953
12241 5408 5853 5301 5978
12242 3612 892 893 5387
12243 2999 2997 2994 5278
12244 63 64 62 5874
12245 4551 5838 1319 3590
12246 3590 5743 4343 5838
12247 1335 3597 1333 5885
12248 1536 5377 1533 5553
12249 4079 356 354 2381
12250 184 5318 4622 5414
12251 1539 201 199 5654
12252 1846 146 4451 147
12253 2176 2175 5844 2179
12254 1276 556 1179 5954
12255 4622 5414 5318 5785
12256 3999 5905 1834 5921
12257 2400 5553 4726 5768
12258 2007 4417 4418 6093
12259 543 540 544 4307
12260 2925 1675 1677 5903
12261 1169 501 503 5285
12262 5478 5937 5862 6046
12263 3170 232 233 5413
12264 1428 5947 1431 6012
12265 790 3118 3120 5795
12266 1845 1843 2757 2755
12267 6004 6055 2007 6093
12268 5532 6177 6069 6206
12269 2805 4184 4186 5246
12270 2255 5819 2256 2253
12271 824 5497 3532 825
12272 2174 5844 2175 2177
12273 3829 5946 5615 3828
12274 4537 5328 449 5705
12275 648 4788 4942 6117
12276 3129 3434 3435 5337
12277 559 1179 556 5954
12278 3322 4134 2133 6179
12279 4076 5200 4078 5405
12280 3726 985 3604 5650
12281 6163 5560 5614 5210
12282 1739 5605 1742 1740
12283 3135 5910 3767 5180
12284 396 4192 398 5364
12285 701 83 3359 5422
12286 701 81 83 5422
12287 170 2146 5219 169
12288 3627 1158 809 5506
12289 325 3964 1341 6006
12290 2016 5548 552 5750
12291 152 2539 150 151
12292 959 2091 1091 5648
12293 2563 2859 567 5601
12294 795 5317 5311 5653
12295 3338 2683 1977 2682
12296 5100 1974 3793 5300
12297 5544 5169 682 1105
12298 2180 5749 5844 2179
12299 3586 5309 4174 5382
12300 533 5799 4895 5830
12301 3615 508 3620 6094
12302 3165 5542 3163 6127
12303 4139 5161 4140 5802
12304 2237 5670 3086 5682
12305 678 679 2380 2181
12306 2292 1816 308 6152
12307 1053 5863 5861 6174
12308 3831 5280 2258 5748
12309 2523 5233 2525 5949
12310 3879 2812 3878 5598
12311 1694 1695 527 5398
12312 3795 3302 3796 5964
12313 320 5655 988 6212
12314 4111 5735 3172 4107
12315 354 4985 945 5405
12316 1950 1180 3799 1951
12317 3408 5940 2255 3407
12318 273 3343 2097 3380
12319 988 5655 323 6212
12320 624 5529 620 5597
12321 2696 1156 250 5132
12322 2497 5695 2934 6065
12323 5484 5489 5155 5503
12324 2438 933 2181 4691
12325 1240 5527 5042 5841
12326 5319 5357 5342 5936
12327 2929 2902 3000 6195
12328 378 372 371 3798
12329 2560 84 82 5495
12330 2674 5504 2141 5796
12331 1112 1116 2478 5926
12332 5241 5520 1996 5710
12333 2873 4347 4348 5658
12334 1629 5669 3719 5676
12335 355 5341 945 2783
12336 6184 2177 4519 4550
12337 4308 4519 2177 2173
12338 552 5189 2809 5750
12339 3437 3436 4689 6050
12340 420 1703 1705 5834
12341 2445 6161 2802 6214
12342 2258 5165 3831 5748
12343 2016 2017 607 5548
12344 1078 609 429 5548
12345 821 4899 3532 5497
12346 2475 5301 3844 5429
12347 2934 5026 2497 6065
12348 2251 2253 853 6078
12349 4414 1182 559 5954
12350 5230 5619 5442 6224
12351 1094 2614 2612 3799
12352 2437 5996 4079 2381
12353 5576 5894 3440 6050
12354 4449 4448 4451 4450
12355 2075 2074 5004 5827
12356 4440 5424 5165 5748
12357 3947 5648 3971 6102
12358 4275 1331 4276 5788
12359 3131 5403 2496 5695
12360 334 336 335 6215
12361 5257 5660 2859 6160
12362 4952 5251 772 5790
12363 2016 1308 2764 5750
12364 5459 5525 5313 5797
12365 3943 6228 5836 6211
12366 5192 5435 5424 5512
12367 5168 5394 5186 6086
12368 5488 5492 5238 5736
12369 2746 99 2745 5300
12370 5575 5637 5480 5696
12371 5661 5782 4697 5930
12372 1926 1509 1925 5342
12373 2413 5340 2733 5622
12374 3089 4228 143 5777
12375 5772 6153 5900 6216
12376 701 82 81 5422
12377 465 3631 463 5857
12378 326 6055 5324 6111
12379 620 623 621 5529
12380 880 5600 1562 5821
12381 1926 1925 1839 5342
12382 2367 5484 2364 5503
12383 3653 3830 3651 6066
12384 945 356 355 354
12385 5055 6004 2007 6093
12386 757 5977 4408 6071
12387 6038 6103 3201 6179
12388 2782 3202 355 2783
12389 368 5538 3365 5802
12390 3551 3555 3556 4654
12391 1226 4047 5874 1076
12392 5026 5695 2497 6065
12393 5028 666 2752 5061
12394 1041 5969 1040 6027
12395 3279 5855 1412 1411
12396 656 655 657 5867
12397 4333 4874 4875 4876
12398 3552 4654 4369 3551
12399 5258 5775 5393 5802
12400 2668 5366 2663 5476
12401 2759 1843 1846 4859
12402 2254 2252 4903 5871
12403 2934 3311 3312 6065
12404 5248 5483 4182 5684
12405 704 5206 547 5319
12406 4926 2065 2640 6179
12407 1299 5594 1298 5690
12408 758 6071 2866 5892
12409 938 5318 680 6188
12410 5276 5461 3816 5770
12411 939 938 180 4336
12412 4590 5095 4589 64
12413 4482 5635 5312 5944
12414 2901 4181 4179 5684
12415 5367 5964 5438 6116
12416 5370 6055 6048 6111
12417 1558 5695 1556 6065
12418 376 4285 3395 5728
12419 5736 6062 1544 6095
12420 3557 4144 3551 3553
12421 3001 5280 2263 6195
12422 4449 4549 4451 4448
12423 4531 4859 2759 1846
12424 1607 5367 3373 5865
12425 5969 5994 5226 6027
12426 5772 6153 1717 6169
12427 3034 3038 3037 5611
12428 283 5361 282 5817
12429 4859 1846 1845 1843
12430 5356 5805 5195 6168
12431 681 2540 4550 4549
12432 4507 2297 4506 4508
12433 150 148 152 151
12434 5396 5890 5358 6023
12435 2232 2962 2961 5483
12436 934 932 935 5441
12437 5311 5634 3990 4833
12438 4534 2218 4707 6067
12439 4418 5954 5530 6093
12440 5168 5717 5254 5798
12441 676 938 680 677
12442 4481 3112 3998 5905
12443 4103 5332 2454 5826
12444 74 1710 2397 5553
12445 615 3900 175 5333
12446 1750 5753 2129 5745
12447 3129 5337 885 884
12448 1460 1955 4085 5404
12449 1955 1460 1457 5404
12450 4706 4421 4704 5377
12451 5358 5890 5396 6029
12452 3123 3121 3122 5747
12453 3641 5811 3639 4360
12454 3956 4363 3958 3955
12455 1846 4014 1849 3624
12456 347 5332 2516 5611
12457 149 3624 146 148
12458 2622 5815 2620 5406
12459 3991 5231 4512 5783
12460 5681 5910 5490 6097
12461 3292 5904 2284 6021
12462 2637 5217 4894 5191
12463 4520 6184 5049 5050
12464 5121 5316 4868 5559
12465 149 3624 151 1397
12466 2061 4868 2062 5266
12467 1939 5041 5040 5548
12468 2103 5558 2105 5573
12469 220 4646 221 5350
12470 5271 5274 5180 5858
12471 661 5381 3622 5459
12472 5160 5199 5197 5477
12473 2968 5398 2402 5500
12474 194 3993 6033 5270
12475 591 5759 5677 6185
12476 146 3624 1846 148
12477 3892 3893 3351 6042
12478 2528 5612 2530 5993
12479 520 524 2097 523
12480 859 3666 570 5264
12481 814 5984 812 813
12482 5170 5362 5208 5652
12483 3365 3368 3367 5953
12484 4071 2043 2045 2047
12485 3547 5784 5154 6047
12486 2299 1214 1275 5837
12487 2681 5268 410 5416
12488 2465 5702 2464 6007
12489 757 5995 5564 6071
12490 4572 653 95 5301
12491 2472 6153 1326 6169
12492 4619 2062 4868 5266
12493 369 5161 370 367
12494 5306 5764 5563 5857
12495 2244 5528 5410 2247
12496 2759 4058 4451 4057
12497 4531 4451 2759 4058
12498 4531 146 1846 147
12499 1542 3355 1634 5565
12500 1197 5400 1199 5666
12501 4348 2939 1958 5658
12502 2217 5165 768 5424
12503 5299 5640 1359 6139
12504 4698 3639 4070 5801
12505 1846 3624 146 4015
12506 3418 3416 2969 5500
12507 3597 2442 3991 5231
12508 2181 5755 679 6188
12509 4273 3701 5310 5858
12510 3065 6190 1619 978
12511 4925 2719 1293 2194
12512 438 5955 1743 3293
12513 5132 1771 1152 1155
12514 150 4392 1399 151
12515 5315 5574 2032 5977
12516 3407 5940 2255 6092
12517 2893 2892 2895 5474
12518 1620 2539 2540 4549
12519 5237 5927 3302 5964
12520 3315 5434 3317 5437
12521 208 5778 2958 6037
12522 1994 5800 4685 6122
12523 5272 5307 5163 5708
12524 4078 3824 2634 5415
12525 3547 5990 5784 6047
12526 5195 5833 5196 6048
12527 4558 6201 5862 3997
12528 5231 5783 3505 5865
12529 5464 5789 1302 6191
12530 3831 5424 3888 5748
12531 2644 1555 3111 5905
12532 5162 5883 5527 5891
12533 4451 4531 1846 147
12534 1350 5956 5632 309
12535 749 5665 5192 5873
12536 3330 5292 3332 5956
12537 5357 5514 1310 6134
12538 3918 429 605 428
12539 147 4451 148 146
12540 5412 5693 5212 6186
12541 5647 5661 4697 5930
12542 5476 5773 4977 6069
12543 2759 5182 4451 2539
12544 2539 4451 147 4549
12545 2322 3401 2530 5429
12546 1242 1246 1245 1244
12547 2100 2352 5618 5644
12548 621 1937 1938 5529
12549 2099 5391 5209 5644
12550 2500 2501 2498 5322
12551 2636 2639 1602 1604
12552 1619 978 1620 1621
12553 4723 4724 4259 5498
12554 2238 5669 2117 5676
12555 905 5972 1475 2502
12556 5209 5521 5391 5573
12557 5419 5734 3361 5883
12558 5196 6112 6038 6219
12559 1533 1536 1535 1534
12560 1945 515 513 5746
12561 5323 5404 4084 5431
12562 5209 5573 2895 6213
12563 2148 5466 5186 6086
12564 3715 4181 2908 5684
12565 2082 5680 3177 5683
12566 1602 5639 5378 5769
12567 95 3049 4597 4596
12568 820 817 819 5905
12569 1072 5812 4875 5874
12570 1074 62 4047 5874
12571 2881 5330 3238 5999
12572 587 5235 1645 5626
12573 4597 3049 95 5612
12574 2396 5777 2394 5912
12575 1964 3320 1966 1962
12576 165 1838 3228 2947
12577 3642 4393 3641 3552
12578 1151 1152 2956 5624
12579 20 25 2529 5987
12580 5336 5726 5334 5844
12581 771 5846 5280 6195
12582 3480 5764 5306 5857
12583 3280 3282 5115 5855
12584 5296 5579 5442 59
12585 4761 2533 4157 5383
12586 2357 5588 4371 4101
12587 4141 3366 5161 3558
12588 4125 5775 5458 5802
12589 4645 5872 889 6171
12590 2272 5836 4471 6220
12591 4039 3834 4819 5614
12592 5436 5526 5262 6224
12593 4490 6004 5259 6104
12594 145 143 140 5911
12595 2076 3035 2072 5918
12596 2616 2615 5720 5966
12597 179 181 939 178
12598 3070 5812 3777 1072
12599 3193 5482 1296 1295
12600 5456 6028 5879 6045
12601 266 262 265 6123
12602 946 949 947 5415
12603 945 947 3398 5415
12604 1177 5493 538 5799
12605 1062 5887 2502 5972
12606 3834 5554 4819 5614
12607 1201 1981 1200 5666
12608 1031 1281 1029 5409
12609 322 6149 6137 6212
12610 2366 2364 2363 5544
12611 2826 4955 4477 5732
12612 3889 2216 2215 5424
12613 4294 3286 3443 5213
12614 4155 5590 5433 6146
12615 313 3141 1807 6090
12616 3492 3491 3489 5603
12617 3164 3571 3335 5542
12618 574 3488 4560 5603
12619 1760 5184 1759 5445
12620 1966 3320 1964 2704
12621 3505 5783 5020 5487
12622 622 626 620 5597
12623 603 599 4532 3066
12624 2654 5408 5301 5978
12625 790 5580 789 5795
12626 3514 6055 2007 3511
12627 5199 5477 5160 5615
12628 1535 5553 761 766
12629 3445 4546 4547 5457
12630 4532 603 4622 4984
12631 484 4328 4329 487
12632 4161 4912 5120 4164
12633 4736 5400 2556 5401
12634 5552 5700 5547 6087
12635 5445 5514 1971 5688
12636 3659 5454 641 5712
12637 4076 1495 4078 5200
12638 5536 5778 6037 5939
12639 4523 4521 5465 6058
12640 334 6155 5810 6215
12641 587 2163 589 588
12642 5880 6031 69 6045
12643 5426 5634 1603 1721
12644 1438 5369 1439 1440
12645 4582 4212 1831 5943
12646 883 1561 2496 5403
12647 775 5846 771 6195
12648 4042 4041 4166 6199
12649 4494 6168 2345 6218
12650 3656 5310 3402 3981
12651 1154 1152 1151 5624
12652 5221 5321 3114 6223
12653 1808 1812 1813 6106
12654 5162 6071 758 5892
12655 5212 5881 5185 5785
12656 3316 5434 3315 5437
12657 778 3568 1549 5532
12658 4534 4535 1102 5289
12659 5690 6161 2803 6217
12660 372 5806 632 3798
12661 547 5206 546 5357
12662 877 876 879 5649
12663 5310 5976 3402 6052
12664 1995 5452 5241 5800
12665 1602 2639 2636 5191
12666 4321 2351 5043 6086
12667 3887 3364 3362 5883
12668 5280 5665 5304 5846
12669 2183 2184 2182 5450
12670 3423 3759 467 5847
12671 3869 4310 4044 5448
12672 3577 3576 5012 5792
12673 658 5525 5313 6088
12674 611 2387 2418 5390
12675 4710 4709 4711 5815
12676 2254 5819 2253 5871
12677 308 307 311 5632
12678 4282 1997 3093 5241
12679 5230 5281 5229 5442
12680 3239 2311 2315 2313
12681 734 5466 2350 735
12682 5180 5330 5271 5858
12683 3795 5247 5237 5983
12684 2938 5498 2427 5504
12685 1993 5520 2441 5710
12686 5162 5995 757 6071
12687 5502 5925 5171 6056
12688 1544 6095 6059 5923
12689 5221 5432 5359 5794
12690 1175 1174 4585 1173
12691 825 2191 4901 5804
12692 965 5989 967 6080
12693 2179 5844 2176 6166
12694 73 5553 74 6189
12695 3043 293 878 5649
12696 4763 3947 4871 4764
12697 4744 5288 3058 5359
12698 5427 5755 356 2381
12699 4773 4162 4772 5942
12700 5480 5580 5175 5698
12701 3656 5310 5180 5339
12702 600 5881 3613 187
12703 3604 5054 3602 5650
12704 5650 985 4782 979
12705 5833 5929 5196 6048
12706 5560 5554 5717 5614
12707 3059 5359 5221 5720
12708 2468 5760 2467 6083
12709 1658 1914 5406 5853
12710 3445 2743 4548 5457
12711 3725 5593 3724 5974
12712 1544 5736 2536 6062
12713 1509 1508 165 5829
12714 3842 492 77 5429
12715 1786 5289 4533 6077
12716 5412 5754 5726 6165
12717 2780 3399 2403 945
12718 2563 1685 2859 5601
12719 1474 5972 1475 6115
12720 1912 5853 1913 1658
12721 2082 5395 3177 5680
12722 184 4336 180 3459
12723 2194 1293 4637 5592
12724 472 2546 2549 5617
12725 3641 1511 4144 3553
12726 5356 5756 5370 5805
12727 5578 1817 60 59
12728 4020 2754 4021 5855
12729 3313 4443 4444 5836
12730 938 4336 3459 180
12731 1611 5487 265 6123
12732 1172 1174 1175 1173
12733 1513 1305 1304 5750
12734 3993 835 834 6033
12735 3630 3825 466 5857
12736 355 358 3204 3206
12737 3900 5333 619 6110
12738 1784 5297 1785 5321
12739 5544 5793 5158 5983
12740 3971 5954 3947 6102
12741 3401 5429 1120 6081
12742 1309 5319 548 5357
12743 4203 757 4206 5564
12744 904 2832 902 5763
12745 5197 5309 5216 5786
12746 5423 5913 5641 5971
12747 4369 3551 3553 3552
12748 4455 930 4456 5361
12749 1513 1304 1514 5750
12750 2042 5342 1839 5959
12751 5320 5727 5197 5786
12752 2445 4655 2802 6161
12753 2878 2874 2879 5667
12754 21 23 22 213
12755 4074 5679 1301 3219
12756 2956 5624 5496 5963
12757 1705 1115 422 5834
12758 5230 5346 5178 5365
12759 5201 5439 5329 5535
12760 3972 2614 1092 3799
12761 1262 3807 2269 4384
12762 5204 5613 5159 5871
12763 3405 3268 3404 5328
12764 3621 3615 3619 6094
12765 4054 4052 4145 1510
12766 2233 5658 2961 5676
12767 5754 6165 2180 6166
12768 5717 5908 5674 6163
12769 1439 5369 1438 3414
12770 1954 1955 1457 5404
12771 5239 5523 1396 5963
12772 4946 4932 5761 4872
12773 1199 1103 4538 5666
12774 1955 5323 4085 5404
12775 2803 5545 2802 5818
12776 4481 5534 4480 5882
12777 1006 5729 1011 1012
12778 1635 2696 2541 5997
12779 3350 3980 3892 6042
12780 5434 5470 5252 5729
12781 3302 3304 4788 5964
12782 2819 4581 77 5429
12783 5461 5779 5309 5786
12784 5197 5351 5276 5727
12785 401 404 406 5419
12786 2524 4183 2522 5668
12787 313 1435 3141 6090
12788 5343 5943 5730 6045
12789 944 943 942 5288
12790 4679 4678 4677 5569
12791 620 625 624 5597
12792 4036 2219 1675 6085
12793 449 2904 5286 5328
12794 5202 5438 5231 6192
12795 3176 4173 1050 4937
12796 5053 5493 2242 5549
12797 1435 313 5641 6090
12798 3688 3689 3686 5443
12799 2878 5633 5122 5973
12800 5791 5967 520 5999
12801 4369 4654 3552 4393
12802 5617 5667 5419 5973
12803 4113 4112 3923 3925
12804 1050 1055 6159 1441
12805 2798 4703 2797 5792
12806 371 4772 4162 5942
12807 5544 5981 2364 6122
12808 5210 5560 5407 6163
12809 2763 2764 2761 5750
12810 2065 4135 3105 6103
12811 4491 6027 1571 6082
12812 5308 5372 5196 6048
12813 1248 6005 5674 6163
12814 4675 997 1347 5965
12815 1594 6137 1597 1598
12816 5229 5495 5190 6146
12817 2905 3647 3646 5331
12818 5271 5714 5330 5827
12819 4672 3258 3263 5440
12820 1019 1021 1673 5379
12821 4118 4122 4083 4121
12822 4957 4138 4141 5802
12823 3366 5538 4957 5802
12824 1695 530 527 5398
12825 5014 930 283 5361
12826 4346 3719 2873 5676
12827 2637 2636 2638 5191
12828 2178 681 2177 5749
12829 2328 5950 5842 6039
12830 5301 5989 5408 6080
12831 520 5967 5330 5999
12832 5471 5591 3336 3632
12833 3216 3215 2848 6099
12834 320 321 322 5324
12835 89 5498 4724 5843
12836 4936 5232 2875 5474
12837 1953 5312 1734 5404
12838 4461 5247 5656 5899
12839 1741 4739 3712 5369
12840 1276 5954 2092 6026
12841 323 5324 988 5822
12842 5255 5516 4716 5519
12843 4772 371 373 5942
12844 1267 1274 4123 5775
12845 5213 5365 5215 5457
12846 1855 5831 3214 6042
12847 3131 883 2496 5403
12848 979 5650 980 5931
12849 3405 3404 4991 5328
12850 5330 5791 5274 5858
12851 2253 6171 5872 6177
12852 1841 5342 1840 5357
12853 4622 603 4532 3066
12854 5134 1529 4954 5346
12855 5578 59 60 4022
12856 5241 5438 5231 5800
12857 4977 5476 4431 5773
12858 3019 5824 5353 6112
12859 3534 3159 2131 5848
12860 4040 4045 4044 5696
12861 4973 5350 4647 5807
12862 1116 2479 2478 5926
12863 4546 2743 4547 5457
12864 57 3477 2055 5715
12865 5463 5491 5177 5583
12866 2690 2911 3046 5895
12867 5392 5598 5559 5618
12868 5721 6055 5324 6149
12869 4129 5249 2421 5589
12870 5601 6013 1688 6041
12871 4819 4818 2220 5554
12872 2862 4464 2861 6148
12873 5083 1396 4934 5581
12874 559 5954 4418 6093
12875 2162 2163 2165 2164
12876 229 6109 6006 6111
12877 5417 6043 5572 6142
12878 2277 4501 2864 6198
12879 532 534 535 5929
12880 4773 4774 3702 5942
12881 2637 4930 5217 2638
12882 5374 5582 1730 5808
12883 3743 1242 3550 5990
12884 2067 2065 2066 5475
12885 2341 1911 3230 6202
12886 5619 6152 5632 6173
12887 1291 5160 1290 5450
12888 4983 4984 962 5881
12889 5154 5737 5595 6014
12890 1955 4297 4084 5404
12891 5386 5845 5605 6046
12892 3387 3391 3390 5750
12893 3389 3104 3103 6091
12894 3707 256 5860 6108
12895 2829 5362 2124 5652
12896 27 3757 5612 5987
12897 4903 2252 4588 5871
12898 3544 3542 3546 5774
12899 2606 5586 4958 5609
12900 4537 5737 5154 6014
12901 1622 288 289 5676
12902 548 1308 4147 5319
12903 4635 5564 5451 5599
12904 5638 5766 5609 5986
12905 409 407 408 5416
12906 185 178 5785 182
12907 415 2902 412 6035
12908 3065 6190 3064 4112
12909 615 5809 5333 5915
12910 3554 3552 3551 3556
12911 2418 5390 2387 5716
12912 2559 5250 2942 5495
12913 4825 5166 238 5668
12914 1513 2761 2764 5750
12915 1850 5502 5174 5599
12916 4774 3702 5791 3699
12917 5208 5531 5178 5616
12918 3120 5698 5580 5795
12919 1637 1639 5564 5599
12920 188 191 187 190
12921 1069 12 2897 5684
12922 1506 1511 3553 3551
12923 4770 4772 373 5942
12924 1507 1509 2713 1510
12925 1106 1108 1110 5716
12926 1508 2051 161 3228
12927 4445 4444 4443 5836
12928 379 1905 650 5406
12929 2132 2130 2131 6203
12930 5641 5741 5224 6090
12931 3770 5325 3772 5439
12932 5163 5681 5256 5762
12933 5195 5372 5308 6048
12934 5937 5456 5751 6046
12935 1090 5881 4983 962
12936 4564 4179 2960 5233
12937 1729 3460 1727 6032
12938 3243 4002 1163 5352
12939 5722 5751 5937 6009
12940 2948 1283 2950 2949
12941 1760 2000 2001 5740
12942 5199 5274 5212 5547
12943 3246 5483 2239 5684
12944 2141 5504 2139 5796
12945 185 4622 4532 3066
12946 2522 4825 238 5668
12947 1401 5266 2063 5859
12948 877 5181 876 5649
12949 5809 5875 330 5932
12950 3816 1583 3814 5570
12951 4613 3447 4096 5855
12952 1513 2764 1308 5750
12953 2763 2018 2764 5750
12954 4443 3313 4471 5836
12955 5151 3748 3938 5916
12956 5569 5896 5517 6187
12957 902 1249 1248 5674
12958 2589 6006 2590 6109
12959 5442 5296 363 5230
12960 1899 1901 5005 5689
12961 1929 5769 5507 6100
12962 5007 4994 930 5361
12963 1397 1398 3625 113
12964 960 5318 4652 4336
12965 4149 5319 4145 4700
12966 5573 6141 5558 6143
12967 1489 4281 3483 5515
12968 1339 2675 1341 5536
12969 5327 5637 5172 5914
12970 2761 5189 3387 6091
12971 2589 228 3583 6109
12972 363 4022 4493 364
12973 5004 5269 5714 2708
12974 3643 4368 1505 4369
12975 1929 5731 5541 6100
12976 4175 809 4174 5786
12977 5976 5984 3402 6052
12978 5879 5947 820 6172
12979 1932 1929 1934 5507
12980 330 5878 4497 5932
12981 5155 5981 5211 6077
12982 5542 5471 3336 3632
12983 1673 5616 1674 6085
12984 547 5206 705 545
12985 1693 1691 2895 6213
12986 1342 211 916 5778
12987 4333 4876 4875 5812
12988 2339 5332 3467 5611
12989 5471 5615 1014 5946
12990 5619 5870 5518 6133
12991 3031 4456 927 930
12992 5538 5780 4138 5802
12993 4368 2713 1512 1507
12994 3964 208 1343 5778
12995 4140 5161 4141 5802
12996 1866 1868 2202 5467
12997 3386 1513 1514 3387
12998 6022 6192 5421 6223
12999 3350 3980 6042 5339
13000 2370 6116 649 6117
13001 3641 4144 4360 3553
13002 2379 5544 2375 6122
13003 1047 5680 2082 5683
13004 5645 5697 3594 5839
13005 287 4883 2239 5658
13006 179 5414 184 178
13007 604 4983 3613 5881
13008 2124 5266 5082 5568
13009 3678 5161 4139 5802
13010 1871 3806 1106 2710
13011 794 795 5016 5653
13012 2046 2043 2045 2044
13013 550 551 546 1309
13014 2531 5238 3475 6062
13015 929 280 4201 5361
13016 2800 1759 545 705
13017 1533 5377 5282 5553
13018 4121 4118 403 5734
13019 4040 5696 4043 5934
13020 5981 1792 1726 6205
13021 379 650 91 380
13022 4691 933 934 5441
13023 2846 2843 2845 5444
13024 5230 5399 5292 5518
13025 2958 5852 206 6037
13026 2981 2980 1310 1670
13027 4145 5319 4150 5936
13028 2045 2043 4071 4069
13029 6018 5660 2860 2861
13030 4756 5861 3411 5901
13031 703 5936 4069 4071
13032 4140 4141 4137 5802
13033 2011 5590 5359 6147
13034 1533 1710 73 5553
13035 5311 5371 829 5551
13036 3624 3625 1397 1398
13037 1080 1082 1077 1081
13038 3639 5811 3641 3640
13039 1223 62 5874 1222
13040 420 1706 5101 5833
13041 2518 5332 2336 5611
13042 5159 5508 5227 5871
13043 2095 5723 3173 5822
13044 909 5589 3754 3752
13045 5212 5785 600 5881
13046 3990 829 3989 5551
13047 1511 3553 3551 4144
13048 4328 2655 835 6036
13049 3624 1397 149 1398
13050 4660 5860 5646 6078
13051 1760 690 691 5740
13052 3678 4139 4125 5802
13053 4571 5165 2260 5748
13054 1850 5171 481 5174
13055 4123 5775 4125 5802
13056 2365 2377 2375 6122
13057 534 1580 1703 5929
13058 6008 6041 5601 6160
13059 797 793 799 5653
13060 1180 6156 3971 5648
13061 4983 5881 1090 5094
13062 2421 5249 3753 5589
13063 5453 5212 3066 4532
13064 1014 5542 3571 5615
13065 150 1399 113 151
13066 1578 1580 534 5929
13067 4868 952 5121 5559
13068 1750 5745 5627 5753
13069 2840 3711 3883 5369
13070 5939 6038 5475 6103
13071 4093 3110 3109 5769
13072 4517 3845 858 5384
13073 5082 1018 1015 5568
13074 2199 5430 4049 5450
13075 3981 5339 5180 6131
13076 5530 5756 5851 5306
13077 550 1309 546 5390
13078 5195 6006 5413 6111
13079 4588 1348 1349 5870
13080 5898 5181 5217 798
13081 3639 3640 1512 5811
13082 5638 5909 5047 6056
13083 736 5402 735 5798
13084 514 516 3989 5551
13085 1040 1042 1043 5969
13086 6075 2641 212 5372
13087 5213 5215 4546 5457
13088 3678 5458 5161 5802
13089 5239 5491 510 5523
13090 405 5419 470 5617
13091 1662 5960 6000 1656
13092 5618 5644 3182 6130
13093 5586 5609 5354 5986
13094 1611 5865 5487 6123
13095 2592 5546 2428 6066
13096 2717 613 619 618
13097 3317 1283 2247 5528
13098 1512 4052 1510 4146
13099 355 3202 2782 3881
13100 938 180 3342 937
13101 4199 4200 4202 1314
13102 4138 5393 5302 5802
13103 4885 5483 5248 5684
13104 4707 4553 4533 6067
13105 5298 5776 5613 6193
13106 5399 5777 3408 6193
13107 3639 3640 2044 2713
13108 80 67 69 5343
13109 2133 2131 2130 6179
13110 2829 5652 2124 5856
13111 4695 5636 4696 5661
13112 5703 5545 3873 4072
13113 2044 2045 4069 5801
13114 1512 2713 4368 3643
13115 4359 3639 4698 4699
13116 1058 622 1935 5917
13117 1758 5184 1757 5821
13118 3642 4369 3641 4393
13119 1293 5592 3194 4637
13120 1506 3641 5811 4369
13121 167 6019 407 171
13122 4676 5565 4741 5896
13123 1342 5536 1338 5778
13124 4466 3544 3546 5774
13125 5421 6192 5432 6223
13126 4150 4054 4148 4145
13127 4671 5440 2824 5907
13128 5161 5458 5258 5802
13129 809 3627 5825 4175
13130 1506 1511 3641 3553
13131 1133 4288 4289 4488
13132 5641 5687 5256 5741
13133 4197 5242 3527 5673
13134 2316 5827 2073 5999
13135 5624 4744 5119 5359
13136 4369 1506 3551 3555
13137 3070 1070 1076 5812
13138 358 3206 3205 3204
13139 2195 2194 4637 5592
13140 2067 2640 2065 6179
13141 2244 2247 1283 5528
13142 4146 4052 4145 4053
13143 2104 2103 2511 2456
13144 3206 355 3881 3202
13145 4958 5704 4911 5742
13146 4138 5302 4137 5802
13147 4670 5728 376 3945
13148 2097 523 524 5441
13149 4142 5775 4123 5802
13150 3127 6012 3538 3539
13151 4957 5538 4138 5802
13152 5942 376 373 374
13153 5154 5595 5327 5916
13154 4431 5476 3706 6069
13155 1687 6148 1689 2859
13156 3020 4011 3019 5353
13157 4360 4144 3641 1511
13158 3027 2455 2737 5123
13159 5392 5559 2812 5618
13160 4415 4416 4414 5830
13161 415 5187 4952 6195
13162 80 5203 67 5343
13163 1014 5729 5471 5946
13164 5799 5830 534 5929
13165 4306 5638 2624 5909
13166 4144 4143 3557 1511
13167 5773 5877 4977 6069
13168 3778 4332 5812 3777
13169 2854 5597 626 5917
13170 4139 4123 4125 5802
13171 4434 5820 3290 5080
13172 664 666 803 4001
13173 4332 5812 3070 4335
13174 2314 4771 5942 5693
13175 211 208 916 5778
13176 2810 5750 552 2809
13177 535 5101 536 5833
13178 391 4593 2667 5773
13179 5016 795 794 796
13180 906 4696 2826 5732
13181 4053 5811 4144 4146
13182 3303 5247 4460 5899
13183 3404 5378 5328 6070
13184 5816 5996 2094 6017
13185 5508 5813 5619 6194
13186 5258 5349 5161 5802
13187 3365 3366 368 5802
13188 4125 5458 3678 5802
13189 5302 5775 4142 5802
13190 4145 4052 4146 1510
13191 4137 4142 4123 5802
13192 2636 5311 1606 5634
13193 4138 5780 5393 5802
13194 4902 3462 4900 5804
13195 4902 4830 3462 5804
13196 4099 4830 4902 5804
13197 4141 3366 4957 5802
13198 4830 4099 4102 5804
13199 5812 3682 4335 4332
13200 4417 1579 4416 5830
13201 1512 4052 4146 4053
13202 4154 5258 4735 5590
13203 2708 5714 4387 4086
13204 1506 5811 1512 1505
13205 4145 4052 4054 4053
13206 1983 120 119 5505
13207 3879 5598 2104 4878
13208 2244 1283 1285 5528
13209 2840 5369 4938 5879
13210 1050 1048 3176 5683
13211 5811 3641 1506 1511
13212 958 1259 1260 1258
13213 2092 1260 959 2091
13214 5920 6157 4794 6175
13215 4154 4735 4155 5590
13216 1326 6054 5957 6169
13217 1236 1004 1234 5607
13218 552 551 5041 5548
13219 4369 3553 3641 3552
13220 5460 5536 917 6103
13221 3971 6156 1180 1950
13222 3616 5222 3615 6094
13223 3261 5440 3262 5907
13224 5508 5613 5298 5871
13225 2783 1259 5341 1260
13226 2364 5544 2366 5981
13227 2934 5695 1560 6065
13228 5298 5518 5508 5871
13229 4724 5498 4723 5843
13230 5346 5482 5450 6095
13231 4447 5695 5026 6065
13232 4585 1174 2346 6150
13233 5811 3641 1511 4360
13234 1031 1032 6082 5409
13235 5432 5718 5393 5794
13236 4725 2976 2975 5843
13237 4958 5048 4911 5609
13238 4464 6018 2861 6148
13239 5418 6038 3201 6179
13240 1410 3282 1413 1411
13241 1102 5289 4535 6067
13242 5221 5966 5432 6223
13243 5475 6103 6038 6179
13244 5655 6132 5721 6212
13245 3456 5141 1412 3279
13246 4722 4723 4725 5843
13247 5755 353 355 356
13248 3551 4654 4369 3555
13249 5327 5914 278 6070
13250 2078 68 72 5680
13251 3204 3202 355 3206
13252 3177 5680 5395 5683
13253 4299 3030 4300 4298
13254 4565 5909 4671 6056
13255 938 180 3459 3342
13256 5853 5991 5978 6119
13257 2175 2177 5844 5749
13258 1392 25 20 24
13259 358 3204 3205 1258
13260 3946 6150 2342 6168
13261 5274 5271 5330 5858
13262 4251 5554 4253 5763
13263 5370 5413 5195 5805
13264 3691 5857 469 466
13265 5179 5590 5463 5951
13266 1579 2007 1581 5830
13267 3505 5487 5020 5021
13268 2568 5525 658 2569
13269 403 4083 4121 5734
13270 1278 2091 5427 5648
13271 5191 5311 5286 5371
13272 786 4910 4305 5909
13273 5613 5776 5518 5871
13274 3204 358 355 1258
13275 1091 959 2090 2091
13276 4222 979 980 5931
13277 3291 2808 3289 1899
13278 1182 1179 559 5954
13279 4994 5015 5097 5069
13280 5408 6083 5989 6119
13281 4903 5870 5518 5871
13282 3797 377 3799 378
13283 4455 1896 4202 5361
13284 3000 5282 745 1766
13285 2781 1260 1259 2779
13286 5169 5305 5237 5452
13287 3376 1949 1946 5968
13288 801 800 793 5653
13289 2814 5809 3429 5932
13290 950 3881 945 948
13291 2966 5398 2968 5500
13292 4150 5319 2810 5342
13293 1266 4190 2386 2416
13294 354 355 353 356
13295 950 3882 3881 948
13296 4455 1922 4302 4456
13297 4871 3947 4763 3971
13298 5225 5510 5486 6114
13299 3214 2244 1285 5831
13300 2826 2830 907 5732
13301 959 958 1260 1258
13302 4405 4745 4255 5848
13303 1182 1950 1181 3971
13304 3743 5990 5974 3740
13305 5425 5716 2977 6157
13306 5463 5491 5179 5803
13307 1654 5650 979 5931
13308 4220 3590 4011 5926
13309 1307 1841 1835 5342
13310 5298 5613 5518 5871
13311 2782 945 355 3881
13312 5635 5724 5312 6043
13313 1260 2779 2783 1259
13314 5518 5776 4903 5871
13315 3204 3202 3203 1258
13316 3204 1258 355 3202
13317 4971 5770 4973 5807
13318 5261 5528 5410 5831
13319 2908 4181 12 5684
13320 3203 3342 3205 1258
13321 2593 5546 5157 5711
13322 4725 2975 4722 5843
13323 136 5943 4386 6045
13324 3203 3341 3342 1258
13325 3202 1258 355 2783
13326 5251 5790 5435 6077
13327 1258 5341 2783 1259
13328 3278 1680 4557 6201
13329 938 3342 3341 1258
13330 5322 5695 2500 6105
13331 5469 5650 1654 5931
13332 532 5799 533 5830
13333 4090 5714 3383 4086
13334 69 4386 79 5343
13335 4886 5560 4249 5652
13336 6069 6177 5620 6206
13337 2874 2877 2880 5973
13338 5457 6143 6141 6148
13339 2467 5760 2465 6083
13340 5272 5412 5274 5550
13341 2659 5511 2655 6036
13342 2752 666 5028 4001
13343 5274 5791 5693 6186
13344 4667 6106 1825 6119
13345 649 648 2370 6117
13346 1920 1921 4301 1923
13347 5220 5451 5176 5564
13348 2550 2548 2547 5617
13349 1298 5594 5256 5690
13350 4452 4520 4448 6184
13351 1451 2053 1449 6121
13352 803 666 664 667
13353 2473 1326 3636 6169
13354 2760 2759 2755 5825
13355 6022 6116 5438 6117
13356 4382 3542 3546 3545
13357 5863 5880 1441 6181
13358 2254 3406 2255 5871
13359 3571 5542 3165 6127
13360 72 6072 5203 6207
13361 5412 5726 5272 6190
13362 5543 6067 5289 6077
13363 5155 5588 5251 6032
13364 5215 6018 5457 6148
13365 1899 5189 1898 1901
13366 5607 5965 5733 6118
13367 4074 5594 3219 5690
13368 3338 5260 1977 2683
13369 428 5548 605 608
13370 3119 5992 3118 3117
13371 1306 5357 5319 1308
13372 2548 2546 2547 5617
13373 3949 3950 3951 5444
13374 4299 4302 3030 3029
13375 4721 5685 5654 5843
13376 473 402 899 5419
13377 4199 929 4202 281
13378 1921 1920 4299 4663
13379 3435 5390 2384 5814
13380 4387 5059 4087 5714
13381 3853 3849 3854 1860
13382 4299 3029 3030 4298
13383 5835 5926 5196 6219
13384 5143 5647 905 5930
13385 1921 4301 4299 1920
13386 4552 4551 3590 4342
13387 2748 2749 2750 2751
13388 1451 1450 1453 5713
13389 1311 1515 1516 1312
13390 4301 1923 4303 1920
13391 4299 4301 4303 1920
13392 4474 3084 4475 6032
13393 2810 2808 3291 2809
13394 382 5815 383 5133
13395 3439 5788 1331 6110
13396 5253 6119 1912 6202
13397 5103 3764 3895 5096
13398 4201 3029 4302 4455
13399 4298 4299 1921 4301
13400 649 6022 643 6117
13401 1313 430 427 4296
13402 2175 2178 2177 5749
13403 4306 5638 4909 5766
13404 2274 2277 2863 6198
13405 3104 5361 283 5817
13406 4300 3030 4299 4302
13407 930 5014 5015 5007
13408 1861 1862 1858 1859
13409 3590 4342 4551 5838
13410 3994 5722 923 6088
13411 323 5655 5324 6212
13412 4289 5798 4191 6098
13413 4676 5567 4677 5569
13414 1649 1650 1648 1646
13415 281 282 280 5361
13416 5403 5425 5184 5740
13417 1404 5228 5017 5694
13418 5459 5494 5381 5586
13419 1900 1515 1312 1898
13420 2312 376 3395 5728
13421 280 929 281 5361
13422 5351 5565 1634 5757
13423 4106 5723 4670 5822
13424 5237 5793 5656 5899
13425 4670 5805 5787 5822
13426 1529 5228 1525 5694
13427 610 611 609 2385
13428 2482 2481 722 5938
13429 177 222 3008 5382
13430 1900 1898 2809 4967
13431 3732 5338 549 3733
13432 1266 2416 2387 5716
13433 1314 425 424 426
13434 2295 2298 5109 4506
13435 6141 6143 5573 6148
13436 5905 5943 5921 6045
13437 3918 428 605 608
13438 424 427 1313 426
13439 2267 6220 2269 6228
13440 5641 5690 5256 5818
13441 1444 1443 1446 5745
13442 4994 4996 3031 4982
13443 4202 1312 1314 1896
13444 1566 5214 1569 5236
13445 5257 6018 5215 6148
13446 3918 428 431 432
13447 2708 5269 5918 2075
13448 5324 5655 988 5822
13449 2832 5856 907 2828
13450 1516 428 4826 3487
13451 5708 5792 2171 6051
13452 424 1314 1312 425
13453 5313 6046 5386 6201
13454 5370 5723 5324 5822
13455 5655 5723 2093 5822
13456 4269 4992 3250 5935
13457 694 3507 695 5740
13458 5310 6052 3981 6131
13459 1313 426 427 430
13460 5874 1226 1222 62
13461 534 533 4895 5830
13462 5648 5851 5427 6102
13463 5102 5317 794 5653
13464 786 5171 4910 5909
13465 2749 2754 2750 2751
13466 3404 5328 3271 6070
13467 1427 5882 1431 5947
13468 2748 3856 3857 3855
13469 2859 1689 2862 6148
13470 5775 1214 1267 1274
13471 4685 5305 2379 6122
13472 916 6037 5475 6103
13473 6066 2431 2593 5157
13474 5567 5850 5569 6187
13475 4515 5458 4224 6178
13476 5328 5378 3404 6049
13477 5352 5850 5567 6187
13478 5392 5481 5176 6071
13479 2048 2810 2809 2808
13480 4020 5820 3289 3290
13481 1515 1900 1939 1898
13482 1705 1117 1115 1704
13483 4073 5690 3218 5818
13484 646 3115 4993 6117
13485 4524 4838 2956 5190
13486 4621 3077 1682 6073
13487 2312 5441 2313 5693
13488 3064 5537 4112 6190
13489 5354 5797 5647 6029
13490 2124 5652 2831 5856
13491 1146 5429 1143 5612
13492 1204 6083 964 5408
13493 694 695 690 5740
13494 5788 5965 5373 6110
13495 830 831 828 5705
13496 1670 1309 1671 2977
13497 1451 1449 5713 6121
13498 3502 6023 5396 6034
13499 231 5787 5413 5822
13500 476 5877 475 5883
13501 2827 2913 2829 5362
13502 949 5415 951 5857
13503 2233 2961 2232 5676
13504 624 2738 2733 5597
13505 4620 4751 3269 5378
13506 2810 3289 3390 5080
13507 880 1562 1561 5821
13508 5665 749 2360 5873
13509 4317 5378 4315 5637
13510 5489 5713 5503 6121
13511 1971 5031 6134 5030
13512 5227 5417 5159 5436
13513 5182 5272 5163 5708
13514 428 431 426 425
13515 1105 3151 3644 5544
13516 4456 4982 1897 5361
13517 5255 5876 4422 5906
13518 3262 5440 3260 6010
13519 4289 5283 5254 5663
13520 5375 5712 5037 6162
13521 5156 5519 5516 5906
13522 2019 428 608 607
13523 5190 5951 5495 5961
13524 5774 5842 1321 6170
13525 225 221 227 5779
13526 2196 5348 2247 5410
13527 4501 6198 5819 6200
13528 914 1342 3394 3392
13529 4208 1838 3388 1514
13530 2002 5322 3722 5740
13531 5186 6058 4523 6086
13532 3338 3372 3339 5260
13533 5953 4888 4154 4887
13534 1516 1939 4826 428
13535 2166 5567 4661 5823
13536 2242 4871 3971 5549
13537 2726 2727 1079 5360
13538 2896 2891 2099 5209
13539 993 5607 1233 5902
13540 5478 5605 5376 6046
13541 280 4201 928 929
13542 4663 1919 1920 1922
13543 1732 5374 1736 5582
13544 3658 2989 3659 5454
13545 1896 4456 1897 5361
13546 4232 4234 3661 5334
13547 1730 5331 2905 5374
13548 3173 5787 2095 5822
13549 5693 5212 5185 5785
13550 2129 5753 1750 3901
13551 5324 5413 5370 5822
13552 5445 5701 1760 5740
13553 4040 5795 5696 5934
13554 2093 2095 231 5822
13555 3470 5238 3471 6120
13556 5897 5922 4043 5934
13557 77 1142 1143 76
13558 605 609 611 612
13559 4715 4714 3453 5519
13560 81 5422 82 5495
13561 2871 2869 2461 5675
13562 4416 4895 4414 5830
13563 2375 5544 2362 6122
13564 2924 5329 1805 5561
13565 4481 5456 3998 5937
13566 4201 280 4455 5361
13567 607 5548 2018 428
13568 4546 3445 3443 5213
13569 4826 428 2726 3487
13570 130 6042 5831 1422
13571 2917 2829 2915 5362
13572 4202 929 4201 5361
13573 5261 5287 5252 5410
13574 4804 6013 5153 6041
13575 534 5799 532 5830
13576 1078 609 1081 1077
13577 1687 1688 1692 6041
13578 1835 1514 5829 1838
13579 2917 2915 2916 5362
13580 5128 6069 5877 6206
13581 3996 1834 139 5751
13582 2800 546 549 545
13583 1839 1835 1842 5342
13584 2677 2678 2679 5402
13585 611 609 605 610
13586 2863 2278 2274 6198
13587 930 280 283 5361
13588 652 5815 2622 4711
13589 4983 604 4984 5881
13590 2888 5507 1934 2889
13591 1079 2384 1080 1081
13592 830 5371 832 5931
13593 4916 4111 4873 5735
13594 5567 5708 5517 5823
13595 2862 1689 4464 6148
13596 5879 5947 5921 6045
13597 4364 1301 4740 4662
13598 5428 5655 268 6132
13599 4618 3810 4669 4858
13600 609 605 3918 429
13601 4202 281 929 5361
13602 5199 5615 5252 5946
13603 1682 5862 1681 6197
13604 1204 6083 5408 6119
13605 4072 5545 2806 5818
13606 383 5406 652 5815
13607 1927 1928 1113 4011
13608 4455 280 927 5361
13609 4994 4982 4456 5361
13610 2743 5457 5215 6018
13611 930 5015 4456 5361
13612 3894 3898 861 3896
13613 2327 2328 2326 5842
13614 630 2110 6087 891
13615 426 431 428 432
13616 5015 4994 4456 5361
13617 927 280 930 5361
13618 927 930 4455 5361
13619 4475 3084 3460 6032
13620 1873 1108 1111 1109
13621 3544 6219 3543 3542
13622 3997 3994 2567 6046
13623 1248 5908 3501 6163
13624 5531 5903 5616 6085
13625 3733 3637 1563 5338
13626 1760 5701 2000 5740
13627 170 5416 5219 2146
13628 5053 2242 1182 5549
13629 5322 5425 5403 5740
13630 1687 6160 2859 1686
13631 5329 5535 2039 5741
13632 338 334 394 6215
13633 4073 5703 4072 5818
13634 2497 5695 2494 2495
13635 1078 1077 1081 1079
13636 432 429 3918 428
13637 5973 5526 5232 2875
13638 2313 5441 2311 5693
13639 1049 5038 1054 6221
13640 5014 283 3104 5361
13641 5315 5335 5193 5574
13642 802 798 5411 5898
13643 1463 5572 5104 6142
13644 4838 5951 5190 5961
13645 426 429 432 428
13646 5233 5804 4102 5849
13647 753 751 752 5940
13648 4474 3085 3084 6032
13649 5016 5653 1654 5931
13650 425 428 431 1516
13651 3947 3971 4871 5549
13652 5474 3184 5539 5232
13653 1701 1125 1694 5398
13654 3242 5557 6107 4436
13655 5762 6161 2445 6214
13656 5717 5798 5402 5985
13657 3117 5236 1567 5992
13658 4537 448 449 5328
13659 5270 5731 3993 6033
13660 3243 1164 1162 5352
13661 3460 6032 6121 1727
13662 1570 964 1202 1204
13663 741 5402 736 5985
13664 3709 5879 3710 2767
13665 5755 5341 355 353
13666 896 897 894 6053
13667 3733 5337 3375 5338
13668 3387 3390 5189 5750
13669 2384 1082 1080 1081
13670 5312 5724 5164 6043
13671 793 5653 797 5898
13672 5105 6043 5958 4681
13673 2384 3435 1080 1082
13674 1080 1077 1079 1081
13675 5195 5929 5833 6048
13676 358 357 353 5755
13677 1201 5666 1199 5145
13678 2426 2427 2939 5675
13679 5659 5677 2674 5796
13680 4325 4327 3267 5331
13681 2863 342 340 6198
13682 2384 2386 609 1079
13683 5280 5846 5304 6195
13684 2624 4304 4305 5909
13685 5425 5514 5184 5688
13686 3271 5295 4316 6070
13687 883 5403 880 1561
13688 3501 5908 5717 6163
13689 1499 5250 1501 5961
13690 4698 703 706 5319
13691 1608 3597 3598 5885
13692 267 268 271 5428
13693 1876 5221 1877 5720
13694 1946 5426 1944 5551
13695 1502 5250 1499 5961
13696 5556 6005 1248 6163
13697 5294 5405 4079 5996
13698 2500 1560 2934 5695
13699 5221 5359 5222 5794
13700 58 5442 1253 5579
13701 5210 5564 5531 5599
13702 4746 3604 985 5650
13703 2326 3852 3851 5842
13704 4838 5190 4524 5961
13705 3993 4328 835 6100
13706 3543 3514 975 5314
13707 434 6021 3181 3292
13708 3788 5422 83 6064
13709 3631 5764 3480 5857
13710 1081 2384 609 1079
13711 2981 6134 4286 1447
13712 2335 2334 351 5998
13713 1314 1896 1312 5817
13714 2859 3870 2860 5501
13715 368 5258 3368 5953
13716 5307 5712 2483 5854
13717 376 2312 5693 5806
13718 1120 490 1118 6081
13719 3734 3737 3732 4821
13720 885 5337 3129 3374
13721 4697 5647 4594 5661
13722 652 5406 2619 5815
13723 6043 5105 5499 5572
13724 4901 4900 824 5804
13725 2892 2890 2891 5474
13726 5162 5841 5159 6071
13727 2629 5638 2609 6010
13728 2727 3735 2728 4033
13729 381 5815 380 382
13730 377 3799 4763 375
13731 5493 5799 5356 5830
13732 3993 5270 3992 5731
13733 5468 6033 4165 6113
13734 3697 5702 2470 5760
13735 824 5497 825 5804
13736 3629 3980 3978 5339
13737 5133 383 652 5815
13738 5176 5230 5178 5365
13739 1674 5903 1675 6085
13740 1953 1734 1954 5404
13741 1267 1273 1268 5837
13742 2854 2850 626 5597
13743 3504 3891 3505 1271
13744 5113 5288 4744 5624
13745 1417 1415 1416 5651
13746 5406 1914 1658 5960
13747 902 5556 904 6005
13748 3704 5860 255 1548
13749 1681 5862 3278 6197
13750 3722 2002 3426 3425
13751 4875 5874 5812 6068
13752 612 606 605 5548
13753 945 4985 354 352
13754 2073 2316 2074 5827
13755 3312 5836 4447 6065
13756 2385 611 2387 610
13757 3104 5817 3103 6091
13758 4070 5801 4069 5936
13759 625 2738 624 5597
13760 3998 3995 5074 5937
13761 818 6065 1558 1556
13762 884 3130 3129 3132
13763 5441 5678 5185 6182
13764 1714 5552 3636 4066
13765 5018 5017 5019 5694
13766 5083 840 1396 5581
13767 5185 5962 5387 6015
13768 1065 1762 842 5744
13769 4909 5609 4911 5766
13770 5161 368 3366 5802
13771 2880 5572 2879 5667
13772 537 5623 5101 1706
13773 3905 2926 1678 5886
13774 1717 5552 1713 5772
13775 2620 6007 4614 4758
13776 2612 2614 1094 2611
13777 679 678 677 5755
13778 1458 1457 1460 6142
13779 298 879 292 5697
13780 530 1695 1694 5398
13781 4584 4602 2203 2207
13782 546 5206 1309 5357
13783 3376 4778 4457 6049
13784 5693 5728 5441 5806
13785 3152 3731 3851 3730
13786 3971 5648 3799 1180
13787 5223 5297 5221 5515
13788 2895 5573 1693 6213
13789 3944 5980 2342 3946
13790 271 4079 5996 5294
13791 5199 5287 5212 5470
13792 788 5480 674 5637
13793 3234 3236 4131 6014
13794 3799 378 3798 3797
13795 1839 1842 5031 5342
13796 5411 5898 5469 6154
13797 1180 1179 1182 1181
13798 2869 2873 3720 6183
13799 5276 5570 5234 5770
13800 3128 5882 1370 6012
13801 1436 5641 5510 5703
13802 5311 5634 5191 6049
13803 3471 5238 2185 6164
13804 3998 5456 3995 5937
13805 1182 1950 1180 1181
13806 5080 5005 3389 6091
13807 2278 2275 2276 6198
13808 3043 294 293 5214
13809 588 1645 587 5235
13810 2343 2345 2342 2346
13811 5536 6038 5939 6103
13812 1305 1513 1308 5750
13813 4451 5182 4452 6184
13814 3113 5642 2290 6176
13815 5002 5277 5214 5649
13816 4354 5444 2845 5673
13817 4738 5277 5002 5649
13818 1094 5962 1092 3799
13819 1172 1178 1177 1174
13820 5200 5405 4076 5428
13821 4451 1846 2759 2539
13822 4443 2272 4445 5836
13823 4303 1920 1923 1924
13824 4697 5887 2502 6197
13825 5417 5436 5227 5667
13826 2172 5792 3578 6051
13827 1595 326 5630 6060
13828 1092 1951 3972 3799
13829 826 6035 825 6151
13830 1257 5671 5659 5768
13831 5160 5252 5199 5615
13832 5191 5378 5286 6049
13833 2761 5739 2763 5750
13834 5394 6058 4523 6125
13835 5288 5359 4744 5624
13836 3376 1946 4778 6049
13837 4255 4745 4258 5848
13838 3492 3760 3491 5603
13839 1329 5434 2959 5591
13840 1662 381 2508 5960
13841 1309 5390 5360 5548
13842 5777 5911 5218 5925
13843 3476 3477 3478 6173
13844 1790 821 824 5497
13845 1162 1160 1159 1161
13846 2989 5621 931 6166
13847 5241 5297 1667 5515
13848 942 1780 944 5288
13849 4365 5793 5237 5899
13850 2240 6150 1174 2241
13851 5547 5858 5274 6074
13852 4238 5332 4103 5826
13853 4611 4750 4610 5236
13854 1685 2565 1686 5601
13855 5327 5916 5595 5928
13856 1925 165 1836 5829
13857 4487 5283 4488 5663
13858 4128 5589 909 5699
13859 5412 5621 519 5550
13860 5535 5329 2923 2920
13861 3072 5516 5255 6135
13862 3426 2002 3722 693
13863 4671 4672 3263 5440
13864 4915 5446 2041 5562
13865 4623 5473 661 6088
13866 1506 1511 1512 5811
13867 3822 3825 3630 5857
13868 4746 4780 5054 5650
13869 3571 5477 1416 5615
13870 271 1494 1495 5428
13871 379 5815 381 5960
13872 4950 5527 4949 5952
13873 5309 5786 809 5915
13874 3291 5189 1899 5689
13875 1579 4417 2007 5830
13876 5258 5393 5349 5802
13877 2571 1416 1418 5651
13878 926 137 4386 6031
13879 271 4079 5294 5428
13880 1839 1925 1835 5342
13881 2680 4039 4037 5614
13882 3600 4153 1653 5650
13883 5002 5214 3043 5649
13884 1496 1494 268 5428
13885 3655 709 710 708
13886 1092 5648 5962 1089
13887 1765 845 844 5744
13888 1690 5474 3264 5521
13889 4883 1067 1069 5684
13890 5722 5751 5388 6046
13891 4202 4200 4199 5817
13892 4027 5372 5275 5587
13893 138 1834 4844 5943
13894 3159 4258 3156 5848
13895 5609 5638 5586 5766
13896 1683 5478 1684 5937
13897 1620 4549 2540 6165
13898 3621 5288 1395 6094
13899 5384 5433 4155 5590
13900 1394 5523 1151 5624
13901 798 4894 3307 5217
13902 4585 6150 2241 1174
13903 5454 5754 5621 6166
13904 4680 5850 5567 6051
13905 3578 5792 3576 6051
13906 5621 5754 931 6166
13907 1863 5479 5467 6191
13908 4582 1831 4411 5943
13909 2170 5352 1161 6051
13910 1556 4212 4411 5943
13911 3578 3575 3574 3576
13912 6142 1457 1463 1458
13913 4357 1861 3849 3155
13914 2421 5803 5249 6094
13915 5229 5281 5257 5660
13916 1264 1266 1106 1261
13917 2471 6054 1324 6153
13918 736 734 735 5402
13919 3701 5858 6074 5269
13920 4228 2394 143 5777
13921 2782 945 3881 948
13922 1517 1524 3816 5276
13923 2876 2875 4936 5232
13924 5390 5425 2977 5688
13925 1304 1306 1307 5357
13926 5410 5528 2244 5831
13927 2245 5410 2246 5831
13928 1115 1704 1117 5832
13929 5417 5958 5572 6043
13930 1017 5379 4886 5568
13931 5359 5719 5432 5720
13932 2210 1038 1037 5540
13933 1431 5947 5882 6012
13934 2137 1257 2140 5796
13935 522 5330 520 5967
13936 2364 5981 5484 6122
13937 5222 5249 4129 5589
13938 1598 5970 322 6137
13939 6083 6119 5253 6202
13940 3960 5326 5246 5657
13941 1179 1276 1181 556
13942 2243 4895 4414 2307
13943 4447 2496 5026 5695
13944 1106 1266 1265 1263
13945 2460 5498 86 5768
13946 2030 2032 2033 5977
13947 5464 5284 1085 5446
13948 5372 5475 212 5852
13949 538 4895 2307 533
13950 5440 5465 5363 6010
13951 3675 3679 1214 5458
13952 536 537 532 5799
13953 904 5856 2832 6005
13954 2030 5315 2032 5977
13955 2352 2100 2099 5644
13956 905 5647 4697 5930
13957 760 5671 1257 5768
13958 2976 5498 4725 5675
13959 2984 5784 3594 5839
13960 3428 6016 654 6025
13961 3685 1264 3130 3684
13962 5035 837 197 5691
13963 1945 2348 2572 5744
13964 2543 4965 2541 5351
13965 4426 5573 4511 6143
13966 588 2163 589 5235
13967 2759 5265 2755 5825
13968 5048 4306 4909 5766
13969 5407 5585 5210 6163
13970 3017 5157 2431 6066
13971 5538 5642 5349 5953
13972 5824 5848 5418 6203
13973 5659 5671 86 5768
13974 2874 5122 5060 5973
13975 2401 2400 4726 5768
13976 2011 5190 2534 5496
13977 4792 5278 4280 5919
13978 2680 3835 3834 5614
13979 5135 66 4849 65
13980 1705 5832 1115 5834
13981 4894 3310 3307 3309
13982 3898 5743 3899 5838
13983 5765 5833 1703 5929
13984 5195 5799 5275 5929
13985 2986 2989 2987 5334
13986 2954 2953 2527 4959
13987 1579 1581 1578 1580
13988 4636 5103 4467 3764
13989 1708 5353 1795 4236
13990 6032 6121 1727 6205
13991 5350 5373 5309 5788
13992 2568 5525 2569 5797
13993 2760 1847 4175 5825
13994 1266 2387 2386 2384
13995 5411 802 1651 4712
13996 2397 5553 2400 5768
13997 3127 5879 3126 6012
13998 4220 3590 4219 4552
13999 3648 5631 311 3653
14000 5433 5601 5501 5660
14001 5444 5897 5225 6036
14002 2403 2404 2405 6026
14003 2465 6007 2464 6083
14004 1315 5950 2328 6039
14005 3128 3126 1431 6012
14006 532 5799 534 5929
14007 3127 1374 3541 6012
14008 3719 2961 3720 6183
14009 5725 5756 3945 5805
14010 1524 5276 1518 1522
14011 970 4592 966 1209
14012 5585 5717 5210 6163
14013 5539 6053 5232 6130
14014 925 926 3593 5473
14015 5799 5833 5275 5929
14016 5132 5359 5119 5720
14017 5196 5314 5308 6048
14018 5613 6092 5995 6193
14019 3018 3021 4236 3022
14020 2280 6171 2275 6198
14021 705 5206 547 704
14022 1445 1448 1443 5745
14023 2258 2259 2260 5280
14024 5426 5634 5551 5968
14025 2628 6010 5440 2629
14026 2542 5359 5132 5720
14027 1762 1763 1765 5744
14028 434 6021 2284 435
14029 1800 339 1479 5364
14030 5237 5305 5169 5927
14031 3897 3896 863 4618
14032 5862 6073 5887 6197
14033 2902 6035 3532 414
14034 3589 6219 1319 3019
14035 2155 1861 4357 3155
14036 1979 1978 1977 5401
14037 403 5419 404 401
14038 4551 5838 4858 1319
14039 5673 5769 5444 6100
14040 2079 5395 2077 5692
14041 2946 5610 792 5747
14042 1065 844 1066 5744
14043 2464 2620 2465 6083
14044 4112 4392 3065 5707
14045 2912 5159 1138 5419
14046 4370 5790 4101 5949
14047 6083 1204 1571 5994
14048 1612 5775 5302 5487
14049 1066 5744 3227 1065
14050 791 5580 3121 5747
14051 5216 5875 5809 5932
14052 5810 6155 334 6198
14053 5321 5509 96 6223
14054 867 863 866 862
14055 2427 5498 2426 5504
14056 1443 5688 1446 5745
14057 1521 1522 1518 5727
14058 5354 6058 5394 6125
14059 1928 4264 4011 4962
14060 4942 5964 3304 4943
14061 4697 5782 905 5930
14062 2121 5832 1117 1704
14063 5237 5452 5305 5927
14064 2530 5612 5429 6081
14065 1246 5784 3547 5990
14066 1322 2155 1323 4357
14067 4263 4236 4011 4264
14068 1972 6061 5030 6134
14069 4958 5609 5586 5766
14070 5367 5452 5438 5927
14071 5764 2006 2005 2004
14072 2174 4308 4309 5844
14073 1928 4011 1927 4962
14074 5862 5887 5389 6197
14075 4219 4552 3590 4343
14076 842 844 1065 5744
14077 844 845 1066 5744
14078 4236 3021 3020 4265
14079 3544 5743 4465 5835
14080 5450 5736 5346 6095
14081 1214 1267 1275 5837
14082 1927 4220 1112 2478
14083 5897 6100 5444 6113
14084 1389 2320 1392 2325
14085 2418 2977 3966 5390
14086 1927 4011 4220 4962
14087 5580 5610 5240 5747
14088 2618 5989 5406 6080
14089 129 2924 2778 5561
14090 5260 5367 4713 5927
14091 4704 765 4705 5377
14092 422 423 418 421
14093 5447 6083 5253 6202
14094 2610 2608 5586 5766
14095 5471 5477 5348 5542
14096 5721 6137 6004 6149
14097 5306 5764 5530 6004
14098 5887 5972 5647 6197
14099 536 5799 532 5929
14100 4692 3940 3472 5488
14101 1822 6052 1819 6131
14102 2270 5836 2272 6220
14103 535 1703 420 5833
14104 905 5782 903 5930
14105 870 1297 5464 5594
14106 3595 5207 733 5839
14107 4439 4158 4157 5383
14108 4011 1796 1113 421
14109 1915 5711 1918 1916
14110 4958 5586 2608 5766
14111 3375 3733 882 5600
14112 830 5931 832 6047
14113 4205 4206 759 5564
14114 4551 3896 3898 4342
14115 5388 5751 5722 6031
14116 1794 1796 4011 421
14117 3155 4358 4357 1862
14118 5945 2570 1418 5651
14119 3214 5831 5528 5261
14120 1203 5408 6080 2784
14121 400 473 470 5419
14122 1795 4236 5353 4011
14123 4264 4011 1795 1796
14124 1795 4011 4264 4263
14125 1794 4011 5353 421
14126 3899 4636 861 3898
14127 2139 2938 2427 5504
14128 861 3899 3895 864
14129 2005 5764 2007 2008
14130 2984 5183 2985 5839
14131 3611 2973 2938 5504
14132 420 419 6003 5834
14133 4113 3062 3924 5453
14134 2287 5719 2534 5720
14135 5313 6046 2567 6088
14136 5227 5508 5164 5871
14137 3849 1860 3850 3731
14138 5029 2154 1860 3854
14139 1492 5458 1269 5775
14140 3537 4261 3126 6220
14141 1065 3227 1762 5744
14142 518 2711 1945 5744
14143 4636 4467 3899 3764
14144 3766 864 867 3764
14145 4455 4201 927 280
14146 5784 5990 5207 6047
14147 4219 4551 4552 4342
14148 866 863 867 3809
14149 4365 2555 2554 5260
14150 4202 1314 4200 5817
14151 928 4201 3030 929
14152 1861 1857 1856 1858
14153 1444 5627 5425 5920
14154 3897 863 4669 4618
14155 3898 4618 4551 5838
14156 5183 5697 5645 5839
14157 864 3766 863 3810
14158 3280 5355 664 805
14159 4636 3899 864 3764
14160 3157 3159 2131 3158
14161 1643 5868 1644 6210
14162 867 3766 3810 863
14163 3152 3730 3851 4382
14164 865 862 866 863
14165 4669 4618 863 3810
14166 510 5491 5463 5803
14167 3101 3422 4266 3694
14168 3851 3849 3850 3731
14169 3594 5784 727 5839
14170 5481 5194 4498 4499
14171 5183 5645 5207 5839
14172 4342 5743 4340 3898
14173 3894 863 3897 3896
14174 861 863 3894 3896
14175 4552 4343 4219 4342
14176 3590 4343 4552 4342
14177 863 3896 861 4618
14178 3594 5183 2984 5839
14179 5140 3811 3810 4858
14180 3810 864 3764 4636
14181 4636 3544 4467 4466
14182 4124 5458 4125 5775
14183 3335 3161 3162 3336
14184 3513 2119 3514 4126
14185 5221 5794 5223 6030
14186 5891 6155 5810 6198
14187 2119 3514 3511 3513
14188 1037 1035 2193 5540
14189 1506 3551 3553 4369
14190 3947 5851 5648 6102
14191 5163 5272 5271 5307
14192 866 863 3809 3810
14193 865 863 866 3810
14194 3653 5157 3830 6066
14195 4669 3810 3811 4858
14196 4618 4636 3810 4858
14197 4636 3810 863 4618
14198 5551 5968 5286 6049
14199 4636 4618 863 861
14200 861 4636 4618 3898
14201 4356 3152 3851 4382
14202 1861 1858 1856 1859
14203 3764 3766 3810 3765
14204 863 4636 864 3810
14205 2155 5106 5029 1862
14206 1444 1442 1443 5745
14207 3810 3812 3765 5140
14208 4636 3812 3810 5140
14209 3810 3811 5140 3765
14210 4858 5140 3811 5139
14211 3810 4858 4636 5140
14212 4858 5139 4636 5140
14213 3849 3731 3851 5842
14214 4651 5465 5363 5901
14215 2155 5029 2154 1861
14216 2154 4357 2155 1861
14217 5535 5741 1803 1806
14218 6007 6083 5447 6227
14219 866 867 3765 3809
14220 4697 5972 5887 6197
14221 1493 5718 1269 5775
14222 1734 5404 5312 5808
14223 4636 3812 5103 3764
14224 1442 1445 1443 5745
14225 1861 3153 1857 3731
14226 3421 2004 6004 977
14227 350 348 344 5998
14228 2131 3159 3534 3158
14229 4677 5567 4680 5850
14230 1573 2662 2663 5366
14231 2129 1448 1445 5745
14232 4908 5911 5686 5925
14233 1491 5718 4673 6030
14234 2975 5685 4721 5843
14235 1247 5154 3547 5784
14236 1446 5688 1444 5745
14237 5834 6003 5196 6112
14238 4467 3764 5103 5096
14239 5473 5722 5313 6088
14240 3851 3731 3850 3730
14241 4123 4142 5020 5775
14242 2425 5463 5179 5803
14243 5346 5205 5686 5840
14244 4636 5139 4858 5838
14245 5183 5784 2985 5839
14246 3152 4356 3849 3155
14247 512 845 518 5744
14248 518 2349 2348 5744
14249 1765 2576 845 5744
14250 5358 5494 5344 5840
14251 3595 5784 5207 5839
14252 1506 3553 3641 4369
14253 3594 5697 5183 5839
14254 5205 5636 5344 5840
14255 4809 5761 4872 6167
14256 4026 6003 4027 6196
14257 4357 3155 3728 4358
14258 5458 5718 5258 5775
14259 5686 5205 5346 5230
14260 4916 4809 4872 6167
14261 5393 5718 5302 5775
14262 3898 3899 4636 5838
14263 5302 1612 4142 5775
14264 5491 5249 3752 5803
14265 1269 5718 1492 5775
14266 3752 1647 5491 5803
14267 5179 5491 1647 5803
14268 5743 3898 4342 5838
14269 928 4455 3031 1922
14270 3812 5140 3811 3765
14271 3849 1861 2154 1860
14272 3854 3849 2154 1860
14273 2155 3155 4357 1862
14274 2051 2048 2810 1508
14275 5654 5685 5498 5843
14276 1860 2154 5029 1861
14277 5336 5708 5182 5792
14278 4201 3030 3029 928
14279 5364 5877 5810 5891
14280 3728 3155 4356 3152
14281 5422 5495 81 6064
14282 516 5426 3990 5551
14283 1861 1858 1860 1857
14284 1763 2572 1765 5744
14285 2155 4358 5106 1862
14286 4199 4201 4202 929
14287 3278 1064 1681 6197
14288 3154 1861 1856 1859
14289 5258 5718 5393 5775
14290 1861 3152 3153 3731
14291 4356 3729 3728 3152
14292 1859 1862 3155 3154
14293 1861 1862 1859 3154
14294 3456 3280 664 805
14295 3851 3152 4356 3731
14296 3152 3731 3849 4356
14297 4178 4708 3770 4968
14298 2449 2448 2446 5246
14299 3154 3155 1861 1862
14300 3153 1861 1856 3154
14301 3152 1861 3154 3155
14302 1861 1860 3849 3731
14303 2037 2031 2030 5315
14304 2405 6026 555 2403
14305 3356 1543 4741 5565
14306 4454 2484 3150 5326
14307 3084 6032 3085 6121
14308 2099 2894 2892 5209
14309 575 5225 3873 3949
14310 3892 5339 3979 6042
14311 5160 5789 5479 5923
14312 4756 5465 4757 5901
14313 5419 5633 5617 5973
14314 5530 5721 5306 6004
14315 3031 1922 4455 4456
14316 1856 1861 3153 1857
14317 185 182 5785 3064
14318 4309 5334 2174 5844
14319 5819 5940 2255 6200
14320 3029 1919 4663 1922
14321 4356 4382 3730 3152
14322 2127 5701 2126 5753
14323 1274 4124 4123 5775
14324 1214 5458 4124 5775
14325 2973 2972 2976 5843
14326 740 3836 736 5402
14327 2880 5526 5436 5973
14328 3514 2007 2118 3511
14329 3305 2554 3340 5260
14330 5091 5959 5030 6061
14331 5357 5936 5319 6061
14332 4528 5571 1582 1387
14333 976 6060 974 975
14334 4950 5364 1482 5527
14335 2348 2349 845 5744
14336 1972 5206 2801 6061
14337 2228 2230 3034 6227
14338 2275 6171 2276 6198
14339 4376 5988 1118 6081
14340 518 2348 2711 5744
14341 4757 6174 3415 4756
14342 3516 2120 3513 3515
14343 5498 5504 2973 5759
14344 2711 2348 1945 5744
14345 5240 5472 5175 5603
14346 2576 2348 845 5744
14347 339 5810 334 6198
14348 2464 6007 2620 6083
14349 1761 1762 1765 5744
14350 4382 5774 3546 3542
14351 4670 5725 3945 5805
14352 945 1260 959 2781
14353 4909 4911 5048 5766
14354 5237 5260 4365 5927
14355 2091 959 5427 5648
14356 5504 5677 2086 5759
14357 5995 6092 3089 6193
14358 2428 5546 2429 6066
14359 2275 889 3450 6171
14360 4154 4158 5953 6147
14361 1612 5302 4137 2064
14362 4883 287 290 5658
14363 3512 3511 3514 3513
14364 1369 5534 1371 5955
14365 5031 1842 1841 5959
14366 5465 5901 2687 6125
14367 3899 3764 4467 5096
14368 4636 5838 4466 6170
14369 5541 1587 1586 5639
14370 1066 845 512 5744
14371 172 5333 5309 5915
14372 5195 5372 5196 6196
14373 2003 2004 2005 2006
14374 916 917 1342 6103
14375 2403 2404 945 3399
14376 1094 5387 1089 5962
14377 2645 5905 4481 5947
14378 4223 4221 4222 5311
14379 4897 3758 3759 4978
14380 3921 2927 5886 5315
14381 763 5671 760 5768
14382 1461 2548 2550 5617
14383 3514 2119 2118 2007
14384 4713 5260 3339 3372
14385 5153 2732 2564 6013
14386 1290 5348 5160 6127
14387 5611 5918 5826 6052
14388 1249 5674 902 5763
14389 2123 2120 3513 3516
14390 2219 4036 4037 5531
14391 6063 5758 3866 3864
14392 5860 6069 1548 6206
14393 2424 5179 2940 5463
14394 1502 5250 3397 1500
14395 2940 5179 2425 5463
14396 2642 5587 2641 6075
14397 5171 5502 922 5925
14398 5363 5381 3718 5473
14399 3309 1592 3308 5217
14400 2448 5246 2805 4186
14401 4125 4124 3679 5458
14402 1449 5299 1452 5713
14403 2460 75 74 5768
14404 5418 5824 5629 5848
14405 4490 1596 972 6004
14406 5038 5730 5680 6159
14407 959 945 2783 1260
14408 3695 3696 1497 5200
14409 4261 6172 3126 6220
14410 4564 4183 4179 5233
14411 5898 798 4894 799
14412 2007 5948 2119 1581
14413 1110 5716 1108 5920
14414 3276 3275 4629 5520
14415 4034 5513 1864 5923
14416 2219 5210 4819 5531
14417 3422 5259 3101 4267
14418 1606 2636 795 5311
14419 757 4203 3919 5564
14420 3881 3882 2782 948
14421 5055 2007 2008 4978
14422 4977 5877 5128 6069
14423 586 5255 3453 5519
14424 5164 5263 5227 5620
14425 3029 4663 4299 1922
14426 5595 5916 5183 5928
14427 972 6137 1597 6149
14428 2939 5668 4347 5675
14429 3067 6135 3070 3072
14430 2484 5293 2487 5326
14431 3981 5310 3402 6052
14432 467 3759 2407 465
14433 3319 3316 3315 5437
14434 1455 5300 1450 5713
14435 3656 3980 3353 3350
14436 5512 5544 5158 6077
14437 4456 930 3031 5015
14438 5100 4798 1974 5300
14439 2395 5733 1344 992
14440 5344 5867 656 6079
14441 4455 928 3029 1922
14442 5157 5540 4492 5711
14443 3431 5397 3427 5522
14444 3305 4365 2554 5260
14445 2446 5293 5246 5326
14446 2554 3338 1977 2552
14447 6075 5761 212 2069
14448 4852 4851 4849 4853
14449 5109 5136 4508 4850
14450 5155 5435 5158 6077
14451 690 695 692 5821
14452 1028 1029 3137 5409
14453 469 5857 3691 3694
14454 2683 1977 1336 5260
14455 3037 3036 351 5998
14456 4453 3960 3963 5326
14457 5687 5771 2485 6001
14458 330 5875 5809 5915
14459 5624 5951 5496 5963
14460 4758 3034 2230 6227
14461 5388 5845 5605 6028
14462 5286 5371 5311 5551
14463 930 5007 5015 4994
14464 1569 1568 1566 5236
14465 5205 6095 5160 6127
14466 3201 2130 2648 6179
14467 2779 945 2782 2780
14468 2657 2656 5511 484
14469 945 946 950 948
14470 2443 2442 2440 5710
14471 3005 5262 4429 5436
14472 928 4201 280 927
14473 4679 5569 4677 5850
14474 2677 5402 5268 5416
14475 1350 5956 6133 5632
14476 1735 5312 2591 5546
14477 5354 5389 5168 5890
14478 945 2780 2779 2781
14479 4893 4511 5090 6143
14480 512 5744 1763 1762
14481 2487 5293 2447 5326
14482 3099 5200 1497 5970
14483 2447 2446 2448 5326
14484 355 3881 945 352
14485 318 2842 5510 5486
14486 2485 6001 5771 6097
14487 945 3881 950 352
14488 3900 1330 1331 6110
14489 2554 5260 3338 3339
14490 642 637 641 5854
14491 2559 2833 2834 5250
14492 4186 5246 3960 5326
14493 2895 2892 2894 5209
14494 5168 5798 2351 6086
14495 2560 2558 2557 2559
14496 5511 484 485 2657
14497 2987 931 2990 2991
14498 2946 2944 671 5240
14499 4475 5211 4829 5251
14500 5725 5756 5306 5851
14501 2780 945 2403 2781
14502 5506 5707 5380 5709
14503 5425 5627 1444 5688
14504 917 3201 2646 6103
14505 2582 5575 195 5691
14506 2484 3963 3150 5326
14507 2916 5228 4843 5859
14508 2784 2654 1203 5408
14509 442 5279 449 5328
14510 1411 3280 3279 5855
14511 559 5530 558 4418
14512 3086 5670 2113 5682
14513 2089 2088 3937 5737
14514 5186 5798 5168 6086
14515 2111 2115 2112 5682
14516 1477 4254 4253 5763
14517 4976 3212 3211 1287
14518 945 3399 2404 3398
14519 3667 4939 2731 5622
14520 5115 2754 4097 5855
14521 1556 5695 5322 6065
14522 1651 5411 1653 5898
14523 5605 5904 5478 5955
14524 2094 5996 272 6017
14525 3173 5723 4106 5822
14526 2406 5764 3631 2407
14527 2446 5246 2448 5326
14528 5460 1316 1315 6039
14529 4348 1958 1624 5658
14530 4524 1501 4230 5250
14531 4187 4453 2447 5326
14532 2447 5293 2446 5326
14533 2966 5536 5460 6039
14534 1806 1805 5535 5329
14535 5286 2904 449 827
14536 3345 3346 5275 5372
14537 5641 5510 5486 317
14538 5322 5740 5403 6105
14539 4223 4222 3990 5311
14540 2878 5667 5633 5973
14541 1276 6102 1278 2092
14542 223 5350 4882 5770
14543 4222 829 3990 5311
14544 1841 6134 2981 1447
14545 5778 5939 2958 6037
14546 2181 2180 933 6182
14547 2414 3985 3136 122
14548 3096 4470 1223 62
14549 3113 5966 2617 6223
14550 901 5732 907 5856
14551 4302 4299 4303 1922
14552 1677 1674 1678 5903
14553 2750 2749 2753 2754
14554 4200 2765 1313 284
14555 561 5807 3561 6050
14556 5027 2752 5028 2749
14557 5079 1922 4302 4303
14558 4299 1920 4303 1922
14559 5079 4456 4302 1922
14560 2810 3228 1838 4208
14561 1562 5600 5184 5821
14562 5170 5346 5208 5362
14563 945 356 354 4079
14564 3682 2919 4874 4333
14565 5079 5097 4981 4996
14566 4994 3031 5097 5015
14567 5079 4456 3031 5097
14568 2274 2276 2277 6198
14569 4302 5079 4981 4456
14570 5014 5006 4995 3104
14571 4981 4456 5079 4996
14572 3856 2754 2748 2751
14573 5403 5600 880 5821
14574 324 5324 323 5822
14575 3312 4447 5026 6065
14576 1954 5404 1457 6142
14577 5141 805 3280 3456
14578 3031 5079 1924 1922
14579 1924 5079 3031 5069
14580 5289 6067 4533 6077
14581 3856 2754 3858 2748
14582 5956 1347 3332 1351
14583 2226 3034 154 6227
14584 927 4456 4455 930
14585 642 5708 2796 638
14586 3781 4046 66 2294
14587 4504 5866 5422 6099
14588 2829 2828 2827 5856
14589 5028 666 668 4001
14590 5404 5617 1460 6142
14591 5061 668 4807 5028
14592 666 803 2752 5061
14593 2048 3289 2050 2051
14594 3456 3454 664 3280
14595 5369 5863 1441 6181
14596 4001 5028 4807 668
14597 5425 5445 5184 5740
14598 5115 4000 3280 3455
14599 4994 4456 3031 5015
14600 2929 5187 2902 6195
14601 4952 5187 774 6195
14602 1136 4621 3277 6073
14603 1314 426 424 5739
14604 5061 667 668 666
14605 1601 5634 1600 5968
14606 2154 1697 1696 5950
14607 5905 818 820 817
14608 2654 5301 2785 6081
14609 4392 151 2539 6190
14610 416 3000 5670 2902
14611 804 2749 5027 3858
14612 3858 2754 3856 804
14613 2753 2750 2752 2749
14614 2942 5250 2560 5495
14615 74 2400 2401 5768
14616 74 5553 2397 5768
14617 5241 5710 1995 5800
14618 1560 3311 2934 6065
14619 1349 4903 4588 5870
14620 4908 2514 2515 5686
14621 5027 5061 5028 2752
14622 1151 944 1154 5624
14623 2752 803 666 4001
14624 649 6116 2370 6123
14625 5687 5762 5293 6214
14626 666 803 5061 667
14627 4343 2479 4340 5743
14628 772 5790 5251 6077
14629 4807 668 5061 667
14630 5442 5455 1499 5961
14631 5506 5875 5709 5878
14632 5354 5459 5358 5494
14633 3280 3456 3454 3279
14634 5313 658 2568 5525
14635 3736 3735 3734 5814
14636 5725 5805 4670 5822
14637 3114 5966 5221 6223
14638 5179 6084 5583 6178
14639 151 5265 2539 6190
14640 534 1579 1578 5929
14641 5257 6008 5660 6160
14642 3541 5534 5376 6012
14643 1508 3281 160 161
14644 2051 5820 1413 3281
14645 4056 2729 5557 4007
14646 163 165 161 3228
14647 5683 6159 5730 6181
14648 3431 5397 3429 5932
14649 639 2444 2447 5854
14650 381 2265 2508 382
14651 6015 5185 4162 632
14652 2698 2702 260 854
14653 1134 1129 1135 6073
14654 164 161 160 162
14655 3302 3301 3304 5964
14656 4350 5516 1987 4718
14657 1952 2091 1279 6156
14658 3065 5707 4392 6190
14659 5569 5850 5727 6187
14660 3454 3455 3280 3279
14661 3281 161 1508 2051
14662 161 165 1508 3228
14663 160 1508 2051 3281
14664 1508 2049 164 2051
14665 260 2702 2936 854
14666 3822 3691 3825 5857
14667 1758 691 692 5821
14668 3901 3903 2081 5753
14669 1595 6060 5630 2388
14670 851 850 854 853
14671 1760 693 690 694
14672 4745 5848 4405 6002
14673 5830 5948 5929 6093
14674 3446 3228 161 2051
14675 2018 428 5548 5739
14676 3281 1414 161 2051
14677 1411 1413 2051 3282
14678 141 2514 4908 5686
14679 5882 5921 5879 5947
14680 3476 3650 2056 2055
14681 3571 5542 1014 3335
14682 4724 4723 4722 5843
14683 5199 5537 5212 6190
14684 3638 5184 1758 5821
14685 5007 4995 5014 5006
14686 5597 2852 2851 6099
14687 5265 5707 5199 6190
14688 1412 5141 3456 4799
14689 1504 1512 1506 1511
14690 4893 1689 1693 6213
14691 1512 5811 1511 4143
14692 3651 5368 3653 6066
14693 4000 665 4001 3455
14694 4266 5857 5259 5563
14695 5438 5964 3796 6117
14696 665 4001 668 666
14697 5626 5876 5067 6210
14698 3064 6190 3065 978
14699 4621 1136 1134 6073
14700 2364 5484 2365 6122
14701 3631 5847 5764 5857
14702 5388 5901 5577 6174
14703 5335 5767 2866 6071
14704 1757 5184 1760 5740
14705 5141 3456 3280 3279
14706 2866 5767 4866 5892
14707 5764 5847 5563 5857
14708 2398 5282 3000 1766
14709 2828 907 5732 5856
14710 3856 2754 4095 4097
14711 3857 4095 2754 4020
14712 904 901 907 5856
14713 2124 5856 2828 2829
14714 2129 1750 1442 3901
14715 5418 6003 5824 6112
14716 3480 5306 947 5857
14717 5362 5652 2829 5856
14718 2828 5732 2826 2827
14719 1412 4799 3447 4096
14720 5732 2828 2830 907
14721 2914 2913 2827 5362
14722 1512 4368 1505 5811
14723 5723 5725 4670 5822
14724 951 5415 3822 5857
14725 3857 3856 2748 2751
14726 586 5626 587 5868
14727 1643 1641 1644 5868
14728 1182 3971 1181 6102
14729 2485 2480 2484 5293
14730 5563 5847 2003 6101
14731 3857 4434 3290 5080
14732 5212 5412 5199 6190
14733 2749 3858 804 2754
14734 2748 3858 2749 2754
14735 5061 666 668 5028
14736 804 3856 4097 2754
14737 1562 2492 1561 5821
14738 4073 4072 2806 5818
14739 4995 5361 4994 5007
14740 692 1562 1758 5821
14741 5184 5600 5403 5821
14742 3823 5259 3691 5857
14743 5199 5707 5537 6190
14744 5272 5726 5182 6190
14745 648 6116 2370 6117
14746 5251 5588 5155 5435
14747 5199 5412 5272 6190
14748 647 646 4993 6117
14749 5633 5667 5617 5973
14750 5327 5705 5328 5737
14751 4020 3857 4095 5820
14752 2364 2375 2362 6122
14753 5556 5732 901 5856
14754 3390 3289 2810 3388
14755 1825 4667 1808 6106
14756 5102 5653 5016 5931
14757 4621 1682 3277 6073
14758 477 391 395 5773
14759 3306 3304 3301 5964
14760 3290 4434 3857 4020
14761 5362 5732 5556 5856
14762 2784 5993 5301 6080
14763 691 5740 690 5821
14764 3855 3857 4094 4095
14765 2093 323 988 5822
14766 5545 5703 5510 5818
14767 2806 5545 4075 5818
14768 4545 2418 3966 1672
14769 3446 2051 161 1414
14770 1609 263 1607 5367
14771 1562 5184 3638 5821
14772 1113 5832 5353 5834
14773 5370 5805 5725 5822
14774 5311 5653 5102 5931
14775 4849 4046 5137 4850
14776 3282 5820 3289 4021
14777 4031 5372 4030 6075
14778 5418 6038 5196 6112
14779 3446 163 161 3228
14780 324 323 231 5822
14781 4850 4849 5109 4851
14782 2665 5366 1990 5860
14783 3386 1514 4208 3388
14784 2492 5403 1561 5821
14785 2051 5820 1414 3446
14786 1561 5403 880 5821
14787 2810 3388 2051 3228
14788 3095 4046 66 62
14789 5332 5826 5611 5998
14790 690 5740 695 5821
14791 691 1758 1757 5821
14792 231 323 2093 5822
14793 1562 692 695 5821
14794 4670 5787 4106 5822
14795 2051 3289 2810 2048
14796 3582 5413 3585 6167
14797 231 5413 324 5822
14798 5037 5714 5059 6162
14799 4661 5823 4624 2166
14800 5480 5698 5444 6113
14801 1169 503 2183 5285
14802 2603 2606 4270 5381
14803 3218 5703 4073 5818
14804 3089 5940 3408 6092
14805 3408 5940 3407 6092
14806 1139 5539 2813 6053
14807 281 5817 4200 284
14808 4566 5311 4833 5634
14809 2765 1313 427 4296
14810 5690 5703 3218 5818
14811 5082 2917 2063 5266
14812 2810 5829 1508 4150
14813 3788 5229 4504 6064
14814 5629 5372 212 2641
14815 767 3970 2397 5553
14816 694 690 1760 5740
14817 5510 5703 5641 5818
14818 5228 5346 5170 5362
14819 5604 6063 576 6158
14820 693 3722 694 5740
14821 1514 1513 3386 4209
14822 2914 5228 2916 5362
14823 4833 4223 3990 5311
14824 2972 5498 2973 5759
14825 415 5187 2902 6035
14826 5510 5641 5545 5818
14827 79 4386 4385 5343
14828 4558 6046 2567 6201
14829 69 6031 5880 6221
14830 5313 5525 2568 5797
14831 2917 5266 2124 5362
14832 5978 6106 2654 6119
14833 1346 5733 1344 1345
14834 464 5847 463 5857
14835 4316 5295 278 6070
14836 3568 3566 4283 4906
14837 2804 578 6158 5545
14838 1760 691 689 1757
14839 2539 5182 4549 6190
14840 5196 5926 5832 6112
14841 4208 1838 2810 3388
14842 285 5817 283 282
14843 2917 2124 2829 5362
14844 4075 5545 2803 5818
14845 5641 5703 5690 5818
14846 5006 3103 3389 3104
14847 1992 1990 1991 5860
14848 4243 2276 3451 5819
14849 4678 4133 3358 5569
14850 1508 3228 165 1838
14851 5386 5647 5313 6201
14852 1595 2388 2390 6060
14853 151 5707 5265 6190
14854 5686 5742 5704 5840
14855 4900 5251 824 5804
14856 3357 5727 5351 5757
14857 516 515 1944 5551
14858 3451 2964 4240 6200
14859 922 1850 3089 5451
14860 2376 3644 3151 5544
14861 3436 998 1001 3440
14862 5271 5714 5462 6162
14863 1070 5874 1073 1075
14864 4863 5150 754 2868
14865 2978 1444 4286 5688
14866 5593 5650 3724 5974
14867 311 5631 3648 2291
14868 134 5473 924 6088
14869 5192 5790 2356 5873
14870 1661 6000 3232 6202
14871 1191 1193 2943 5374
14872 2131 2133 3534 6179
14873 5762 6161 5690 6217
14874 3603 3599 3601 5974
14875 64 4589 5874 63
14876 228 3582 3583 5413
14877 5677 5759 5498 6185
14878 5762 2447 2446 2444
14879 2253 5864 853 6078
14880 64 5135 65 62
14881 2559 5179 2424 5463
14882 1592 3309 1593 5217
14883 3598 5231 3505 5865
14884 2273 2271 3537 6220
14885 4283 5331 1961 5374
14886 1045 5994 5706 6083
14887 375 372 377 5962
14888 2296 4506 2295 3633
14889 2114 2237 2113 5682
14890 1608 5487 1611 5865
14891 5563 6004 5306 6024
14892 2377 1188 1995 6122
14893 4522 3262 2689 4521
14894 4852 3784 66 4849
14895 3782 3783 3784 3786
14896 2297 2298 2294 2293
14897 5714 5827 5004 5781
14898 2806 4072 2807 5545
14899 248 64 4590 5073
14900 248 5135 64 5148
14901 5197 5205 5160 5477
14902 4046 2297 4507 4850
14903 3782 3784 3785 3786
14904 2297 4850 4046 4849
14905 2294 4850 2297 4849
14906 5109 4850 4508 2294
14907 3784 4849 4852 4851
14908 3070 6135 3067 3069
14909 2072 5702 5447 6007
14910 2671 2672 1357 5640
14911 1939 1898 5189 5739
14912 4539 5512 4540 5628
14913 3785 3786 4852 4853
14914 3784 3781 66 5109
14915 3781 2294 66 5109
14916 66 4849 3784 5109
14917 4849 4851 3784 5109
14918 2294 4849 66 5109
14919 5109 4849 4850 2294
14920 2297 4850 2294 4508
14921 5059 5714 4388 6162
14922 5435 5512 5158 6077
14923 4508 5137 3095 4507
14924 4470 3096 243 247
14925 4850 4508 5137 5136
14926 5109 2294 4508 5136
14927 5593 5931 5207 6047
14928 4147 548 552 1309
14929 770 5543 5424 6077
14930 258 255 3800 3801
14931 5501 5601 2859 5660
14932 886 1992 2936 5864
14933 4840 1684 4481 4480
14934 3784 5109 4851 4853
14935 5322 5701 5395 6211
14936 2699 6078 260 4660
14937 2294 5109 3781 3780
14938 3784 3783 5109 3786
14939 5295 5327 278 6070
14940 5109 3783 3781 3780
14941 3891 5837 5775 1493
14942 4206 3919 3920 4203
14943 1808 1813 2489 6106
14944 1665 1782 1663 5533
14945 3096 5148 3095 247
14946 3635 5109 4850 5136
14947 1548 5532 1549 3708
14948 809 5786 5506 5875
14949 4509 5136 4508 4506
14950 5109 2298 2294 4506
14951 2294 5136 5109 4506
14952 4508 5136 2294 4506
14953 3803 3802 258 3804
14954 5181 5575 5214 5637
14955 4506 2297 4507 2298
14956 2294 2298 2297 4506
14957 2297 4508 2294 4506
14958 3095 4046 62 3096
14959 4046 2294 3781 3780
14960 4659 4875 5046 4876
14961 1606 1599 3376 5634
14962 3247 4180 2901 5233
14963 2686 2687 440 5465
14964 699 1058 698 5917
14965 5136 2295 3633 3634
14966 3605 3599 3606 5974
14967 5424 5543 5512 6077
14968 3598 5487 1608 5865
14969 5313 5647 2568 6201
14970 3633 2295 5136 4509
14971 4509 3633 2295 4506
14972 3682 2701 4874 2919
14973 2384 5390 2386 5814
14974 5199 5272 5182 6190
14975 5128 1959 1550 6206
14976 2810 3228 2051 1508
14977 1225 1226 5874 1076
14978 4730 5226 4324 5706
14979 3095 246 244 245
14980 657 5244 655 5477
14981 4874 2919 2701 4876
14982 4164 4066 633 6087
14983 2963 853 850 849
14984 5432 5966 3113 6223
14985 3726 3727 3725 5974
14986 3639 5801 2713 2044
14987 4040 3149 4045 6199
14988 2703 2698 2701 2919
14989 5991 5001 4381 4380
14990 1959 5620 1550 5877
14991 5324 6149 322 6212
14992 1200 5400 1201 5666
14993 223 2774 5770 4882
14994 4615 3035 3032 6007
14995 988 5294 2093 5723
14996 1003 5576 3332 1000
14997 524 5412 5693 5441
14998 2914 5362 2827 5856
14999 5877 5891 5620 6177
15000 2964 3451 3450 2275
15001 1309 606 607 1308
15002 5147 5626 5067 6210
15003 1051 6174 5901 6221
15004 5245 5326 5293 6199
15005 272 5996 2434 6017
15006 2864 2279 2277 2863
15007 3541 5955 1743 6096
15008 4566 981 5311 5317
15009 4354 5175 3527 3761
15010 3654 5813 2291 5869
15011 4135 917 916 6103
15012 5340 5433 5179 5951
15013 2274 2276 2278 2275
15014 5605 5845 1740 6028
15015 5586 5354 5440 5638
15016 1034 1039 3452 1038
15017 3282 1413 3447 1410
15018 259 5860 260 5864
15019 5260 5305 1336 5367
15020 4166 5913 4042 6199
15021 354 5405 945 4079
15022 2560 5250 84 5495
15023 4042 6199 4040 4041
15024 4955 4696 2826 4964
15025 4951 5527 4866 4905
15026 5537 5707 4112 6190
15027 2363 2376 3570 5544
15028 258 3804 3802 261
15029 2663 343 1574 2669
15030 3570 5289 3569 5544
15031 3219 3218 4074 5703
15032 3149 4998 2484 6199
15033 5605 5845 5386 6021
15034 70 3592 71 6221
15035 5179 5495 5340 5951
15036 5687 5771 5201 5913
15037 4244 6200 3451 4240
15038 4539 2356 2361 5873
15039 2277 2276 4243 4501
15040 5253 6052 3040 1818
15041 4028 5824 5418 6003
15042 706 703 547 5319
15043 5283 5674 5663 5763
15044 255 5860 3704 256
15045 342 6198 3007 341
15046 1485 5892 1481 1484
15047 5326 5922 3150 6199
15048 4242 2276 2277 4241
15049 2057 2450 2452 1404
15050 3451 2276 3450 2275
15051 3475 2531 2533 5488
15052 4948 4394 2857 5919
15053 1915 1643 1549 5868
15054 1426 2202 1097 5345
15055 1144 5987 27 5612
15056 4446 6089 5836 6208
15057 5245 6114 5922 6199
15058 3617 5223 1782 5533
15059 2770 3806 1262 6228
15060 4699 4360 4359 5811
15061 1484 5892 4862 4866
15062 4151 3890 3889 5192
15063 3006 2279 4501 2864
15064 1683 1680 1679 5862
15065 1991 1992 1989 1990
15066 5293 5913 5245 6199
15067 1097 5290 498 5345
15068 4644 4645 2275 2280
15069 2274 2279 2863 2277
15070 5245 5922 5326 6199
15071 5195 5761 5413 6109
15072 4042 5913 4682 6199
15073 1414 5820 2051 3281
15074 3705 255 3704 3803
15075 2963 2964 849 2256
15076 5176 5220 5193 5316
15077 904 5556 901 5856
15078 2964 2275 3450 2256
15079 2919 2699 4659 6068
15080 5261 5410 5163 5467
15081 5879 6012 5947 6172
15082 770 771 769 6126
15083 741 3834 5402 5985
15084 5163 5272 5199 5274
15085 3536 5587 4257 5629
15086 4422 5812 2965 4335
15087 5046 4875 1073 4876
15088 315 5510 1436 5641
15089 1992 5860 259 5864
15090 5532 6069 5860 6206
15091 1991 5860 257 259
15092 5202 5783 5231 5865
15093 323 5324 320 6212
15094 997 4675 998 5965
15095 3312 3311 3313 6172
15096 772 5251 1790 6077
15097 5487 5783 5202 5865
15098 886 888 850 887
15099 756 4635 1638 1637
15100 5193 5315 5022 5886
15101 1608 1611 1609 5865
15102 2936 854 2702 5864
15103 889 4645 886 888
15104 4644 890 2275 889
15105 5532 6108 5303 6210
15106 3505 5783 5487 5865
15107 849 888 889 890
15108 5726 5749 4549 6190
15109 849 2964 3450 2256
15110 2051 3282 1413 5820
15111 2309 997 1347 996
15112 5292 5576 3332 5965
15113 3450 889 2275 890
15114 1052 4757 1051 6174
15115 643 6022 646 6117
15116 1992 1991 259 5860
15117 859 5173 858 5384
15118 1072 3779 1073 4875
15119 4943 6116 648 6117
15120 2356 5790 5304 5873
15121 820 6065 818 6172
15122 3450 889 849 2256
15123 749 5192 2361 5873
15124 1609 5367 1607 5865
15125 1943 1944 2572 5746
15126 1528 1526 3878 5558
15127 5185 5881 5212 6087
15128 1555 1559 3111 5905
15129 2928 5903 3920 4204
15130 4356 4382 3851 5842
15131 922 145 144 5911
15132 2467 2468 2465 5760
15133 4758 5611 3034 6007
15134 2683 1336 1608 5367
15135 3606 3599 3603 5974
15136 4189 5048 4911 5742
15137 5182 5320 5265 5825
15138 223 224 221 5779
15139 5051 3910 4544 5158
15140 4470 5148 3096 247
15141 738 5664 736 5798
15142 3983 1749 3902 5627
15143 2623 2624 2625 5440
15144 1609 1607 1608 5865
15145 2358 5187 4193 5304
15146 5220 5315 5193 5886
15147 498 501 497 5345
15148 2120 5835 3515 6011
15149 4832 1586 1588 1587
15150 5142 5193 5022 5886
15151 5286 5378 5327 6070
15152 3993 6033 5731 6100
15153 5162 5527 1482 5891
15154 5212 5881 5625 6087
15155 158 3232 2509 6202
15156 2247 5434 3317 5528
15157 858 5173 4517 5384
15158 5877 6069 5773 6155
15159 2665 335 2664 6155
15160 477 476 1367 5877
15161 783 781 782 5909
15162 5098 2746 1454 5300
15163 5143 5396 5389 5647
15164 2145 2144 2825 5347
15165 554 5954 555 6026
15166 252 2694 2956 5291
15167 243 4470 3136 1223
15168 2592 5157 2593 5546
15169 2358 2360 2356 5304
15170 3523 4197 3524 3525
15171 2700 2919 2698 2699
15172 587 1641 1644 1645
15173 1199 5543 1196 6067
15174 2089 276 1772 5888
15175 334 5810 394 6215
15176 2949 5900 2950 6054
15177 5402 5416 2678 5466
15178 5265 5320 5182 5506
15179 2217 5424 4008 5543
15180 1531 5671 1537 6189
15181 3559 561 3562 3560
15182 5264 5340 5153 5433
15183 657 1416 658 6079
15184 5164 5532 4424 5546
15185 1587 5270 5198 5541
15186 3262 2689 4521 5907
15187 1253 1250 1251 5579
15188 588 585 587 1641
15189 5169 5401 4793 5666
15190 798 5575 5217 5691
15191 442 5737 2087 5888
15192 4868 5316 4463 5568
15193 777 776 3266 778
15194 1334 1335 1333 5305
15195 3985 5906 4469 3986
15196 4352 3070 1071 1076
15197 5371 5705 5469 5931
15198 1248 2503 3501 5908
15199 1049 1053 1052 6174
15200 1070 5874 1075 1074
15201 311 5813 5632 5870
15202 2273 6220 2767 2769
15203 3583 5413 3582 6109
15204 645 2015 2289 5642
15205 745 5304 5187 6195
15206 2824 5440 4522 5907
15207 4949 4951 1240 5527
15208 678 2181 2380 5755
15209 501 5167 503 5285
15210 5708 5823 5567 6051
15211 5433 5495 5340 6146
15212 86 88 75 6189
15213 4589 5072 3805 4590
15214 311 5631 2291 5813
15215 4283 3645 1917 3266
15216 403 4118 3362 5734
15217 243 3096 1223 1226
15218 4590 5118 5095 64
15219 1226 244 243 3096
15220 2291 5813 5631 5869
15221 3628 329 1157 5878
15222 1349 5518 4903 5870
15223 62 5874 4048 63
15224 1045 5706 2468 6083
15225 1348 5518 1349 5870
15226 2256 5872 5864 2253
15227 3778 4333 5812 4332
15228 205 6037 207 6057
15229 4333 3779 1072 4875
15230 1071 3070 1072 1070
15231 1072 5812 4333 4875
15232 260 2936 259 5864
15233 1072 4333 3778 3779
15234 2965 5812 4422 2251
15235 1072 5812 3778 4333
15236 4051 3689 4050 5492
15237 1714 4912 2149 5552
15238 5273 5709 5216 5875
15239 2965 3682 5812 2251
15240 428 5360 429 5548
15241 5564 5995 5176 6071
15242 922 5911 144 5925
15243 2976 4918 3916 5675
15244 2584 2143 2146 5219
15245 2965 2251 2256 2963
15246 5344 2569 658 5525
15247 5479 1867 5345 5290
15248 3022 3018 2132 6203
15249 3682 853 2703 2965
15250 3682 2963 853 2965
15251 2785 5301 2784 5993
15252 5196 5835 5314 5948
15253 5135 5148 3096 64
15254 1102 1103 1199 5666
15255 5072 4591 3805 4590
15256 605 606 607 5548
15257 2115 5669 2112 5682
15258 3563 3561 561 3817
15259 1649 1650 1057 5608
15260 4349 5516 4350 6135
15261 1333 1608 1336 5367
15262 5184 5206 1759 5445
15263 5227 5883 5159 5891
15264 1433 3126 4261 6172
15265 5619 5813 5518 5870
15266 2965 4335 5812 3682
15267 1171 5979 5410 5345
15268 2518 5611 2338 6202
15269 1911 3232 3230 6202
15270 4012 3019 5824 6203
15271 1277 6102 1181 6156
15272 476 5877 1959 5128
15273 3703 3704 255 1548
15274 4692 5488 2535 4884
15275 5426 5551 1946 5968
15276 5244 5344 5205 6079
15277 5632 5813 5619 5870
15278 311 5632 312 5870
15279 5046 4875 4659 6068
15280 2175 6182 2181 6188
15281 4193 5187 3209 5304
15282 1199 5400 5289 5666
15283 5790 5846 5424 6126
15284 774 5790 772 6126
15285 5424 5846 5192 5873
15286 3237 5330 522 5781
15287 1336 5367 5305 5885
15288 248 64 5095 5118
15289 4697 4555 4594 5647
15290 774 5846 5790 6126
15291 1747 5627 1749 1745
15292 476 5810 475 5877
15293 4645 1992 886 5864
15294 722 2481 3133 5938
15295 1642 3566 1917 3568
15296 1516 1312 1515 5739
15297 2590 6006 229 6109
15298 5363 5465 5354 6125
15299 2936 887 886 5864
15300 1223 1226 62 1222
15301 2273 3540 2767 5879
15302 6044 935 523 5441
15303 1575 1574 1573 1572
15304 4470 1223 243 3096
15305 2413 5529 5264 6178
15306 685 5169 682 5305
15307 4483 2428 2591 5546
15308 5243 5532 5164 5546
15309 5155 5299 3085 5713
15310 248 5118 4590 64
15311 702 5422 4319 5866
15312 1160 5352 4002 5850
15313 3710 4476 5879 3711
15314 248 3095 247 246
15315 783 4565 781 5909
15316 3314 6172 1430 5071
15317 4033 3374 3435 5814
15318 2588 1168 4787 6040
15319 1047 1049 1051 6174
15320 3985 122 2414 2151
15321 65 62 5135 3095
15322 6087 5625 891 5881
15323 120 1983 2151 122
15324 3095 4046 2297 4507
15325 5135 3095 3096 5148
15326 2386 1079 2384 5814
15327 62 3096 5135 3095
15328 439 5901 1742 6125
15329 3096 245 243 247
15330 248 246 247 245
15331 3095 245 3096 247
15332 3390 3391 3388 5750
15333 3923 4113 5537 4112
15334 1917 3566 3645 3568
15335 5095 64 248 5135
15336 248 5135 3095 5095
15337 4046 3095 5137 4507
15338 5135 4850 64 65
15339 5137 4046 4849 66
15340 244 3096 3095 245
15341 243 3096 244 245
15342 1223 2414 4470 3136
15343 4365 5401 5260 5793
15344 1220 2414 5906 1223
15345 5367 5865 263 6116
15346 4522 3261 3262 5907
15347 3096 62 1223 1226
15348 3070 1071 4332 4334
15349 4590 64 4589 5073
15350 686 2440 687 5305
15351 121 123 120 122
15352 5148 64 5874 62
15353 1057 698 1058 5917
15354 2501 5322 2932 5933
15355 2225 6202 6000 6227
15356 2655 2888 2659 6036
15357 3628 115 4497 5878
15358 2866 2865 4862 4866
15359 4485 5327 4484 5916
15360 3199 1957 239 5166
15361 70 3718 3592 6221
15362 4588 5870 4903 5871
15363 5508 5870 5631 5871
15364 2291 5632 311 5813
15365 3476 3506 3650 6173
15366 1180 5648 1092 6156
15367 1317 5838 1320 6170
15368 1223 4470 5874 62
15369 588 589 5088 3988
15370 2914 5694 5228 5732
15371 2823 123 5088 3988
15372 5088 589 2823 3988
15373 2152 5516 4349 4207
15374 1209 2786 2785 5993
15375 5718 5775 1493 5783
15376 1485 5162 1482 5892
15377 1559 5905 1557 5943
15378 4492 2213 2210 5157
15379 588 3988 5088 1645
15380 398 5364 1238 479
15381 3884 3363 3364 5883
15382 2431 2213 4492 5157
15383 2082 2077 2081 5692
15384 3016 3452 1038 5157
15385 502 503 499 5290
15386 3138 5226 4322 4324
15387 1876 5221 100 1877
15388 5159 5841 2912 6071
15389 5205 5477 5197 5506
15390 4423 3653 4424 5157
15391 5435 5588 5155 5640
15392 4423 3830 3653 5157
15393 4020 5820 4095 5855
15394 203 1229 49 201
15395 688 1335 1334 5305
15396 2202 1426 1096 4160
15397 5864 2256 850 5872
15398 5152 5186 4523 6086
15399 4421 4292 4245 5377
15400 1240 5042 404 5841
15401 5386 5845 5313 6125
15402 1196 5543 2218 6067
15403 5183 3594 298 5697
15404 5101 6196 5833 6225
15405 1915 586 1916 585
15406 3802 258 3800 3801
15407 4544 3910 4540 5628
15408 3808 5232 3821 5474
15409 476 5128 1367 5877
15410 4430 5366 2668 5476
15411 798 5217 3307 5691
15412 1946 5551 1944 5746
15413 1283 3351 3214 5900
15414 3307 5217 3308 5691
15415 5224 873 872 5256
15416 1549 1642 1917 3568
15417 745 5304 2360 4193
15418 3707 6210 5067 5072
15419 2045 2044 2043 5801
15420 682 5169 683 5305
15421 5952 5883 3885 3884
15422 3209 5187 745 5304
15423 1090 5881 962 2090
15424 3704 255 3705 3703
15425 1171 1426 497 5345
15426 2181 6017 2380 6182
15427 2663 2669 1574 2668
15428 3260 5440 3259 6010
15429 683 684 682 5305
15430 2215 2216 2214 5165
15431 3802 261 3804 3707
15432 3405 4991 1763 5746
15433 3805 6108 3707 4591
15434 1549 779 3723 3568
15435 5344 5525 656 6180
15436 734 5402 3836 5466
15437 3704 256 5860 3707
15438 1795 1796 4011 1794
15439 248 5095 3095 246
15440 1548 3707 5532 3708
15441 1972 5445 2801 5514
15442 4193 2360 2358 5304
15443 3643 3640 3642 5811
15444 256 3804 3704 3803
15445 5275 5356 5195 6168
15446 5217 5524 3308 5691
15447 1917 1549 1915 1642
15448 1549 1643 1915 1642
15449 1643 1549 3568 1642
15450 3110 5769 5278 5919
15451 3645 1917 3567 3566
15452 1917 1642 3567 3566
15453 558 5530 559 554
15454 1643 3723 3568 1549
15455 255 3803 258 256
15456 2494 2495 5695 6105
15457 4045 5922 4040 6199
15458 2914 2916 2915 5362
15459 4499 5194 2911 5481
15460 4283 3645 3266 3647
15461 4283 3266 1917 4906
15462 5747 3124 2946 5758
15463 777 3568 779 778
15464 1917 3568 4283 4906
15465 4283 3568 1917 3645
15466 3941 5290 1098 5479
15467 1171 497 501 5345
15468 1916 586 1915 5868
15469 4595 3367 4410 5538
15470 475 5810 477 395
15471 212 5852 5475 6057
15472 2939 237 236 5166
15473 2202 1426 1424 5345
15474 1315 5398 2328 5950
15475 574 5603 5240 5604
15476 5413 5761 5735 6167
15477 3965 5425 1444 5688
15478 4257 5587 4028 5629
15479 1501 1502 1500 5250
15480 2524 4183 4564 5233
15481 2665 5366 2663 2662
15482 1597 1596 1598 6137
15483 777 780 3266 776
15484 1365 1189 1960 1797
15485 5686 5902 5777 5912
15486 1959 1366 476 1367
15487 5243 5620 5532 6136
15488 5162 5204 5159 5891
15489 4172 5263 1365 5883
15490 4281 1996 1998 5241
15491 2589 229 228 6109
15492 1864 5513 5479 5923
15493 4009 768 2214 5165
15494 5455 6194 5436 6224
15495 1189 1960 1959 1366
15496 5120 4274 4912 5700
15497 5389 5647 5386 5862
15498 2320 1389 3400 5612
15499 1961 1189 1191 1960
15500 780 1189 1961 1960
15501 4429 5267 5262 5828
15502 2518 2453 2336 5332
15503 4103 346 2454 5332
15504 5201 5771 5687 6001
15505 1239 1241 1240 1238
15506 1139 5392 2813 5539
15507 529 2647 527 5398
15508 5313 5901 5363 6125
15509 399 473 401 402
15510 1342 3394 2967 5460
15511 1031 2935 1281 5409
15512 5316 5346 5170 5365
15513 3885 5952 479 1241
15514 5564 5977 757 6071
15515 3831 2258 3832 5165
15516 3639 4699 4359 5811
15517 476 3886 1368 1365
15518 386 385 2690 384
15519 394 5738 338 6215
15520 5230 5442 5262 6224
15521 5128 3706 4431 4977
15522 478 3886 1368 476
15523 2927 3905 5142 5886
15524 2664 2665 336 335
15525 2865 4866 2866 5767
15526 1477 4253 1478 5763
15527 1534 1712 1533 5377
15528 1678 5616 1021 5886
15529 309 5578 4022 5956
15530 3884 5883 478 475
15531 3636 1326 1007 5957
15532 376 5806 4162 632
15533 4866 4865 4951 4905
15534 2110 5387 2611 6015
15535 4470 5874 4469 5906
15536 3884 475 478 479
15537 3649 5499 3648 5958
15538 3797 3798 632 6015
15539 3332 5576 4675 5965
15540 1548 255 3705 3706
15541 3338 5367 263 3372
15542 5022 5315 2037 5886
15543 4698 4699 3639 5801
15544 5142 3905 4817 5886
15545 5193 5559 5316 5886
15546 391 2667 392 5738
15547 1097 1426 1095 1096
15548 5617 4080 4083 5323
15549 3832 2258 3833 5165
15550 118 5506 5380 5878
15551 343 338 336 334
15552 4430 1575 3800 2668
15553 788 5580 5480 5637
15554 356 5755 353 357
15555 1959 5877 476 1366
15556 1370 1369 1374 5534
15557 4977 1367 1959 5128
15558 2932 5933 3425 2501
15559 1959 1367 476 5128
15560 1279 1180 1952 6156
15561 3772 3769 3768 5439
15562 4279 1383 1379 5242
15563 4830 4829 4102 6145
15564 4484 5327 279 5928
15565 4484 5737 5595 5928
15566 1312 425 1314 5739
15567 1977 3338 2554 5260
15568 4713 5260 3372 5367
15569 1312 1516 425 5739
15570 3705 255 1548 3703
15571 4283 3647 3266 780
15572 831 3548 4536 5154
15573 752 5940 3371 4244
15574 5316 5616 5193 5886
15575 3373 5260 2683 5367
15576 4539 3908 2356 5192
15577 255 258 1575 1572
15578 3372 263 4713 5367
15579 2037 2927 5142 5886
15580 2683 5260 1336 5367
15581 4997 653 4013 6080
15582 4748 2824 4671 5440
15583 1013 5729 1014 5946
15584 3753 1647 3752 5803
15585 3800 255 258 1575
15586 4862 5767 2865 5893
15587 5782 5930 5661 6029
15588 2761 5739 2762 2763
15589 1312 1898 1515 5739
15590 1515 1898 1939 5739
15591 2762 5739 3387 3103
15592 2754 4095 3857 3856
15593 4144 5811 4053 4143
15594 4749 5450 4049 5492
15595 3259 3257 3258 5440
15596 2087 5279 442 5888
15597 4319 5422 4320 5866
15598 3373 2683 1608 5367
15599 2854 5866 2853 2850
15600 1567 5236 3119 5992
15601 752 5940 4244 6200
15602 2852 5597 2850 5866
15603 1233 5607 1235 5902
15604 3262 3257 3260 5440
15605 4523 5394 5043 6086
15606 5661 5651 1418 5636
15607 3921 2030 3920 2033
15608 5204 5871 2255 6092
15609 4011 5832 1113 5926
15610 430 4296 1313 5739
15611 392 5738 394 393
15612 137 926 134 5473
15613 699 5597 697 5866
15614 1313 4296 2765 5739
15615 1512 4699 3639 5811
15616 1481 1479 1480 1482
15617 5189 1898 1939 4967
15618 3732 3733 3734 5338
15619 2876 5262 2880 2877
15620 5185 5387 632 6015
15621 674 5580 788 5637
15622 1214 1210 1211 4515
15623 5189 5548 1939 5739
15624 3640 3641 3642 5811
15625 1939 5548 428 5739
15626 338 334 337 339
15627 3640 3643 1512 5811
15628 207 6037 5852 6057
15629 4182 5248 5166 5483
15630 4146 4144 4699 5811
15631 396 334 338 339
15632 337 396 338 339
15633 396 339 337 1800
15634 4399 4018 4398 4397
15635 342 341 334 340
15636 3640 2046 2044 3643
15637 2812 5618 1140 2813
15638 5215 5281 5257 5365
15639 1982 5401 1200 5666
15640 5316 5365 5170 5559
15641 4369 3643 3642 5811
15642 3643 4368 1512 5811
15643 3856 4095 3857 3855
15644 3641 4369 3642 5811
15645 1511 4144 5811 4360
15646 1512 5811 4143 4053
15647 1512 4053 4146 5811
15648 867 863 3810 3809
15649 547 548 706 5319
15650 5247 5983 1973 6139
15651 3724 5650 5593 5931
15652 5294 5427 5405 5996
15653 6026 2092 2781 5405
15654 2310 1004 2309 6118
15655 4935 5394 4321 5043
15656 3872 1766 745 5282
15657 3453 3074 3067 3068
15658 1553 1552 1720 5317
15659 4272 5552 2149 5700
15660 3451 6200 4244 4243
15661 1850 5174 480 1851
15662 5199 5470 5212 5924
15663 949 3480 947 5857
15664 3920 5903 2928 3921
15665 2734 2737 2455 5826
15666 2455 346 345 5826
15667 5583 6084 4224 6178
15668 1116 5832 2479 5926
15669 5422 5597 5340 6099
15670 1969 5445 1971 5688
15671 100 1784 1785 5321
15672 5194 5841 4498 5893
15673 1508 1838 165 5829
15674 481 785 921 781
15675 5347 5907 5186 6056
15676 696 5179 697 5917
15677 2916 5228 4428 4843
15678 1607 3373 1608 5865
15679 3923 3925 3826 5946
15680 410 407 409 2681
15681 2864 2863 2277 6198
15682 1996 1995 1998 5241
15683 5018 4427 1530 4428
15684 4286 6134 2981 2980
15685 2933 2932 2500 6105
15686 4444 5836 4447 3312
15687 5328 5737 448 5888
15688 2073 2071 2070 5827
15689 2007 5764 2005 2004
15690 1321 5774 2153 5950
15691 4714 4715 1986 5519
15692 868 5446 5224 5464
15693 5261 5284 6042 5831
15694 4377 4380 2885 5988
15695 4346 2873 4348 5658
15696 5057 2959 3319 5437
15697 2006 5764 3759 5847
15698 5540 3071 4422 4423
15699 586 1035 1036 5255
15700 2043 5801 1926 5936
15701 1160 1164 1163 5352
15702 5200 5415 5405 6024
15703 5646 6068 5876 6108
15704 1736 4297 1734 5404
15705 5957 6054 5772 6169
15706 5586 5638 5609 5986
15707 1707 6003 4026 6225
15708 1997 1998 1995 5241
15709 880 5403 883 881
15710 4954 4428 2914 5694
15711 5551 514 515 5746
15712 5198 5217 1588 5639
15713 2090 1090 5881 5387
15714 5671 5768 763 6189
15715 5530 5954 554 6026
15716 688 5305 1336 5169
15717 5623 5799 536 6196
15718 5271 5550 5330 5967
15719 729 5411 879 5645
15720 2530 5429 3401 6081
15721 4118 4121 4083 5734
15722 3503 5389 5143 5396
15723 5521 6160 6148 6213
15724 111 4817 109 5606
15725 682 685 1105 5169
15726 5641 313 1435 315
15727 5812 5874 1076 5906
15728 4134 2065 4926 6179
15729 3397 5250 5239 5581
15730 2690 386 390 385
15731 5196 5833 5195 6196
15732 194 2392 3992 5270
15733 892 2110 891 5387
15734 2691 385 2690 387
15735 4865 4499 389 4905
15736 3010 953 4815 3011
15737 3920 2030 3921 2035
15738 902 5674 1248 6005
15739 6003 5587 4027 6196
15740 2963 849 850 2256
15741 3614 3906 3607 5222
15742 954 953 3010 3011
15743 2030 2035 3920 2033
15744 5022 2031 2036 2037
15745 4194 4862 4499 4864
15746 1477 902 904 2832
15747 1476 5663 1475 1249
15748 520 2881 2311 5693
15749 375 5648 3944 5851
15750 5243 5532 5303 5711
15751 2097 5728 2098 6044
15752 4645 5864 886 5872
15753 836 835 4165 5468
15754 1304 5342 1305 5357
15755 197 2583 195 5691
15756 1622 5658 4348 1624
15757 2695 249 2696 5291
15758 3196 4068 3325 3775
15759 2593 5331 5243 5711
15760 1177 5799 538 6150
15761 5767 5841 5194 5893
15762 2035 2033 3919 3920
15763 1335 5305 2442 5885
15764 3919 4206 2033 3045
15765 5080 5689 5005 6091
15766 3919 757 4408 4203
15767 4549 4449 4519 4518
15768 386 2690 4194 388
15769 5333 5607 5373 5902
15770 2445 5708 3683 3189
15771 4516 2412 4517 5384
15772 5498 5768 2460 5796
15773 5237 5656 5247 5899
15774 2754 4095 4097 5855
15775 1309 5360 550 5548
15776 404 5419 403 3361
15777 4057 4056 5557 4058
15778 1576 1990 1577 5366
15779 1639 411 5077 6019
15780 2433 2429 4483 5368
15781 2610 5638 4306 5766
15782 3436 3559 3561 6050
15783 1421 6040 1855 6042
15784 3829 5729 1013 5946
15785 5195 5761 5275 6168
15786 5191 5327 5183 5705
15787 1221 5156 4351 5516
15788 5473 6088 135 5722
15789 4847 2468 4846 5706
15790 5360 5390 612 5548
15791 5475 6038 5418 6179
15792 386 390 4195 4194
15793 4135 916 3105 6103
15794 3154 1861 3152 3153
15795 116 5709 655 6016
15796 889 5872 2256 6171
15797 4108 2098 4285 5728
15798 3009 953 954 955
15799 6132 6137 6104 6212
15800 4862 2865 4499 5893
15801 5172 5916 3748 5941
15802 4689 4973 4647 5807
15803 4949 5952 4192 4950
15804 5228 5346 5213 5365
15805 398 396 393 397
15806 4866 4949 1485 5527
15807 5037 5712 4802 6162
15808 4461 5899 4365 4460
15809 559 5530 4418 5954
15810 1494 5200 1498 5428
15811 2143 5219 2584 5347
15812 3105 210 209 6057
15813 5257 5281 5230 5365
15814 4864 4862 4499 4865
15815 2105 4426 2101 5573
15816 1097 5345 2202 5467
15817 107 5481 2911 5895
15818 389 4499 4865 4864
15819 2866 4863 4862 2865
15820 4866 4499 4905 5893
15821 4862 4866 1485 1484
15822 5179 5422 697 5597
15823 3462 5211 3461 5251
15824 5227 5891 5204 6177
15825 3297 816 815 5420
15826 2654 5978 1812 6106
15827 5292 5576 5385 5894
15828 115 3628 118 5878
15829 5508 5631 5164 5871
15830 171 1640 167 6019
15831 5457 6018 4464 6148
15832 2867 3045 2032 2866
15833 2737 2454 2455 5826
15834 2699 5646 4659 6068
15835 5879 6012 3541 6096
15836 709 5976 710 712
15837 954 3011 952 953
15838 2911 4499 4862 2865
15839 1992 333 335 5860
15840 1105 5169 1101 5289
15841 107 2911 2690 5895
15842 4905 5841 4866 5893
15843 4796 1826 2489 5978
15844 4863 2867 2868 2866
15845 4863 2868 2865 2866
15846 902 901 904 5556
15847 575 5175 3492 5603
15848 3774 5240 2946 5758
15849 2136 5796 2140 2138
15850 4240 3408 3089 752
15851 2996 2992 2994 5278
15852 1480 5162 754 5892
15853 4558 1680 5862 6201
15854 752 5940 754 3371
15855 3330 5576 5292 5894
15856 3905 3904 4817 5886
15857 539 5336 2729 542
15858 2479 5926 5832 6011
15859 3852 5842 1702 5950
15860 3440 3330 3436 5894
15861 2648 5418 3201 6179
15862 1235 1234 1004 5607
15863 2914 4478 4477 5732
15864 385 2690 387 390
15865 4864 4499 2911 390
15866 2999 2944 2945 5472
15867 1480 3371 1483 754
15868 387 386 385 390
15869 3788 2880 4504 5229
15870 3727 3605 3606 5974
15871 4667 5994 2935 6082
15872 5306 5721 5530 5756
15873 2442 5305 2440 5885
15874 5842 4127 2331 6039
15875 2911 5481 5335 5895
15876 5231 5438 5367 5800
15877 2488 2447 2487 5293
15878 4939 2413 2731 5622
15879 1724 4900 3462 5251
15880 2555 5260 4365 5401
15881 2087 2089 1772 5888
15882 6059 6062 5736 6095
15883 4957 3366 3367 5538
15884 3545 5842 2326 3851
15885 4220 2478 3590 5926
15886 2560 1502 1500 2558
15887 2366 5544 2363 5981
15888 902 5662 903 901
15889 3887 3886 3884 5883
15890 1371 5478 3078 5955
15891 2277 4501 4500 2279
15892 5761 2069 4653 6167
15893 2404 2406 2405 6026
15894 4229 2394 3408 3410
15895 4821 5360 550 5814
15896 4452 5557 2759 4057
15897 4864 389 390 4194
15898 255 257 1576 5860
15899 2190 4099 2191 5233
15900 4243 5819 3451 6200
15901 4098 4102 4099 5233
15902 2328 5398 1702 5950
15903 255 4431 3706 5366
15904 386 390 4194 2690
15905 4399 5282 1766 3872
15906 816 3297 3294 5420
15907 4192 5364 5952 397
15908 710 3169 5976 5310
15909 5569 5757 5565 5896
15910 2691 110 387 107
15911 5385 5807 5576 5234
15912 1821 4239 2737 5826
15913 4499 5194 4498 5893
15914 5253 5984 5976 6052
15915 5364 5891 5527 5952
15916 1046 1040 1043 5706
15917 389 4195 386 390
15918 868 5224 870 5464
15919 4492 5157 2210 5540
15920 2690 107 387 390
15921 2690 2911 107 390
15922 4194 2911 2690 390
15923 386 4195 389 388
15924 4195 389 4194 390
15925 900 473 5633 3003
15926 2868 2867 4863 5150
15927 1944 5935 1949 1948
15928 107 105 110 102
15929 5263 5431 1192 5582
15930 2832 5763 904 6005
15931 5167 5430 1290 5450
15932 1651 802 5411 5898
15933 5350 5788 4647 5807
15934 1141 1137 3837 3839
15935 4249 5407 2831 5652
15936 5337 5338 5184 5390
15937 1181 1276 1179 5954
15938 2376 2375 2379 5544
15939 5506 5709 5615 5707
15940 5325 5913 489 5971
15941 106 105 107 102
15942 5309 5333 3900 5788
15943 2634 3824 2633 5415
15944 2896 2099 2892 5209
15945 382 2508 5815 4710
15946 3921 5315 3920 5903
15947 1640 1637 1638 1639
15948 3822 3823 3691 5857
15949 5680 5730 5683 6159
15950 2511 2456 2103 2105
15951 1346 5733 1349 6133
15952 4908 2515 4910 5686
15953 2646 6038 5460 6103
15954 5122 5633 899 5973
15955 5349 5802 5538 5953
15956 176 5309 177 5382
15957 2337 5611 5447 6202
15958 1594 5324 326 6055
15959 3089 1850 922 3088
15960 567 5501 2563 5601
15961 5412 5693 5274 5791
15962 2785 5993 2786 6081
15963 3995 5921 1834 6009
15964 5604 574 576 4562
15965 84 5495 5250 5961
15966 5286 5328 5327 5705
15967 1502 5267 84 5961
15968 3650 6173 3652 6194
15969 1916 2193 586 5868
15970 2420 6157 2417 6175
15971 4049 5430 2182 5450
15972 1184 2367 1217 5484
15973 5141 1412 3279 5855
15974 5215 5457 5365 6148
15975 3435 2384 2387 5716
15976 6063 5604 5758 5580
15977 536 5623 537 5799
15978 995 993 1233 5902
15979 2449 5246 2445 5545
15980 2424 5463 5239 5495
15981 3944 5756 3947 5980
15982 3793 5099 5100 5300
15983 2094 5294 272 5996
15984 4539 4785 4786 5192
15985 5204 5891 5162 6226
15986 1198 1196 1197 5543
15987 5255 3072 4716 5516
15988 3302 5237 3795 5247
15989 2033 3045 4206 5977
15990 3331 3330 3332 1351
15991 1639 5531 5564 5599
15992 166 170 167 168
15993 4287 5627 1444 5920
15994 5698 5897 5444 6113
15995 5517 5567 5182 6051
15996 1866 5464 1085 1088
15997 4595 4957 3367 5538
15998 3724 5650 3726 5974
15999 4903 5776 4904 2254
16000 3947 375 4763 5648
16001 4866 4862 4499 5893
16002 2584 2146 169 5219
16003 3404 6049 4457 4991
16004 2646 3323 917 6103
16005 815 5420 816 5984
16006 1481 5162 1480 5892
16007 3288 5443 1291 5492
16008 2338 2518 2336 5611
16009 5269 5310 3701 5858
16010 2031 2037 5022 5315
16011 5356 5799 5493 6150
16012 4309 2988 2174 5334
16013 1738 5243 2593 5331
16014 5209 5474 5232 5521
16015 2585 2586 2824 5347
16016 4128 3906 4129 5589
16017 519 5550 5375 5967
16018 294 4789 5172 5214
16019 2571 5651 2570 6079
16020 2516 5332 2453 5611
16021 3438 5965 5788 6110
16022 2442 4512 3991 5231
16023 5252 5615 5471 5946
16024 4274 4272 4912 5700
16025 1480 4244 3370 3371
16026 2093 2094 2095 5723
16027 89 74 4724 5498
16028 2246 5410 2244 5831
16029 5160 5477 5471 5615
16030 3920 5315 4204 5903
16031 4074 5679 5594 5823
16032 4682 5913 4998 6199
16033 1549 3568 778 779
16034 2119 5835 2120 6011
16035 3921 2927 2037 5886
16036 3933 447 4130 6014
16037 4954 4696 3198 5482
16038 5580 5604 5175 5698
16039 5892 4863 1483 1484
16040 754 4863 5892 5150
16041 1782 5223 1663 5533
16042 5427 5996 5816 6017
16043 105 2813 1139 5392
16044 5006 3104 3389 6091
16045 5735 5805 4496 6168
16046 102 5574 109 5606
16047 5340 5422 5179 5597
16048 2178 5678 681 6165
16049 4398 767 2399 5282
16050 5058 5037 4802 6162
16051 4500 3369 4244 3370
16052 1040 5706 1045 6027
16053 297 5183 298 292
16054 2119 5948 5835 6011
16055 538 5799 537 6150
16056 552 5548 5189 5750
16057 3370 4244 1480 3369
16058 5176 5335 5315 5977
16059 6026 2403 2781 2092
16060 2175 5749 2180 6165
16061 5765 5835 5196 5948
16062 5131 576 4562 5604
16063 5819 5871 5204 6177
16064 4701 4234 4309 5334
16065 3459 3341 938 3342
16066 1480 754 1483 5892
16067 5175 5225 3949 5444
16068 5198 5468 5270 5524
16069 1556 6045 818 6181
16070 5208 5316 5178 5346
16071 5276 5309 5234 5786
16072 5201 5490 5439 5681
16073 5202 5241 5231 5520
16074 1899 5005 5080 5689
16075 2421 3754 4129 5589
16076 4649 4979 4390 5363
16077 4863 2868 1483 1484
16078 3921 5886 2037 2034
16079 5523 5624 1396 5963
16080 4011 1795 4236 4263
16081 4011 1112 1927 5926
16082 2611 5387 1094 6015
16083 5904 5478 3077 6073
16084 26 20 28 5987
16085 5585 5662 5346 6124
16086 3165 3160 3163 5542
16087 6152 6173 5619 6194
16088 5172 5191 5181 5637
16089 1402 2058 1403 1400
16090 5900 5310 3168 3350
16091 381 2265 3232 2508
16092 3466 5447 6202 2341
16093 1112 2478 4220 5926
16094 4501 4243 3370 6200
16095 5147 5067 1644 6210
16096 2130 5418 2648 6179
16097 5425 5920 5322 6089
16098 558 554 557 6026
16099 4888 2013 3368 5953
16100 5155 5251 5211 6032
16101 955 3009 4815 4816
16102 4113 3925 3923 5946
16103 5310 6216 4272 6074
16104 5540 5711 5303 5868
16105 5385 5770 561 5807
16106 5346 5662 5556 5732
16107 5264 5501 5153 5622
16108 5545 5657 2807 6158
16109 2882 5904 1130 2284
16110 1381 5242 1378 5472
16111 3288 5450 4749 5492
16112 5418 5629 5475 6179
16113 3701 6074 3702 3698
16114 1102 1099 1103 5666
16115 3992 2658 3993 5449
16116 868 5224 872 870
16117 1108 5920 1106 6175
16118 3545 3851 4382 5842
16119 4219 4343 3590 5926
16120 3037 5611 6227 3034
16121 5175 5580 5240 5604
16122 2224 1125 1694 2023
16123 267 274 270 5294
16124 3748 4484 3938 5916
16125 1535 764 761 5553
16126 3054 3053 2955 5612
16127 4266 5857 5563 6101
16128 3313 5836 3312 6172
16129 113 151 1399 5380
16130 4091 2037 3921 2927
16131 5142 2927 4091 3905
16132 4944 4548 2743 5457
16133 756 5564 1639 4205
16134 5709 6016 5273 6025
16135 3079 1370 5085 5534
16136 2037 4091 5142 2927
16137 2057 2058 1402 1400
16138 4097 5141 5115 5855
16139 2607 5363 4648 6010
16140 4703 5334 4702 5336
16141 4038 5077 410 411
16142 2825 2144 2824 5347
16143 5399 5776 5298 6193
16144 4465 4467 3515 5743
16145 404 5042 406 5841
16146 3481 3614 3607 5222
16147 2220 1676 1673 5379
16148 1133 6098 4191 1131
16149 696 2940 2424 5179
16150 3499 3500 3501 5717
16151 391 477 1367 5773
16152 1040 5969 1043 6027
16153 3890 3888 3889 5192
16154 2848 625 627 5597
16155 5444 5449 2847 5507
16156 3486 3222 3485 5439
16157 2074 2075 2071 5827
16158 4749 4857 5443 5492
16159 885 3375 882 5337
16160 4751 4317 674 5378
16161 2829 2917 1083 2124
16162 649 644 643 6022
16163 5142 4091 4817 3905
16164 5427 959 945 5341
16165 2091 5427 2092 1278
16166 952 4815 956 953
16167 2617 2615 2616 5966
16168 3477 1817 1816 5632
16169 1434 5703 1437 872
16170 795 2636 2637 5311
16171 2687 5465 2688 4756
16172 5262 5526 5365 6224
16173 5438 5452 5367 5800
16174 1782 3360 1663 5223
16175 5402 3834 741 740
16176 1336 1978 1980 5401
16177 5414 5785 978 6222
16178 5495 5951 5581 5961
16179 5263 5404 5323 5431
16180 3636 5957 1011 6087
16181 4499 2865 2911 5194
16182 4321 5394 2351 6086
16183 5244 5709 5273 6025
16184 4817 5559 5121 5606
16185 1543 5565 1542 1541
16186 3690 5443 4889 5492
16187 989 5607 1234 993
16188 5263 5323 4172 5431
16189 3699 5858 5269 6074
16190 2219 4039 4819 4037
16191 3527 2856 3761 5242
16192 1530 5134 3196 4068
16193 2166 5823 2171 6051
16194 1673 2220 4819 2219
16195 2857 1377 2856 5242
16196 1544 6062 6059 6095
16197 4817 109 3009 111
16198 789 5795 5637 5992
16199 278 5914 3746 6070
16200 5322 5695 5403 6089
16201 781 5171 785 782
16202 2857 1379 1377 5242
16203 4868 952 3011 4815
16204 5082 4619 1018 5568
16205 5271 5330 5180 5827
16206 1222 5906 5156 1221
16207 2607 4979 4648 5363
16208 1898 5739 1312 5817
16209 4054 1510 4145 5801
16210 1812 1808 2654 6106
16211 3460 5211 4475 6032
16212 477 5810 476 5877
16213 3717 5381 4623 5473
16214 5498 5677 5659 5796
16215 25 26 30 5987
16216 1021 5379 1016 5568
16217 1451 5713 1453 6121
16218 423 1113 421 5834
16219 4039 3834 2680 3835
16220 2381 5427 2437 5996
16221 59 58 1255 5579
16222 4742 5679 4676 5896
16223 3852 2326 1702 5842
16224 3639 1512 2713 5801
16225 536 5833 5101 6196
16226 2879 2550 2547 5617
16227 991 2395 2396 2394
16228 5376 5605 5388 6046
16229 5176 5564 5451 5995
16230 4634 2801 1972 5445
16231 1977 5260 1979 5401
16232 4498 5042 4905 5841
16233 3178 3293 1743 3180
16234 2827 4478 2914 5732
16235 4234 5010 5011 5334
16236 5557 6051 5352 6107
16237 3178 3180 1743 3179
16238 3184 3183 3186 5474
16239 3759 465 467 5847
16240 992 2395 5607 989
16241 3407 2255 3406 6092
16242 1453 5713 5489 6121
16243 3323 1342 917 5460
16244 5019 4427 5018 4428
16245 4505 1653 4712 5411
16246 5365 5392 5230 6224
16247 5488 5492 5443 5555
16248 4324 5226 4323 5702
16249 4238 4103 4239 5826
16250 5176 5392 5193 5481
16251 2059 2060 1403 2058
16252 3997 5074 3998 3995
16253 3445 5213 4546 5457
16254 5168 5389 5354 5394
16255 5388 5751 5456 6046
16256 5388 5456 5376 6046
16257 2973 5498 2976 5675
16258 5624 1771 5119 4744
16259 5879 6181 4938 6211
16260 1045 1570 1044 6027
16261 4563 2521 4564 5949
16262 1104 5169 1337 5023
16263 3583 6109 3582 6167
16264 2393 3406 4904 5776
16265 2060 2058 1405 1403
16266 557 2405 2407 6026
16267 2396 2395 991 990
16268 839 4617 2577 6144
16269 2407 2405 2406 6026
16270 4704 4705 766 5377
16271 4819 5560 5210 5614
16272 4617 4616 2577 6144
16273 5312 5546 5164 5724
16274 1112 5832 1116 5926
16275 1113 5832 1112 5926
16276 2556 5400 1200 5401
16277 5222 5699 5223 5794
16278 3328 4068 3329 4427
16279 2681 2680 4038 5268
16280 2007 5948 5830 6093
16281 4976 2250 3212 4775
16282 998 3440 3436 5576
16283 4750 3148 5698 5934
16284 5196 5834 5833 6003
16285 3969 1767 4399 2399
16286 5172 5697 5327 5941
16287 5220 5531 5210 5564
16288 2716 4907 4910 4911
16289 586 585 1915 5868
16290 4524 5581 4838 5961
16291 2608 5586 2606 2605
16292 5442 5619 5230 6133
16293 237 2938 2937 5675
16294 3293 3181 438 5605
16295 3515 5743 6011 5835
16296 5590 4735 5173 5258
16297 4610 5214 1569 5448
16298 1032 5969 4491 6082
16299 2759 4451 4531 1846
16300 4910 2515 2716 5686
16301 2814 4189 4188 2815
16302 301 1776 1775 5279
16303 5204 5871 5227 6177
16304 1113 1112 4011 5926
16305 2946 3124 3774 5758
16306 5295 5328 5279 5888
16307 4671 2627 4672 5440
16308 545 1759 2800 5206
16309 463 466 464 5857
16310 2859 5501 567 5601
16311 2623 787 5909 784
16312 5790 5846 5304 5873
16313 3496 2618 967 5989
16314 5306 5725 5721 5756
16315 1171 501 1165 5345
16316 5577 5880 5388 6221
16317 3737 5360 4821 5814
16318 3798 3797 378 5962
16319 5354 5586 5494 5609
16320 2568 4556 2567 6201
16321 2519 3917 2520 5675
16322 1265 1266 2416 4190
16323 3995 5456 3998 6009
16324 6059 1544 1545 6062
16325 5544 683 682 5169
16326 1370 5882 5534 6012
16327 5442 5715 5455 6173
16328 1744 438 1742 5605
16329 3718 5473 3592 6221
16330 1299 5594 3219 5679
16331 758 2866 2867 5892
16332 2435 6017 2438 6044
16333 3514 976 975 6060
16334 3407 6092 3406 6193
16335 1946 5752 5426 5968
16336 2328 5500 5398 6039
16337 998 997 1003 4675
16338 2011 5359 5349 6147
16339 483 482 481 4565
16340 635 1406 1409 6087
16341 2873 5668 5658 6183
16342 345 5918 5826 5998
16343 3376 5191 2636 5634
16344 293 5214 5172 5649
16345 4504 5229 4502 6099
16346 4282 4281 1998 5241
16347 5433 5660 5340 6008
16348 2624 5638 4671 5909
16349 1525 1529 1291 5443
16350 3994 5722 2567 6046
16351 4895 2308 2243 5493
16352 5304 5665 2360 5873
16353 5057 3319 3632 5437
16354 5477 5542 5471 5615
16355 6130 1139 1140 2813
16356 2792 2791 2790 2789
16357 5166 5248 1957 5658
16358 2568 5945 5661 6029
16359 4935 5465 4521 2689
16360 5462 5714 5271 5910
16361 3409 3410 3406 2393
16362 232 3170 3585 5413
16363 4079 5427 2381 5996
16364 1867 5467 1865 5479
16365 828 5286 829 5371
16366 945 2404 2403 6026
16367 3829 3827 1010 5729
16368 1913 1914 1658 5853
16369 2465 2469 2470 5760
16370 4305 4910 4306 2624
16371 1396 5523 1394 5624
16372 4840 4480 4481 5534
16373 176 172 807 173
16374 5681 5762 5307 6001
16375 922 143 145 5911
16376 5532 5860 1548 6206
16377 5284 5329 5224 5681
16378 5380 5878 5709 6016
16379 2020 1125 1701 5500
16380 4035 4034 1545 6062
16381 4911 2717 2815 5686
16382 347 2335 351 5998
16383 5777 5902 5399 5912
16384 5120 5185 4162 5942
16385 3088 145 922 143
16386 3394 2647 529 5398
16387 5464 2202 1085 5284
16388 5022 5193 111 5574
16389 4631 3133 5910 5462
16390 2425 1648 3753 5179
16391 5178 5218 5176 5995
16392 3603 3606 3743 3741
16393 268 5428 267 5655
16394 3263 5440 3261 4748
16395 1644 3707 1643 6210
16396 5307 5854 2480 6001
16397 803 804 664 5355
16398 4539 5192 2356 5873
16399 479 5952 3885 3884
16400 5258 5432 5393 5794
16401 3317 5434 3318 5528
16402 4911 5609 5048 5766
16403 167 5599 5174 6019
16404 3656 5180 3981 5339
16405 5693 5806 5185 5942
16406 2063 1401 2061 5266
16407 276 278 3270 5888
16408 1569 4610 1568 5236
16409 4347 5658 2873 5668
16410 1125 5398 1701 5500
16411 4553 4554 4533 6067
16412 2480 5307 2483 5854
16413 229 230 228 5413
16414 4188 2717 4189 2716
16415 4189 2815 4911 2717
16416 2644 819 1555 5905
16417 1309 606 612 5548
16418 5359 5590 5177 6138
16419 4385 137 4212 5943
16420 2815 5397 4189 5742
16421 1590 1593 4894 5217
16422 3109 5639 1602 5769
16423 5164 5312 5263 5808
16424 3569 5289 1786 5544
16425 2559 5463 2424 5495
16426 301 5279 299 5602
16427 2606 5586 2608 4958
16428 5314 5835 4126 5948
16429 4001 665 4000 5355
16430 665 3455 4000 5355
16431 4828 2607 2604 4979
16432 803 2752 5027 5355
16433 2754 2753 5115 5355
16434 2753 2754 2749 5355
16435 4370 2523 2520 5187
16436 4189 5397 3431 4271
16437 5197 5320 5182 6187
16438 1916 2211 2666 5540
16439 5218 5399 5298 5777
16440 3406 3409 3407 3410
16441 809 5875 1158 5915
16442 256 257 255 5860
16443 5207 5593 5469 5931
16444 5195 5413 5370 6111
16445 1938 4969 1936 5608
16446 3411 5861 1742 5901
16447 5405 5427 4079 5996
16448 674 5480 788 5610
16449 1960 1797 1189 5374
16450 809 5320 5265 5506
16451 674 673 4751 5610
16452 700 2942 5422 5495
16453 646 5421 644 5642
16454 1475 5908 5663 6115
16455 1257 763 760 5768
16456 2775 2774 2771 5779
16457 4725 4918 2976 5675
16458 3582 232 3585 5413
16459 3332 3330 3331 1000
16460 4320 5422 4504 5866
16461 2073 2070 3699 5827
16462 311 312 4588 5870
16463 141 142 4908 2514
16464 5647 5930 5143 6029
16465 397 1239 1238 5952
16466 3408 4229 4228 2394
16467 5221 5720 5432 5966
16468 3274 3276 4512 5520
16469 5211 5981 5155 6032
16470 1535 5377 1536 5553
16471 2395 991 989 992
16472 2394 5399 2395 5912
16473 3717 4623 925 5473
16474 1389 5429 77 4581
16475 131 5339 130 6042
16476 2424 5239 2559 5495
16477 3131 3132 3129 6089
16478 1931 5673 1929 1930
16479 996 2310 998 999
16480 3774 5240 4688 5472
16481 2241 4871 2242 5493
16482 142 141 144 140
16483 144 141 142 4908
16484 3464 5253 1912 6202
16485 1587 5541 1930 1929
16486 2413 5264 2412 6178
16487 1049 6174 1047 6221
16488 5313 5647 5386 6125
16489 807 174 811 173
16490 661 5381 5313 6088
16491 3903 5395 2082 2081
16492 514 5551 5286 5746
16493 473 5419 899 5633
16494 5372 5587 2641 5629
16495 1056 5179 696 5608
16496 993 1233 1235 1234
16497 3772 5439 5325 5485
16498 2977 5514 5390 5688
16499 4679 2382 1160 5850
16500 1930 1586 4396 5769
16501 3106 3109 3110 5769
16502 3613 5881 600 604
16503 2052 5503 2054 6121
16504 3547 5154 3236 6047
16505 5293 5687 5245 5913
16506 88 1533 73 6189
16507 5049 5336 5050 6184
16508 767 3970 2399 2397
16509 4104 4103 4238 5332
16510 4102 5251 3462 5804
16511 3440 5576 3330 5894
16512 2415 1600 1467 5752
16513 1653 5593 5469 6154
16514 5318 5785 5185 5881
16515 5686 5777 5218 5925
16516 4464 6143 5457 6148
16517 936 2990 5036 5621
16518 508 505 2423 5803
16519 4420 2461 4419 5675
16520 5220 5616 5531 5903
16521 5429 5612 5301 6081
16522 754 758 5150 5892
16523 4000 2753 4001 5355
16524 2928 5220 2925 5903
16525 2376 2379 3644 5544
16526 3971 6102 5648 6156
16527 4918 3917 3916 5675
16528 4969 1649 1936 5608
16529 4847 4324 4848 5760
16530 700 5422 82 697
16531 2708 5918 2706 2075
16532 1588 1592 1593 5217
16533 989 5902 990 5912
16534 2308 1177 2243 5493
16535 4347 2426 2939 5675
16536 5704 5986 5047 6076
16537 4593 4977 4431 5773
16538 2521 2519 2520 5675
16539 4127 5314 975 5982
16540 5181 5411 798 5898
16541 3243 3244 4002 5352
16542 1536 1534 1533 5377
16543 2753 2749 2752 5355
16544 1316 5460 2646 6038
16545 1750 3902 1442 3901
16546 831 5705 5154 5737
16547 4451 5182 2759 4452
16548 2938 3916 2937 5675
16549 3242 3245 3243 5825
16550 643 644 646 6022
16551 5901 6174 5388 6221
16552 804 5141 805 5355
16553 5910 6097 3767 5490
16554 3033 3037 3038 5611
16555 5432 5720 5719 5966
16556 4193 2358 2520 5187
16557 5578 5619 5715 5442
16558 4829 5251 4102 6145
16559 5721 6104 6004 6137
16560 2376 2362 2375 5544
16561 5781 3237 2074 5004
16562 2940 5179 1056 5608
16563 2802 2449 2445 5545
16564 2514 2515 4910 4908
16565 4908 142 4907 2514
16566 4910 4911 4907 4909
16567 4548 2510 3445 5457
16568 1404 5170 1401 5859
16569 2460 2461 4259 5498
16570 2639 5191 1602 5639
16571 1307 5342 1835 5829
16572 879 876 878 5649
16573 5256 5641 5245 5687
16574 5252 5591 5434 5729
16575 3040 5253 3467 5447
16576 5981 6032 5211 6205
16577 3587 3588 2773 3586
16578 990 5902 141 5912
16579 994 5607 3922 1237
16580 3767 5490 6097 5439
16581 2012 5719 2289 6176
16582 4155 4735 5173 5590
16583 4345 3156 4258 6002
16584 5571 1250 1253 5579
16585 237 2427 2938 5675
16586 5257 5365 5262 5521
16587 3947 3944 375 5648
16588 4155 5660 5383 6146
16589 2971 4883 1069 5684
16590 412 2902 414 6035
16591 2488 5293 2480 5687
16592 5709 5878 5273 6016
16593 2376 2363 2362 5544
16594 1792 2383 1726 6205
16595 3745 3746 3744 5914
16596 3586 225 3587 5779
16597 766 5377 765 5553
16598 2363 3570 3569 5544
16599 4647 4690 4689 3437
16600 4489 5563 4490 6004
16601 4894 2638 1590 5217
16602 598 3256 3254 5654
16603 2363 5981 1792 2366
16604 4447 6065 5836 6089
16605 772 770 769 6126
16606 503 5290 2185 5450
16607 5756 5805 5356 5980
16608 5216 5875 5786 5915
16609 5521 6008 5257 6160
16610 5267 5828 84 5961
16611 3438 3437 4647 5807
16612 1001 1002 998 3438
16613 5352 5517 5182 6187
16614 3913 3816 1519 2771
16615 5225 5698 5657 5897
16616 626 5597 622 5917
16617 5212 5625 601 5924
16618 4034 6059 1545 6062
16619 1100 1102 4535 6067
16620 2511 2103 2104 5558
16621 4912 1714 4066 5552
16622 1961 1960 1191 5374
16623 2253 5860 5532 6177
16624 1644 587 5626 5868
16625 5386 5605 5478 6046
16626 5445 5688 1968 5701
16627 4832 4396 1586 5769
16628 5369 6028 5863 6181
16629 81 5495 84 5961
16630 5182 5265 5199 6190
16631 751 5451 756 5995
16632 2218 4534 1196 6067
16633 619 3900 1330 4510
16634 5806 5962 5185 6015
16635 2371 6116 266 6123
16636 3064 5537 5212 3066
16637 5049 6184 4520 4452
16638 5502 5585 5218 5925
16639 5453 5924 3924 5946
16640 4972 4689 4647 4690
16641 3495 1536 5108 5377
16642 1057 5608 698 5917
16643 2395 3410 3409 2393
16644 4911 5686 2815 5742
16645 4452 5336 5049 6184
16646 2620 2619 2621 6083
16647 5736 6059 5238 6062
16648 758 6071 5162 757
16649 5281 5442 5190 5961
16650 5310 6074 5858 6216
16651 1843 3625 3624 3623
16652 5890 5908 3499 6115
16653 638 5708 2444 5854
16654 2522 5668 238 5675
16655 988 5655 5294 5723
16656 4829 5211 3462 5251
16657 601 5453 5212 5924
16658 211 916 6057 3105
16659 110 5481 107 5895
16660 273 6017 2435 6044
16661 5046 5874 4875 6068
16662 1439 5369 3414 5861
16663 4969 1650 1649 5608
16664 4532 5212 601 5453
16665 5313 5381 5363 5473
16666 1001 5576 3436 3437
16667 1198 5289 1197 5400
16668 5033 3873 5703 5545
16669 5216 5686 5205 5742
16670 4512 5231 2443 5520
16671 3818 3563 561 3817
16672 329 5809 174 5915
16673 1047 2082 3175 5683
16674 461 5395 2000 5701
16675 2424 2425 510 5463
16676 1706 419 1707 6003
16677 2075 2076 2706 2707
16678 2075 5827 5269 5918
16679 1825 5584 5253 6119
16680 2475 2476 2477 5429
16681 4316 4315 3271 6070
16682 4647 5788 3438 5807
16683 1742 3411 3413 5861
16684 991 2395 1344 992
16685 1714 1713 1717 5552
16686 2336 5332 2339 5611
16687 469 5857 4266 6101
16688 5412 5785 5678 6190
16689 2494 6105 5695 2496
16690 771 5748 5280 5846
16691 1575 2668 4430 5366
16692 5275 5799 5356 6150
16693 3559 3436 3440 3330
16694 2121 1704 1580 5765
16695 5577 5845 5388 6028
16696 1380 3761 2855 5242
16697 2803 4362 4075 6217
16698 1181 1180 1279 6156
16699 5537 5785 5212 6190
16700 907 5732 5662 5782
16701 697 5597 699 5917
16702 2744 2739 2743 5215
16703 2559 5239 2833 5250
16704 3597 3991 3598 5231
16705 3483 3482 3608 5223
16706 1088 5446 875 5464
16707 1048 3177 1748 5683
16708 1759 1760 1757 5184
16709 1264 6208 1106 3130
16710 959 2090 962 5185
16711 370 5161 4735 5258
16712 3066 5785 185 4622
16713 4349 6135 4352 4351
16714 4883 4885 4728 5684
16715 544 540 543 539
16716 2135 6002 3022 6203
16717 2663 2668 1574 5366
16718 4968 5325 3135 5771
16719 3787 5267 4429 5828
16720 2597 5703 5033 3873
16721 3247 2962 2232 5483
16722 2289 5642 2012 6176
16723 1048 3175 3177 5683
16724 5217 5181 5898 5191
16725 3067 3074 3071 3068
16726 5706 5760 2468 6083
16727 3176 1048 1748 5683
16728 2310 997 2309 996
16729 5499 3649 4681 5958
16730 1346 5733 1345 1349
16731 4685 2439 686 5800
16732 2251 853 2256 2963
16733 5196 5832 5765 5834
16734 1172 1174 1177 6150
16735 4825 5483 5166 5668
16736 901 5782 906 907
16737 5925 4910 5047 5704
16738 2269 6220 2768 6228
16739 4512 2442 2443 5231
16740 268 320 986 6132
16741 5193 5616 5220 5886
16742 5376 5605 1740 6028
16743 1252 5385 1385 363
16744 5294 5851 5427 5996
16745 5765 5948 2119 6011
16746 784 782 787 5909
16747 4590 5072 5073 5876
16748 4022 3333 4493 1351
16749 3139 1716 2948 2951
16750 5059 4388 525 6162
16751 3696 5200 3692 5259
16752 745 3000 3001 6195
16753 2554 1979 1977 5260
16754 4995 5006 3389 6091
16755 3071 3452 4423 5540
16756 4665 897 3821 5232
16757 363 3330 3333 4493
16758 5389 6098 5168 6115
16759 3242 3241 3243 3245
16760 1846 3624 1849 1843
16761 4385 5343 4386 5943
16762 1014 5471 3335 5542
16763 5641 4639 5511 5423
16764 1196 1199 1197 5543
16765 5312 5546 1735 5808
16766 5432 5966 5719 6176
16767 3900 177 175 172
16768 5708 5762 5517 6161
16769 3483 5223 1489 5515
16770 1683 5074 1680 5862
16771 5729 5957 1011 1012
16772 5162 5527 5419 5841
16773 1261 6208 1264 6228
16774 5713 1449 1451 1450
16775 3626 3625 1843 3623
16776 5860 5872 333 6155
16777 3241 3245 3242 2760
16778 4757 5901 1051 6174
16779 1106 6208 1261 6228
16780 1428 1433 1430 6172
16781 103 2811 104 5606
16782 1323 5774 1321 6170
16783 2842 5486 4643 6036
16784 5245 5657 5246 5922
16785 5393 5780 5538 5802
16786 278 279 4485 5327
16787 4382 5774 3545 5842
16788 2480 5293 2487 2486
16789 5287 5470 5434 5957
16790 702 5422 82 701
16791 1379 4280 2996 5278
16792 3438 1001 3437 5576
16793 3333 3330 363 3331
16794 4553 4008 770 6067
16795 3258 4672 2627 5440
16796 3626 3623 1843 1848
16797 5626 587 1644 5147
16798 1537 1531 1538 5671
16799 421 5353 1708 5834
16800 391 5738 395 5773
16801 4751 5278 3110 5769
16802 2032 5574 3046 5895
16803 4967 5189 552 5548
16804 1163 4002 3243 3244
16805 5295 5328 5327 6070
16806 2773 3588 3587 2777
16807 2081 5395 2080 5753
16808 551 1309 550 5548
16809 1565 1564 3744 5236
16810 909 5794 5222 6138
16811 5092 561 3818 3563
16812 3562 561 5092 3563
16813 2755 4859 2756 1845
16814 5442 5715 59 58
16815 1630 1518 1632 5351
16816 1743 5955 1739 6096
16817 1291 5134 1296 5482
16818 1266 5716 2384 3434
16819 3913 2771 1519 2772
16820 635 1409 191 6087
16821 2774 5770 3813 2776
16822 5052 6208 4446 6228
16823 3040 4238 4239 5826
16824 3816 2771 3913 2772
16825 3913 2776 3816 2772
16826 2776 2771 3816 2772
16827 2501 5933 5203 6072
16828 4802 4803 4800 5714
16829 1163 3244 3243 4003
16830 2181 679 2178 6188
16831 671 2944 2946 672
16832 993 995 989 5902
16833 407 5566 5416 6019
16834 2875 5232 5009 5474
16835 5124 5635 5093 5724
16836 5646 5860 2253 5864
16837 1152 5132 5496 5624
16838 2063 2061 2062 5266
16839 4995 5006 1897 5817
16840 2905 4326 3647 5331
16841 1989 2665 1990 5860
16842 5476 5738 2667 5773
16843 2370 6123 2369 644
16844 1309 551 552 5548
16845 2425 5803 2421 2423
16846 1130 5904 1128 6073
16847 1221 5906 5516 6135
16848 296 297 292 5183
16849 4488 5663 4289 6098
16850 3568 1917 5532 778
16851 6087 634 628 629
16852 4002 3244 1163 4003
16853 3538 3541 3712 5879
16854 3724 3726 3725 5974
16855 4066 3636 1406 6087
16856 453 712 3169 5976
16857 628 635 6087 633
16858 635 4067 1406 6087
16859 422 421 418 5834
16860 3873 572 577 5225
16861 2454 5332 346 5826
16862 3289 5820 3282 2051
16863 225 5382 4176 226
16864 5540 5626 2193 5868
16865 4313 4312 4044 5277
16866 5253 5584 1825 5976
16867 2892 3808 2890 5474
16868 4311 4310 4738 5277
16869 2193 5626 586 5868
16870 1821 5826 1818 3040
16871 3620 508 2422 6094
16872 4363 3955 3956 2171
16873 5174 5502 5210 5599
16874 1708 5834 5824 6003
16875 1909 5301 1904 5853
16876 274 5294 2094 5723
16877 2717 5686 2716 5902
16878 5191 5371 5286 5705
16879 5203 6020 5343 6072
16880 54 55 4524 58
16881 4138 5538 4957 5780
16882 5767 5841 5162 6071
16883 1019 1673 1674 1676
16884 4515 5173 3681 5458
16885 526 5781 5375 6162
16886 5180 5681 5271 5910
16887 4312 5575 5468 5696
16888 4141 4140 3558 5161
16889 5004 5269 2708 2075
16890 5084 507 840 5239
16891 1736 5374 1194 5582
16892 4433 2603 4270 5381
16893 5019 5228 4428 5694
16894 5343 6020 5730 6072
16895 647 643 646 6117
16896 2420 3967 2419 6157
16897 648 643 647 6117
16898 5234 5276 5197 5351
16899 3139 2204 2948 5310
16900 4929 5571 2696 4927
16901 5163 5517 5464 5789
16902 5248 5483 4883 5658
16903 784 2623 783 5909
16904 4106 3171 3173 5787
16905 5936 5959 5091 6061
16906 4972 4689 4971 4973
16907 5115 805 5141 5355
16908 5450 6095 5160 6164
16909 2342 6150 2345 2344
16910 3106 3107 4396 5769
16911 279 5327 278 5737
16912 2088 2087 442 5737
16913 4638 5641 1807 5741
16914 3499 5396 3502 6023
16915 1692 1688 4804 6041
16916 226 4966 3008 5382
16917 2956 5190 2696 5291
16918 3406 2393 3410 6193
16919 2032 5315 2031 5574
16920 5851 5954 5530 6102
16921 3438 1004 998 6118
16922 345 5332 347 5998
16923 3707 6108 3805 261
16924 3933 5595 4484 5737
16925 346 5332 345 5826
16926 5884 5889 5585 6124
16927 2745 5300 101 5489
16928 1499 5455 5267 5961
16929 3410 5399 2394 6193
16930 1849 3624 4014 1843
16931 2335 347 2516 5611
16932 767 766 761 5553
16933 3244 3245 1522 5786
16934 2755 4859 1845 1843
16935 5185 5942 5806 6015
16936 347 5611 2335 5998
16937 4138 4957 4595 5780
16938 5170 5365 1526 5558
16939 84 5828 81 5961
16940 4647 4689 4972 4973
16941 5239 5463 510 5491
16942 1595 6055 1594 6060
16943 4004 1864 6191 5923
16944 350 3036 3035 5998
16945 4610 1569 3739 5448
16946 3062 5453 601 5924
16947 5789 5923 5757 5565
16948 3706 4977 5128 6069
16949 2726 429 428 5360
16950 4419 5498 4420 5675
16951 5334 5726 5454 6166
16952 2815 618 613 2717
16953 5298 5777 5613 5995
16954 1576 1991 1990 5860
16955 5320 5352 5182 6187
16956 5499 5572 5417 5958
16957 2177 4308 2174 6184
16958 223 220 4882 4973
16959 5404 5582 5263 5808
16960 3378 5939 5308 6006
16961 899 5526 402 5643
16962 1302 5464 4514 5789
16963 917 5460 1342 5536
16964 223 221 220 4973
16965 221 4646 220 4973
16966 5176 5316 5193 5392
16967 3103 5817 5739 6091
16968 2338 2341 157 6202
16969 5182 5197 5163 5199
16970 1691 5521 3264 6213
16971 5393 5421 5302 5718
16972 4183 4100 4180 5233
16973 2182 2184 4049 5450
16974 2743 4945 4546 4547
16975 4025 174 332 331
16976 613 618 2815 617
16977 5811 4369 1505 1506
16978 5419 5617 405 5734
16979 613 5333 2815 2717
16980 1989 1992 335 5860
16981 3115 3792 3794 5509
16982 5507 5673 5444 6100
16983 5216 5234 5205 5686
16984 1581 1580 1579 5929
16985 2697 6013 2732 1688
16986 1622 5658 288 5676
16987 5320 5352 3244 5825
16988 5746 3405 5286 514
16989 2272 4471 5078 6220
16990 6060 5982 5630 2388
16991 4308 5844 2174 6184
16992 1849 1843 4014 1848
16993 4240 5940 752 6200
16994 1556 2498 2500 1558
16995 4520 4518 4448 6184
16996 5757 5923 5789 6187
16997 1863 3081 3082 6191
16998 3796 5964 5438 3795
16999 2039 5741 1807 6090
17000 208 211 1343 5778
17001 1804 5535 1803 1805
17002 4943 3304 3306 5964
17003 4245 3495 4421 5377
17004 4859 2759 2755 2758
17005 1677 1678 2926 5903
17006 5350 5382 5309 5779
17007 2732 5153 4804 6013
17008 2800 3638 3637 5184
17009 329 5878 330 5915
17010 3622 662 4623 661
17011 888 5864 850 5872
17012 353 5341 358 5755
17013 2757 2760 1843 1847
17014 1843 2760 2757 2755
17015 3500 3499 3502 5889
17016 2757 1843 1845 1844
17017 6012 5879 3538 3539
17018 5344 5742 5205 5840
17019 5905 5921 4481 5947
17020 5296 5230 5442 5579
17021 2137 4726 763 5768
17022 1341 3964 1343 5778
17023 1466 4580 4568 5426
17024 4326 4325 3267 5331
17025 809 5915 807 808
17026 5365 5521 5257 6148
17027 4001 2753 2752 5355
17028 2434 6017 2380 2438
17029 5193 5574 104 5606
17030 2604 4979 2607 5363
17031 5333 5373 5292 5686
17032 1723 1724 1725 5211
17033 5093 5124 5129 5635
17034 608 428 2019 3918
17035 4337 5247 4235 5656
17036 4568 4566 4833 5426
17037 2446 5293 2447 6214
17038 4550 5749 4549 6184
17039 4134 4926 2133 6179
17040 2989 931 2987 6166
17041 2888 5449 2843 6036
17042 4475 4829 4626 6145
17043 1743 5369 3712 6096
17044 3246 2239 2971 5684
17045 4420 4725 3209 4723
17046 2589 3583 2957 6109
17047 2065 5475 3105 6057
17048 5272 5454 5412 5550
17049 5342 1926 5801 5936
17050 5161 5258 368 5953
17051 4589 5874 4659 5876
17052 3033 3038 3034 5611
17053 894 5232 899 5643
17054 3917 4725 4419 5498
17055 594 5677 598 6185
17056 333 5872 4645 6171
17057 3643 5811 1505 4368
17058 2131 6002 2135 6203
17059 2803 6161 4362 6217
17060 5882 5921 5456 6045
17061 535 5833 536 5929
17062 3243 1162 3242 5352
17063 4112 4391 1399 114
17064 3032 3033 3034 5611
17065 112 5380 117 116
17066 5541 5769 1930 1929
17067 615 613 614 750
17068 5631 5870 4588 5871
17069 2116 5669 1626 5676
17070 2717 2716 4910 4911
17071 3813 3816 5770 560
17072 546 549 550 5338
17073 5702 5760 5226 5994
17074 5038 5880 5730 6159
17075 4490 3101 3100 5259
17076 5206 5514 5357 6134
17077 5791 5827 3699 5858
17078 4404 5587 2642 6075
17079 3677 856 4140 5161
17080 366 856 369 5161
17081 383 650 652 5406
17082 4221 4223 981 5311
17083 113 112 118 114
17084 4702 4234 4701 5334
17085 1667 5297 1666 5515
17086 4420 4723 4259 5498
17087 3892 1852 3893 6042
17088 4628 4373 2357 4371
17089 5413 6109 5761 6167
17090 2460 4259 74 5498
17091 3138 4322 4729 4730
17092 5312 5404 5263 5808
17093 5678 6165 5412 6190
17094 2337 2336 2339 5611
17095 5626 5646 4422 5876
17096 73 1710 74 5553
17097 3422 468 4266 6101
17098 3048 4572 95 5612
17099 4512 3276 4630 5520
17100 4327 4325 2905 5331
17101 1626 5676 1622 2116
17102 2459 2461 2460 5498
17103 3706 5366 4431 6069
17104 4485 5914 5327 5916
17105 5151 5916 3938 5928
17106 2972 5685 5498 6185
17107 3638 2800 1758 5184
17108 681 5414 1620 6222
17109 5949 4564 2960 5233
17110 4481 5882 4480 5947
17111 2815 5333 2814 5397
17112 5527 4866 4905 5841
17113 3890 4425 3888 5192
17114 1309 1308 548 5319
17115 3184 5232 3821 6130
17116 1570 2566 964 6083
17117 1686 5601 2697 6013
17118 105 5481 110 5574
17119 4933 4482 4827 5944
17120 332 174 4025 2817
17121 2182 5285 2183 5450
17122 5077 4036 1639 5268
17123 2221 1962 1964 1965
17124 4771 5693 4774 5942
17125 5191 5634 3376 6049
17126 5392 5539 5209 5644
17127 4249 4251 4254 5763
17128 2814 3431 4188 4189
17129 3288 3286 1525 5443
17130 5730 6020 5880 6221
17131 2848 5597 2849 2850
17132 617 2817 2815 613
17133 2400 763 4726 5553
17134 5506 5709 5380 5878
17135 2073 5693 2316 5999
17136 4165 5922 5897 6114
17137 4426 2894 2101 5573
17138 1697 2154 3849 5950
17139 2191 5233 17 2901
17140 4571 5280 3001 6195
17141 5185 5341 959 5648
17142 221 222 177 5382
17143 4676 4742 4740 5679
17144 3794 5509 3796 6117
17145 3460 1727 6121 2053
17146 3430 4025 331 3429
17147 2338 2336 2337 5611
17148 617 615 2817 613
17149 3040 5332 4238 5826
17150 5196 5475 5418 5587
17151 3110 4458 3269 5378
17152 1430 5947 1428 6172
17153 3110 5278 4751 2995
17154 1200 1198 1197 5400
17155 4439 4158 2010 6147
17156 619 616 613 750
17157 4058 5557 4005 4056
17158 5346 5736 5230 6095
17159 1290 5482 3193 5592
17160 5354 5363 5313 5381
17161 2617 5966 3114 6223
17162 406 5419 404 5841
17163 4895 5799 5493 5830
17164 3308 3307 3309 5217
17165 896 3839 1941 6053
17166 3767 5439 5201 5325
17167 4643 318 3090 5486
17168 2447 2488 639 5854
17169 824 5211 1790 5251
17170 367 368 366 5161
17171 386 384 2690 388
17172 1533 88 1531 5553
17173 4420 4419 4725 5498
17174 329 4497 330 5878
17175 2539 5265 5182 6190
17176 3109 3106 3108 5769
17177 2983 1246 1242 5784
17178 2807 2804 2806 5545
17179 174 5809 4025 2817
17180 4179 4180 3247 5233
17181 4183 2525 4100 5233
17182 5947 6012 1428 6172
17183 1843 3623 3624 1848
17184 173 811 327 174
17185 5679 5594 1298 1299
17186 4522 2825 2824 5907
17187 4012 6038 2648 6112
17188 5255 5626 4422 5876
17189 5172 5914 3748 5916
17190 1330 1332 616 4510
17191 5327 5914 5172 5916
17192 2864 4501 3007 6198
17193 808 5382 3008 4966
17194 1385 3559 3330 5894
17195 175 615 174 332
17196 4022 1351 1350 5956
17197 263 1609 1611 5865
17198 3572 1014 3571 5615
17199 2957 5852 2589 6109
17200 2978 3967 2977 3965
17201 1047 68 5038 6221
17202 1662 379 381 5960
17203 5728 6017 5441 6182
17204 5182 5726 4549 6190
17205 5350 5576 5373 5788
17206 2817 5333 2815 613
17207 172 174 615 5915
17208 5178 5346 5316 5365
17209 4191 6098 1133 4289
17210 381 2508 3232 1662
17211 5190 5291 5281 5736
17212 1602 4093 3109 5769
17213 5544 5981 5155 6077
17214 2174 5844 2177 6184
17215 4222 5371 5311 5931
17216 72 6020 67 6072
17217 1548 5860 255 6069
17218 1932 5507 5449 6100
17219 3624 3623 4014 1848
17220 1548 255 3706 6069
17221 616 750 619 4510
17222 1330 616 619 4510
17223 1331 1330 4510 1332
17224 933 4691 2438 6182
17225 67 6020 5203 6072
17226 1839 5031 2042 5959
17227 4014 1843 3624 1848
17228 1172 2346 1175 1174
17229 4396 3108 3106 5769
17230 4977 4593 1367 5773
17231 67 5203 72 6072
17232 4942 4788 5964 6117
17233 5532 6136 5620 6206
17234 5567 5569 5517 6187
17235 5320 5727 5352 6187
17236 5395 6072 5692 6207
17237 3992 5731 1589 6100
17238 4524 5961 1499 1501
17239 1847 1843 3626 3627
17240 2828 5856 5732 2827
17241 3626 1843 1847 1848
17242 5463 5583 5177 5951
17243 5409 5994 5969 6082
17244 1135 5904 4570 6073
17245 645 2289 2290 5642
17246 2350 5466 2148 6086
17247 2581 5672 5575 6144
17248 1743 1741 3712 5369
17249 4817 108 109 5606
17250 2977 2418 3967 6157
17251 2826 5732 2828 2830
17252 3110 4751 3269 2995
17253 5167 5285 1170 5430
17254 2533 5596 5488 5736
17255 268 5655 270 6132
17256 5772 5957 5528 6054
17257 6087 632 633 5120
17258 525 4388 526 5375
17259 2328 1701 1702 5398
17260 2480 6001 2485 6140
17261 3918 605 609 608
17262 5559 103 108 5606
17263 5376 5955 5534 6096
17264 3215 3217 625 5597
17265 1048 1050 6159 5683
17266 4005 4436 1162 6107
17267 4668 5299 4474 5640
17268 4692 2744 3687 5443
17269 2667 5738 391 5773
17270 3205 3342 937 5341
17271 3126 5879 3537 6220
17272 4102 3462 4830 5804
17273 3500 5889 5662 6163
17274 5258 5458 5384 5583
17275 2781 5427 5405 2092
17276 5230 5291 1250 5385
17277 5287 5957 5772 6169
17278 2196 5167 5160 5979
17279 3746 5914 5637 6070
17280 2579 5575 2581 5672
17281 2674 2141 2140 5796
17282 2014 2009 2015 5953
17283 5620 5227 5891 5883
17284 5268 5717 5219 5985
17285 5330 5375 522 5781
17286 3350 6042 3892 3351
17287 1497 5200 1494 5970
17288 3733 5338 1563 5600
17289 5254 6098 5663 6115
17290 931 5754 933 6166
17291 3622 654 662 6180
17292 5207 5990 5593 6047
17293 4370 2358 2357 5790
17294 753 755 751 5451
17295 3622 6128 3432 3428
17296 1812 5978 1813 6106
17297 5275 5587 5372 6196
17298 5274 5412 5212 6186
17299 1529 5134 1291 5346
17300 5050 5049 4055 5336
17301 95 653 90 5301
17302 4651 5363 4649 5901
17303 3350 5310 3656 5339
17304 212 2642 6075 2068
17305 1759 5206 2801 5514
17306 3996 5722 135 3994
17307 2397 2400 74 5768
17308 3558 4140 856 5161
17309 4133 5569 4679 5850
17310 2623 5440 4671 5638
17311 1291 3288 1525 5443
17312 1220 1222 5156 1221
17313 5469 5645 5207 5705
17314 3091 5641 313 6090
17315 4219 3590 4220 2478
17316 5451 5502 5220 5178
17317 68 6020 5730 6221
17318 731 879 729 5411
17319 1911 1912 1658 5406
17320 2077 2082 68 2078
17321 1971 5514 1972 6134
17322 2944 2946 3774 5240
17323 3483 4282 1666 5515
17324 6072 6181 1556 6211
17325 1283 5900 3168 3350
17326 945 2781 5427 4079
17327 2249 2250 4775 3211
17328 5607 1234 994 989
17329 4482 5312 4827 5944
17330 4673 5241 4281 5515
17331 4210 4822 4211 4385
17332 5609 5704 5494 5986
17333 79 3592 71 3593
17334 1095 5345 1097 497
17335 2606 3432 4270 5522
17336 514 5746 3227 511
17337 5906 1223 2414 4470
17338 657 658 656 6079
17339 3501 5717 3500 6163
17340 1760 693 689 690
17341 3658 5375 5036 5454
17342 4565 5174 5171 6056
17343 352 2632 950 5415
17344 4112 5707 3923 4391
17345 2879 5572 1461 5667
17346 2836 3414 2835 2839
17347 5215 5346 5213 5443
17348 5593 5650 5469 5931
17349 4564 2521 4563 5668
17350 808 172 176 5382
17351 4969 5179 1647 5608
17352 3247 4179 4564 5483
17353 4698 4700 4145 5319
17354 2835 3414 2836 1438
17355 4968 4177 4178 5325
17356 1569 5214 3043 5448
17357 3431 3429 3427 5932
17358 637 642 638 5854
17359 5537 4113 3923 5453
17360 681 4550 2177 5749
17361 2101 2099 2100 5391
17362 2004 6004 977 6060
17363 2047 5091 2801 6061
17364 1141 5643 1137 6053
17365 5440 5465 3262 5907
17366 4925 1293 1294 4637
17367 101 1785 2745 5489
17368 1997 3092 3093 5484
17369 1062 6098 1486 1061
17370 654 6180 656 662
17371 4057 4059 5336 4056
17372 3457 5913 487 485
17373 4071 704 703 5319
17374 6056 5047 5925 5171
17375 95 2474 1145 5429
17376 2395 5733 5607 5902
17377 5646 5860 261 6108
17378 1648 5179 2425 5608
17379 2393 5733 5399 5776
17380 4904 5776 4903 1345
17381 5277 5448 5214 5696
17382 4336 179 939 5318
17383 1112 1113 1114 5832
17384 336 334 338 6215
17385 2911 107 106 5481
17386 3829 1013 5615 5946
17387 6087 891 2110 5387
17388 4844 138 1830 1833
17389 4324 5702 3700 5760
17390 641 5712 4810 5854
17391 809 808 4176 5382
17392 3114 2617 2616 5966
17393 620 5597 5529 5917
17394 2645 820 819 5947
17395 1981 1201 5145 5666
17396 2633 3822 951 5415
17397 1310 5357 1309 5514
17398 4471 6172 5078 6220
17399 5610 5747 2946 5758
17400 673 2999 4751 5610
17401 4107 5735 4109 4110
17402 172 808 807 5915
17403 5480 5637 5580 5795
17404 4051 2184 2185 5555
17405 2105 5573 5558 6143
17406 2849 627 626 5597
17407 4447 5836 4444 4446
17408 3332 5292 3330 5576
17409 1941 3182 3184 6130
17410 3058 5288 3059 5359
17411 3889 5192 3888 5424
17412 5301 5988 5853 6081
17413 3572 1416 2319 3571
17414 3165 1416 1417 3571
17415 3761 5472 3762 3760
17416 5302 5393 644 5421
17417 2178 6188 6165 6204
17418 5884 6056 5358 6076
17419 1142 5429 1145 2477
17420 1013 1014 5615 5946
17421 5319 5936 704 6061
17422 3427 6016 3428 6025
17423 5755 5996 5427 6017
17424 5536 6037 916 6103
17425 1461 5617 5572 6142
17426 545 705 1759 5206
17427 5164 5417 5312 5958
17428 3040 5611 5332 6052
17429 1759 705 704 5206
17430 5210 5531 1639 5599
17431 6139 5299 1360 1359
17432 532 538 533 5799
17433 5717 5889 3500 6163
17434 3165 5542 3164 3160
17435 5306 5857 5563 6024
17436 3218 5690 4074 5703
17437 1216 1219 1453 5503
17438 5017 5228 1404 5859
17439 4790 3748 5151 5941
17440 3982 3503 5143 5396
17441 5392 5618 5539 5644
17442 5086 4721 2975 5685
17443 220 221 177 5350
17444 3262 5465 5440 6010
17445 1512 4146 4699 5811
17446 4110 4809 4808 4873
17447 4729 1716 5226 3139
17448 961 4652 957 962
17449 5340 6041 6008 6099
17450 5617 1461 2879 2550
17451 4189 2815 2814 5397
17452 964 1203 1202 5408
17453 3077 5478 5904 3078
17454 3923 5707 117 4391
17455 1049 1047 5038 6221
17456 3062 5453 3066 4532
17457 1583 563 1387 5385
17458 5487 5865 5202 6123
17459 689 693 1760 2001
17460 2465 2620 2466 6083
17461 828 449 827 5286
17462 570 5501 5264 5622
17463 3425 5933 2932 2002
17464 3184 6130 5539 5232
17465 973 5982 975 6060
17466 698 5608 696 5917
17467 1100 1099 1102 5289
17468 814 5984 456 812
17469 4667 5408 2654 6119
17470 4429 5267 2056 5455
17471 514 3989 829 5286
17472 5333 5809 5216 5915
17473 2876 4502 5229 6008
17474 3481 5222 3607 5699
17475 3148 5698 3120 4750
17476 5923 6095 6059 6164
17477 5389 5647 5396 5890
17478 2973 5504 3611 5759
17479 2950 5528 1324 6054
17480 5226 5760 5706 5994
17481 3748 5916 5151 5941
17482 4126 3514 3543 5314
17483 969 2621 2618 5989
17484 5712 639 2488 5854
17485 3982 3502 3503 5396
17486 2170 6051 3574 6107
17487 1427 4480 5085 5882
17488 5169 5289 1105 5544
17489 693 3426 694 3722
17490 351 3036 350 5998
17491 2002 689 2001 693
17492 5350 5770 5461 5807
17493 1242 5784 1246 5990
17494 5447 6007 5702 6083
17495 83 5828 3788 6064
17496 4085 1955 4084 5323
17497 460 459 6207 458
17498 2038 5329 1806 2039
17499 3053 3048 3052 3047
17500 4622 184 4336 5318
17501 2253 5819 2256 6171
17502 2009 2010 2011 5349
17503 4523 2825 4521 6058
17504 461 6207 460 2000
17505 1489 4673 5520 4281
17506 3564 4211 4212 4385
17507 80 72 3565 4822
17508 5333 5686 5216 5742
17509 780 776 1960 5331
17510 3405 663 3268 5328
17511 859 5173 4155 4735
17512 1162 1161 2170 5352
17513 4712 732 731 4917
17514 1583 5570 1387 5571
17515 4827 5312 1956 5944
17516 3058 1878 3061 5720
17517 5286 5968 5311 6049
17518 5538 5642 645 5780
17519 462 72 459 458
17520 1215 3092 1186 5484
17521 653 4572 3048 5301
17522 6006 6048 5630 6111
17523 3342 1258 938 5341
17524 5792 6051 5557 6107
17525 1684 5478 4839 4953
17526 5663 5798 4289 6098
17527 1177 2308 538 5493
17528 1349 5733 1345 5776
17529 5183 5916 5327 5941
17530 840 5239 507 5523
17531 1460 5404 4085 5617
17532 1555 818 1559 5905
17533 5134 3197 1296 5482
17534 1873 1109 1111 6175
17535 3975 1709 1708 6003
17536 4909 5638 5047 5986
17537 3835 5268 2679 5614
17538 71 3592 70 3718
17539 78 69 80 67
17540 1319 1320 1317 5838
17541 1348 5632 310 6133
17542 2312 373 5942 2314
17543 2445 5246 2446 5545
17544 80 69 78 79
17545 1252 5291 1387 5385
17546 2344 6150 5275 6168
17547 4517 4608 3845 5384
17548 1704 5765 2121 5832
17549 5243 5582 5331 5808
17550 2610 5766 4958 2608
17551 1689 6148 1691 6213
17552 2678 3836 2679 5402
17553 5483 5668 2962 6183
17554 3632 5471 5348 5542
17555 4191 5254 4289 5664
17556 3205 937 358 5341
17557 561 3817 3561 5807
17558 694 5740 3722 6105
17559 1387 563 1252 5385
17560 978 5414 181 183
17561 5705 5931 830 6047
17562 1984 5156 2163 5519
17563 4027 4026 5623 4029
17564 5554 5674 5283 5763
17565 1304 5750 1305 5829
17566 4012 2132 3019 6203
17567 5310 5339 3351 5900
17568 1985 2163 590 5519
17569 533 534 532 5830
17570 5018 4428 1530 5694
17571 5441 5754 5412 6204
17572 309 5632 5578 5956
17573 1732 1738 1730 5808
17574 1969 5688 1447 1448
17575 3964 5852 2958 5939
17576 5556 5662 901 5732
17577 1904 5301 1905 5406
17578 1917 5532 778 6136
17579 1094 6015 2612 2611
17580 505 5523 5491 6094
17581 1897 5006 4995 6091
17582 2073 2074 2071 5827
17583 5200 5970 3100 6104
17584 4040 4044 4043 5696
17585 2007 6055 5948 6093
17586 3060 3061 1878 5720
17587 546 548 547 5357
17588 438 5605 3181 5904
17589 4035 1545 2538 6062
17590 5913 6114 5245 6199
17591 5179 5422 5340 5495
17592 5312 4482 5124 5635
17593 4848 4324 3700 5760
17594 5287 5410 5261 5528
17595 3223 3221 3222 5490
17596 5048 4189 4271 5397
17597 5234 5736 5351 6095
17598 2520 5187 2523 5949
17599 2417 6157 1110 6175
17600 2399 767 3969 3970
17601 141 5686 5777 5912
17602 2121 2122 1116 5832
17603 1341 1340 1339 5778
17604 1929 5507 1932 6100
17605 3388 2051 3289 2810
17606 6111 6060 326 6055
17607 4411 4582 1830 1831
17608 4570 5904 3077 6073
17609 4703 5708 2799 5854
17610 505 5803 508 6094
17611 4313 836 4312 6144
17612 1241 1238 1239 5952
17613 5496 5624 5359 5951
17614 4419 2461 4563 5675
17615 321 326 322 5324
17616 570 5264 2561 5622
17617 4411 1831 1830 138
17618 5196 6003 5418 6112
17619 1608 5487 1612 1611
17620 5577 6174 5880 6221
17621 3767 5490 3485 6131
17622 5440 5354 5586 5363
17623 3098 1596 3099 5970
17624 2684 1009 2685 5924
17625 5775 1271 1267 5837
17626 2442 3597 1335 5885
17627 308 309 307 5632
17628 2362 5544 2364 6122
17629 5239 5951 5463 5963
17630 2873 2869 2871 5675
17631 3400 2819 2320 5612
17632 5299 5713 5155 5983
17633 2639 5639 3109 4832
17634 3844 5301 5853 495
17635 5389 5862 5386 5887
17636 1110 6157 5920 6175
17637 1702 1694 1697 5398
17638 3878 5365 5170 5558
17639 1112 4220 1927 5926
17640 83 3789 3788 5828
17641 2901 3246 2897 5684
17642 4027 5587 6003 4028
17643 2043 2042 2047 5936
17644 4839 5478 1684 1683
17645 5879 6172 5836 6220
17646 4119 5734 4172 5883
17647 363 5230 1250 5385
17648 3900 5350 5309 5788
17649 4842 5406 1914 5853
17650 4453 2487 2447 5326
17651 4936 1690 2876 5232
17652 2420 2417 1111 6175
17653 4103 4104 2453 5332
17654 5307 5462 5271 5681
17655 3564 4210 4211 4385
17656 1315 527 2647 5398
17657 4751 5378 674 5637
17658 3725 3550 6047 5593
17659 3647 4283 3646 5331
17660 5367 5438 5231 6116
17661 2880 5667 2874 5973
17662 4211 4822 79 4385
17663 5270 5541 1587 5731
17664 3595 5784 1242 5990
17665 5842 5950 1315 6039
17666 3453 5255 4715 5519
17667 875 5224 868 5446
17668 1099 1100 1101 5289
17669 5569 5517 5594 5567
17670 3427 5932 3430 6016
17671 84 81 82 5495
17672 6198 6200 4501 6226
17673 2252 5631 4588 5871
17674 5287 5547 5212 5625
17675 2204 5409 3137 1029
17676 3330 5292 363 5385
17677 4791 5183 4790 5941
17678 438 439 1742 5605
17679 4148 2810 4150 5319
17680 2038 5561 2039 5562
17681 1954 5312 1953 5404
17682 2055 3650 2056 5455
17683 3289 3388 3390 5820
17684 4773 5942 4771 4774
17685 5308 5372 5195 5852
17686 2051 1413 1411 3281
17687 4668 2670 4474 5299
17688 5239 5250 2559 5495
17689 1805 1804 5535 2924
17690 5342 5936 5357 5959
17691 4094 3391 3388 5820
17692 1666 5297 5223 5515
17693 2398 2397 1710 5282
17694 1941 6130 3837 3182
17695 4547 2743 3445 5457
17696 5202 5775 5718 5783
17697 1776 301 299 5602
17698 2672 3911 3909 5628
17699 1702 1701 1694 5398
17700 1396 5239 840 5523
17701 5271 5462 5307 6162
17702 5185 5806 5648 5962
17703 4991 5746 3405 6049
17704 1739 1740 1741 6096
17705 4244 6200 4500 3370
17706 2318 2317 655 5615
17707 4234 4232 4231 5334
17708 4502 4504 2880 5229
17709 4985 5405 4078 5415
17710 2567 659 658 6088
17711 440 2686 439 2687
17712 5178 5316 5176 5365
17713 237 2939 2427 5675
17714 4079 2434 272 5996
17715 827 2904 514 5286
17716 4419 4563 3917 5675
17717 4638 1802 3458 5741
17718 1163 4002 1160 5352
17719 5490 5681 5180 5910
17720 3264 2893 2895 5474
17721 975 4127 3543 5314
17722 5225 5604 572 5657
17723 2255 5819 2254 5871
17724 5516 5519 5255 5906
17725 1644 5626 5147 6210
17726 4189 5397 5048 5742
17727 2958 5939 5852 6037
17728 275 276 277 5888
17729 5373 5607 5292 5902
17730 2716 5686 2515 5902
17731 2570 5651 5945 6079
17732 850 887 854 5864
17733 3664 4387 5714 4388
17734 3826 5615 3923 5946
17735 5298 5613 5159 5995
17736 2182 3931 1170 5430
17737 5755 5341 676 677
17738 2100 5618 5391 5644
17739 827 514 829 5286
17740 3749 5172 3748 5941
17741 2895 5209 3264 5474
17742 5341 5427 959 5648
17743 5175 5604 5444 5698
17744 4271 3432 2606 5522
17745 3183 5209 2891 5474
17746 78 71 79 3592
17747 1309 612 1672 5390
17748 4870 2678 2147 5466
17749 1053 5861 3415 6174
17750 1493 4630 4629 5520
17751 5538 5802 368 5953
17752 4192 397 398 5364
17753 840 504 841 5523
17754 5887 6098 5389 6115
17755 3361 5734 3362 5883
17756 2247 5348 2196 5437
17757 826 825 3532 6151
17758 5155 5713 5452 5983
17759 1290 5160 1291 6127
17760 5470 5729 5434 5957
17761 1309 5390 2977 5514
17762 3497 2621 969 5989
17763 5737 278 275 5888
17764 645 5642 4409 5780
17765 5108 765 4704 5377
17766 3406 5776 2393 6193
17767 5090 2511 4464 6143
17768 387 107 2690 5895
17769 5268 5402 2679 5614
17770 4886 5554 4249 5560
17771 3081 871 1302 6191
17772 4790 5183 296 5941
17773 1831 137 4212 1832
17774 5539 5618 2813 6130
17775 4842 1904 1905 5406
17776 5236 5637 3746 5914
17777 3664 526 4388 5781
17778 1960 5620 5243 6136
17779 59 1254 1250 5579
17780 5249 5803 5491 6094
17781 5465 6058 5354 6125
17782 2057 2058 2452 2450
17783 1834 5921 5905 5943
17784 2003 2006 3423 5847
17785 5254 5283 4289 5664
17786 4220 4011 1927 5926
17787 5556 5652 5362 5856
17788 2861 5660 5257 6018
17789 4706 4704 766 5377
17790 3799 5648 3971 4763
17791 5785 5881 4984 604
17792 2842 318 4643 5486
17793 1936 5529 1938 5608
17794 3686 4692 3687 5443
17795 5281 5660 5383 6018
17796 959 5387 5185 5648
17797 3828 5615 3826 5946
17798 5219 5416 5402 5466
17799 3576 5557 2729 6107
17800 2480 5293 2485 5687
17801 3357 5997 1631 1634
17802 2426 5498 2461 2459
17803 5503 5981 1726 6205
17804 4844 1833 3999 1834
17805 3999 1559 4844 1834
17806 1043 1042 1027 5969
17807 2513 2511 5090 6143
17808 5143 6029 5930 6034
17809 1603 5634 5426 5752
17810 5435 5588 4373 2357
17811 4830 4371 4626 6145
17812 5718 5794 5432 6030
17813 2976 3916 2973 5675
17814 524 5412 520 5693
17815 4464 6141 5457 6143
17816 138 1833 4844 1834
17817 6163 5210 5614 5717
17818 2428 2429 2433 2430
17819 3499 5890 5717 5908
17820 3772 489 488 5325
17821 2874 5526 2877 5973
17822 745 1710 1711 5377
17823 82 5422 2942 5495
17824 3201 6103 4134 6179
17825 737 2285 3188 3187
17826 5252 5924 5453 5946
17827 4102 4101 4371 6145
17828 2356 5435 2357 5790
17829 5518 5619 5508 5813
17830 3024 5918 6131 5826
17831 4540 5512 4541 5628
17832 5473 5722 136 6031
17833 3415 3413 3412 3411
17834 3499 5389 3503 5396
17835 1186 1183 1185 5484
17836 5872 6155 5860 6177
17837 4790 4789 3749 5941
17838 5421 6022 649 6123
17839 1710 1533 1711 5377
17840 404 5527 1240 5841
17841 1043 4869 1046 5706
17842 316 2841 4407 5510
17843 1929 1931 4197 5673
17844 380 5406 383 5815
17845 1211 4516 4515 6178
17846 2609 2624 2626 2610
17847 438 3293 3178 3181
17848 1235 1233 993 5607
17849 2641 4256 5848 5629
17850 4134 6103 2065 6179
17851 2418 2419 3967 6157
17852 2870 5187 2960 2902
17853 2299 1269 5775 5837
17854 4610 5236 5214 5696
17855 5342 2810 1305 5357
17856 5268 5717 5174 6056
17857 1050 4937 4173 4938
17858 3008 176 177 5382
17859 2645 1430 820 5947
17860 4340 5743 4342 4343
17861 3503 3502 3499 5396
17862 2419 5716 2417 6157
17863 1689 6143 4464 6148
17864 2514 5686 141 5902
17865 1446 5688 1447 4286
17866 5398 1123 531 2402
17867 706 4149 4700 5319
17868 2687 5465 4756 5901
17869 2469 2465 2468 5760
17870 5405 6102 2092 5427
17871 425 1516 1312 1311
17872 5853 6000 1912 6119
17873 5765 5929 1581 5948
17874 1359 6139 1361 1973
17875 5254 5717 5168 5908
17876 4881 224 223 5779
17877 3911 5588 3909 5628
17878 4245 743 3495 5377
17879 2629 5440 2624 5638
17880 1036 1035 3074 5255
17881 4893 6143 1689 6148
17882 5298 5777 5399 6193
17883 5159 5419 5162 5883
17884 5244 5273 5205 6025
17885 3092 1215 3093 5484
17886 3971 5549 3947 5954
17887 2689 3262 4522 3261
17888 5617 5419 473 5633
17889 5167 5450 503 5285
17890 1097 1098 498 5290
17891 2776 2771 2774 5461
17892 2239 5483 4883 5684
17893 5423 5510 5245 6114
17894 939 4336 180 179
17895 3427 5522 5273 6025
17896 4008 5543 770 6067
17897 5229 5433 5340 6146
17898 2257 746 4292 2263
17899 1316 5842 1315 6039
17900 5230 5736 5234 6095
17901 1163 1164 3243 5352
17902 2145 6058 4523 5152
17903 3960 3150 3963 5326
17904 479 1238 1241 5952
17905 2814 3429 3431 5397
17906 4959 2952 2529 5987
17907 1326 5957 3636 6169
17908 5872 6171 6155 6177
17909 4671 5907 5347 6056
17910 1106 5920 1875 1872
17911 2196 5410 2247 5979
17912 4841 495 4842 5853
17913 1872 5627 1749 5920
17914 5741 5913 5687 5971
17915 3368 4887 4888 5953
17916 1841 5959 5357 6134
17917 4035 3474 4034 6062
17918 4266 469 3694 5857
17919 5199 5252 5163 5261
17920 3962 3150 3960 5326
17921 5356 5799 5195 6048
17922 3962 5698 5580 3120
17923 5348 5471 5160 5477
17924 4521 5465 4935 4523
17925 2924 1805 2041 5561
17926 1482 1800 1479 5364
17927 4629 5718 1493 5783
17928 5187 5790 4370 5949
17929 2905 4283 1961 5374
17930 3472 3470 3475 5238
17931 5495 5961 81 6064
17932 2095 2094 3173 5723
17933 2026 2024 715 717
17934 3124 5758 5747 3123
17935 4403 2068 2069 6075
17936 2920 5439 5329 3486
17937 3471 3470 3472 5238
17938 2956 2696 249 5291
17939 3195 5542 3632 5592
17940 1017 4886 2124 5568
17941 5891 5227 5620 6177
17942 5160 1290 2196 5348
17943 3849 5842 3852 5950
17944 4027 5275 4029 5623
17945 4095 5820 4096 5855
17946 6121 3460 3084 6032
17947 5340 5495 5229 6146
17948 1151 1395 944 5624
17949 372 376 4162 632
17950 359 364 59 361
17951 2870 3209 3917 5187
17952 1480 5891 1799 6226
17953 1740 5845 5577 6028
17954 1791 5211 1723 5981
17955 2846 2845 3953 5444
17956 700 5422 5179 5495
17957 2197 2462 1165 5979
17958 2153 2155 2154 5950
17959 4429 5262 3005 5828
17960 2541 5351 4965 5997
17961 395 5738 393 5810
17962 4285 4670 4108 5728
17963 4181 2897 12 5684
17964 3795 5438 5237 5964
17965 5252 5434 5410 5528
17966 5921 5947 5905 6045
17967 4950 4192 1482 5364
17968 1437 315 1436 5703
17969 3715 5248 3716 5684
17970 5664 5798 5254 5985
17971 5836 2767 3710 5879
17972 1171 5345 1165 5979
17973 2942 5179 2559 5495
17974 3223 3222 3484 5490
17975 1107 1873 1749 1872
17976 5797 5945 2568 6029
17977 3983 4794 3902 1749
17978 5256 1434 872 5703
17979 4947 4842 495 5853
17980 4649 5363 1051 5901
17981 3675 5161 3678 5458
17982 2317 3923 3826 5615
17983 3917 4918 4725 5675
17984 5399 5777 5686 5902
17985 989 5607 993 5902
17986 3884 5883 479 5952
17987 1789 1788 2363 5981
17988 4952 5497 5251 6151
17989 5234 5351 5197 6095
17990 1440 1050 1441 1055
17991 1049 6159 1050 1055
17992 1165 2462 1167 5979
17993 5308 6006 5195 6048
17994 5306 5764 2406 6026
17995 1634 5351 3357 5997
17996 1674 5616 1678 5903
17997 463 3631 3480 5857
17998 2478 4219 3590 5926
17999 238 237 2522 5675
18000 2010 2009 4888 5953
18001 2836 3415 1439 5861
18002 837 839 2583 6144
18003 3415 3411 4105 4756
18004 733 5839 5207 6154
18005 276 2089 277 5888
18006 1236 5607 1237 6118
18007 5594 5517 5569 5896
18008 74 89 86 5498
18009 1313 5739 2765 5817
18010 2137 5796 2140 2136
18011 2112 2115 1626 5669
18012 804 805 664 5355
18013 440 5845 5394 6125
18014 5647 5797 2568 6029
18015 5425 5920 5716 6157
18016 2646 5460 3323 6103
18017 2485 5771 3134 6097
18018 2581 2582 195 5062
18019 4830 4102 4371 6145
18020 4829 4830 4626 6145
18021 4617 839 836 6144
18022 3406 6092 5613 6193
18023 3263 5440 3257 3261
18024 5115 5141 4097 5355
18025 804 4097 5141 5355
18026 2625 2628 5440 2629
18027 5202 6116 5421 6123
18028 1995 5710 1994 5800
18029 4502 6008 1692 6099
18030 1013 1010 1006 5729
18031 330 5878 5875 5915
18032 2307 4895 538 2308
18033 4347 2873 2426 5675
18034 2624 2626 2625 2629
18035 4354 3953 2845 5444
18036 2863 2279 2274 2278
18037 4491 5969 1041 6027
18038 3993 6036 4328 6100
18039 1011 5957 5729 5470
18040 4200 5817 281 4199
18041 84 85 83 5828
18042 1137 5643 1139 6053
18043 5131 5604 4562 6063
18044 2113 2111 2114 5682
18045 4564 5187 4563 5949
18046 5306 5405 945 5415
18047 2983 3595 1242 1243
18048 5417 5869 5499 5958
18049 2097 5441 2098 5728
18050 110 107 2691 5895
18051 3489 3488 575 5603
18052 1597 1595 972 6060
18053 3317 5434 2247 5437
18054 4985 352 945 5415
18055 5039 5158 4737 5793
18056 324 5822 5413 6111
18057 1914 5853 4841 4842
18058 1912 6119 6000 6202
18059 680 5414 681 6188
18060 1790 5497 4952 6151
18061 832 829 4222 5371
18062 1242 1246 3547 5990
18063 2115 2024 5670 5682
18064 2626 2624 2609 2629
18065 1462 5572 1463 6142
18066 5451 5502 5218 5925
18067 1623 1629 4346 5676
18068 2363 1786 1789 5544
18069 5027 804 803 5355
18070 2752 2749 5027 5355
18071 5131 4562 3866 6063
18072 3368 3365 368 5953
18073 3455 665 3454 5355
18074 1527 5228 1404 5694
18075 229 6006 2590 6111
18076 4671 4748 3263 4672
18077 3961 3962 4314 6063
18078 4398 3969 2399 767
18079 4102 5233 4101 5804
18080 5833 6196 6003 6225
18081 2081 5753 2128 2129
18082 460 6207 461 458
18083 5378 5639 5480 5769
18084 5860 6069 5532 6177
18085 5604 5698 5580 6063
18086 2013 2009 2014 5953
18087 922 5502 5451 5925
18088 463 3630 466 5857
18089 5031 5032 1841 1842
18090 315 5256 1434 5641
18091 2312 5728 5693 5806
18092 2977 1671 3966 5390
18093 5128 5877 1959 6206
18094 3242 1162 4436 5352
18095 5154 5595 3936 6014
18096 95 5301 90 2475
18097 5463 5495 5179 5951
18098 2402 5398 1125 5500
18099 3454 665 664 5355
18100 394 5810 393 6215
18101 5585 5925 5502 6056
18102 1797 5374 5243 5582
18103 1192 5374 1797 5582
18104 5258 5590 5359 6138
18105 4286 1447 6134 2978
18106 4471 4261 5078 6172
18107 5027 2749 804 5355
18108 803 4001 2752 5355
18109 664 4001 803 5355
18110 973 2390 2388 6060
18111 5340 5495 5433 5951
18112 5038 5680 1047 6159
18113 4740 5594 4676 5679
18114 4608 5264 4939 5622
18115 804 2754 4097 5355
18116 2153 2155 5774 1323
18117 1655 5650 5054 1654
18118 2928 2925 1677 5903
18119 5619 6194 6173 6224
18120 2469 4848 2470 5760
18121 4448 4518 4449 6184
18122 2379 5169 683 5544
18123 5297 5321 5221 6192
18124 4261 5071 1433 6172
18125 1842 1841 5117 5032
18126 2810 5357 5342 5319
18127 185 5785 3066 3064
18128 5751 6028 5456 6045
18129 3867 3774 3124 5758
18130 5032 2981 4286 1447
18131 2047 1972 2801 5091
18132 1107 1106 1871 1872
18133 5245 5687 5641 5913
18134 1315 1696 527 5398
18135 5224 5329 2039 5741
18136 2946 3124 5747 792
18137 4539 5435 5192 5628
18138 5159 5436 5176 5526
18139 3818 561 560 5385
18140 5620 6069 5877 6177
18141 5071 5070 3314 6172
18142 1571 6027 1041 1570
18143 5326 5657 3960 5922
18144 3215 5597 2848 6099
18145 1125 2402 1123 5398
18146 729 728 731 5411
18147 2876 5521 1690 6008
18148 1431 1433 1428 6172
18149 2156 2415 1469 5935
18150 4832 3108 4396 5769
18151 4539 3910 3908 5628
18152 363 5292 5230 5385
18153 1697 3849 3852 5950
18154 2001 1760 1970 2000
18155 2174 4308 2177 2173
18156 4208 1514 3386 4209
18157 1308 552 5750 2016
18158 4471 5070 4261 6172
18159 1299 5690 1298 5703
18160 395 391 393 5738
18161 5371 5469 5311 5931
18162 2882 4854 2883 5904
18163 3644 683 682 5544
18164 4395 4396 3107 5919
18165 2978 5514 6134 2980
18166 4396 5769 3107 5919
18167 2230 6000 2620 6227
18168 5257 5262 5229 6008
18169 3063 5537 3062 4113
18170 4763 375 3799 5648
18171 2427 2426 2136 5796
18172 3697 2072 4615 5702
18173 2463 3697 4615 5702
18174 1537 1538 596 5671
18175 4949 4951 4866 4867
18176 3999 5905 3112 3111
18177 5536 6038 5460 6039
18178 3607 5222 3906 5699
18179 5528 5831 3214 1285
18180 5503 5713 5155 6121
18181 1240 5883 1241 5952
18182 461 5701 2200 5753
18183 4879 2102 2100 5391
18184 229 2589 2590 6109
18185 4069 5936 703 4070
18186 4933 1459 5129 5944
18187 5458 5775 5258 5802
18188 5929 5948 5314 6048
18189 287 290 1957 286
18190 6059 6120 5479 6164
18191 6001 6097 2485 6140
18192 69 79 80 5343
18193 1702 1697 3852 5950
18194 5421 6116 6022 6123
18195 2379 683 3644 5544
18196 4802 5714 5058 6162
18197 2042 5030 5091 5031
18198 751 5940 753 5995
18199 4179 4183 4564 5483
18200 2981 1447 5032 1841
18201 440 2689 2686 5465
18202 1722 4566 4580 5426
18203 1088 874 875 5446
18204 5541 6033 5270 5198
18205 5071 4261 5070 6172
18206 1969 1970 1972 1971
18207 5047 5986 5638 6056
18208 5534 5955 3541 6096
18209 2462 2247 2246 5979
18210 4685 1994 2439 5800
18211 1050 1441 6159 5683
18212 2171 6051 2167 2166
18213 5785 178 4622 5414
18214 79 5203 80 5343
18215 4593 391 1367 5773
18216 1236 2309 1004 6118
18217 3388 1838 2810 1514
18218 5433 5590 5179 5951
18219 2956 5496 5190 5951
18220 1447 5688 1969 1971
18221 2105 6141 2511 6143
18222 139 5722 3996 5751
18223 4580 4566 4568 5426
18224 5153 5601 5340 6041
18225 5219 2584 2586 2587
18226 1652 5898 1654 801
18227 5473 5901 5388 6221
18228 382 2265 2508 4710
18229 1180 1092 1952 6156
18230 5172 5236 3744 5914
18231 5462 5712 5307 6162
18232 772 5251 4952 5497
18233 4630 3276 4629 5520
18234 3368 5953 4154 4887
18235 671 2999 673 5610
18236 1211 4224 4516 6178
18237 5354 5459 5313 5797
18238 3275 3276 3274 5520
18239 3887 5734 4119 5883
18240 4549 5749 1620 6190
18241 1545 1544 6059 5923
18242 6048 6055 5982 6111
18243 548 1309 4147 1308
18244 3427 5397 5273 5522
18245 2585 2143 2586 5347
18246 5405 5655 5428 5721
18247 2142 2144 2145 5347
18248 3314 3313 3311 6172
18249 4839 1682 3077 6073
18250 4112 5707 3065 6190
18251 2010 4888 4439 5953
18252 3961 5580 3962 6063
18253 4414 5549 1182 5954
18254 5877 6155 5891 6177
18255 96 5509 3114 6223
18256 5473 6031 69 6221
18257 4106 5728 4670 5816
18258 1514 5750 1304 5829
18259 5071 1430 1433 6172
18260 2981 5117 1842 1841
18261 3314 4471 3313 6172
18262 3908 5588 5435 5628
18263 5578 309 60 1817
18264 552 1309 546 551
18265 5897 6036 4329 6114
18266 5153 5433 5340 5601
18267 5213 5457 3445 6141
18268 5288 5523 1395 6094
18269 5221 5515 5297 6192
18270 4147 2810 4148 5319
18271 260 854 2936 5864
18272 5311 5968 5634 6049
18273 4428 4954 5134 1529
18274 5012 3576 3955 5792
18275 3485 5439 3768 3769
18276 136 5722 139 5751
18277 5373 5686 5333 5902
18278 5307 5375 5271 6162
18279 4673 4281 1489 5515
18280 528 5398 527 530
18281 4616 3012 3013 5672
18282 5216 5273 5205 5709
18283 4273 5310 4272 6074
18284 1944 5426 516 5551
18285 3129 3131 884 3132
18286 2810 2809 3291 5689
18287 4097 2754 5115 5355
18288 2218 6067 4553 4707
18289 4054 5801 4145 5936
18290 3089 6092 3408 6193
18291 4154 5383 3870 6018
18292 5356 5929 5799 6048
18293 1666 5241 1667 5515
18294 1530 1529 1527 5694
18295 3579 537 1706 5623
18296 4741 5565 1543 5896
18297 1442 1444 3983 3902
18298 5398 5460 1315 6039
18299 5358 6023 5884 6034
18300 611 2386 609 2385
18301 704 547 703 5319
18302 5701 5745 2126 5753
18303 2811 3878 2812 5598
18304 1670 1671 2979 2977
18305 5659 5768 5498 5796
18306 3014 876 3012 5649
18307 546 5338 550 5390
18308 1631 1630 1632 5997
18309 1640 1639 1638 5599
18310 5193 5316 5220 5616
18311 1364 1358 4338 6139
18312 4281 5241 4282 5515
18313 1654 4780 4782 5650
18314 5307 5681 5163 5762
18315 2744 5596 2742 6018
18316 3333 1351 4022 5956
18317 3953 3951 2846 5444
18318 1321 5842 5774 5950
18319 4476 4937 1050 4938
18320 2442 5231 3597 5885
18321 1733 1731 2907 5374
18322 3482 3481 3607 5699
18323 2136 2459 5768 5796
18324 4933 5124 4482 5635
18325 81 5828 83 6064
18326 1449 6121 3084 3085
18327 4428 5134 3197 1530
18328 2500 1558 1560 5695
18329 5234 5770 5385 5807
18330 1897 4982 4995 5361
18331 4709 652 4711 5815
18332 5185 5678 5412 5785
18333 4545 2418 611 2387
18334 5721 6149 5324 6212
18335 5302 5775 5202 5783
18336 3979 3892 3629 5339
18337 611 2418 4545 1672
18338 1106 1263 1265 4339
18339 282 283 280 5361
18340 2812 5559 2811 5598
18341 4075 5690 4073 5818
18342 3967 2418 2977 2419
18343 5811 3639 4360 4359
18344 4833 3990 4568 5426
18345 5291 5442 5281 5736
18346 1647 5179 3753 5608
18347 4739 1741 2839 2838
18348 2839 1741 2835 2838
18349 2385 2386 2387 611
18350 2801 5445 1759 5514
18351 2962 5483 4564 5668
18352 4739 3712 3883 3713
18353 429 609 605 5548
18354 3711 3712 3713 3883
18355 334 340 341 6198
18356 1438 5369 4938 2837
18357 4224 2408 4516 6178
18358 3727 5593 3725 5974
18359 4104 2336 2453 5332
18360 3238 3237 2074 5330
18361 4675 1347 3332 5965
18362 2319 5615 3826 3828
18363 5384 5458 4515 6178
18364 5300 5489 1450 5713
18365 4246 4016 2490 2491
18366 2015 5349 2012 5642
18367 5721 6132 6104 6212
18368 3713 3709 3712 3711
18369 4565 2627 4671 5909
18370 5806 6015 4162 632
18371 3374 5337 3435 5814
18372 4150 4145 4148 5319
18373 4353 5175 3761 5603
18374 1393 1391 3400 1389
18375 2759 5265 3624 1843
18376 2611 892 1094 5387
18377 5182 5708 5517 6051
18378 5959 6061 5357 6134
18379 2460 5768 2459 5796
18380 1749 5627 1747 1750
18381 3994 3997 3996 5937
18382 599 5625 602 601
18383 610 611 2387 4545
18384 5663 6098 1474 6115
18385 1528 5266 5170 5559
18386 4820 4821 550 5338
18387 4958 5048 4271 5397
18388 3511 3514 6055 2004
18389 1746 5627 1745 1875
18390 408 5219 2142 5466
18391 4636 4466 1322 6170
18392 3091 5641 3090 317
18393 4145 5319 4149 4148
18394 3112 5905 3999 3998
18395 5319 1306 1305 5357
18396 3944 3945 375 5851
18397 1529 5346 5228 5694
18398 1871 1106 1107 2710
18399 1007 5729 1012 5957
18400 5327 5697 5183 5941
18401 6073 6197 1059 6209
18402 2733 5340 5153 5622
18403 3900 5309 172 5333
18404 525 519 524 5375
18405 3434 3129 1266 5716
18406 4287 4794 3983 1749
18407 3648 4607 4681 5958
18408 5091 5936 2042 5959
18409 3173 2096 4106 5723
18410 1949 1600 1948 5752
18411 1255 1251 1254 5579
18412 2101 5558 2104 2103
18413 763 5768 5553 6189
18414 2909 5684 3715 2908
18415 5147 5876 5626 5906
18416 600 5625 5212 5881
18417 3470 6062 2537 3475
18418 2042 5936 5342 5959
18419 3822 3824 3823 5415
18420 3883 2838 4739 3713
18421 4796 5978 2788 5988
18422 1322 5139 4636 5838
18423 754 5162 758 5892
18424 1267 1271 1273 5837
18425 1051 5901 4390 6221
18426 1570 971 6083 1045
18427 1140 5618 3837 6130
18428 270 320 268 6132
18429 504 505 506 5523
18430 2768 2769 2766 2767
18431 949 946 951 5415
18432 5269 345 3381 5918
18433 4985 4078 2634 5415
18434 2882 3293 4854 5904
18435 1874 2768 3806 1871
18436 1874 2768 6228 3806
18437 3943 4476 3710 3942
18438 3711 4476 5879 2840
18439 3710 3943 5836 4476
18440 1874 5836 2767 3710
18441 5455 6173 3650 6194
18442 1875 1106 1871 3943
18443 3710 4476 5836 5879
18444 3711 3710 4476 3942
18445 4593 5476 2667 5773
18446 5418 5629 4028 6003
18447 3129 3130 3435 3434
18448 546 3637 549 5338
18449 5364 5810 339 5891
18450 2534 5359 2542 5719
18451 2800 3637 546 5338
18452 5879 5882 5456 6045
18453 1269 1267 1268 5837
18454 5221 5223 5222 5288
18455 5231 5710 5241 5800
18456 2039 1807 3141 6090
18457 2630 2164 4060 2162
18458 3182 5618 2352 5644
18459 5309 5382 3586 5779
18460 3597 5231 3598 5885
18461 5974 5990 5207 6154
18462 3405 2904 302 5602
18463 1273 3891 1268 5837
18464 1501 5250 4524 5961
18465 5188 5279 1776 5602
18466 3548 5154 3236 6014
18467 1956 5312 1457 5944
18468 4481 5905 3998 5921
18469 5363 5465 4651 6010
18470 4695 4696 4697 5661
18471 2416 1266 1265 1110
18472 1106 4339 1265 1266
18473 4909 5766 5638 5986
18474 1265 1110 1266 4339
18475 1109 1873 1108 1107
18476 1108 1111 1110 1873
18477 2287 2012 2534 5719
18478 601 3062 3924 2685
18479 5017 1405 1400 1404
18480 3049 4596 4612 3520
18481 3872 4399 5282 5377
18482 1106 6208 1264 1261
18483 3142 3141 5224 2039
18484 1271 3891 3505 1273
18485 1197 1201 1200 5400
18486 1493 5775 1269 5837
18487 1266 1265 1263 1261
18488 3318 3528 4603 4601
18489 1267 1214 5775 5837
18490 2146 5219 2143 5347
18491 5626 6108 5876 6210
18492 5626 5876 5255 5906
18493 1370 1427 5085 5882
18494 3545 5774 3542 5842
18495 2442 5710 5231 5885
18496 1433 1431 3128 3126
18497 5387 5648 1089 5962
18498 2565 5601 2563 6013
18499 6171 6177 5819 6198
18500 2561 5264 3667 5622
18501 4480 5534 5085 5882
18502 5296 1250 5579 59
18503 3985 5156 2414 5906
18504 3302 5927 3301 5964
18505 5630 6038 5308 6039
18506 4838 5581 5239 5963
18507 1172 6150 2346 1174
18508 4489 3422 4490 5563
18509 3278 6197 5862 6201
18510 2538 6062 1544 2536
18511 3112 2645 2644 5905
18512 3891 5783 3991 4512
18513 1600 2415 1948 5752
18514 5455 5715 2055 6173
18515 2059 2058 1403 1402
18516 3664 5714 2708 3665
18517 1301 4742 1303 5679
18518 3189 5708 3510 6161
18519 1565 3749 4789 5172
18520 2126 2127 1968 5701
18521 227 221 224 5779
18522 1730 1731 1733 5374
18523 5451 5502 4635 5599
18524 1702 2326 2328 5842
18525 2268 6220 2270 2272
18526 3712 3541 3538 3179
18527 190 191 600 5881
18528 4516 2408 2412 6178
18529 340 6155 333 6171
18530 5085 5534 1370 5882
18531 3795 5237 3302 5964
18532 5775 1269 2299 5458
18533 661 5473 5381 6088
18534 2767 2273 2769 3540
18535 135 139 136 5722
18536 5836 6172 4471 6220
18537 766 767 4398 5377
18538 5594 5679 1303 5896
18539 5020 3891 5775 5783
18540 1733 2907 1194 5374
18541 1682 5478 1679 5862
18542 1648 1650 4969 5608
18543 4078 3696 3824 5415
18544 4551 4342 3898 5838
18545 5085 1427 4840 4480
18546 377 378 3797 5962
18547 5119 5359 3058 5720
18548 6060 6111 5630 5982
18549 1431 1428 1427 5947
18550 4417 5830 4415 6093
18551 5275 6150 5356 6168
18552 4080 4082 4122 5323
18553 5462 5910 5681 6140
18554 4122 4083 4080 5323
18555 4496 6168 4809 5735
18556 5414 5678 5318 5785
18557 5321 5438 101 6192
18558 5039 4461 4542 5899
18559 3445 5457 2510 6141
18560 5619 5715 5442 6173
18561 1439 5861 1053 5863
18562 5983 6139 1360 1973
18563 3319 1885 2195 3315
18564 4607 5724 4681 5958
18565 3933 5737 447 6014
18566 1712 1534 3495 5377
18567 3365 5538 368 5953
18568 3332 1347 5292 5965
18569 1090 2090 1089 5387
18570 1371 3079 3077 3078
18571 1743 438 1744 1739
18572 3077 3076 3078 4570
18573 522 2881 520 5330
18574 2119 5765 1581 5948
18575 3985 5235 5156 5906
18576 2063 2450 2057 1401
18577 207 206 2957 5852
18578 1306 1308 5319 4147
18579 5318 184 179 5414
18580 4380 4376 4379 5988
18581 2611 2110 892 5387
18582 2859 5601 1686 6160
18583 5072 5876 4589 6108
18584 636 637 5854 639
18585 5810 5877 477 6155
18586 2620 6007 2230 6227
18587 3987 5626 5235 5906
18588 1676 4886 2220 2125
18589 2555 5401 2556 1979
18590 5068 5876 5067 5906
18591 5954 6026 5530 6102
18592 4040 4750 5795 5934
18593 5235 5626 5255 5906
18594 1387 5570 5385 5571
18595 3011 4815 952 953
18596 947 5306 3398 5415
18597 575 574 5604 5603
18598 4317 278 3746 6070
18599 5563 5857 464 6101
18600 4068 3196 4428 3197
18601 4328 6036 835 6100
18602 651 6080 5406 5301
18603 4769 5664 741 4768
18604 481 1850 920 5171
18605 1569 4789 3043 5214
18606 5153 5622 5501 6013
18607 30 1389 77 4581
18608 1094 1093 1090 5387
18609 1094 1090 1089 5387
18610 2089 5737 277 5888
18611 2473 3636 1007 1012
18612 5607 992 3922 6118
18613 2284 6021 434 3292
18614 3821 3184 3186 5474
18615 5023 688 1336 5169
18616 1654 5653 5469 5931
18617 1453 5503 1451 6121
18618 2286 3188 4321 2285
18619 2586 5347 4671 5907
18620 2284 2882 5904 3292
18621 5246 5326 5245 5922
18622 1855 2244 3214 5831
18623 5129 5635 4933 5944
18624 5421 5432 3113 6022
18625 5124 4482 5312 2591
18626 418 420 422 5834
18627 2555 4365 4367 5401
18628 3661 3662 5334 5011
18629 2246 2244 1855 5831
18630 3188 2285 737 2351
18631 5878 5932 5273 6016
18632 6087 2110 630 632
18633 5501 5601 5153 6013
18634 3376 5634 1601 5968
18635 979 985 982 5650
18636 1337 688 5023 5169
18637 5254 5663 5283 5674
18638 1533 745 1711 5377
18639 1806 1807 2039 5741
18640 4292 4399 3872 5377
18641 4080 4085 4084 5323
18642 2769 2767 2768 6220
18643 5732 4696 5482 5636
18644 1743 3541 3712 3179
18645 4399 3872 1766 1770
18646 3538 6012 3127 3541
18647 4842 5406 379 1914
18648 1743 5955 438 1739
18649 1303 5679 4742 5896
18650 3293 3180 3178 3181
18651 4863 754 1483 2868
18652 2038 1805 5329 5561
18653 2175 6165 2180 6204
18654 5530 5764 5306 6026
18655 4838 5624 2956 5963
18656 5982 6055 5314 6060
18657 1373 1375 3293 1369
18658 584 580 1149 579
18659 1373 1369 3293 3541
18660 1289 3211 4976 2250
18661 1602 4092 4093 5378
18662 1225 5874 1222 5906
18663 5345 1867 5479 5467
18664 1295 1296 3196 3197
18665 550 5390 5338 5814
18666 1885 3315 3319 3316
18667 5246 5657 5326 5922
18668 1375 1369 1372 1371
18669 1372 3293 1375 1371
18670 3293 1369 1375 1371
18671 5216 5397 5333 5742
18672 5514 6061 1972 6134
18673 2613 2611 2612 2110
18674 5335 5481 5194 6071
18675 1013 3572 5615 1014
18676 2933 2495 2493 6105
18677 3573 2319 3829 3572
18678 722 3133 723 720
18679 1740 5605 1742 5845
18680 5255 5519 5235 5906
18681 4353 3760 3492 5603
18682 2671 1357 4668 5640
18683 5518 5733 1349 5776
18684 1369 1370 1371 3079
18685 1054 6174 1049 6221
18686 314 316 315 5510
18687 3113 2617 3114 6223
18688 1522 5727 3244 5786
18689 5067 5876 5147 5906
18690 3602 5650 3600 5974
18691 4564 2962 3247 5483
18692 3109 5769 4832 5639
18693 1133 4488 4289 6098
18694 3996 3997 3994 3995
18695 3760 4353 3761 5603
18696 2670 5299 4668 5640
18697 454 5976 5253 1825
18698 2502 6197 4980 4697
18699 105 104 2813 5392
18700 5067 5906 3986 5068
18701 5292 5733 5399 5902
18702 5427 5851 5816 5996
18703 767 5282 4398 5377
18704 2220 5554 4886 5560
18705 4292 3872 743 5377
18706 2606 5381 2603 5586
18707 2546 472 2547 5617
18708 1731 2905 2906 5374
18709 5339 5490 5180 6131
18710 4147 4149 548 5319
18711 1358 1364 1359 6139
18712 5341 6182 5678 6188
18713 4273 5858 5310 6074
18714 4512 2443 3274 5520
18715 5615 1013 3829 3572
18716 4925 2719 1883 4924
18717 3404 4458 4457 5378
18718 325 6006 5630 6111
18719 5751 5921 1834 5943
18720 1543 1546 4514 5896
18721 3152 3731 1861 3849
18722 5585 6056 5884 6076
18723 762 1256 760 5671
18724 5647 5887 5389 5972
18725 1373 3541 3127 1374
18726 1369 3541 1373 1374
18727 3404 3269 4458 5378
18728 5290 5479 1867 1098
18729 4751 4620 4317 5378
18730 5386 5904 5605 6021
18731 546 5390 1309 5514
18732 115 5380 116 6016
18733 1970 1971 1969 5445
18734 3289 1899 3290 5689
18735 5879 6045 5369 6181
18736 766 4399 4706 5377
18737 766 4705 765 5377
18738 1371 3078 3077 3076
18739 905 5647 5389 5972
18740 1370 5882 1431 1427
18741 4889 4945 4546 5443
18742 2563 5601 5501 6013
18743 3324 3326 3328 4068
18744 3866 5758 6063 5604
18745 1315 5842 1316 6170
18746 820 1560 818 3311
18747 1885 1886 3319 4925
18748 4421 4399 4292 5377
18749 1412 4096 5141 4799
18750 2007 6055 2004 3511
18751 2039 5329 5224 5561
18752 1368 4171 1365 5883
18753 5210 5220 5178 5531
18754 5174 5502 5171 6056
18755 1883 2718 1882 2719
18756 5358 5344 5459 5797
18757 5376 5534 3541 6096
18758 2429 5368 3017 6066
18759 5085 1427 1370 1432
18760 5578 5619 6173 5715
18761 5835 5838 5743 6219
18762 625 2733 2738 5597
18763 1047 1051 4390 6221
18764 1731 1730 2905 5374
18765 1431 1432 1427 1428
18766 4558 4556 4557 6201
18767 1190 1194 1193 5374
18768 5407 5717 5674 6163
18769 4274 5700 5120 6186
18770 5159 5419 5227 5667
18771 5055 4978 2008 5764
18772 1431 1432 1370 1427
18773 3872 5282 745 5377
18774 3495 1534 1536 5377
18775 5197 5276 5234 5786
18776 2319 1416 3572 3573
18777 5577 5863 5861 6028
18778 5186 5466 5402 5798
18779 1190 1192 1194 5374
18780 5426 5752 5634 5968
18781 2425 5179 2940 5608
18782 5158 4541 1198 5512
18783 477 1367 4977 5877
18784 1194 2907 1193 5374
18785 1076 5874 1225 5906
18786 4044 4045 3869 5448
18787 529 3394 2968 3393
18788 1883 1886 1880 1881
18789 1269 1268 1493 5837
18790 6083 6202 5447 6227
18791 4357 5774 4356 5842
18792 4614 6007 2620 2464
18793 5263 5734 5227 5883
18794 4858 5838 4551 4618
18795 4041 6114 4166 6199
18796 4281 5241 4673 5520
18797 5314 5982 4127 6039
18798 1271 3891 5775 5020
18799 549 5338 3732 4820
18800 5578 5715 6173 1817
18801 273 2097 2098 6044
18802 658 1416 657 2571
18803 3363 5527 5419 5883
18804 1430 6172 3314 3311
18805 5925 6056 5585 6076
18806 5229 5660 5433 6146
18807 1321 5842 1315 6170
18808 3945 5816 375 5851
18809 1054 5038 1441 5880
18810 5388 5845 5313 6046
18811 2514 141 990 5902
18812 5227 5620 5263 5883
18813 2945 5278 2999 5472
18814 4644 4645 2280 6171
18815 1639 5599 1640 6019
18816 3389 5189 3390 6091
18817 2115 1626 3969 1627
18818 4485 279 4484 5327
18819 2524 5233 2521 5949
18820 5201 5771 5325 5971
18821 3987 5235 3986 5906
18822 5551 5746 1946 6049
18823 3237 2881 522 5330
18824 5227 5734 5419 5883
18825 2802 6161 2803 6214
18826 1360 5299 2670 5640
18827 3866 4562 4561 5604
18828 1139 6053 2813 6130
18829 5235 5519 5156 5906
18830 2000 5933 5395 6207
18831 1268 3891 1493 5837
18832 2299 5458 1269 1270
18833 3129 5716 5337 6089
18834 4388 5781 526 6162
18835 4879 5391 2100 5618
18836 756 5451 4635 5564
18837 212 5761 6075 5372
18838 3545 3542 2327 5842
18839 903 5662 3982 5782
18840 4104 3467 2339 5332
18841 3238 2881 3237 5330
18842 3561 5807 4689 6050
18843 5271 5375 5272 5550
18844 4356 3731 3849 5842
18845 5359 5624 5177 5951
18846 3849 3851 3852 5842
18847 1063 5887 1060 6197
18848 768 770 4008 6126
18849 2516 347 2453 5332
18850 2339 2336 4104 5332
18851 102 109 108 5606
18852 2251 5626 5303 5646
18853 212 5852 2957 6109
18854 2109 2462 2246 5979
18855 2007 6055 3514 5948
18856 3947 3948 3944 5980
18857 338 5738 343 6215
18858 5240 5610 2946 5758
18859 3969 1626 2115 5669
18860 1523 3358 4133 5757
18861 1538 1531 1537 1532
18862 575 5604 5175 5603
18863 678 5755 2381 356
18864 1310 5514 2980 6134
18865 1523 4133 1521 5757
18866 3357 1634 3355 5757
18867 4255 5629 4028 5848
18868 1410 1412 3447 5855
18869 4925 2718 1883 2719
18870 5392 5526 5436 6224
18871 5175 5604 575 573
18872 3492 3489 575 5603
18873 5204 5940 5613 6092
18874 3945 5725 4670 5816
18875 5942 2312 374 373
18876 212 5761 3583 6167
18877 2679 5268 2677 5402
18878 5790 6035 4952 6151
18879 3366 3365 3367 5538
18880 5159 5419 2912 5841
18881 5508 5518 5298 6224
18882 3194 1292 1295 3193
18883 4594 4697 4980 4555
18884 4454 3149 2484 6199
18885 5238 6120 6059 6164
18886 3695 1497 3102 5200
18887 2195 1885 1884 3315
18888 5112 3448 3932 4814
18889 407 5416 410 6019
18890 3707 6108 5860 5532
18891 3019 5926 3589 6219
18892 931 5621 932 5754
18893 525 5375 524 5621
18894 3700 5702 5269 3698
18895 5379 5568 5208 5652
18896 3255 5654 5086 5685
18897 1395 5523 5288 5624
18898 4422 5540 4424 2251
18899 5656 5983 5247 6139
18900 4637 2194 4925 1293
18901 5773 6069 5476 6155
18902 3888 4425 749 5192
18903 3059 940 1783 5221
18904 1545 5351 1544 5923
18905 4256 5629 4255 5848
18906 5289 5512 1198 5543
18907 5206 6061 5514 6134
18908 1198 5512 1195 5543
18909 4007 5557 4005 6107
18910 3910 4539 4540 5628
18911 2595 1436 316 5510
18912 4683 5033 4406 5510
18913 5170 5568 5266 5652
18914 2595 316 4407 5510
18915 5187 5846 774 6195
18916 4327 2905 1730 5331
18917 5714 5781 4388 6162
18918 4133 5569 1521 5757
18919 2433 2432 2429 5368
18920 2841 4406 4407 5510
18921 1324 5957 1326 6054
18922 1029 1281 2204 5409
18923 5306 6026 2781 5405
18924 620 5529 621 5917
18925 3986 5235 3985 5906
18926 1655 5469 1654 5898
18927 5340 5422 5229 6064
18928 335 6155 334 6215
18929 487 5423 485 5913
18930 2967 3394 2968 5460
18931 2369 4138 4595 5780
18932 2842 2841 319 5510
18933 6000 6119 6083 6202
18934 1097 2202 2201 5467
18935 1278 5648 5427 6102
18936 5439 5485 2920 5535
18937 5940 6200 5204 6226
18938 5262 5442 5229 5961
18939 3448 4584 4602 2203
18940 3932 3448 5112 4604
18941 4538 1103 1104 5666
18942 3405 5286 2904 5328
18943 4949 5527 1239 5952
18944 3196 1296 5134 3197
18945 2270 6220 2268 2267
18946 4057 5557 2759 4058
18947 5314 5948 3514 6055
18948 2552 3338 1977 2682
18949 3039 3040 1818 5253
18950 1814 1808 1810 1809
18951 945 5415 946 947
18952 5299 5983 5158 6139
18953 3197 5134 4428 4954
18954 1899 5080 3290 5689
18955 2999 5278 5240 5472
18956 3584 3582 3585 6167
18957 5627 5701 5322 6211
18958 5244 5867 655 6025
18959 131 3892 3979 6042
18960 5816 5851 5294 5996
18961 2719 4925 1294 4924
18962 5244 5742 5344 6025
18963 1886 1881 1883 2718
18964 5418 5848 5629 6179
18965 1795 4011 5353 1794
18966 1060 5887 1062 6098
18967 3254 5654 3255 5685
18968 3138 5226 4729 4322
18969 4134 3201 4135 6103
18970 655 5709 5244 6025
18971 5407 5560 5210 5585
18972 2880 5262 5828 3789
18973 3212 2250 3211 4775
18974 5262 5365 5230 6224
18975 743 4292 2263 3872
18976 2422 5249 3620 6094
18977 5175 5278 5242 5472
18978 4691 5441 2438 6182
18979 5178 5531 5220 5616
18980 5346 5636 5205 5840
18981 3467 3466 5253 3039
18982 2675 3378 1341 5536
18983 1407 5625 1406 1011
18984 3078 5904 1372 5955
18985 5421 5642 646 6022
18986 208 2958 206 6037
18987 4796 5988 2885 5991
18988 893 892 891 5387
18989 2939 5658 4347 5668
18990 1569 1566 1565 5214
18991 1884 1881 1886 2718
18992 2439 2441 2440 5710
18993 1884 1886 1885 4925
18994 69 70 71 6221
18995 1884 1885 2195 4925
18996 5230 6133 5619 6224
18997 2885 5988 4380 5991
18998 1684 5478 4481 5937
18999 2767 5836 2768 6220
19000 4976 2250 3211 3212
19001 171 167 170 407
19002 4976 1287 1288 3212
19003 3318 5434 3316 1328
19004 1551 1554 5102 5317
19005 5314 5835 5196 6219
19006 3886 476 478 5883
19007 2327 3542 5314 6219
19008 3329 4068 3327 4427
19009 3244 5352 3243 5825
19010 3324 3328 4427 4068
19011 440 436 4935 5394
19012 1883 1881 1880 1882
19013 5518 6133 5230 6224
19014 4541 4786 4151 5512
19015 5357 5959 5936 6061
19016 4436 5352 1162 6107
19017 5222 5249 5177 5288
19018 1886 4925 1884 2718
19019 1556 6065 5322 6211
19020 1880 1886 1884 1881
19021 4864 390 2911 4194
19022 5494 5986 5704 6076
19023 1908 1902 2475 2476
19024 733 5990 5974 6154
19025 2126 1968 1448 5701
19026 1825 4248 2490 2491
19027 1884 1880 1885 1886
19028 3005 2880 3789 5262
19029 1400 1401 2057 1404
19030 2194 4925 2718 2195
19031 5197 5234 5216 5309
19032 3381 2706 2708 5918
19033 2683 3373 3338 5260
19034 4154 6147 3368 5258
19035 1409 635 1408 1406
19036 5405 5427 5294 5851
19037 5273 5742 5522 5397
19038 4938 5369 1050 6181
19039 3944 5725 3945 5851
19040 2185 5488 3940 5555
19041 1341 5536 3378 5939
19042 5166 5483 5248 5658
19043 3500 5717 3499 5889
19044 4154 4157 6018 3871
19045 4034 5923 1545 6059
19046 1840 1841 1307 5342
19047 1406 1409 1407 1408
19048 2435 3380 273 6044
19049 194 5468 838 5524
19050 5528 5900 5772 6054
19051 5160 5205 5197 6095
19052 3423 468 3422 6101
19053 3748 3749 3744 5914
19054 621 1938 1936 5529
19055 4054 4145 4150 5936
19056 2977 3967 2978 5425
19057 3755 5583 4217 6138
19058 5201 5913 5771 5971
19059 4323 2150 3701 5310
19060 4888 4158 4154 4887
19061 3196 1530 3197 5134
19062 3247 2962 4564 2960
19063 4998 5913 2484 6199
19064 3245 2760 3240 5825
19065 5444 5698 5225 5897
19066 2204 1281 2948 5310
19067 4498 4905 4499 5893
19068 4546 5215 2743 5457
19069 3394 5398 2968 5460
19070 3692 3691 3823 5259
19071 1550 5877 5620 6206
19072 1401 1528 2061 5266
19073 2999 5240 2944 5472
19074 4846 1045 4847 5706
19075 1577 1990 2662 5366
19076 2264 2260 2257 5280
19077 696 5608 5179 5917
19078 4106 2098 4108 5728
19079 4191 5798 1131 6098
19080 4610 3119 1568 5236
19081 3767 5439 5325 3770
19082 1044 1570 971 2566
19083 3324 3775 3326 4068
19084 515 514 5551 516
19085 3653 5546 5157 6066
19086 2885 5991 1828 1826
19087 256 261 3804 258
19088 4886 4250 4249 5554
19089 2732 2730 2733 5153
19090 2059 1402 2061 1401
19091 1855 6040 5831 6042
19092 775 5846 774 6126
19093 3325 3326 3324 3775
19094 3500 5662 5556 6163
19095 3329 3327 1530 4427
19096 1934 1933 2889 5507
19097 5392 5436 5176 6224
19098 1530 5134 4068 3327
19099 1556 1558 2500 5695
19100 5463 5590 5583 5951
19101 3329 3326 3327 4068
19102 3328 3326 3329 4068
19103 3899 3898 4340 5743
19104 5134 3327 3776 4068
19105 3776 3196 5134 4068
19106 1319 1317 1318 6219
19107 5082 1083 2917 2124
19108 1944 5551 515 5746
19109 4398 4018 3969 767
19110 2828 5856 2124 2831
19111 5162 5940 5204 6226
19112 3733 3375 3734 5338
19113 3749 1565 3744 5172
19114 3758 4978 4897 5764
19115 3795 1361 3300 5247
19116 3870 5660 5383 4156
19117 2243 5493 4414 4895
19118 5410 5434 2247 5528
19119 5218 5451 922 5911
19120 2729 5557 4007 6107
19121 5447 3035 2072 6007
19122 1679 5862 1681 1682
19123 4557 4556 4555 6201
19124 5730 5880 5038 6221
19125 2200 461 2000 5701
19126 3955 3509 5012 5792
19127 3836 5402 2678 5466
19128 154 6202 2225 6227
19129 3134 4999 4968 5771
19130 261 5860 256 6108
19131 5393 4138 2369 5780
19132 5923 6059 4034 6120
19133 2648 1318 1316 6219
19134 586 1036 3453 5255
19135 2446 5545 5246 6214
19136 4660 5646 261 6108
19137 2450 4843 5017 1404
19138 1543 4514 4741 5896
19139 5332 5611 347 5998
19140 1909 1904 4842 5853
19141 68 5730 5038 6221
19142 5238 6062 6059 6120
19143 1396 5624 4838 5963
19144 2291 3654 2292 6152
19145 2911 2865 3046 5895
19146 1418 1419 4940 4941
19147 4861 5557 4436 6107
19148 967 969 3496 5989
19149 442 5328 448 5888
19150 498 497 1097 5345
19151 1571 6027 5994 6082
19152 3589 5926 3591 6219
19153 695 5821 5740 6105
19154 694 3722 3507 6105
19155 753 5451 751 5995
19156 5074 5862 4558 1680
19157 4266 5563 3422 6101
19158 6000 6083 2620 6227
19159 5613 5940 5162 5995
19160 4434 4020 3290 5820
19161 1319 5838 4858 1320
19162 2879 5633 2878 5667
19163 1479 5162 1482 5891
19164 6123 5302 2369 644
19165 1681 6197 3277 1682
19166 5155 5981 5503 6205
19167 4841 5853 4379 5988
19168 5369 5879 5376 6028
19169 5526 5633 5419 5973
19170 5160 5471 5252 5615
19171 2717 2715 1235 5902
19172 3507 5740 694 6105
19173 5679 1303 1297 5594
19174 1439 3414 2836 5861
19175 1419 1418 1417 4941
19176 757 751 759 5995
19177 319 316 314 5510
19178 5708 3955 3510 4655
19179 2890 3186 2891 5474
19180 4883 5248 4885 5483
19181 2493 2494 2492 6105
19182 2418 1672 611 5390
19183 5786 5875 809 5915
19184 2030 2031 2032 5315
19185 2200 2000 1970 5701
19186 5340 5597 3217 6099
19187 5702 6007 2465 6083
19188 1089 5387 959 5648
19189 646 645 2290 5642
19190 5663 5908 5254 6115
19191 4756 4755 4757 5465
19192 1403 2058 1405 1400
19193 3105 6057 5475 6103
19194 2172 3955 3578 5792
19195 5496 5951 2956 5963
19196 5670 3000 2398 2929
19197 319 2841 316 5510
19198 1436 315 316 5510
19199 69 5473 79 6031
19200 1422 5831 1421 6042
19201 2784 5301 2654 6080
19202 658 6079 2570 2569
19203 341 1799 339 5891
19204 2291 5631 3648 5869
19205 3422 3421 2003 5563
19206 4376 4380 4377 5988
19207 524 5621 5412 5754
19208 2427 5504 2426 5796
19209 4012 1318 2648 6219
19210 2195 3315 2196 5437
19211 1090 5094 5881 3612
19212 5190 5495 5229 5961
19213 5208 5362 5346 5732
19214 3653 5724 4607 5958
19215 1418 1419 4696 4940
19216 5315 5886 5220 5903
19217 2527 2529 5612 4959
19218 735 2350 2351 6086
19219 2885 1826 2887 5991
19220 2494 2493 2495 6105
19221 4975 5482 3198 4940
19222 4012 1319 1318 6219
19223 5159 5995 5162 6071
19224 1475 5663 1474 6115
19225 3190 3509 5708 5792
19226 5378 5480 5191 5637
19227 695 2493 2492 6105
19228 3507 2932 2493 6105
19229 4955 2826 4478 4964
19230 2887 1826 4796 5991
19231 3879 2104 3880 4754
19232 4817 108 5121 4816
19233 4026 3975 4027 6003
19234 2641 5587 5372 6075
19235 5345 5410 5261 5467
19236 5908 5168 5890 5717
19237 4478 2826 4955 4477
19238 3150 3147 3149 6199
19239 1799 1479 339 5891
19240 5158 5640 5299 6139
19241 932 5441 933 5754
19242 3652 5813 3654 5869
19243 2795 2796 2797 5792
19244 1763 4991 2282 5746
19245 1059 6197 1681 1063
19246 4134 4135 2065 6103
19247 3085 5299 1449 5713
19248 955 953 108 4816
19249 576 5604 5131 6063
19250 5475 6057 916 6103
19251 5230 5399 5218 5777
19252 4955 4954 5732 4696
19253 1319 4012 3019 6219
19254 2933 2493 2932 6105
19255 2932 3507 3722 6105
19256 5365 5526 5392 6224
19257 1404 5694 5018 1530
19258 168 480 482 5566
19259 5084 2834 5149 5239
19260 1778 5188 445 5279
19261 2127 2200 1968 5701
19262 3726 5650 3602 5974
19263 6087 891 5387 5881
19264 2018 5739 5548 2017
19265 2977 5390 2418 5716
19266 5163 5284 5261 5467
19267 3453 4716 4715 5255
19268 1727 1725 1729 6205
19269 2914 2913 4477 4478
19270 2827 2913 2914 4478
19271 916 5536 1342 5778
19272 2393 1345 1344 5733
19273 5389 5890 3499 6115
19274 5468 838 5035 833
19275 3822 5415 3823 5857
19276 727 5784 3595 5839
19277 5563 5847 464 5857
19278 2885 4380 5000 5991
19279 2799 5272 4703 5854
19280 3223 3484 133 5975
19281 2251 5646 2253 6078
19282 785 144 786 5171
19283 3999 1834 3995 5921
19284 170 5566 168 169
19285 645 5538 2014 5642
19286 1329 1328 1325 1327
19287 2131 3159 3157 5848
19288 5238 5488 2185 5555
19289 4630 5231 4512 5520
19290 3184 3182 3183 5644
19291 1486 6098 1062 1474
19292 4815 953 955 4816
19293 3191 3190 2795 5792
19294 4555 3278 4557 6201
19295 5539 5644 5618 6130
19296 4462 1016 1018 4619
19297 2502 1062 1064 1060
19298 2057 1401 2450 1404
19299 2857 5242 3523 5919
19300 727 5839 733 6154
19301 903 5662 902 1248
19302 3982 5930 905 903
19303 1091 5648 2091 6156
19304 2586 2143 2584 5347
19305 1019 5379 1673 1676
19306 5613 5871 5204 6092
19307 205 209 210 6057
19308 938 5341 5318 6188
19309 2387 611 2386 5390
19310 5563 5764 5306 6004
19311 5495 5581 5250 5961
19312 4002 5320 3244 5727
19313 4766 3671 5001 5991
19314 3700 3698 3697 5702
19315 674 5236 3745 789
19316 2394 5399 3408 6193
19317 2887 4796 2885 5991
19318 3222 5490 3221 6131
19319 5159 5392 2912 5643
19320 2395 990 2396 5912
19321 2841 2844 4683 5510
19322 2897 3246 2970 5684
19323 906 5782 901 903
19324 4288 6098 1132 1487
19325 5552 5858 5547 6074
19326 5423 5913 487 6114
19327 276 275 278 5888
19328 906 903 901 905
19329 5303 5860 5646 6108
19330 4367 5400 4736 5401
19331 177 5309 3900 5350
19332 2586 5219 4671 5347
19333 1108 5716 1106 5920
19334 838 5035 197 5691
19335 1299 5679 1297 1298
19336 5167 5290 5160 5345
19337 4306 5047 4909 5638
19338 5380 5707 655 5709
19339 2801 5206 704 6061
19340 3904 5316 5121 5886
19341 3500 3503 3982 3502
19342 2853 4320 2852 5866
19343 5191 5575 5181 5637
19344 4751 5480 5378 5637
19345 5172 5649 5181 5697
19346 1426 1171 5410 5345
19347 2364 5503 5484 5981
19348 275 278 5737 279
19349 1533 5282 1710 5553
19350 4659 5646 4660 6108
19351 5234 5576 5350 5807
19352 1181 5954 1182 6102
19353 1749 1873 1107 6175
19354 3643 4369 1505 5811
19355 894 897 899 5232
19356 5008 5044 3186 3821
19357 5419 5667 5526 5973
19358 3653 4607 3648 5958
19359 5427 5755 2437 5996
19360 3962 5326 3960 5922
19361 3402 3296 3224 3225
19362 3453 3074 3068 5255
19363 5417 5572 2880 5667
19364 4673 5520 5202 5718
19365 1980 5169 1336 5401
19366 1982 1979 2556 5401
19367 3525 5673 4395 5919
19368 1336 5305 5260 5401
19369 4043 5922 4040 5934
19370 1448 1447 1443 5688
19371 5023 4793 1104 5169
19372 1977 1978 1336 5401
19373 1200 1982 2556 5401
19374 1979 5260 2555 5401
19375 1852 3351 1853 3893
19376 341 6198 3007 6226
19377 1549 5303 3568 5711
19378 3879 4879 3841 2812
19379 2560 1502 84 5250
19380 1551 1722 1552 5317
19381 1917 5532 3266 5711
19382 4202 5361 1896 5817
19383 5102 4566 1551 5317
19384 4257 4030 4027 5587
19385 2247 5410 2246 5979
19386 1278 5427 2092 6102
19387 1489 5520 1996 4281
19388 3067 5255 3453 3068
19389 129 2778 127 5284
19390 4186 4185 3960 5246
19391 4127 6219 5842 2327
19392 5987 77 5429 1144
19393 1957 3200 4885 5248
19394 4754 3879 2104 4878
19395 290 1957 3200 4885
19396 5662 6023 3502 6034
19397 1079 2728 1080 5814
19398 3453 1036 3074 5255
19399 2407 5764 5847 3758
19400 2193 1916 2666 5540
19401 372 5806 378 5962
19402 5224 5446 5284 5464
19403 1674 1673 1019 1021
19404 5678 6188 6182 6204
19405 4780 4746 985 5650
19406 488 489 3457 5971
19407 5306 945 2781 6026
19408 2773 5779 5461 5786
19409 5158 5435 5155 5640
19410 1168 5410 6040 5831
19411 3432 5522 6128 4270
19412 2220 4250 4818 4886
19413 4818 4250 4769 4886
19414 5240 5604 5580 5758
19415 1402 2057 2059 2058
19416 4251 4250 4252 4253
19417 5402 5614 5268 5985
19418 206 6037 205 6057
19419 5208 5379 5316 5568
19420 3068 3071 4422 5255
19421 4287 1749 3983 5627
19422 1723 5981 5211 6205
19423 612 1079 2386 5814
19424 2901 5483 3246 5684
19425 4224 6084 2408 6178
19426 4589 5876 4659 6108
19427 5341 945 2783 959
19428 3656 3350 710 5310
19429 2120 3513 4126 2119
19430 5190 5383 5281 6146
19431 358 1258 3205 5341
19432 1083 2917 2829 5081
19433 5556 5662 5585 5889
19434 5891 6198 341 6226
19435 2917 1083 5082 5081
19436 2059 2057 1402 1401
19437 2795 5708 2796 5792
19438 5876 6068 4659 6108
19439 5154 5705 831 6047
19440 2039 5329 1806 5535
19441 4462 5568 1020 1016
19442 4324 4847 4869 5706
19443 3328 5018 5019 4427
19444 922 144 785 5171
19445 376 374 5942 5693
19446 4387 4089 4086 5714
19447 829 5371 5286 5551
19448 314 5510 315 5641
19449 375 5816 5648 5851
19450 108 3009 955 4816
19451 117 5380 112 114
19452 1084 5081 5082 1083
19453 4011 421 1113 5353
19454 920 922 785 5171
19455 157 2341 3230 6202
19456 5131 3866 4561 3864
19457 2746 5300 2745 5489
19458 3086 2113 2237 5682
19459 5189 5689 2809 5750
19460 637 5712 641 5854
19461 5017 1404 1400 2452
19462 3964 5778 1341 5939
19463 3150 5922 5698 3148
19464 5482 6095 5205 6127
19465 1083 1015 5082 1084
19466 5833 6003 5834 6225
19467 1788 5211 1791 5981
19468 5412 5454 5272 5726
19469 1720 5311 1553 5317
19470 5017 2450 2452 4843
19471 1666 5223 3483 5515
19472 1936 5608 1057 5917
19473 2749 2754 804 5355
19474 1551 5317 794 1554
19475 1018 4462 1020 1016
19476 5210 5531 5208 5560
19477 2959 3316 3319 5437
19478 4868 4922 952 4609
19479 271 5294 5996 267
19480 103 5559 4609 2811
19481 955 108 109 3009
19482 4565 481 781 5171
19483 3534 2641 5848 6179
19484 3358 5565 4676 5569
19485 5018 5694 1404 5017
19486 2211 4492 2210 5540
19487 5819 6177 5891 6198
19488 2424 510 5149 5239
19489 4908 786 144 5171
19490 1915 1549 1917 5711
19491 2060 2451 1405 2058
19492 2062 2061 2063 2059
19493 639 637 5712 640
19494 109 3009 108 4816
19495 1851 5174 480 5566
19496 344 347 351 5998
19497 2063 2059 2061 2057
19498 645 644 4409 5642
19499 2452 2450 5017 1404
19500 2057 1400 1402 1401
19501 2911 5481 4498 4499
19502 2452 1400 2058 1404
19503 3659 3661 3662 5454
19504 5471 5542 1014 5615
19505 2061 2057 2059 1401
19506 1162 1164 1160 5352
19507 2833 5239 2834 5250
19508 5434 5729 1329 5957
19509 3293 1372 4854 5904
19510 2859 2861 2860 5660
19511 3461 5211 1724 5251
19512 5256 5517 5163 5762
19513 4658 3716 3199 5248
19514 2104 2302 3880 4754
19515 255 1575 3800 5366
19516 2063 2057 2061 1401
19517 4949 1240 1239 5527
19518 2453 5332 346 4103
19519 3617 1780 3618 5288
19520 728 732 731 5411
19521 1797 5331 5243 5374
19522 2061 1528 1401 4922
19523 944 5288 5113 5624
19524 2765 2763 2762 5739
19525 2233 2236 2234 5483
19526 1702 5398 1697 5950
19527 3008 5382 808 176
19528 2061 952 4868 4922
19529 4896 557 2407 5764
19530 5630 6060 326 6111
19531 2958 5778 3964 5939
19532 3003 5633 2879 2547
19533 2778 5284 129 5561
19534 1309 1672 1671 5390
19535 1582 5570 1583 5571
19536 99 5098 5099 5300
19537 2215 5165 2217 5424
19538 4135 917 3201 3321
19539 5458 5583 4224 6178
19540 2688 4755 4756 5465
19541 5498 5759 2972 6185
19542 1834 5921 5751 6009
19543 1773 5279 1772 5295
19544 2244 5528 1285 5831
19545 2119 2123 2122 6011
19546 1125 1123 530 5398
19547 2233 5483 2961 5658
19548 4723 5498 4725 5843
19549 4671 5638 5440 6056
19550 5344 5494 5459 5742
19551 4815 953 3010 3009
19552 3983 3902 1444 5627
19553 955 953 4815 3009
19554 3009 109 4817 4816
19555 2395 5912 2396 2394
19556 5121 108 956 4816
19557 956 953 4815 4816
19558 108 953 956 4816
19559 952 4815 5121 4816
19560 5121 956 952 4816
19561 956 4815 952 4816
19562 5478 5862 1682 6073
19563 169 168 482 5566
19564 1021 1016 1020 5568
19565 481 5174 4565 5566
19566 3074 1035 3071 5255
19567 4375 1150 2650 582
19568 1825 812 1828 1824
19569 1487 1061 1486 6098
19570 410 5268 411 6019
19571 1970 5445 1968 5701
19572 3039 1820 3295 5420
19573 2270 4445 2272 5836
19574 69 6020 5880 6045
19575 2636 2639 2638 5191
19576 5456 5534 4481 5882
19577 5163 5197 5182 6187
19578 893 190 187 891
19579 4894 5217 2637 4930
19580 4601 3932 4604 4602
19581 892 2611 2613 2110
19582 630 891 892 2110
19583 1814 1808 4248 1810
19584 1227 3529 3530 5654
19585 1160 2169 1161 5850
19586 630 631 632 2110
19587 3024 5826 6131 2734
19588 4239 4103 2737 5826
19589 5942 4771 3396 4770
19590 5219 5566 4565 6056
19591 4828 4979 2604 5363
19592 5257 6148 5521 6160
19593 5774 6170 3544 6219
19594 2928 4204 2925 5531
19595 3040 6052 5253 5447
19596 5411 5645 732 6154
19597 1564 1567 3117 5236
19598 5340 5601 5433 6008
19599 5953 6147 4158 4439
19600 1546 5789 1545 6191
19601 5174 5566 5219 6056
19602 3381 3383 3384 3385
19603 2664 5738 5476 6215
19604 4206 5564 5315 5977
19605 5189 3390 3387 3389
19606 1546 5565 1541 5923
19607 5269 6052 5180 6131
19608 6148 6160 1691 6213
19609 5585 5889 5717 6163
19610 2191 5233 4099 5849
19611 5120 5942 4773 3702
19612 5372 5587 4030 6075
19613 3493 3949 575 3494
19614 1985 4715 1987 5519
19615 627 620 626 5597
19616 1477 1478 1476 5763
19617 2620 6083 6007 6227
19618 5738 6155 5810 395
19619 4749 4889 4857 5492
19620 658 5313 2567 6088
19621 4978 3759 2006 5764
19622 4466 5838 3544 6170
19623 5443 5596 5215 5736
19624 5149 510 507 5239
19625 5182 5506 5199 5707
19626 5276 5351 1518 5727
19627 5922 6114 4041 6199
19628 1062 1060 2502 5887
19629 22 26 28 27
19630 5838 5926 5743 6219
19631 1289 2250 2244 2249
19632 3946 5756 3944 5980
19633 3946 2342 2344 6168
19634 1031 1281 2207 2204
19635 4604 4583 3449 5112
19636 4844 1559 1557 5943
19637 1450 1456 1455 5713
19638 3210 1286 3169 3168
19639 584 579 1149 2651
19640 1092 5648 1089 6156
19641 5298 5518 5230 6224
19642 3448 3528 4602 4584
19643 5122 5973 5232 5060
19644 5687 5854 5762 6001
19645 4403 5761 4932 6218
19646 5433 5590 5384 6178
19647 3390 5689 5080 6091
19648 4584 2206 4583 2208
19649 3932 4584 3448 4604
19650 1820 3402 3295 6052
19651 5176 5298 5230 6224
19652 278 4316 3270 5295
19653 4814 4583 5112 3449
19654 1165 5345 501 5979
19655 2206 4584 2203 2208
19656 5208 5346 5178 5585
19657 4814 3449 5112 4604
19658 3448 4814 5112 4604
19659 4602 2204 2948 2950
19660 2652 2650 1571 4375
19661 4604 3448 2203 4584
19662 1577 1572 1576 5366
19663 1031 2652 1571 4374
19664 2206 4604 4583 3449
19665 2950 4602 3448 3528
19666 4604 4584 2203 2206
19667 3925 3924 3826 5946
19668 4603 3318 3932 3528
19669 5605 5845 5388 6046
19670 4002 4836 1160 5850
19671 5178 5502 5210 5585
19672 1820 5420 1818 6052
19673 2490 4248 4246 2491
19674 4804 2732 3217 5153
19675 1897 5817 5006 6091
19676 3970 763 767 4017
19677 3214 1285 3168 3350
19678 3656 3981 3402 3655
19679 5494 5840 5358 6076
19680 6006 6109 5413 6111
19681 5632 6152 3477 6173
19682 2180 2181 2175 6182
19683 4764 5549 4871 5980
19684 5249 5288 5222 6094
19685 1521 4133 4002 5850
19686 3448 4602 2950 2203
19687 3655 3656 710 3402
19688 1289 3214 2244 1285
19689 2913 2914 2915 5362
19690 1431 5882 3128 6012
19691 1597 6137 1594 1595
19692 5838 6170 1317 6219
19693 456 455 1829 812
19694 4712 798 2579 5181
19695 2650 1150 1149 4218
19696 5721 5756 5370 6055
19697 2620 5406 2619 6083
19698 96 2616 5720 5966
19699 1319 5838 1317 6219
19700 4712 732 4505 5411
19701 1282 3169 1284 1286
19702 1733 5374 1732 1730
19703 1368 1365 3886 5883
19704 4676 3358 3356 5565
19705 2650 582 1150 4218
19706 4952 5790 5187 6035
19707 1444 5425 4287 5920
19708 5860 2665 335 1989
19709 1571 2650 582 4374
19710 325 229 2590 6111
19711 2866 5335 2865 5767
19712 1316 6170 5842 6219
19713 4871 5549 5493 5980
19714 3577 4479 3576 5792
19715 5646 6108 5626 6210
19716 4488 1487 1486 6098
19717 1811 5065 4248 1810
19718 5876 6108 5072 6210
19719 736 5798 5664 5985
19720 5556 5856 904 6005
19721 4278 3900 1331 5788
19722 3402 3294 3295 5420
19723 5626 5868 5303 6210
19724 4932 4872 4809 6218
19725 1031 4375 2652 4374
19726 1571 6082 1031 1032
19727 5433 5951 5495 6146
19728 1151 5523 1395 5624
19729 5275 5761 5372 6218
19730 334 6155 340 6198
19731 1319 6219 3589 3591
19732 4315 3269 3271 5378
19733 5480 5575 5191 5637
19734 931 933 2179 6166
19735 2880 3789 5828 3788
19736 3045 2866 2867 5977
19737 3870 6018 5383 5660
19738 1715 2149 1713 1714
19739 5636 5840 5346 6124
19740 555 5954 1276 6026
19741 1610 5487 5020 1612
19742 2650 582 4374 4375
19743 5595 5737 5327 5928
19744 5619 6133 5518 6224
19745 5861 5863 5369 6028
19746 988 323 320 6212
19747 4322 4324 5226 4323
19748 4846 2468 3498 1045
19749 2988 5334 2987 6166
19750 2382 6051 2166 2168
19751 4488 4288 1487 6098
19752 1735 5546 1738 5808
19753 1818 5420 5253 6052
19754 5163 5261 5252 5410
19755 2203 2208 4584 2207
19756 2471 1719 2949 1718
19757 2694 5291 2695 5571
19758 3449 4604 3448 2203
19759 5632 5870 5619 6133
19760 2203 2205 2206 2207
19761 1498 1494 1497 5200
19762 5222 5288 3615 6094
19763 3701 5310 3700 4323
19764 2961 5483 2962 6183
19765 2567 6046 5313 6201
19766 5479 6059 5513 6120
19767 3827 3828 3826 5946
19768 5852 6006 2589 6109
19769 5547 5625 5287 6087
19770 1665 1784 1781 5533
19771 5554 5664 5254 5985
19772 4408 757 3919 5977
19773 5578 5956 5619 6133
19774 1028 3138 3137 1027
19775 3718 5363 4433 5381
19776 3293 2882 3292 5904
19777 2547 473 4961 3003
19778 495 5853 4841 5988
19779 5740 5821 5403 6105
19780 5292 5518 5399 6133
19781 26 27 1148 5987
19782 3297 5420 3295 3294
19783 5303 6108 5646 6210
19784 2831 5856 5652 6005
19785 3167 3169 451 712
19786 4126 5835 5314 6219
19787 5554 5717 5614 5985
19788 4244 3371 1480 6226
19789 4386 6020 69 6045
19790 2128 2127 2126 5753
19791 1028 1027 3137 1029
19792 5272 5712 5307 5854
19793 495 4841 4376 5988
19794 5862 6197 5647 6201
19795 3478 2292 3654 6152
19796 1285 1289 3168 1282
19797 4447 3131 2496 5695
19798 2228 3034 2226 6227
19799 2203 2204 2205 2207
19800 454 1284 5976 453
19801 3508 4479 3509 5792
19802 3478 6152 3652 6173
19803 490 495 4376 5988
19804 1031 2204 2205 1029
19805 4327 5331 2593 3267
19806 5518 5813 5508 5870
19807 2344 4495 4496 6168
19808 186 191 188 189
19809 5358 5890 5354 6056
19810 884 5403 5337 5600
19811 4793 1981 1104 5666
19812 965 5989 969 967
19813 881 5337 882 5600
19814 2206 2208 2203 2207
19815 5867 6128 5344 6180
19816 3019 6112 5926 6219
19817 6219 4126 3543 5314
19818 2246 5410 2245 5979
19819 1150 582 584 4218
19820 1031 5409 6082 2652
19821 1389 5612 2320 5987
19822 1062 6098 1061 1060
19823 2529 25 1392 5987
19824 5409 5969 1032 6082
19825 2951 2204 3137 1029
19826 3137 2204 2951 3139
19827 858 3666 859 5264
19828 5017 5228 4843 5694
19829 2247 5410 5348 5437
19830 2139 5796 2136 2138
19831 3702 6074 4274 6186
19832 4677 4680 4679 5850
19833 1544 5923 5351 6095
19834 886 887 850 5864
19835 933 5754 2180 6166
19836 377 5648 375 5962
19837 5356 5805 3946 5980
19838 4912 4274 5120 4272
19839 1982 1200 1981 5666
19840 4729 5226 3138 3139
19841 4826 3487 2726 5360
19842 1463 1457 6142 5944
19843 2282 4991 4778 6049
19844 1152 1156 2956 5496
19845 5826 2734 3024 2455
19846 825 6035 5497 6151
19847 3476 3478 3506 6173
19848 2691 111 110 5574
19849 3381 3383 4086 3663
19850 3264 1691 1690 6160
19851 3655 3402 710 709
19852 2617 5432 3113 6176
19853 5696 5795 5480 5934
19854 5545 5818 5256 6214
19855 1591 5217 1588 5270
19856 3025 3024 5910 3027
19857 1742 5901 5845 6125
19858 2801 5091 1972 6061
19859 5455 5828 5267 5961
19860 2185 503 502 5290
19861 2778 2924 2041 5561
19862 2345 6168 5275 6218
19863 5126 4090 3026 3385
19864 5842 6219 4127 6039
19865 2119 2007 3514 5948
19866 4830 4829 3462 5251
19867 5645 5839 727 6154
19868 1719 2948 2949 1718
19869 3678 3675 3677 5161
19870 5177 5590 5359 5951
19871 1620 978 1619 2539
19872 1306 1305 1308 5750
19873 1538 3529 201 5654
19874 3408 4228 3089 5777
19875 5389 5887 5647 6197
19876 5880 6020 5730 6045
19877 2812 5392 2811 5559
19878 2351 5798 735 6086
19879 4563 3721 4564 5668
19880 5120 4912 4161 633
19881 2663 5366 2665 2664
19882 2713 1510 1509 5801
19883 35 4215 4559 4400
19884 4619 4868 4463 5568
19885 916 6037 208 6057
19886 1838 1835 1837 5829
19887 5189 5739 2761 5750
19888 5952 1241 3885 5883
19889 2933 2500 2934 5695
19890 715 713 2115 2026
19891 644 5302 649 6123
19892 2662 1990 2665 5366
19893 5578 5619 5442 6133
19894 1557 818 1556 5943
19895 5269 5918 5310 6052
19896 2232 5669 2233 5676
19897 4421 5108 4704 5377
19898 4772 4773 4163 4162
19899 5358 5840 5344 5797
19900 4620 3269 4317 5378
19901 1634 1541 1542 5565
19902 4494 4495 2344 6168
19903 1284 5253 1825 454
19904 1331 5788 3900 6110
19905 632 4161 5120 4162
19906 4446 4444 4445 5836
19907 5230 5578 5442 6133
19908 4362 5708 4363 6161
19909 938 3341 3459 4336
19910 4537 5705 831 5737
19911 1850 3088 3089 755
19912 449 5279 5188 5602
19913 2356 2360 2361 5873
19914 2202 5464 1866 5467
19915 4558 5862 5074 3997
19916 5277 5575 5181 5672
19917 1813 5978 2489 6106
19918 4178 5325 4708 4968
19919 5449 5507 5444 6100
19920 2351 2350 5043 6086
19921 3216 3217 3215 6099
19922 5687 5913 5201 5971
19923 5268 5614 5210 5717
19924 1032 5409 1028 5969
19925 4771 5942 4772 4770
19926 1821 2737 2735 2734
19927 4549 5726 5182 6184
19928 5180 6052 5310 6131
19929 2018 2017 2764 5750
19930 5441 2097 6044 5728
19931 2071 5269 2070 5827
19932 2443 5520 5231 5710
19933 1499 5267 1502 5961
19934 2709 2706 3381 348
19935 2542 2534 5190 5496
19936 1441 5863 1054 5880
19937 1000 3330 3440 5576
19938 5209 5392 5232 5539
19939 1608 5865 5367 5885
19940 69 71 3592 6221
19941 5120 4163 4162 4161
19942 2986 4232 2989 5334
19943 1742 5577 1740 5845
19944 2363 5544 1789 5981
19945 1825 5584 455 5976
19946 5726 5844 5749 6166
19947 5308 5475 5372 5852
19948 5155 5544 5158 5983
19949 5547 6186 5120 5700
19950 1011 5625 1406 6087
19951 2555 1979 2554 5260
19952 5880 6028 5388 6045
19953 5910 6097 5681 6140
19954 5679 1301 3219 1299
19955 138 136 139 5943
19956 2176 5844 2988 6166
19957 5269 3024 345 5918
19958 1090 3612 5881 5387
19959 6063 4562 3866 5604
19960 2435 2438 4691 6044
19961 1939 5189 4967 5548
19962 605 609 612 5548
19963 5014 5007 930 5361
19964 1688 5601 1686 6013
19965 2697 5601 2565 6013
19966 187 191 188 186
19967 4841 4379 4376 5988
19968 2902 414 3532 4921
19969 5743 5926 5835 6219
19970 2345 4494 2344 6168
19971 5594 5823 5517 6217
19972 3168 1285 3214 1289
19973 4655 5708 4362 6161
19974 4386 6031 136 6045
19975 136 6031 5751 6045
19976 2768 2269 2769 6220
19977 2345 5275 3346 6218
19978 2431 6066 2428 2429
19979 3211 2244 2248 2249
19980 5217 5270 1591 5524
19981 3458 5741 3457 5971
19982 3477 5715 1817 6173
19983 5403 5695 3131 6089
19984 1729 6032 1727 6205
19985 1603 5426 1466 5752
19986 5291 5292 5234 5385
19987 5751 6031 5388 6045
19988 4444 3312 3313 5836
19989 5447 6202 5611 6227
19990 1735 5546 2593 1738
19991 5341 5678 5318 6188
19992 2981 6134 1841 1840
19993 3594 297 2984 5183
19994 3719 1629 3968 5669
19995 856 3677 3674 5161
19996 367 370 368 5161
19997 5077 411 4038 5268
19998 5163 5410 5160 5467
19999 1545 5923 1634 5351
20000 5447 5611 3040 6052
20001 4980 4555 4697 5647
20002 1529 1525 1527 5694
20003 709 456 814 5984
20004 5761 6168 4809 6218
20005 859 5173 369 855
20006 2488 5687 2480 6001
20007 5479 5923 5513 6059
20008 172 177 176 5309
20009 630 628 632 631
20010 5207 5705 5183 6047
20011 442 2088 3937 443
20012 4809 6168 4494 6218
20013 135 6088 5473 134
20014 2878 5122 2874 5973
20015 2567 5313 658 6201
20016 5388 6031 5880 6045
20017 5353 5832 3019 6112
20018 767 4017 3969 3970
20019 2641 5848 3159 3534
20020 4162 4163 5120 4773
20021 4912 4164 4161 633
20022 3189 4655 2445 6161
20023 1320 1322 1317 6170
20024 2255 5819 5204 5940
20025 2645 4481 4480 5947
20026 5177 5523 5288 6094
20027 4670 5725 5723 5816
20028 69 6031 4386 6045
20029 2445 5708 3189 6161
20030 1691 1687 1690 6160
20031 2248 3214 1855 2244
20032 741 5664 3834 5985
20033 710 3656 3353 3350
20034 1759 5445 5206 5514
20035 5222 5223 3617 5288
20036 1379 2857 4280 5242
20037 4495 4494 4809 6168
20038 5444 5507 2845 5673
20039 3064 5785 3066 5212
20040 5708 6161 5517 6217
20041 3264 5521 1691 6160
20042 1691 6148 1687 6160
20043 1819 1820 1818 6052
20044 2094 2093 274 5723
20045 1288 1287 3213 3212
20046 1634 5565 3355 5757
20047 5435 6077 5790 6126
20048 1638 1639 1637 5599
20049 1325 1328 5434 1324
20050 1595 6060 1597 6149
20051 1329 5434 1325 1328
20052 2126 5745 2129 5753
20053 3571 5542 5477 5615
20054 367 366 369 5161
20055 1675 5903 2925 6085
20056 1007 3636 2473 1326
20057 3946 2344 4496 6168
20058 1713 6216 1715 1716
20059 4965 5351 1634 5997
20060 5396 5647 5143 6029
20061 4570 4854 3078 5904
20062 5517 5690 5594 6217
20063 4363 6161 5708 6217
20064 4844 1557 4411 5943
20065 5183 5595 5154 5916
20066 3411 4756 3415 5861
20067 4836 4002 4133 5850
20068 4977 1367 477 5773
20069 3827 3829 3828 5946
20070 5926 6112 5196 6219
20071 1319 5926 5838 6219
20072 5219 5402 5268 5985
20073 2248 3211 3214 2244
20074 987 1496 986 6132
20075 2852 5866 4504 6099
20076 1007 1325 5957 1326
20077 3165 5651 1416 6127
20078 4113 3924 3925 5946
20079 755 753 3089 5451
20080 3174 233 234 5787
20081 3907 5588 3908 5628
20082 5254 5717 5554 5985
20083 1827 1825 1829 812
20084 1508 5342 4150 5829
20085 4976 3211 1289 1287
20086 1282 1289 3213 1287
20087 3168 3210 1286 1282
20088 2245 2246 1855 4787
20089 3166 710 3167 712
20090 172 5382 808 5915
20091 4222 4221 5102 5311
20092 5322 6065 5836 6211
20093 5517 5762 5256 6217
20094 2204 1029 1031 1281
20095 225 3586 4174 5382
20096 1160 2382 2169 5850
20097 2204 2207 2948 1281
20098 453 1284 1281 3169
20099 3167 710 3168 3169
20100 709 816 3655 3402
20101 1703 5833 535 5929
20102 3169 3210 3213 1286
20103 1825 5253 1284 2935
20104 524 5375 519 5621
20105 6219 3544 4126 5835
20106 5981 5544 1786 6077
20107 1961 5331 780 5374
20108 3430 3427 3429 5932
20109 1817 5619 5578 5632
20110 3559 1385 561 6050
20111 3502 5396 3982 6034
20112 2032 5335 2866 5977
20113 507 510 505 5523
20114 451 3169 453 712
20115 451 453 711 712
20116 4795 4796 2885 2886
20117 4774 5693 3699 5791
20118 2251 4422 5540 5626
20119 5186 5717 5168 5798
20120 3467 5447 2337 5611
20121 4433 5363 2604 5381
20122 5286 5371 828 5705
20123 3984 3987 3988 5235
20124 3874 5384 4155 859
20125 3352 3350 3892 3351
20126 3353 3980 3892 3350
20127 2950 4602 3528 4601
20128 709 708 3655 814
20129 902 1248 5662 5556
20130 2986 2988 4233 5334
20131 648 647 4788 6117
20132 3615 5222 3619 5288
20133 685 684 688 5305
20134 1282 3168 3169 1286
20135 2250 4775 4976 5110
20136 940 1780 1781 5533
20137 1284 3169 1282 1281
20138 1827 455 1825 812
20139 5480 5541 5198 6113
20140 4601 4605 3932 4603
20141 4602 4601 3932 3528
20142 1282 1281 3169 3168
20143 5284 5681 5261 5975
20144 2950 5528 3318 1324
20145 1317 6170 1316 6219
20146 1870 1864 3473 5513
20147 1119 1121 1122 2322
20148 2517 2336 2518 2453
20149 3172 4106 4107 5735
20150 5585 5840 5218 5925
20151 27 5987 1144 1148
20152 1639 5210 4036 5531
20153 5094 3612 3613 5881
20154 1283 2207 1281 2948
20155 2948 2207 4602 1283
20156 957 5318 4652 960
20157 3211 2250 1289 2249
20158 5303 4424 6177 5532
20159 3544 5838 5835 6219
20160 5227 5617 5404 6142
20161 3300 5237 3301 3302
20162 3072 3453 3073 3067
20163 127 126 129 5284
20164 3345 5372 4403 6218
20165 2347 2345 2343 5275
20166 1329 5434 1005 5729
20167 4484 5595 3938 5928
20168 2624 4671 2623 5909
20169 5231 5438 5241 6192
20170 5047 5909 5171 6056
20171 3857 5820 4094 4095
20172 1545 1634 1544 5351
20173 3880 2104 1526 5558
20174 2647 3394 3756 5460
20175 375 5816 372 5962
20176 1912 6000 1911 6202
20177 2732 2733 3217 5153
20178 2885 4377 5000 4380
20179 4859 1843 2755 2759
20180 1820 3039 1818 5420
20181 581 579 584 583
20182 4248 1825 2935 4667
20183 3919 5564 4206 5977
20184 2320 3400 2322 2819
20185 2530 2320 2322 5612
20186 4976 3212 1288 4776
20187 4976 4775 3212 4776
20188 1810 1815 1811 5065
20189 1814 1813 1808 1809
20190 3120 4750 5698 5795
20191 2935 1825 2490 1284
20192 2525 5233 2524 5949
20193 2935 1284 2490 4246
20194 1825 2489 1808 2491
20195 5065 1814 1810 1809
20196 1829 812 1825 1824
20197 5182 5336 5272 5708
20198 5258 5719 5432 5794
20199 2489 4796 2887 1826
20200 2802 4655 2803 6161
20201 2508 2504 2506 2505
20202 1150 584 1149 4218
20203 584 582 1150 580
20204 1149 584 1150 580
20205 5210 5502 5174 5585
20206 1283 5900 2949 6216
20207 2254 5776 3406 6193
20208 3003 2547 473 5633
20209 2333 2516 5611 2335
20210 5469 5697 5183 5705
20211 4418 5530 5055 6093
20212 1203 1206 966 963
20213 5335 5574 5315 5977
20214 3219 5690 1299 5703
20215 582 580 584 581
20216 790 5795 789 5992
20217 2028 2029 3914 3815
20218 1825 2935 4246 4248
20219 4248 1814 4016 2491
20220 1811 4247 4248 4016
20221 5984 5584 812 815
20222 4248 2491 4016 4246
20223 4248 5065 1811 4016
20224 1829 455 1827 812
20225 814 456 709 707
20226 1913 5853 1912 4765
20227 1975 5983 5247 3795
20228 1718 2471 2472 6153
20229 5309 5373 5333 5788
20230 4447 5836 4446 6089
20231 5203 5943 1556 6072
20232 2033 4206 3919 3920
20233 1531 5553 88 6189
20234 5854 642 2799 4810
20235 452 5976 453 454
20236 5900 2949 6153 6054
20237 4738 5002 3014 5649
20238 4167 3673 4168 3672
20239 5349 5359 2011 5719
20240 4796 5988 4795 2885
20241 3477 5619 1817 5632
20242 4980 6197 2502 1064
20243 1814 2491 4248 1808
20244 3139 5226 3138 5409
20245 5466 5798 5186 6086
20246 5065 1814 4248 1810
20247 812 4168 1828 1829
20248 5232 5526 899 5643
20249 5218 5502 5178 5585
20250 3273 5520 1993 1996
20251 1828 5991 6119 2489
20252 26 22 20 25
20253 4379 5991 4765 4381
20254 2462 2109 1167 5979
20255 4750 5236 4611 5992
20256 1813 1812 1808 1809
20257 812 1829 1828 1824
20258 501 5345 5167 5979
20259 4834 5696 4040 5992
20260 1808 4248 1825 2491
20261 2479 5743 4343 5926
20262 1347 5733 5292 5965
20263 3468 5584 3670 3463
20264 3917 5498 4419 5675
20265 5238 5492 5488 5555
20266 5202 6022 5438 6192
20267 789 3117 3118 5992
20268 5593 5974 3727 5990
20269 168 1851 480 5566
20270 1389 5987 5429 5612
20271 3902 1749 1750 5627
20272 2185 5290 3941 6164
20273 5663 5674 1249 5763
20274 949 3822 3630 5857
20275 4445 5836 2270 6228
20276 4611 5236 4834 5992
20277 903 5782 3982 5930
20278 4795 2885 5988 1118
20279 1815 1814 5065 1809
20280 1677 1675 1674 5903
20281 4692 3472 3475 5488
20282 4345 2131 6002 2135
20283 3669 3672 3671 4168
20284 3672 4168 3669 3673
20285 2409 6084 2411 2410
20286 5480 5580 788 5610
20287 5240 5580 5480 5610
20288 4759 2788 4796 4472
20289 2885 4376 1118 4378
20290 2885 2887 2886 4796
20291 2489 1808 1814 1813
20292 1204 2653 1205 2649
20293 4795 5988 4796 4759
20294 255 1576 1572 5366
20295 493 1118 4376 4378
20296 4150 5342 2810 5829
20297 4224 5458 4473 5583
20298 2322 2530 2787 2323
20299 1913 5991 5988 5853
20300 1811 1815 1810 1809
20301 490 5429 492 3842
20302 4218 583 1149 2649
20303 3120 5795 3118 5992
20304 2811 5392 104 5606
20305 1815 5065 1810 1809
20306 3794 4993 3115 6117
20307 1875 1874 1871 1872
20308 26 1148 1144 5987
20309 4516 5384 4515 6178
20310 5323 4082 4084 4080
20311 22 20 28 26
20312 1397 3625 3624 5265
20313 5001 3671 4766 4381
20314 493 1118 4797 1120
20315 3576 5336 2729 5557
20316 1120 1473 491 492
20317 4379 4381 4765 4766
20318 1202 964 1570 2566
20319 5329 5490 5201 5681
20320 5304 5790 5187 5846
20321 3272 2482 4631 5462
20322 583 2651 1149 2649
20323 5452 5484 5155 5503
20324 2886 2887 2885 1826
20325 2621 5989 3497 6083
20326 3047 3050 3048 3052
20327 2651 2649 1208 2653
20328 5340 5529 2733 5597
20329 5715 1817 59 58
20330 465 5847 3631 5857
20331 3118 5795 790 5992
20332 4750 5795 3120 5992
20333 1828 5991 2885 5000
20334 1118 3401 1120 6081
20335 3532 824 821 5497
20336 2787 2530 2322 3401
20337 379 4842 1910 1905
20338 3048 5301 3050 6080
20339 2320 2324 1392 2325
20340 91 650 379 1905
20341 2819 1473 1120 492
20342 1392 2320 1389 1393
20343 4272 6074 6216 5552
20344 1719 1718 1713 6216
20345 2197 5167 1170 5430
20346 1647 5491 5179 5583
20347 2253 5864 5860 5872
20348 2322 2530 2323 2320
20349 4841 4379 1914 1913
20350 2888 5449 1932 5507
20351 1237 5607 3922 6118
20352 1119 2322 1120 3401
20353 2955 5612 2526 2530
20354 2954 2527 2955 4597
20355 3936 5154 2985 5595
20356 5244 5477 5205 5709
20357 584 583 579 2651
20358 492 1120 490 491
20359 2535 5488 4761 4884
20360 2474 2475 95 94
20361 4612 95 3049 4573
20362 4597 4959 3757 3519
20363 735 5466 2350 6086
20364 6038 6039 5314 6219
20365 4796 2886 4795 2887
20366 2784 1207 2785 1209
20367 1913 4765 5991 5853
20368 313 1807 3091 6090
20369 4648 5363 4649 6010
20370 1149 4218 584 583
20371 3052 3053 3051 3054
20372 1209 6080 1203 965
20373 2526 2955 2530 2528
20374 90 650 93 1905
20375 1204 2650 2652 2649
20376 2325 1389 2320 5987
20377 4952 415 4331 6151
20378 4218 1205 584 583
20379 2654 1204 2652 2649
20380 5158 5983 5656 6139
20381 1204 4667 2652 1571
20382 157 3230 3232 6202
20383 1204 2654 2653 2649
20384 4970 6084 1938 4812
20385 402 406 4498 5419
20386 3137 3138 1028 5409
20387 3085 6032 5155 6121
20388 1632 1635 1631 5997
20389 3708 5303 1549 6210
20390 1149 583 584 2651
20391 4362 2803 4655 6161
20392 3997 2567 4558 6046
20393 2784 1208 1203 2653
20394 1171 1168 5410 5979
20395 5646 5876 5626 6108
20396 4870 3836 2678 5466
20397 2948 1283 2949 6216
20398 1205 2653 1208 2649
20399 409 2678 2677 5416
20400 1208 2649 2651 583
20401 1168 1171 1165 5979
20402 1171 5410 5831 1426
20403 3755 909 3752 5589
20404 1204 1203 1205 2653
20405 1203 1208 1205 2653
20406 2406 2404 947 5306
20407 368 5802 5161 5953
20408 3652 6152 5813 6194
20409 3940 5238 3472 5488
20410 5681 6001 5307 6140
20411 4490 5563 5259 6004
20412 4424 2252 2251 5303
20413 4810 5272 2799 5854
20414 4945 5443 5215 4546
20415 2111 715 2115 5682
20416 1203 965 6080 5408
20417 536 5833 5799 5929
20418 4289 5283 739 5664
20419 759 5564 757 5995
20420 5036 525 524 5621
20421 5493 5980 5356 6150
20422 969 5989 965 964
20423 3608 5223 3482 5699
20424 1682 6073 5862 6197
20425 5226 5310 5253 5409
20426 1494 5428 1496 5970
20427 1571 5994 1204 6082
20428 966 1209 1203 963
20429 5151 4791 4790 5941
20430 4424 2251 5540 5303
20431 2169 2382 2167 5850
20432 2811 5559 5392 5606
20433 5153 5501 5433 5601
20434 5723 5725 5294 5816
20435 964 6083 2566 971
20436 1281 5310 2204 5409
20437 1916 5711 5540 5868
20438 2530 5993 5612 6081
20439 4028 4255 4257 5629
20440 3496 4997 967 2618
20441 5263 5582 1797 5620
20442 5414 5678 681 6188
20443 3050 968 970 3057
20444 5274 5287 5180 5858
20445 383 5815 382 380
20446 2955 3053 3055 4597
20447 4900 5804 4901 5849
20448 1203 963 1209 965
20449 1907 3844 1904 1906
20450 93 650 90 91
20451 661 5525 656 6088
20452 5756 5851 3947 5954
20453 970 3057 968 5063
20454 3052 3057 968 3050
20455 968 3057 3052 5063
20456 6081 5993 2528 2530
20457 5513 5923 4034 6120
20458 4405 5824 4344 6002
20459 5399 5518 5298 5776
20460 1677 2926 2927 5903
20461 3891 1493 5775 5783
20462 1716 1715 2150 6216
20463 5268 5402 5219 5416
20464 5655 5721 5294 5725
20465 3796 4788 647 6117
20466 2528 6081 2785 2786
20467 5840 6076 5585 6124
20468 2526 2530 5612 2529
20469 5182 5352 5320 5825
20470 1203 1209 1207 2784
20471 970 966 965 1209
20472 4315 5378 3271 6070
20473 92 93 2475 90
20474 3519 4597 4959 3521
20475 2526 2527 2955 2528
20476 3054 3055 2955 3053
20477 2955 5612 3056 3054
20478 1421 5831 1422 6040
20479 1905 1904 4842 1910
20480 1582 4927 5997 5351
20481 3051 3053 3052 3047
20482 3053 3049 3047 3051
20483 3053 4596 3049 3051
20484 522 520 519 5967
20485 1118 1120 493 490
20486 3467 3465 3466 3039
20487 2477 2475 2474 2476
20488 87 86 89 5654
20489 2382 4679 4680 5850
20490 4612 3519 4596 4597
20491 3049 5612 3048 95
20492 5259 5857 5415 6024
20493 1469 5752 1466 5935
20494 5383 5596 5281 6018
20495 3710 5879 3709 3711
20496 4612 4596 3049 95
20497 1673 2219 4819 6085
20498 1733 4297 4084 4081
20499 5641 5423 5511 5486
20500 4084 4297 1733 5431
20501 3048 4574 3049 95
20502 4789 5172 3749 5941
20503 1284 1281 5253 5976
20504 3975 4405 1708 3974
20505 3048 4574 95 4572
20506 5263 5620 1365 5883
20507 4108 4107 4106 5735
20508 2466 2465 2464 2620
20509 4205 1639 2925 5531
20510 95 4574 4573 4572
20511 2184 5450 2185 5555
20512 4189 2717 4188 2815
20513 4012 6203 5824 6112
20514 5344 5867 5244 6025
20515 4608 3667 3845 5264
20516 407 2677 2681 5416
20517 5683 5730 5680 6181
20518 1192 4120 1194 5431
20519 1028 1031 1029 5409
20520 158 153 2509 159
20521 2927 5315 3921 5903
20522 95 4572 92 653
20523 5662 6034 5782 6124
20524 1518 5351 1523 5727
20525 5287 5625 5470 6087
20526 2530 3401 2787 6081
20527 2473 2472 1326 6169
20528 1118 490 493 6081
20529 4997 651 4013 653
20530 4204 4205 2925 5531
20531 2404 3398 947 5306
20532 91 380 650 383
20533 93 90 92 91
20534 4947 5853 3844 1909
20535 4894 5653 795 2637
20536 3919 4203 4206 5564
20537 3509 3510 5708 3955
20538 4136 5302 2369 265
20539 2475 1902 1903 2476
20540 5205 5273 5216 5742
20541 4040 4834 4045 5696
20542 5884 6076 5358 6124
20543 5862 6046 3997 6201
20544 4631 2482 4803 720
20545 4473 5583 5458 6138
20546 92 90 95 653
20547 29 214 22 213
20548 4136 4137 5302 265
20549 2527 4597 2954 4959
20550 4842 1904 1909 1910
20551 90 1903 93 2475
20552 5286 5551 5311 5968
20553 4598 4959 4597 3521
20554 2475 93 92 94
20555 697 5422 702 5866
20556 3432 3427 6025 5522
20557 5884 6023 5889 6124
20558 2231 3844 1908 1907
20559 5132 1156 250 1155
20560 2369 2368 265 5302
20561 4037 5210 2219 5531
20562 2146 5219 408 5416
20563 2739 5215 2744 6018
20564 1906 3844 1904 1909
20565 2252 5871 2253 6177
20566 2475 1903 1904 90
20567 1910 4842 379 1659
20568 1658 1659 1662 1914
20569 5243 5532 3266 6136
20570 2597 3218 3873 2790
20571 1143 1144 27 1146
20572 1146 1143 95 1145
20573 3521 4598 4596 4597
20574 4049 3931 2182 5430
20575 3048 5612 3054 5993
20576 4351 5156 4207 5516
20577 1329 2959 1328 1327
20578 1145 5429 1142 1143
20579 5383 5660 5281 6146
20580 5183 5928 5916 5941
20581 2645 1429 1430 5947
20582 3053 4597 4596 4598
20583 4596 3520 3521 3519
20584 4612 3520 4596 3519
20585 4038 2680 4037 5614
20586 4596 95 4612 4597
20587 31 2526 2527 2529
20588 3997 5937 3994 6046
20589 4317 4315 4316 6070
20590 3519 4612 95 4597
20591 1143 27 1148 1147
20592 77 30 26 1389
20593 1702 5842 2328 5950
20594 989 990 2395 5912
20595 2992 4792 4394 5919
20596 3519 3521 4959 3757
20597 2526 5612 2955 2527
20598 2952 3521 3518 28
20599 1137 1139 6130 6053
20600 20 22 29 214
20601 4959 3521 2952 3757
20602 5991 4380 4379 5988
20603 4084 4082 5323 5431
20604 3400 2320 1393 1389
20605 5204 5819 2255 5871
20606 272 5294 267 5996
20607 3521 28 2952 3757
20608 3519 3521 28 3518
20609 28 3521 3519 3757
20610 4379 5853 1913 5988
20611 3050 3057 970 5993
20612 5214 5575 5277 5696
20613 22 214 21 213
20614 1667 5297 5241 5321
20615 1032 4491 1571 6082
20616 781 5171 782 5909
20617 21 214 31 213
20618 2952 3522 214 28
20619 3518 28 29 3522
20620 2952 28 3518 3522
20621 4796 2788 4759 5988
20622 2530 2323 2325 2529
20623 2320 1393 1392 2324
20624 4172 1192 1798 5263
20625 1392 25 1390 30
20626 5168 6098 5254 6115
20627 1392 2529 20 25
20628 3872 745 743 5377
20629 28 31 2529 20
20630 5994 6027 5969 6082
20631 1771 1154 1152 1155
20632 31 21 20 214
20633 1122 2322 1120 1119
20634 1929 4198 1933 5507
20635 4376 490 493 496
20636 5301 5978 5853 5988
20637 2199 2198 3931 5430
20638 2741 5457 4944 6018
20639 3934 5595 3933 6014
20640 28 20 29 214
20641 1389 4581 30 1390
20642 29 3522 28 214
20643 31 20 28 214
20644 302 5188 299 5602
20645 20 21 22 214
20646 3050 3052 3057 5993
20647 4172 4120 1192 5431
20648 1043 5226 4730 5706
20649 5449 2888 2655 6036
20650 103 5559 2811 5606
20651 2322 3400 1122 2819
20652 4297 1736 1733 5431
20653 3750 4412 898 3533
20654 2322 2320 2321 3400
20655 2198 1290 2197 5430
20656 4379 5853 1914 1913
20657 1388 1473 2819 492
20658 55 5442 58 5715
20659 1388 492 2819 2818
20660 3400 2819 1389 1391
20661 1389 2819 1388 1391
20662 1290 5167 2196 5430
20663 2196 5167 2197 5430
20664 493 1120 491 490
20665 77 492 3842 2818
20666 1949 5752 1946 5968
20667 1120 2322 1122 2819
20668 1390 2818 1388 4581
20669 1388 1389 1390 4581
20670 299 5188 1776 5602
20671 4959 4597 5612 2527
20672 2197 1290 2196 5430
20673 1388 2818 2819 4581
20674 1388 2819 1389 4581
20675 5298 5508 5159 5613
20676 2819 492 77 4581
20677 492 2818 77 4581
20678 2819 2818 492 4581
20679 1389 2819 3400 4581
20680 3311 6065 820 6172
20681 2935 4246 2490 1825
20682 2406 947 3480 5306
20683 5563 5857 5259 6024
20684 5198 5480 5191 5541
20685 1736 1194 1733 5431
20686 2503 5972 3503 6115
20687 76 77 26 1144
20688 1170 5285 2182 5430
20689 2198 2199 1290 5430
20690 3931 4049 2199 5430
20691 2417 2418 2387 5716
20692 4841 5853 1914 4379
20693 2508 3232 2507 2266
20694 637 640 641 5712
20695 1904 1903 2475 1902
20696 83 4320 3359 5422
20697 768 5424 771 6126
20698 1154 944 5113 5624
20699 2959 5437 5057 5591
20700 3559 5894 1385 6050
20701 5043 4523 4935 5394
20702 5662 5732 5346 6124
20703 747 5304 745 5665
20704 3408 5777 3089 6193
20705 632 6087 5387 5185
20706 3053 4597 2955 5612
20707 3844 494 3842 77
20708 5301 5853 495 6081
20709 3805 4591 5072 6108
20710 3232 2508 2265 2266
20711 1606 3376 2636 5634
20712 93 1903 90 1904
20713 1548 3707 5860 5532
20714 4036 2925 1639 5531
20715 2604 5381 5363 5586
20716 2288 5720 2615 5966
20717 4206 4204 3920 5315
20718 90 1905 93 1904
20719 1697 527 1696 5398
20720 5315 5176 5564 5220
20721 4833 5426 4566 5634
20722 4376 4379 4841 496
20723 4376 4841 495 496
20724 4376 495 490 496
20725 2554 3340 3339 3337
20726 1904 3844 1908 2475
20727 3311 5836 3312 6065
20728 2229 2227 154 2225
20729 1662 1659 379 1914
20730 379 5406 650 380
20731 5199 5453 5252 5924
20732 1659 4842 379 1914
20733 5557 2729 4056 5336
20734 2020 3417 3418 5500
20735 1582 1635 4928 1632
20736 93 1905 1903 1904
20737 407 2681 410 5416
20738 2440 5305 686 5800
20739 3880 2302 2104 3441
20740 3940 5488 3689 5555
20741 780 5331 1960 5374
20742 784 783 782 5909
20743 2507 2265 2508 2266
20744 4344 4237 4345 6002
20745 4237 3976 3977 3973
20746 2480 5854 2488 6001
20747 1975 1973 5247 5983
20748 1719 1713 1716 6216
20749 5303 5868 1549 6210
20750 2696 5351 2541 5997
20751 5395 5683 5680 6211
20752 2450 2916 4843 5859
20753 5229 5828 5262 5961
20754 2505 154 159 2509
20755 6107 5557 3242 5825
20756 1315 1316 5460 2647
20757 3242 4435 2759 4436
20758 3797 1094 3799 5962
20759 2509 3232 158 2266
20760 2507 3232 2509 2266
20761 1662 1659 1658 1656
20762 5587 5629 5418 6003
20763 153 157 2509 6202
20764 1656 1662 5960 1658
20765 1662 1656 3232 1660
20766 5229 5442 5281 5961
20767 5229 5281 5190 5961
20768 1760 5740 691 1757
20769 3232 1661 1660 1656
20770 5762 5854 5307 6001
20771 5289 5400 5158 5793
20772 2949 1718 2948 6216
20773 298 5645 879 5697
20774 143 2396 141 5777
20775 4681 5724 5093 6043
20776 401 473 400 5419
20777 4741 4676 3356 5565
20778 2184 5492 5450 5555
20779 3722 5740 5322 6105
20780 728 5411 729 5645
20781 1085 128 127 5284
20782 2276 2275 3451 6171
20783 4710 2504 2506 2508
20784 4608 4939 3667 5622
20785 5354 5609 5494 5986
20786 4742 1301 4740 5679
20787 3697 5760 4848 3700
20788 3361 3363 404 5419
20789 901 5662 5782 907
20790 2805 5131 4184 6158
20791 5426 3252 1466 5935
20792 3463 5420 3465 3468
20793 333 6155 5872 6171
20794 344 345 346 347
20795 909 5222 3755 6138
20796 2382 5850 6051 2167
20797 4057 4056 5336 5557
20798 2517 2336 2338 2518
20799 5418 6112 5824 6203
20800 4730 4324 4869 5706
20801 4888 4439 4158 4887
20802 1687 6041 1690 6160
20803 1630 5351 1632 5997
20804 5806 5816 5728 5962
20805 5213 3880 3441 3442
20806 1526 5365 5213 6141
20807 5681 5687 5256 6001
20808 3921 5315 5886 2034
20809 3707 6108 3708 6210
20810 4760 4762 4761 5596
20811 2527 4597 5612 2955
20812 520 5412 524 519
20813 2968 3394 529 5398
20814 1794 1708 421 5353
20815 1661 1911 3229 1657
20816 5587 6003 5196 6196
20817 2267 2268 2269 6220
20818 2339 3467 2341 2337
20819 3345 6075 4030 4404
20820 942 943 3619 5288
20821 1763 2574 2572 5746
20822 3230 157 2338 2341
20823 5456 5478 5376 6046
20824 4745 4344 4345 6002
20825 6012 3541 3538 5879
20826 4154 5953 3368 6147
20827 5384 5583 5458 6178
20828 5754 6165 5412 6204
20829 3297 815 3669 5420
20830 100 5221 1783 5321
20831 5557 5792 5182 6051
20832 3864 3865 3122 5758
20833 704 5936 4071 6061
20834 1945 513 518 5746
20835 2801 705 4071 6061
20836 3231 3232 157 3230
20837 3230 1911 1661 3232
20838 1456 5713 5299 5983
20839 3232 3230 3229 1661
20840 3229 3230 2341 1911
20841 5558 2101 2102 5391
20842 1960 5243 1797 5331
20843 5170 5362 5266 5859
20844 2417 2419 2418 5716
20845 5938 2482 720 722
20846 3689 5443 3688 5492
20847 5510 5545 2595 5703
20848 3615 5288 3619 6094
20849 4029 5275 2347 5623
20850 828 5371 830 5705
20851 5135 4849 4850 65
20852 2807 5657 577 6158
20853 155 5611 2333 156
20854 5072 6108 3707 6210
20855 5824 6002 5848 6203
20856 6089 6208 1106 6228
20857 1264 1262 1261 6228
20858 3345 5275 3344 4031
20859 1247 5154 3233 6014
20860 5232 5643 894 6053
20861 3294 3402 816 5420
20862 839 2577 2583 6144
20863 4893 4464 1689 6143
20864 5345 5410 1426 5831
20865 3124 3123 5747 792
20866 3696 5200 3824 5415
20867 2530 2320 5987 2325
20868 1323 1317 1322 6170
20869 1541 1545 1546 5923
20870 5467 5479 5160 5789
20871 3748 5914 4485 5916
20872 1523 1518 1630 5351
20873 3306 5927 4713 5964
20874 400 470 405 5419
20875 1477 1249 902 5763
20876 2332 2334 6227 154
20877 2480 5687 2485 6001
20878 1360 6139 5983 5299
20879 3044 5448 3869 3738
20880 3582 228 232 5413
20881 234 3173 3174 5787
20882 2335 5611 2332 2334
20883 156 5611 2516 2518
20884 339 1800 396 5810
20885 5179 5491 5463 5583
20886 520 5330 2881 5999
20887 4759 3401 1118 6081
20888 393 396 398 5810
20889 513 512 518 5746
20890 644 5393 2369 5780
20891 1466 1468 1469 5935
20892 724 3027 3133 2734
20893 2160 4269 1947 5935
20894 3007 6198 342 2864
20895 6177 5532 4424 5631
20896 2335 5611 2334 5998
20897 1947 1944 1948 5935
20898 3900 750 619 5333
20899 816 5420 3402 6052
20900 739 4767 742 5664
20901 5240 5747 5610 5758
20902 1435 5641 5224 6090
20903 3979 5339 131 6042
20904 5947 6045 5879 6181
20905 2857 4394 4792 5919
20906 2245 1168 2109 5979
20907 2042 5091 2047 5936
20908 335 333 334 6155
20909 5887 5972 1062 6098
20910 5022 5574 2691 2031
20911 396 5364 398 5810
20912 4103 2453 2454 346
20913 346 5332 2453 347
20914 6181 5680 6072 5730
20915 1191 1190 1193 5374
20916 1908 3844 1904 1907
20917 175 172 615 5333
20918 2708 3665 5781 5004
20919 5280 5304 745 6195
20920 2516 347 2335 2333
20921 2389 2388 3378 6039
20922 2664 5476 5366 6155
20923 5470 5957 5287 6087
20924 5241 5321 5297 6192
20925 5749 5844 2179 6166
20926 4166 6114 5913 6199
20927 3721 4563 2869 5668
20928 1645 5235 3987 5626
20929 5384 5590 5583 6178
20930 2642 2067 212 2641
20931 5313 5525 661 6088
20932 4998 3149 4042 6199
20933 5190 5442 4524 5961
20934 4893 4426 4511 6143
20935 5476 6069 5366 6155
20936 2320 2819 2322 5612
20937 5346 5732 5636 6124
20938 2157 1471 1466 5935
20939 2094 6017 272 6044
20940 1853 1421 1855 6042
20941 5578 1817 6173 5619
20942 2042 2043 1926 5936
20943 2389 6039 2329 2388
20944 2329 5500 2330 6039
20945 5552 5900 5858 6216
20946 3462 5251 4900 5804
20947 194 3992 3993 5270
20948 2055 5715 3477 6173
20949 5429 4581 3400 2819
20950 2881 5693 520 5999
20951 344 348 350 349
20952 349 348 350 2706
20953 5717 5884 5585 5890
20954 893 891 187 5881
20955 5385 1385 3330 5894
20956 6059 6062 4034 6120
20957 3053 3049 3048 3047
20958 2536 5190 2534 5736
20959 3551 3557 1511 4144
20960 2402 2968 529 5398
20961 3033 5611 3035 5998
20962 2568 5647 5313 5797
20963 3937 447 3933 5737
20964 613 750 615 5333
20965 5195 6048 6006 6111
20966 5880 6031 5388 6221
20967 3955 3576 3578 5792
20968 742 736 739 5664
20969 3492 4353 5175 3951
20970 3250 3251 1947 5935
20971 3574 4006 2729 542
20972 2859 5660 5601 6160
20973 3795 5300 1975 5983
20974 2877 5526 2880 5973
20975 1975 5300 1973 5983
20976 2119 5832 5765 6011
20977 2706 5918 3381 348
20978 5730 6159 5880 6181
20979 2567 4556 4558 6201
20980 1186 1188 1183 5484
20981 789 5637 5236 5992
20982 3238 2316 2311 5693
20983 3295 5420 1820 6052
20984 3035 3036 350 2076
20985 5826 1819 1818 6052
20986 1312 5739 1314 5817
20987 2881 3238 5693 5999
20988 3020 3021 4236 5353
20989 1134 6073 1136 6209
20990 2572 2574 1943 5746
20991 2140 2673 2674 5659
20992 1974 1363 1360 1456
20993 1719 1716 2948 6216
20994 3023 3025 3027 3024
20995 469 468 464 6101
20996 3544 4465 4126 5835
20997 2536 2543 2542 5736
20998 2673 595 2674 5659
20999 4627 3911 4474 5588
21000 2538 2536 2531 5736
21001 4365 5260 3305 5927
21002 1421 1420 1423 6040
21003 5002 5277 4310 5448
21004 2708 3381 2709 2706
21005 3157 3156 2131 5848
21006 1513 1514 3387 5750
21007 5333 5686 2717 5902
21008 187 190 600 5881
21009 5093 4483 5124 5724
21010 2291 5813 3654 6152
21011 3514 5314 4126 5948
21012 4348 4346 1623 1629
21013 3107 3106 2992 5919
21014 3415 1052 1053 6174
21015 58 57 55 5715
21016 4944 2741 4464 5457
21017 5714 5066 5013 4800
21018 155 5611 6202 6227
21019 2043 5936 4071 4069
21020 170 5219 5566 169
21021 189 1409 602 5625
21022 1679 5478 1683 5862
21023 206 207 205 6037
21024 3114 5321 96 6223
21025 2032 3045 2033 5977
21026 5048 5609 4958 5766
21027 725 3027 2737 4633
21028 3026 4090 5126 5013
21029 268 269 271 5428
21030 1553 5311 795 5317
21031 4287 5425 3967 5920
21032 5594 5789 5517 5896
21033 2579 5181 798 5575
21034 2696 5351 2543 2541
21035 4563 5187 2520 5949
21036 2398 1710 745 5282
21037 3489 3490 3488 5603
21038 5359 5794 5258 6138
21039 4395 5673 4396 5919
21040 2924 1804 5535 2922
21041 507 5239 510 5523
21042 1931 4395 4197 5673
21043 5203 5343 4385 5943
21044 3037 3034 2228 3038
21045 4546 3443 4857 5213
21046 4127 5314 6219 2327
21047 674 5378 4317 5637
21048 5385 5570 5291 5571
21049 6227 3037 2334 5611
21050 4561 5604 5240 5758
21051 829 5286 3989 5551
21052 1551 4566 1722 5317
21053 1046 1043 4730 4869
21054 1690 6041 6008 6160
21055 6153 2949 5900 6216
21056 4173 3176 1746 6211
21057 4040 5922 4041 6199
21058 5135 5137 4849 66
21059 5274 5547 5287 5858
21060 2226 2228 3037 3034
21061 2643 6179 4587 2640
21062 393 5738 394 6215
21063 6028 6045 5880 6181
21064 4587 2640 6179 4926
21065 4587 4926 6179 2133
21066 3535 4587 6179 2133
21067 3742 730 3595 5990
21068 2755 1843 2760 5825
21069 2131 3156 3157 2134
21070 1713 6153 5772 6216
21071 1782 5533 1781 1780
21072 4237 3976 3974 4344
21073 2488 5762 5687 5854
21074 3474 6062 2537 3470
21075 1786 5544 5981 1789
21076 1746 1875 4173 6211
21077 6018 4760 4157 5596
21078 3639 2044 4069 5801
21079 5434 1328 3318 1324
21080 1461 1462 1458 6142
21081 4615 2072 2076 3035
21082 2275 2256 2964 6171
21083 5785 4984 599 604
21084 5983 1456 1360 5299
21085 5554 5763 4249 6005
21086 4217 5583 4473 6138
21087 6004 3421 3422 5563
21088 5726 6165 5749 6190
21089 2345 6218 3347 4494
21090 2437 5427 2381 5755
21091 4615 3697 2463 2072
21092 5190 5281 5229 6146
21093 2764 2017 2016 5750
21094 1831 138 4411 5943
21095 1091 1089 959 5648
21096 3629 3981 3224 5339
21097 3395 5441 2312 5728
21098 339 5364 1800 5810
21099 557 553 2405 6026
21100 5132 1152 1156 1155
21101 986 1496 268 6132
21102 5159 5883 5162 5891
21103 1725 6205 1728 1726
21104 5219 5347 5186 6056
21105 5586 2606 2605 2603
21106 553 557 554 6026
21107 2992 3110 2993 5278
21108 5451 5564 756 5995
21109 4428 4954 1529 5694
21110 6142 1458 1463 1462
21111 2253 2251 2252 5646
21112 3236 1247 3233 6014
21113 1774 5279 1773 1775
21114 3749 5172 3744 5914
21115 3754 4128 4129 5589
21116 67 5343 5203 6020
21117 1485 4949 4866 4867
21118 969 3497 3496 2621
21119 5242 1381 3762 5472
21120 2309 1236 3922 6118
21121 520 5693 5412 5550
21122 5442 5715 55 5455
21123 5607 5733 2395 6118
21124 5853 6083 6000 6119
21125 654 6016 116 6025
21126 3707 1549 1643 6210
21127 5923 6095 5789 6187
21128 2284 1130 1131 6021
21129 5266 5316 4868 5568
21130 2515 2715 2717 5902
21131 5513 6120 3471 6164
21132 5442 6173 5455 6224
21133 4927 1582 4929 5571
21134 3496 2618 969 2621
21135 818 5947 5879 6181
21136 2166 2167 2168 6051
21137 5230 5392 5176 6224
21138 4031 5275 3344 4029
21139 137 5473 136 6031
21140 5765 5832 1705 5834
21141 5702 5994 5447 6083
21142 2885 5988 1118 4376
21143 2989 5454 3658 5621
21144 656 6180 654 655
21145 473 5419 5617 470
21146 3880 5558 1526 6141
21147 3242 5352 4436 6107
21148 1195 5192 3889 5424
21149 5615 5709 5506 5477
21150 4390 5901 5363 6221
21151 3970 763 2400 5553
21152 5304 5846 5665 5873
21153 5312 5944 5635 6142
21154 4026 6003 1709 3975
21155 2988 5844 5334 6166
21156 4411 1557 1556 5943
21157 2172 3578 3574 6051
21158 3574 3578 2172 3575
21159 3156 3157 3159 5848
21160 2172 3574 2170 6051
21161 4385 4386 137 5943
21162 6033 6100 835 6113
21163 136 138 137 5943
21164 3242 2760 3245 5825
21165 2230 2622 2225 2229
21166 5223 5288 5221 5533
21167 472 5617 473 5633
21168 4030 6075 3345 4031
21169 4435 2760 3242 5825
21170 3997 5862 5074 5937
21171 5159 5613 5162 5995
21172 5367 5865 5231 5885
21173 5193 5606 5559 5886
21174 4629 5520 4673 5718
21175 3318 5528 2950 4601
21176 5789 6095 5160 6187
21177 651 5406 2619 652
21178 3350 5339 6042 3351
21179 2229 2227 159 154
21180 1663 1664 1665 5533
21181 3243 5352 3242 5825
21182 756 759 751 5995
21183 4881 3588 227 5779
21184 964 965 963 5408
21185 2880 5417 3005 5572
21186 447 5737 442 446
21187 5424 5512 5435 6077
21188 4795 1118 5988 4759
21189 2235 2930 2929 2398
21190 5254 5798 4289 5663
21191 4057 5557 5336 4452
21192 2504 2229 2622 4711
21193 963 965 1203 5408
21194 4879 5598 5391 5618
21195 589 125 123 3988
21196 5450 5492 5238 5555
21197 963 1203 1202 964
21198 2504 4711 4710 4709
21199 5517 5708 5163 5762
21200 3735 4033 2727 5814
21201 1636 4965 1634 5997
21202 969 971 3498 3497
21203 1324 1326 2471 6153
21204 3107 5769 3106 5919
21205 5517 6161 5762 6217
21206 4109 5735 4670 4496
21207 3344 5275 3345 3346
21208 5884 5890 5358 6056
21209 4965 1636 1635 5997
21210 4446 6208 5836 6228
21211 6097 5910 3133 2481
21212 4895 5493 538 2308
21213 753 5940 3089 5995
21214 5678 6182 5441 6204
21215 2179 933 2180 6166
21216 922 5451 3089 5911
21217 2094 5723 5294 5816
21218 5174 5717 5585 6056
21219 2196 5160 5410 5979
21220 2733 5340 2413 5529
21221 2622 5815 2619 2620
21222 2917 5362 2916 5859
21223 2759 5557 4452 5182
21224 5440 5907 4671 6056
21225 2504 2229 154 2622
21226 2504 154 159 2505
21227 3917 4563 2520 5675
21228 2007 2008 5764 5055
21229 972 977 4489 6004
21230 448 5737 442 5888
21231 3752 3754 2421 5589
21232 5172 5327 5191 5637
21233 5549 5756 5356 5980
21234 5534 5882 5376 6012
21235 5257 5521 5262 6008
21236 5638 5986 5354 6056
21237 5104 6043 5635 6142
21238 3805 5072 4589 6108
21239 1171 1168 5831 5410
21240 2154 4357 3849 5950
21241 5163 5789 5160 6187
21242 5792 2172 2171 6051
21243 4237 3974 3973 3022
21244 4844 1834 1559 5943
21245 5395 6072 5322 6211
21246 2755 5265 1843 5825
21247 678 357 358 5755
21248 3523 5242 3525 5919
21249 1365 4171 4172 5883
21250 3464 2341 3466 6202
21251 4256 4255 4258 5848
21252 5479 6120 5513 6164
21253 5364 5527 4950 5952
21254 2987 2176 2988 6166
21255 5613 5777 5298 6193
21256 1281 3169 3168 5310
21257 736 741 740 5402
21258 5381 5459 661 5525
21259 3129 3435 3374 5337
21260 3648 5869 5631 5958
21261 4405 4344 4745 6002
21262 3671 4168 3672 5991
21263 3309 798 797 799
21264 5429 5987 1389 77
21265 5674 5717 5254 5908
21266 5489 5503 5484 6129
21267 5647 5862 5389 6197
21268 5352 5727 4002 5850
21269 1059 6073 3277 6197
21270 2950 4601 1283 4602
21271 4099 5804 4902 5849
21272 4796 2887 4795 4759
21273 1371 5478 5534 3079
21274 4236 3977 4237 3976
21275 123 2823 589 3988
21276 4237 3976 3973 3974
21277 3975 5824 4028 6003
21278 2191 5804 5497 5849
21279 5252 5471 5434 5591
21280 5320 3245 4175 5825
21281 5135 5137 66 4046
21282 3243 3245 3244 5825
21283 1535 1532 1534 1536
21284 4348 1629 1623 1625
21285 2104 5558 3880 6141
21286 1131 1129 1133 6209
21287 654 3428 6128 3622
21288 2377 1995 1999 6122
21289 3707 261 3805 3802
21290 692 691 690 5821
21291 1773 4316 3271 5295
21292 3213 1286 1282 1288
21293 1282 1286 3213 3210
21294 4800 4802 4801 4803
21295 4915 5224 874 5446
21296 5964 6116 4943 6117
21297 439 5845 5605 6021
21298 1267 1271 5775 4123
21299 1927 4011 1113 1112
21300 4561 3866 5131 4562
21301 540 4308 2174 543
21302 125 119 4060 4061
21303 540 5336 4307 4308
21304 4802 5462 3272 5714
21305 2140 2141 2138 5796
21306 27 1146 5612 3757
21307 1960 5331 1797 5374
21308 4768 741 742 5664
21309 1466 1471 2156 5935
21310 1336 5023 1337 688
21311 5845 5901 5388 6125
21312 2540 681 1620 6165
21313 3970 2137 4726 4019
21314 4839 1682 1683 1684
21315 37 36 4117 2186
21316 1083 5568 1017 2124
21317 761 1535 765 764
21318 4695 5636 1418 5651
21319 5104 5105 5129 5635
21320 2820 5703 2822 2596
21321 1344 2395 991 2393
21322 68 2078 2082 5692
21323 2105 5558 2511 6141
21324 2803 5545 2804 2802
21325 2949 6153 1718 6216
21326 908 6138 5458 1492
21327 4496 3945 3946 5805
21328 2692 4524 2956 2694
21329 5077 5268 1639 6019
21330 5365 6141 5573 6148
21331 4204 5220 2928 5903
21332 4681 4483 2433 5093
21333 2201 1867 1098 1097
21334 3144 4213 4117 3145
21335 1708 5353 4236 5824
21336 726 725 3027 724
21337 2100 2720 2354 2102
21338 3266 4906 3568 1917
21339 3568 778 3266 1917
21340 2949 6054 2471 6153
21341 4622 4652 4877 4984
21342 5158 5512 5289 5544
21343 1412 4096 3447 5855
21344 1594 6055 1595 6149
21345 4910 5686 4911 5704
21346 40 49 45 38
21347 3559 3560 3561 6050
21348 1390 2325 1392 30
21349 1389 2325 1392 1390
21350 851 852 854 850
21351 2922 5535 2923 2920
21352 5392 5559 5193 5606
21353 3150 3148 3120 3147
21354 1849 1846 146 4015
21355 1316 2647 2646 5460
21356 648 4943 2370 6116
21357 453 3169 1281 5976
21358 3721 6183 2961 2962
21359 818 1557 1559 5905
21360 5351 5736 1544 6095
21361 2963 2965 2251 853
21362 3873 3949 4657 575
21363 2781 5427 4079 5405
21364 2864 4501 3006 3007
21365 4128 5699 908 1490
21366 4227 5188 4226 445
21367 2534 2542 2287 5720
21368 5372 5761 5195 6109
21369 3704 3804 256 3707
21370 625 620 627 5597
21371 353 355 354 352
21372 905 5930 3982 5143
21373 3305 5260 4713 5927
21374 4638 5511 2661 4639
21375 5860 6155 6069 6177
21376 1742 5605 1739 1744
21377 4025 2814 2817 5809
21378 3024 5269 5714 5910
21379 1007 5729 1006 1012
21380 2873 2871 2461 5675
21381 3699 5791 2073 5827
21382 67 72 68 5680
21383 4967 5041 1939 5548
21384 1234 1237 1236 5607
21385 939 179 180 938
21386 2275 4645 4644 889
21387 1297 5464 871 868
21388 4896 558 557 5530
21389 3050 5993 968 6080
21390 938 1258 3341 4336
21391 4336 5341 1258 960
21392 5874 1073 1075 4048
21393 5104 5572 3004 5105
21394 3923 5453 4113 5946
21395 4453 2484 2486 2487
21396 2018 1516 428 5739
21397 3408 752 4240 5940
21398 5144 2113 716 3087
21399 2169 2167 1161 5850
21400 2624 5909 787 4304
21401 4911 5048 4958 5742
21402 3873 5703 3218 2597
21403 3218 2597 2821 2790
21404 1089 5648 1091 6156
21405 4909 5047 4910 4911
21406 2429 2428 4483 5368
21407 2658 5449 1932 2888
21408 1589 5449 2658 3992
21409 3752 5249 5491 5583
21410 3203 1258 3205 3204
21411 492 494 490 3842
21412 731 877 879 5411
21413 2137 2459 2426 4726
21414 5177 5794 5359 6138
21415 3063 4112 3065 3064
21416 2140 5659 2674 5796
21417 4927 2696 253 4928
21418 5179 5433 5340 5529
21419 3335 5471 1014 5591
21420 4363 5823 4074 6217
21421 3027 5910 3133 2734
21422 1264 3130 1266 3685
21423 4043 5922 4165 6114
21424 3181 6021 434 437
21425 4398 5282 4399 5377
21426 5836 6065 3311 6172
21427 1786 3569 4533 5289
21428 57 5715 1817 3477
21429 57 59 60 1817
21430 4379 4376 4380 4381
21431 3053 3054 3052 3048
21432 97 3793 4291 5509
21433 99 97 4291 98
21434 55 2056 61 1502
21435 5454 5621 2989 6166
21436 547 5319 5206 5357
21437 4132 443 442 3937
21438 442 447 444 4132
21439 2656 2655 2659 5511
21440 5242 5673 3525 5919
21441 2074 5330 5781 5827
21442 86 5498 89 5654
21443 4060 125 2630 2162
21444 5278 5673 5242 5919
21445 1416 3571 3165 6127
21446 4642 2888 2847 2842
21447 774 5846 775 6195
21448 5201 5329 5224 5741
21449 5221 6030 5515 6192
21450 252 2692 2694 254
21451 2530 2528 2955 5612
21452 715 713 2026 717
21453 3515 2120 6011 3516
21454 126 132 133 5339
21455 2326 5842 3545 2327
21456 3070 3777 4332 1071
21457 2484 5913 5293 6199
21458 4438 4225 1755 1754
21459 5156 5516 1221 5906
21460 4560 5240 3867 4561
21461 5627 5920 1872 1875
21462 1447 6134 5031 1841
21463 410 5268 4038 411
21464 2065 6103 5475 6179
21465 5656 5793 5158 5899
21466 1565 5172 4789 5214
21467 3323 5460 3394 1342
21468 5169 5544 5452 5793
21469 330 331 174 5809
21470 5356 5756 5549 6093
21471 554 556 555 5954
21472 5240 5278 2999 5610
21473 3903 5395 2081 5753
21474 977 976 2004 6060
21475 950 946 945 5415
21476 772 6077 4554 770
21477 2380 6017 2434 2437
21478 1203 1207 1208 2784
21479 1069 1067 12 5684
21480 5038 68 1047 5680
21481 3001 2263 1766 745
21482 5736 2696 5132 5190
21483 3663 2708 3381 2709
21484 763 767 761 5553
21485 1999 2379 2377 6122
21486 1912 5253 3464 6119
21487 4137 5302 1612 4142
21488 5234 5291 5230 5292
21489 3504 5020 3891 1271
21490 1875 3943 1871 1874
21491 1107 1872 1749 1106
21492 4215 2598 3145 3144
21493 3144 4114 4213 4215
21494 1871 3943 1106 3806
21495 5558 5573 5365 6141
21496 4682 5913 2485 4998
21497 1825 1824 1828 1826
21498 3873 5225 577 5657
21499 3628 5878 1157 5915
21500 154 3037 3596 2334
21501 95 5612 3757 4597
21502 3086 5670 2235 4921
21503 5153 5340 3217 6041
21504 1594 6055 326 6060
21505 723 3133 722 2481
21506 5245 5545 5256 6214
21507 5717 5890 5585 6056
21508 2130 2132 2648 6203
21509 2516 2453 2518 5611
21510 1344 5733 1346 1347
21511 853 850 849 851
21512 3599 3726 3602 5974
21513 373 5942 2314 3396
21514 576 6158 2804 578
21515 2684 5470 1011 1009
21516 3814 3816 3813 1583
21517 3899 5743 4636 5838
21518 1444 3902 1442 5745
21519 1444 5688 5627 5745
21520 5335 5574 2032 5895
21521 3625 1158 3627 5506
21522 2465 2470 2463 5702
21523 5657 5897 5698 5922
21524 4249 5763 2831 6005
21525 1038 5157 3452 5540
21526 4451 4452 2759 4057
21527 3027 3023 4631 3025
21528 5051 5158 4338 6139
21529 4252 5283 4767 4845
21530 2804 5545 2803 2806
21531 3335 3336 1005 3334
21532 821 1790 4899 5497
21533 4157 6018 3871 4760
21534 2782 3881 3202 3882
21535 1165 501 5285 5167
21536 681 5678 2178 6188
21537 2819 492 1120 5429
21538 2090 959 1091 1089
21539 4088 3384 4086 4090
21540 5191 5480 5198 5575
21541 4079 2434 2437 2436
21542 677 680 681 938
21543 2386 2387 1266 2416
21544 832 5371 4222 5931
21545 2826 907 906 5732
21546 4477 4954 2914 5732
21547 640 5712 2488 2483
21548 2920 5329 3484 3486
21549 508 5803 2421 6094
21550 556 1276 555 5954
21551 3737 3735 2727 5814
21552 3590 5838 1319 5926
21553 5256 5687 5245 6214
21554 5234 5292 5230 5686
21555 2714 1891 2903 15
21556 3765 867 866 3766
21557 4498 5481 2911 2912
21558 1524 1522 2773 5276
21559 2324 2320 3400 2321
21560 3400 2320 2324 1393
21561 4905 4499 4866 4865
21562 663 5328 3405 5602
21563 1683 1682 4839 5478
21564 1041 1040 1044 6027
21565 2464 2465 2463 5702
21566 2289 2015 2012 5642
21567 4981 4996 4982 4456
21568 1204 1570 6083 1571
21569 1571 4374 2652 4375
21570 369 860 370 859
21571 699 622 1058 5917
21572 809 5506 1158 5875
21573 1697 1694 527 5398
21574 229 324 231 5413
21575 821 3532 4330 822
21576 4329 835 4328 2655
21577 663 5279 301 3268
21578 4998 4042 4682 6199
21579 3844 3843 3842 494
21580 3231 158 3232 3229
21581 644 5421 646 6022
21582 3016 5368 4607 3651
21583 2843 5444 5225 6036
21584 3901 1750 1748 5395
21585 850 888 886 5864
21586 260 5860 261 4660
21587 2017 5739 5548 5750
21588 435 2286 436 6021
21589 3210 3214 3211 1289
21590 1536 3495 1712 1534
21591 5670 2024 2115 2025
21592 4683 3949 4657 3873
21593 3949 5225 3873 4683
21594 4657 3949 4683 4684
21595 4938 6181 1050 6211
21596 4921 3532 826 1892
21597 4876 2919 4659 6068
21598 4174 4175 3627 809
21599 167 170 166 171
21600 3933 5595 3938 4484
21601 3109 5639 2639 1602
21602 6054 6153 1326 1324
21603 237 2937 2522 5675
21604 273 3380 2097 6044
21605 4339 1266 1106 5716
21606 374 2312 5942 5693
21607 4120 5323 4118 4122
21608 3906 5699 1490 3607
21609 2802 5545 2445 6214
21610 3415 3412 4105 3411
21611 5438 6116 5964 6117
21612 1129 1131 1130 6073
21613 2104 3880 3441 6141
21614 433 438 437 6021
21615 702 4319 2853 5866
21616 3159 4256 2641 3536
21617 3159 5848 2641 4256
21618 3173 4106 3172 3171
21619 4089 5126 5013 5066
21620 3928 1166 2109 2108
21621 3005 1461 2879 2880
21622 1233 5902 2514 995
21623 3634 3635 5136 2295
21624 3633 3635 5136 3634
21625 5883 5891 5877 5952
21626 4412 1895 898 3751
21627 5229 6064 5422 6099
21628 3414 5369 1741 6096
21629 2369 4136 265 2368
21630 2369 5302 4136 4138
21631 4136 4138 5302 4137
21632 3918 2019 431 428
21633 5787 5805 5413 5822
21634 3470 6062 5238 6120
21635 431 5739 1516 2018
21636 1516 2018 2019 431
21637 5307 5762 5708 5854
21638 3197 5134 4954 5482
21639 4182 3199 5166 5248
21640 5256 5703 872 3912
21641 2170 1161 2172 6051
21642 1581 5929 5830 5948
21643 5767 5841 4866 5892
21644 3904 5316 1021 5568
21645 3801 3800 4431 5366
21646 2276 6171 5819 6198
21647 5354 5465 5440 5907
21648 4911 5704 5686 5742
21649 5261 5271 5163 5274
21650 2952 28 214 31
21651 1303 5464 1297 5594
21652 2707 2075 3665 2708
21653 2075 5004 3665 2708
21654 2406 5764 2407 6026
21655 5031 5032 1447 1841
21656 5438 5927 5237 5964
21657 3696 3695 3693 3102
21658 5412 5441 5185 5693
21659 250 5132 1771 2696
21660 2355 1962 3320 2221
21661 3848 1618 4061 4065
21662 5009 5232 3808 5474
21663 3829 2319 3573 3828
21664 4150 5801 4054 5936
21665 872 5224 868 873
21666 1686 5601 1688 6041
21667 4151 5192 1195 5512
21668 5224 5256 5163 5681
21669 4454 2485 4999 3134
21670 1509 1510 1504 1508
21671 963 966 1209 965
21672 4638 5423 4639 5641
21673 2079 5395 461 5753
21674 1750 5395 3901 5753
21675 5785 603 3066 5212
21676 5452 5981 5544 6122
21677 203 49 200 201
21678 4042 4045 4040 3149
21679 5156 5906 1220 2414
21680 6216 1281 3168 5310
21681 1220 5906 5156 1222
21682 2720 2721 2722 2354
21683 246 3095 247 245
21684 247 3095 248 5148
21685 2852 4320 4504 5866
21686 2245 2248 1855 2244
21687 5201 5485 5439 5535
21688 6 19 18 5
21689 4928 2541 1635 2696
21690 1708 3973 3974 5824
21691 4671 4565 783 2627
21692 287 286 1957 288
21693 1701 5398 2328 5500
21694 2444 5762 5708 6161
21695 5139 1320 4858 5838
21696 4570 6073 4621 1135
21697 812 6119 1828 4168
21698 212 5761 5372 5852
21699 1908 2476 2475 5429
21700 4713 3305 3340 5260
21701 5858 6074 5552 6216
21702 2013 3367 3368 5953
21703 479 475 398 5364
21704 5386 6046 5862 6201
21705 3056 5612 2955 2528
21706 2678 5402 2677 5416
21707 3511 3514 2119 2118
21708 4059 4055 5049 5336
21709 1236 1237 3922 6118
21710 2240 2243 1177 5493
21711 1710 5282 1533 5377
21712 2891 3186 3183 5474
21713 1662 1914 379 5960
21714 1785 1784 1669 6129
21715 916 6057 3105 6103
21716 5180 5271 5269 5910
21717 5813 5869 3652 6194
21718 2623 4671 2624 5638
21719 2182 4049 4749 3931
21720 5836 6220 2270 6228
21721 4604 3932 4601 4605
21722 3350 3351 1283 5900
21723 2124 5362 5266 5652
21724 4094 3857 3855 4434
21725 3056 3055 2955 3054
21726 2115 2026 4262 2025
21727 3524 4196 4197 5673
21728 4079 2436 271 272
21729 1768 2024 1887 5670
21730 4198 4197 4196 5673
21731 5541 5639 1586 5769
21732 2961 3719 2931 5669
21733 187 3612 893 5881
21734 3242 5825 5352 6107
21735 5423 5641 4638 5741
21736 5535 5485 2921 5971
21737 720 5462 5938 3133
21738 3665 5003 526 5781
21739 5781 5330 2074 3237
21740 3025 4632 3023 4631
21741 554 559 556 5954
21742 4414 5493 2243 5053
21743 3233 3236 3234 3235
21744 5424 5665 3888 5748
21745 4794 6157 2420 6175
21746 3706 4431 255 3705
21747 255 3803 3705 4431
21748 1426 1096 1097 2202
21749 4627 3907 3911 5588
21750 2694 1386 1252 1387
21751 1667 5321 5241 5489
21752 3438 5788 3439 6110
21753 1493 5718 1488 1492
21754 490 5988 4376 6081
21755 755 4635 1638 756
21756 2290 5966 2615 2617
21757 220 5350 3900 4278
21758 4182 4183 4179 5483
21759 4912 4066 4164 6087
21760 4493 4022 363 3330
21761 1019 1021 1678 1674
21762 3228 3446 3388 5820
21763 6119 4168 812 5584
21764 82 5422 700 2942
21765 1816 2292 3478 6152
21766 549 546 2800 3637
21767 3595 730 733 5990
21768 106 105 2912 5481
21769 5292 5333 5309 5373
21770 5059 525 5037 5375
21771 3406 3410 3407 6193
21772 1475 5972 905 2503
21773 4338 4542 4461 5656
21774 3351 5339 3214 5900
21775 4859 2756 1845 1846
21776 2756 4859 2755 2758
21777 2068 2067 212 2642
21778 3628 5506 118 5878
21779 4164 633 4912 6087
21780 2555 1979 2556 2553
21781 1990 5366 1576 5860
21782 2805 5246 2448 2449
21783 322 6137 6132 6212
21784 5494 5742 5344 5840
21785 4154 6146 4158 6147
21786 4574 4573 3049 95
21787 4685 5800 5305 6122
21788 4471 3314 5070 6172
21789 326 1595 1594 6060
21790 1383 5242 4279 5278
21791 2869 5668 2873 6183
21792 200 49 204 202
21793 2257 2262 4292 2261
21794 5294 5428 5405 5655
21795 336 2665 1989 335
21796 2775 5779 2777 3588
21797 4329 4165 835 5897
21798 5330 5827 5791 5858
21799 1202 1203 963 1206
21800 5241 5452 5438 5800
21801 624 2411 623 5529
21802 632 2110 2613 2612
21803 3221 3223 3629 5490
21804 1938 5529 1937 6084
21805 2344 5275 2345 6168
21806 378 5806 3798 5962
21807 3510 5708 4655 6161
21808 1412 5855 5141 4096
21809 4601 5528 3317 4603
21810 3956 3958 3954 3955
21811 2519 3916 3917 5675
21812 159 2229 2504 2227
21813 5278 5480 5175 5769
21814 1297 1298 870 1300
21815 1855 3214 3351 6042
21816 2450 1404 1401 5859
21817 2735 2737 1821 2736
21818 3339 5260 4713 3340
21819 2339 3466 2341 3467
21820 4225 4438 2904 4226
21821 3353 3656 710 5025
21822 1092 2614 1094 3799
21823 3765 3810 3764 3812
21824 1040 1041 1042 5969
21825 1294 4925 2719 1293
21826 1742 5845 439 6125
21827 3477 6152 3478 6173
21828 2628 2623 2627 2625
21829 4194 2911 4499 4862
21830 4862 2911 2690 4194
21831 2098 273 2094 2097
21832 2468 5760 4848 2469
21833 270 5655 320 6132
21834 3438 5788 5576 5807
21835 5181 5649 879 5697
21836 2722 2353 2720 2354
21837 3030 4201 4302 4300
21838 5612 1146 27 1144
21839 4593 4431 4430 5476
21840 2407 3759 467 3758
21841 2175 5749 5844 2180
21842 897 1942 3819 3821
21843 1331 3900 4510 1330
21844 942 940 944 1780
21845 5218 5777 143 5911
21846 2589 5852 3964 6006
21847 1835 1307 1840 1841
21848 3873 5225 575 572
21849 3724 982 985 5650
21850 1655 5469 1653 5650
21851 157 2518 3354 2338
21852 2149 5310 2150 6216
21853 5294 5725 5405 5851
21854 2851 5597 2850 2852
21855 878 293 292 5649
21856 4083 403 405 5734
21857 3429 5397 2814 5932
21858 5765 5833 5196 5834
21859 5186 5890 5219 6056
21860 1925 1836 1835 5829
21861 5160 5290 5167 5450
21862 4492 2211 1916 5711
21863 304 300 302 305
21864 5771 5913 5325 5971
21865 3838 2722 2725 4169
21866 4958 5766 2610 5048
21867 704 2801 1759 5206
21868 5641 5913 5741 5971
21869 4688 3774 3867 5240
21870 629 191 5625 634
21871 744 5665 746 748
21872 3813 5770 2774 3817
21873 5157 5303 5243 5546
21874 1246 1247 3547 5784
21875 420 418 419 5834
21876 1045 1571 1570 6027
21877 423 421 422 5834
21878 3724 5931 980 982
21879 3652 3478 3654 6152
21880 4466 5774 4357 6170
21881 76 30 26 77
21882 2325 2323 2530 2320
21883 2526 2529 5612 2527
21884 2527 2952 31 2529
21885 5860 5864 5646 6078
21886 3070 5812 4332 3777
21887 3777 1071 3070 1072
21888 1295 1292 3194 1294
21889 3195 1294 1295 3194
21890 4674 3530 3094 217
21891 831 5154 4537 5737
21892 4862 5892 1484 4863
21893 2762 5739 2761 3387
21894 3748 3747 4485 5914
21895 5158 5299 5155 5983
21896 2269 6228 4384 2267
21897 600 191 186 5625
21898 3938 5595 3933 3934
21899 3899 861 3894 3898
21900 3975 4405 4028 5824
21901 4099 5233 4102 5849
21902 1790 821 1793 1788
21903 4422 5906 3069 6135
21904 2503 5143 3982 3503
21905 5145 1199 4538 5666
21906 3982 5396 5143 6034
21907 3115 5146 3792 5509
21908 3064 5537 3062 3063
21909 5226 5310 4323 5702
21910 3967 1444 3965 5425
21911 4520 5050 5336 6184
21912 776 5620 1960 6136
21913 4090 4088 4089 5714
21914 1828 5991 2489 1826
21915 1509 1507 1504 1510
21916 1424 5345 1426 5831
21917 1502 5267 85 84
21918 2652 2650 1204 1571
21919 2654 4667 2652 1204
21920 5154 5183 2985 5595
21921 1589 5731 1929 6100
21922 1956 4933 4827 5944
21923 5861 5863 5577 6174
21924 2637 2638 5217 5191
21925 3201 917 4135 6103
21926 4428 3197 3196 1530
21927 117 2318 655 5707
21928 4324 4323 3700 5702
21929 6184 4549 4519 4518
21930 2637 4894 4931 795
21931 4933 1956 1459 5944
21932 1748 1747 1746 6211
21933 3451 5819 2276 6171
21934 1582 5571 4528 4929
21935 5013 4090 5714 3025
21936 55 57 58 54
21937 2481 5938 3134 6097
21938 3385 3384 4090 3383
21939 310 312 307 5632
21940 136 5722 5473 135
21941 4821 5041 550 5360
21942 3757 3519 95 4597
21943 5831 6040 1421 6042
21944 664 665 4001 5355
21945 2055 2056 55 5455
21946 428 2019 2018 607
21947 2488 5712 640 639
21948 2568 658 5313 6201
21949 4726 763 3970 4019
21950 3503 3501 2503 6115
21951 5291 5571 2694 5579
21952 4565 5219 2587 5566
21953 859 5384 5501 3874
21954 3302 5237 3301 5927
21955 5292 1347 3332 5956
21956 2946 5240 671 5610
21957 5511 4639 4638 5423
21958 1170 2198 2197 5430
21959 4890 4891 4640 4913
21960 3933 4484 277 5737
21961 4568 5426 3251 3252
21962 4979 3718 4390 5363
21963 904 902 1477 1249
21964 5842 6039 2331 2328
21965 147 152 148 2539
21966 4232 3660 3658 2989
21967 4043 5897 4165 5922
21968 5183 5705 5154 6047
21969 3032 4614 4615 6007
21970 936 931 2991 2990
21971 4086 4089 4087 4088
21972 3817 5770 4971 5807
21973 5471 3335 3336 5591
21974 1537 764 5553 5671
21975 464 5847 5563 6101
21976 1712 743 1533 5377
21977 2423 505 509 5803
21978 1590 5217 2638 5639
21979 5287 5434 5252 5528
21980 1669 2746 2745 1785
21981 2051 164 160 2049
21982 5120 4164 4163 4161
21983 5477 5506 5205 5709
21984 2568 5647 4555 6201
21985 26 5987 77 1389
21986 487 489 488 486
21987 2654 5978 5301 6081
21988 1414 1413 1410 3447
21989 4382 5774 3542 3545
21990 5983 5713 1455 1456
21991 4314 6063 3960 4185
21992 3198 5482 1295 3197
21993 4348 1622 1623 4346
21994 4348 1625 1623 1624
21995 3505 5487 3598 5865
21996 4729 4322 5226 1716
21997 4443 4471 2272 5836
21998 2387 2384 3435 5390
21999 1078 1079 1081 609
22000 5179 5583 5433 6178
22001 2948 2204 4602 2207
22002 1539 5654 597 5677
22003 4045 3148 3147 3149
22004 2511 5457 4464 6141
22005 5918 2455 3024 345
22006 3844 5301 495 6081
22007 2331 5842 2327 4127
22008 596 592 593 595
22009 5256 5690 5517 6217
22010 2854 622 699 5917
22011 4809 5761 5735 6168
22012 471 898 894 399
22013 4615 5702 2072 6007
22014 1795 3977 1708 4236
22015 2656 2660 2661 5511
22016 2350 5466 734 4870
22017 3833 5165 2260 4010
22018 2845 5507 1933 4198
22019 2529 4959 2527 2952
22020 2527 2953 2952 4959
22021 1508 1510 4150 5801
22022 5311 5317 1720 5634
22023 1926 2043 2044 5801
22024 6219 5314 3543 3542
22025 1442 5745 2129 1445
22026 4803 4800 4631 726
22027 726 4632 4803 4800
22028 722 2482 4803 721
22029 720 721 4803 726
22030 42 41 39 1022
22031 38 41 39 42
22032 2312 3396 373 2314
22033 90 5301 650 5406
22034 1867 1097 2201 5467
22035 1724 5211 1729 1725
22036 4543 5158 4540 4541
22037 850 849 890 888
22038 5566 5219 170 5416
22039 5152 5043 2350 6086
22040 569 2564 2563 6013
22041 630 6087 629 891
22042 4817 5606 5193 5886
22043 3543 6219 3544 4126
22044 1839 2042 1926 5936
22045 3899 864 861 4636
22046 3937 3935 3938 3933
22047 3150 5922 4045 6199
22048 2333 156 5611 2516
22049 153 156 6202 155
22050 1045 5994 1571 6027
22051 5184 5740 1757 5821
22052 792 5610 675 5747
22053 1739 1741 1743 6096
22054 4583 2206 4584 4604
22055 2790 2597 2821 3208
22056 4881 2774 2775 5779
22057 5392 5521 5232 5526
22058 5208 5316 5170 5568
22059 675 788 792 5747
22060 5381 5473 5313 6088
22061 4415 5830 4414 6093
22062 5376 5605 5478 5955
22063 6044 3343 523 935
22064 5224 5256 5201 5741
22065 4367 4366 5400 5793
22066 1512 4146 1510 1504
22067 1289 2249 2244 3211
22068 5542 3335 3336 5471
22069 4212 5203 3564 4385
22070 4457 6049 3404 5378
22071 4458 4459 4092 5378
22072 5229 5262 2876 6008
22073 2832 907 2830 2828
22074 1705 420 535 1703
22075 2636 1606 1604 1602
22076 6018 5596 4157 5383
22077 4622 4877 4532 4984
22078 185 4877 4532 4622
22079 5848 6002 2131 6203
22080 2950 5900 1283 6054
22081 1054 1053 1049 6174
22082 1947 5426 1944 5935
22083 1908 3844 2231 5429
22084 5256 5690 5641 5703
22085 2136 5796 2139 2427
22086 795 1553 2637 2636
22087 6083 969 964 5408
22088 1044 1045 971 1570
22089 4286 2980 2981 5117
22090 495 4947 3844 3843
22091 4702 5334 3662 5011
22092 4683 5225 3873 5510
22093 5577 5901 5861 6174
22094 1732 5404 1734 5808
22095 945 2779 1260 2781
22096 4650 3259 2628 6010
22097 25 30 1392 5987
22098 5984 456 812 5584
22099 462 3565 459 72
22100 2855 1380 3762 3761
22101 3430 3429 330 5932
22102 5172 5214 5181 5649
22103 1947 3251 3250 3248
22104 3799 1950 3971 1180
22105 5761 6109 3583 6167
22106 192 194 196 5524
22107 970 5993 1209 6080
22108 1444 5627 3902 5745
22109 5434 5591 1005 5729
22110 4346 3968 2931 3719
22111 2689 3262 2688 5465
22112 5440 5638 2629 6010
22113 4172 5323 5263 5734
22114 3960 4314 3961 3962
22115 5168 5354 5186 6058
22116 2202 1868 2201 5467
22117 1608 5367 1333 5885
22118 3244 5320 3245 5786
22119 3325 3326 4068 3327
22120 3595 5784 3594 2984
22121 4624 5823 4661 4364
22122 6004 6055 5721 6149
22123 832 3724 3725 5593
22124 4373 5588 3908 3907
22125 2884 2285 2284 1131
22126 3389 3103 3387 6091
22127 2703 2919 3682 6078
22128 5273 5875 5216 5932
22129 4322 4730 3138 4324
22130 3498 2468 3497 6083
22131 1932 2659 2658 2888
22132 5535 5971 1801 5741
22133 5349 5642 5432 6176
22134 125 2630 4061 4060
22135 1460 1461 1458 6142
22136 3750 1895 898 4412
22137 2192 13 2186 2188
22138 2030 2037 2036 2031
22139 1252 1250 363 361
22140 874 5446 1085 4915
22141 5229 5257 5230 5262
22142 2082 3177 3175 5683
22143 4553 2218 2217 4008
22144 2511 2105 2103 5558
22145 4908 5171 144 5925
22146 5432 5719 5359 5794
22147 4571 4009 4010 5165
22148 1485 4866 4862 4867
22149 157 3232 3231 158
22150 4792 2857 4948 4394
22151 2166 6051 2382 4680
22152 2805 5246 2449 5545
22153 624 2733 2413 5529
22154 5190 5951 5590 6146
22155 698 5917 697 699
22156 4080 5617 472 2549
22157 2097 2098 2313 3239
22158 3387 1513 2761 3386
22159 597 5677 596 1539
22160 5765 5832 5196 6011
22161 3936 4791 3939 5595
22162 5352 5567 5517 6187
22163 1556 5203 4212 5943
22164 3136 4470 243 247
22165 4044 4312 4043 5696
22166 5609 5766 4909 5986
22167 5180 5310 5269 5858
22168 4086 3384 3383 4090
22169 2909 12 1067 5684
22170 1780 944 4744 940
22171 504 506 841 5523
22172 4346 1629 3719 5676
22173 5352 5850 1161 6051
22174 1175 2346 1172 1176
22175 3702 6074 3701 4273
22176 1508 1838 2810 3228
22177 2810 3388 3228 4208
22178 2559 5250 2560 2942
22179 276 3270 1772 5295
22180 1466 3252 4568 1465
22181 3526 3523 4197 3524
22182 3089 3408 4229 4228
22183 1680 4558 4557 6201
22184 3511 2118 2119 2120
22185 473 471 474 898
22186 3364 3361 3362 5883
22187 4957 5538 4595 5780
22188 3940 5238 3471 3472
22189 3073 4716 3072 4987
22190 3568 5303 5532 5711
22191 4801 4632 4800 4803
22192 5207 5645 5183 5705
22193 5386 5862 5647 6201
22194 5185 5387 2090 5881
22195 3982 5662 3500 3502
22196 5305 5452 5169 6122
22197 4861 2759 4058 4860
22198 5015 3031 5097 5069
22199 5097 3031 4994 4996
22200 2822 5703 2545 2596
22201 3089 753 752 5940
22202 5373 6110 5965 6118
22203 2815 2817 617 2816
22204 4112 4391 3923 3925
22205 801 5653 793 5898
22206 3415 6174 4757 1052
22207 13 2189 4180 2186
22208 13 4180 4181 2186
22209 5135 5137 4046 3095
22210 2438 6017 2181 6182
22211 1985 1984 590 2163
22212 4825 239 241 235
22213 4470 62 5148 4469
22214 3572 3571 2319 5615
22215 1628 1623 1626 1629
22216 834 838 196 194
22217 4356 3152 3730 3729
22218 5284 5446 5224 5562
22219 5743 5838 3590 5926
22220 3596 3037 154 2226
22221 695 3507 2493 6105
22222 1512 5801 4699 4146
22223 575 573 5225 5175
22224 962 4984 4652 4622
22225 5017 2452 1400 1405
22226 971 969 965 964
22227 336 5738 2663 2664
22228 831 4537 449 5705
22229 412 6195 417 416
22230 3945 5725 3944 5756
22231 894 899 473 399
22232 2398 5282 745 2929
22233 2386 612 609 1079
22234 2384 2385 609 2386
22235 1081 2385 609 2384
22236 3022 6002 4344 6203
22237 4206 5315 2033 5977
22238 2795 638 2796 5708
22239 135 5722 3996 139
22240 1496 987 3097 5970
22241 671 5610 674 675
22242 3057 3056 4592 5993
22243 3498 1045 2468 6083
22244 179 180 938 937
22245 1043 5969 5706 6027
22246 248 5118 5095 246
22247 4424 5540 4422 4423
22248 3095 5135 248 5148
22249 1141 1138 402 1137
22250 4645 4644 333 6171
22251 921 785 481 920
22252 5441 5693 2312 5728
22253 363 5292 3330 5578
22254 874 1085 1086 4915
22255 2070 5269 3699 5827
22256 1732 5374 1733 1736
22257 2628 5440 2627 2623
22258 4944 5457 2743 6018
22259 2781 1260 959 2092
22260 5198 5524 5217 5691
22261 4879 2352 3840 5618
22262 3145 2598 4215 35
22263 3504 1272 4123 1271
22264 658 5344 656 6079
22265 5810 5877 5364 5952
22266 159 154 2504 2229
22267 4896 5530 557 5764
22268 722 720 4803 2482
22269 1417 5482 4940 1418
22270 6119 5584 812 1825
22271 1361 5247 1975 1973
22272 27 28 3757 5987
22273 1655 1653 4153 5650
22274 2181 6182 5755 6188
22275 3456 664 806 805
22276 5174 5268 5219 5566
22277 1789 2363 1792 2366
22278 3547 831 830 6047
22279 2048 2050 2049 2051
22280 1776 5188 1774 5279
22281 272 5996 271 4079
22282 2615 5966 2290 2288
22283 3554 4654 4393 3552
22284 1929 4197 4198 5673
22285 2690 2911 4862 3046
22286 5590 6146 4154 6147
22287 40 45 44 38
22288 3439 1002 1001 3438
22289 5461 5770 5350 5779
22290 5200 5259 3693 3692
22291 1380 1376 1378 5242
22292 5145 4538 1981 5666
22293 710 3656 3655 708
22294 1169 5285 1165 501
22295 5388 6031 5473 6221
22296 1687 2859 1689 1685
22297 3464 6202 1911 2341
22298 5504 5677 5498 5796
22299 2295 2296 2298 4506
22300 5781 5004 2074 5827
22301 5039 5899 5158 5793
22302 531 5398 530 1123
22303 3879 1526 3880 2104
22304 5185 5693 5441 5806
22305 630 6087 628 629
22306 628 6087 632 633
22307 632 6087 628 630
22308 4219 2479 4343 5926
22309 2810 1514 1838 5829
22310 2176 6166 2991 2179
22311 292 878 295 293
22312 2920 5485 2921 2922
22313 2901 17 2902 6035
22314 4689 5807 3437 6050
22315 5486 6036 5225 6114
22316 4329 4328 484 2655
22317 3369 1480 3006 6226
22318 4524 5291 2694 5442
22319 3808 4936 5009 5474
22320 5141 3279 3280 5855
22321 1567 5236 1566 1568
22322 1508 2051 2048 2049
22323 3230 3354 2338 157
22324 2465 5760 5702 6083
22325 5366 5476 4431 6069
22326 5637 5914 5327 6070
22327 5767 5892 2866 6071
22328 818 6045 5947 6181
22329 2045 2044 3640 2046
22330 4913 4641 4640 4824
22331 1545 1541 1544 1634
22332 4858 5139 1322 1320
22333 5338 5390 546 5514
22334 5576 5788 5350 5807
22335 2052 2054 2053 6121
22336 2455 2454 346 5826
22337 658 2568 2567 6201
22338 5511 5423 485 484
22339 4819 5560 1673 6085
22340 360 1250 59 1254
22341 4486 4289 739 4191
22342 3259 5440 3258 6010
22343 4248 4246 4016 4247
22344 1477 1476 1249 5763
22345 4278 5350 3900 5788
22346 818 6065 1556 6211
22347 1556 6181 818 6211
22348 5102 5311 981 5317
22349 5182 5557 5336 5792
22350 773 4952 1790 772
22351 2500 5695 2933 6105
22352 5093 5635 5105 6043
22353 1384 1383 2944 5472
22354 2877 5262 2880 5526
22355 2150 5310 1716 6216
22356 2255 5940 3408 4240
22357 994 5607 992 3922
22358 3378 5630 5536 6039
22359 4426 1693 2895 4893
22360 5037 3657 4802 5712
22361 2120 3516 2123 6011
22362 2120 2123 2119 6011
22363 3260 3257 3259 5440
22364 4955 4696 4940 3198
22365 128 5831 130 126
22366 4006 6107 4007 4005
22367 1211 1210 1214 1212
22368 34 2908 33 12
22369 2542 5132 3060 5720
22370 555 553 554 6026
22371 4589 261 3805 6108
22372 799 798 797 5898
22373 506 6094 1395 841
22374 3609 2085 2974 3611
22375 1757 5740 691 5821
22376 3405 5328 4991 6049
22377 4489 6004 3421 3422
22378 3907 4628 4373 5588
22379 1874 6228 5836 3943
22380 372 373 4162 376
22381 3798 372 4162 632
22382 2309 992 1347 997
22383 3219 2794 2793 3218
22384 1631 5997 1523 1630
22385 1901 1898 1897 5817
22386 4280 5242 2857 5919
22387 1358 5158 5051 6139
22388 2622 2504 5815 6000
22389 3037 154 2226 3034
22390 3224 6131 1820 3221
22391 552 548 546 1309
22392 266 6116 262 6123
22393 5785 4984 603 599
22394 2348 2576 2572 5744
22395 2572 2576 1765 5744
22396 4551 1319 4858 1320
22397 879 877 878 876
22398 3969 3968 1629 5669
22399 619 2717 1235 5333
22400 4110 5735 4809 4873
22401 3674 3675 3676 5173
22402 363 3330 4022 5956
22403 4068 1530 4428 3196
22404 4466 4467 4465 3544
22405 3057 4592 970 5993
22406 3054 3057 3052 5993
22407 4386 5943 5343 6045
22408 4850 4849 5135 5137
22409 4508 5135 3095 5137
22410 802 4712 5411 798
22411 3856 2751 3857 2754
22412 1704 1705 1703 5765
22413 5376 5882 5879 6012
22414 1175 2346 4585 1174
22415 3799 1092 1180 5648
22416 5104 3002 3004 1463
22417 3262 5465 2689 5907
22418 1908 1902 1904 2475
22419 1438 2836 1439 3414
22420 1184 1217 1187 5484
22421 2234 5483 2901 3247
22422 4359 4070 4698 3639
22423 1031 2204 2207 2205
22424 1226 62 5874 4047
22425 2563 5501 569 6013
