6228 3 0 0
1 -17.99419403076172 22.29834365844727 -0.1090169996023178
2 -20.51312828063965 22.75699424743652 1.003900051116943
3 -18.1289119720459 22.93564987182617 0.1029940024018288
4 -19.36983108520508 22.76830291748047 3.615972995758057
5 -21.92040252685547 21.19945335388184 3.656938076019287
6 -23.32686805725098 20.19562339782715 4.787783145904541
7 -16.75824737548828 21.88285255432129 -0.240678995847702
8 -15.81176853179932 22.20633316040039 -0.9071360230445862
9 -18.98871994018555 27.55353164672852 0.4270749986171722
10 -18.56503868103027 25.71885871887207 -1.370144009590149
11 -17.93539237976074 24.85877418518066 -1.220543026924133
12 -15.75847244262695 22.65386772155762 -1.547582030296326
13 -16.4026985168457 25.96419906616211 -2.259294986724854
14 -17.98691368103027 25.94966888427734 -1.762212991714478
15 -19.16298866271973 25.25411796569824 -1.634256958961487
16 -18.82593727111816 26.06936264038086 -2.283020973205566
17 -17.85993576049805 26.29650115966797 -3.172013998031616
18 -21.37103462219238 23.15047264099121 2.398138999938965
19 -22.21011352539062 22.74499130249023 4.279722213745117
20 10.28317356109619 4.66705322265625 -40.80724334716797
21 10.96267509460449 4.592703819274902 -41.95353317260742
22 11.34713459014893 4.036983013153076 -41.6088752746582
23 11.39918518066406 4.244736194610596 -42.19228363037109
24 9.350227355957031 5.246786117553711 -40.42959976196289
25 8.662598609924316 4.595623016357422 -39.94091796875
26 9.159482955932617 3.48701000213623 -38.65794372558594
27 10.38076972961426 3.365814924240112 -38.07649993896484
28 11.06045341491699 3.956110000610352 -38.75285339355469
29 11.75374412536621 4.190098762512207 -40.45019149780273
30 8.500978469848633 4.163753032684326 -39.06557464599609
31 10.78343105316162 5.035877227783203 -40.15962600708008
32 -15.58668518066406 25.44692420959473 -2.170876979827881
33 -14.66594505310059 24.35970306396484 -1.923553943634033
34 -14.24375915527344 21.55171966552734 -2.308593034744263
35 -13.59050559997559 22.40247917175293 -2.543185949325562
36 -14.48748016357422 24.54037475585938 -2.635878086090088
37 -15.59066295623779 25.4978084564209 -2.809009075164795
38 -20.81383514404297 16.0201358795166 -11.59050846099854
39 -16.77802085876465 18.5211124420166 -10.91132068634033
40 -17.85205841064453 18.18362808227539 -9.737021446228027
41 -16.99525833129883 18.01666450500488 -12.05313491821289
42 -18.29356384277344 17.39522171020508 -12.55554008483887
43 -19.83606147766113 16.59056663513184 -13.16437816619873
44 -20.77736854553223 15.49141311645508 -12.45144939422607
45 -20.04855346679688 15.02630615234375 -11.15291213989258
46 -20.25315284729004 17.2650032043457 -13.02649211883545
47 -20.71858787536621 17.57622718811035 -12.31800365447998
48 -19.93118858337402 18.10828018188477 -12.45273399353027
49 -18.94766998291016 16.30406761169434 -8.872529029846191
50 -18.46014404296875 17.07931709289551 -8.725421905517578
51 -19.44661140441895 14.61851024627686 -9.719475746154785
52 -21.49926948547363 16.94364547729492 -11.34905815124512
53 -20.3212718963623 19.35049247741699 -12.47069835662842
54 -3.961215972900391 37.94671249389648 -4.81400203704834
55 -3.73313307762146 38.49563980102539 -5.05509090423584
56 -4.378573894500732 38.35540008544922 -4.864686965942383
57 -3.453291893005371 38.08863830566406 -4.328590869903564
58 -3.669964075088501 37.18096542358398 -4.723803043365479
59 -2.129451036453247 35.80657577514648 -3.234333038330078
60 -1.707733035087585 36.38200378417969 -2.824997901916504
61 -4.351376056671143 39.89263153076172 -5.268857002258301
62 5.089579105377197 43.18654251098633 9.712512969970703
63 5.261579036712646 43.1066780090332 9.011502265930176
64 5.034803867340088 43.83815765380859 9.034948348999023
65 6.027359008789062 43.37836456298828 9.08570384979248
66 7.4999680519104 42.98635864257812 9.414888381958008
67 14.2017936706543 30.48426628112793 -11.64742660522461
68 14.94749736785889 31.87864685058594 -10.55935764312744
69 14.11190605163574 30.64753150939941 -11.85842132568359
70 14.01846694946289 31.34906196594238 -10.28729629516602
71 13.32846164703369 30.80915451049805 -10.81389427185059
72 14.45356559753418 30.16440773010254 -10.80548858642578
73 -20.01473236083984 19.77861022949219 -6.431906223297119
74 -19.92836570739746 19.86077880859375 -6.270615100860596
75 -19.98198127746582 19.58730506896973 -6.51629114151001
76 7.387250900268555 3.524893045425415 -36.1522102355957
77 6.962617874145508 4.028106212615967 -35.88968276977539
78 13.99402332305908 30.57214736938477 -11.68576717376709
79 13.68916797637939 30.28327369689941 -11.88345146179199
80 13.9284839630127 30.4013729095459 -11.7055492401123
81 -5.715784072875977 40.37045669555664 -7.195437908172607
82 -6.311497211456299 40.32970428466797 -6.838156223297119
83 -5.505259990692139 40.91925048828125 -7.294522762298584
84 -5.390758037567139 39.90005111694336 -6.368864059448242
85 -4.986345767974854 40.39153289794922 -6.038551807403564
86 -19.8387622833252 19.37521171569824 -6.643031120300293
87 -20.22075271606445 19.3126106262207 -7.665633201599121
88 -20.17616653442383 19.09754943847656 -6.95280122756958
89 -19.84283638000488 20.21966934204102 -7.231820106506348
90 8.089634895324707 4.138629913330078 -30.57220268249512
91 7.690018177032471 3.929795980453491 -29.99301719665527
92 8.519246101379395 4.179766178131104 -30.55974960327148
93 7.577535152435303 3.701406002044678 -30.75247192382812
94 8.560876846313477 3.43347692489624 -32.38910675048828
95 9.769501686096191 3.900355100631714 -34.37248992919922
96 -10.61581993103027 30.26010704040527 -11.67615222930908
97 -11.59332084655762 30.18070602416992 -10.80500602722168
98 -10.446608543396 29.78778839111328 -11.72904586791992
99 -11.36890602111816 29.71746635437012 -10.34616947174072
100 -11.7403392791748 30.43765830993652 -10.44773292541504
101 -12.1622371673584 30.29513168334961 -10.59879016876221
102 5.001687049865723 48.51019287109375 -14.4584436416626
103 4.831995964050293 47.21016693115234 -16.16485404968262
104 3.3193519115448 47.94119262695312 -14.69520092010498
105 3.210916042327881 48.99521255493164 -12.10520935058594
106 4.694647789001465 49.52602005004883 -11.46971988677979
107 5.505149841308594 49.2261848449707 -11.78671169281006
108 5.549229145050049 47.26399612426758 -15.91309547424316
109 6.017088890075684 47.63261413574219 -14.61235046386719
110 6.073526859283447 48.35060119628906 -12.63326358795166
111 6.521471977233887 47.34064865112305 -14.18200397491455
112 8.701847076416016 27.97727584838867 -8.440402030944824
113 8.64365291595459 26.39291191101074 -7.924740791320801
114 9.473875045776367 27.2567081451416 -9.024130821228027
115 8.215094566345215 28.44537734985352 -8.528229713439941
116 9.036140441894531 28.51280784606934 -9.539568901062012
117 9.655543327331543 28.07609176635742 -9.934914588928223
118 8.193060874938965 27.68656158447266 -8.316178321838379
119 -0.7987359762191772 43.65478515625 9.979537963867188
120 -0.7619330286979675 43.78166961669922 10.38597679138184
121 -0.8906649947166443 44.1429328918457 10.35035037994385
122 0.06913399696350098 43.89647674560547 10.68113613128662
123 -0.4965620040893555 44.70314407348633 9.820046424865723
124 -0.9399120211601257 44.63096618652344 9.714152336120605
125 -0.9846699833869934 44.12837982177734 9.725581169128418
126 -4.750761032104492 21.7387809753418 -21.14643859863281
127 -6.046302795410156 22.99450302124023 -19.87417793273926
128 -5.225021839141846 23.38521003723145 -20.10639572143555
129 -6.230764865875244 20.56601142883301 -20.04545402526855
130 -4.013081073760986 21.72011375427246 -22.44840049743652
131 -3.410599946975708 20.79700469970703 -22.80851554870605
132 -4.149011135101318 20.83882141113281 -22.17055130004883
133 -4.944486141204834 20.32596969604492 -20.80570030212402
134 11.55819034576416 30.52000999450684 -12.9758768081665
135 11.76083087921143 30.32402610778809 -13.67873382568359
136 13.18837547302246 30.32928848266602 -13.74734497070312
137 13.16472721099854 30.15238571166992 -13.32306671142578
138 12.99721240997314 29.91063499450684 -14.06585216522217
139 13.05673980712891 30.30021667480469 -14.17571640014648
140 8.305942535400391 38.2733268737793 -6.429036140441895
141 7.920695781707764 37.86554336547852 -6.295882225036621
142 8.50617504119873 35.94350814819336 -5.934642791748047
143 7.890806198120117 39.28418731689453 -6.56732702255249
144 8.946804046630859 38.27638626098633 -7.685180187225342
145 8.470205307006836 38.68559265136719 -6.444760799407959
146 7.867719173431396 23.40793037414551 -6.164505004882812
147 7.506072044372559 22.74197769165039 -5.763621807098389
148 8.19189453125 24.03894805908203 -6.731523036956787
149 8.326343536376953 24.83287811279297 -6.445641994476318
150 9.079055786132812 24.40787506103516 -7.967546939849854
151 8.705448150634766 24.93137359619141 -7.939070224761963
152 9.126144409179688 23.42750930786133 -8.057126998901367
153 3.40251898765564 5.447618007659912 -24.80831909179688
154 4.456546783447266 5.47432279586792 -24.47877883911133
155 3.502320051193237 5.463431835174561 -24.15008163452148
156 2.229042053222656 6.124513149261475 -22.96592712402344
157 2.937536001205444 5.593849182128906 -25.27975273132324
158 3.056267976760864 5.183615207672119 -25.70272636413574
159 4.165503978729248 5.035356998443604 -24.93942260742188
160 16.17329597473145 24.19856643676758 -1.216863989830017
161 16.48525047302246 24.61978530883789 -0.7362160086631775
162 16.18069458007812 24.82693672180176 -0.8624730110168457
163 16.93543815612793 25.37555503845215 -0.2286839932203293
164 16.08444023132324 24.33741569519043 -1.771546006202698
165 16.57641410827637 26.1009521484375 -1.847877025604248
166 12.70530319213867 41.05321884155273 -9.857074737548828
167 10.83744621276855 41.73073196411133 -9.625580787658691
168 11.8240270614624 40.64127731323242 -9.279162406921387
169 12.6334114074707 40.12065887451172 -9.495704650878906
170 13.52193927764893 40.70736694335938 -10.8152322769165
171 11.95950603485107 42.14688873291016 -10.61704921722412
172 6.247383117675781 30.26174545288086 -4.644604206085205
173 6.536880016326904 29.80048751831055 -4.659584045410156
174 7.471446990966797 29.78330230712891 -6.231023788452148
175 6.577291011810303 30.69927978515625 -4.459404945373535
176 5.706935882568359 29.90308570861816 -4.407393932342529
177 5.483857154846191 30.29619789123535 -3.963923931121826
178 11.04002285003662 22.63443374633789 -8.293951034545898
179 10.36542224884033 22.11874961853027 -7.565773010253906
180 11.88502979278564 21.70680809020996 -7.106439113616943
181 10.09849739074707 22.31924819946289 -8.344797134399414
182 11.82943630218506 23.00845909118652 -8.976424217224121
183 10.48202991485596 22.90262603759766 -8.618136405944824
184 12.69624519348145 22.3780689239502 -8.606780052185059
185 12.60814476013184 22.56632614135742 -9.110241889953613
186 12.16678905487061 22.88906478881836 -16.60049438476562
187 14.0223331451416 20.89836692810059 -14.76465034484863
188 12.18690299987793 21.75827026367188 -17.58172225952148
189 11.76004505157471 22.7277660369873 -17.39860153198242
190 13.5382833480835 19.70393562316895 -16.42148780822754
191 11.52449226379395 21.40884780883789 -18.01124000549316
192 -11.34576892852783 10.32410717010498 -12.88754272460938
193 -11.7626781463623 10.17963218688965 -12.78939628601074
194 -11.27720546722412 10.7695255279541 -11.59053516387939
195 -11.1732006072998 9.059864044189453 -13.92299365997314
196 -11.2295618057251 11.14908409118652 -12.20259666442871
197 -11.06894969940186 9.824864387512207 -14.1978645324707
198 -18.35054397583008 16.92669677734375 -7.981629848480225
199 -18.05595207214355 17.89870071411133 -8.378974914550781
200 -18.6556568145752 16.86862564086914 -7.700923919677734
201 -19.34636116027832 17.45453643798828 -7.774278163909912
202 -19.29287147521973 14.95229530334473 -8.753205299377441
203 -21.22879981994629 18.23532676696777 -7.94479513168335
204 -22.09947776794434 17.36030578613281 -8.620553970336914
205 7.461079120635986 3.947082042694092 -12.9566125869751
206 7.598392009735107 4.144033908843994 -11.59844017028809
207 7.840867042541504 4.607353210449219 -13.21638298034668
208 7.351523876190186 3.416491031646729 -11.11137676239014
209 8.100651741027832 3.512695074081421 -13.5479793548584
210 7.667534828186035 3.233314990997314 -13.17870330810547
211 7.3661208152771 2.586730003356934 -11.00884914398193
212 8.271011352539062 4.914464950561523 -13.83116340637207
213 11.93128681182861 4.435326099395752 -41.4389762878418
214 11.52669906616211 4.448166847229004 -40.52499008178711
215 -20.22193717956543 20.39714622497559 -11.51782703399658
216 -20.15120887756348 19.797607421875 -10.44664001464844
217 -20.30699157714844 19.57408905029297 -9.693258285522461
218 -19.80939102172852 19.0310173034668 -10.16810417175293
219 -19.89261436462402 18.93367767333984 -11.6414270401001
220 4.357173919677734 30.77316856384277 -3.196286916732788
221 3.897878885269165 30.2043399810791 -3.533193111419678
222 4.345192909240723 29.87116241455078 -3.448554992675781
223 3.075153112411499 30.37799644470215 -3.210984945297241
224 3.615957021713257 29.88678741455078 -3.244836091995239
225 3.704631090164185 28.55417823791504 -4.701048851013184
226 4.352283000946045 28.87418556213379 -3.977036952972412
227 3.51318097114563 28.84430122375488 -3.839822053909302
228 7.183891773223877 7.113061904907227 -11.14078426361084
229 7.404897212982178 6.903402805328369 -10.6404333114624
230 6.80373477935791 7.867273807525635 -10.79551124572754
231 7.183619022369385 8.383001327514648 -9.747779846191406
232 7.086719036102295 8.568534851074219 -12.49448871612549
233 7.08559513092041 9.745418548583984 -11.60609722137451
234 7.024258136749268 9.066244125366211 -9.914002418518066
235 -16.39600944519043 20.62235450744629 -4.746078014373779
236 -16.55953979492188 20.0806941986084 -4.82255220413208
237 -16.82419967651367 20.63713645935059 -4.938333034515381
238 -16.6440315246582 21.2438907623291 -4.774786949157715
239 -16.05517959594727 20.26400566101074 -4.008851051330566
240 -15.28197956085205 22.15114402770996 -5.425259113311768
241 -15.13057899475098 21.39235496520996 -4.60451078414917
242 -15.30619621276855 22.83706474304199 -5.358139991760254
243 4.66551399230957 43.78070068359375 10.68559837341309
244 5.105103015899658 43.95817565917969 10.3408842086792
245 4.57551097869873 44.26976013183594 10.46713447570801
246 5.269781112670898 44.53338623046875 9.943581581115723
247 4.156881809234619 44.03899383544922 10.45717334747314
248 4.669968128204346 44.6828727722168 9.480952262878418
249 -5.391209125518799 33.1302604675293 -6.363584041595459
250 -6.590755939483643 32.41105270385742 -7.821728229522705
251 -6.128181934356689 31.34564781188965 -7.853000164031982
252 -6.175166130065918 34.15551376342773 -6.829415798187256
253 -4.748146057128906 31.67551422119141 -6.676249980926514
254 -4.696607112884521 33.93123245239258 -5.247159004211426
255 5.133450031280518 45.52190017700195 4.291831970214844
256 4.668567180633545 45.28104782104492 4.920949935913086
257 5.696194171905518 45.20085144042969 4.41053295135498
258 4.306921005249023 45.25300598144531 5.56493091583252
259 6.157080173492432 44.64412689208984 4.141035079956055
260 6.46589994430542 43.26289367675781 4.99753999710083
261 4.564050197601318 44.59720993041992 5.710198879241943
262 -13.73066520690918 31.65354347229004 -16.46915245056152
263 -15.13415145874023 30.76533317565918 -15.99720478057861
264 -14.17172527313232 32.29090881347656 -16.48189926147461
265 -13.46232795715332 32.96361541748047 -16.47679901123047
266 -13.04709434509277 31.30106735229492 -16.12864685058594
267 7.902742862701416 10.59741401672363 -6.325644969940186
268 8.354716300964355 9.223258018493652 -5.575629234313965
269 8.316235542297363 9.466244697570801 -5.096333026885986
270 7.859762191772461 9.634036064147949 -7.265397071838379
271 8.367559432983398 10.38571071624756 -5.10331916809082
272 7.591728210449219 12.34729957580566 -7.930552005767822
273 7.021821975708008 13.04249954223633 -9.14042854309082
274 7.542563915252686 10.283860206604 -8.142932891845703
275 -3.557544946670532 3.919004917144775 -9.237103462219238
276 -3.679549932479858 3.33223295211792 -8.714679718017578
277 -3.054141044616699 3.595690965652466 -10.34107971191406
278 -4.12608003616333 4.39506721496582 -9.088809967041016
279 -3.386718034744263 4.024624824523926 -10.31301975250244
280 22.00855827331543 19.08463859558105 -0.1218999996781349
281 23.09052085876465 20.18113708496094 -1.073089003562927
282 22.63522338867188 20.65544891357422 -0.3280070126056671
283 21.47868537902832 20.64051055908203 0.2226250022649765
284 23.41597557067871 21.24102210998535 -1.466627955436707
285 22.62612724304199 22.15754890441895 -0.7704839706420898
286 -16.43752288818359 20.6303596496582 -1.722120046615601
287 -17.90141677856445 20.0303897857666 -1.044543981552124
288 -17.48833274841309 19.33346939086914 -1.892168045043945
289 -19.1232738494873 19.7695140838623 -1.020563006401062
290 -17.13404846191406 20.77725982666016 -1.276185989379883
291 -19.33266639709473 20.93273544311523 -0.7200440168380737
292 -4.343337059020996 5.249098777770996 -14.43871974945068
293 -4.081402778625488 7.938374996185303 -14.88601016998291
294 -3.356657981872559 8.489191055297852 -13.91656875610352
295 -4.593131065368652 8.34390926361084 -15.2930965423584
296 -3.983836889266968 4.91626501083374 -13.77182388305664
297 -3.901454925537109 4.450054168701172 -14.15119457244873
298 -5.042405128479004 5.459299087524414 -15.1439151763916
299 -5.66830587387085 3.221658945083618 -6.417902946472168
300 -5.432552814483643 3.395359992980957 -5.241876125335693
301 -5.090256214141846 3.493494987487793 -6.455442905426025
302 -6.338274955749512 2.167017936706543 -6.282793045043945
303 -4.6663818359375 3.36958909034729 -5.308681011199951
304 -6.397528171539307 1.54594099521637 -4.879930019378662
305 -5.701247215270996 2.282100915908813 -4.926846981048584
306 -5.044712066650391 2.999144077301025 -5.095406055450439
307 -0.2080409973859787 38.15977096557617 -2.079541921615601
308 -0.7464860081672668 38.07751083374023 -2.323362112045288
309 -0.7056999802589417 37.24932098388672 -2.644700050354004
310 0.7905269861221313 37.83907318115234 -2.369600057601929
311 0.1022650003433228 39.15138244628906 -1.968402981758118
312 1.031795978546143 38.6041259765625 -2.075050115585327
313 -10.4545202255249 19.19892692565918 -13.33504772186279
314 -10.31696891784668 19.59953117370605 -11.40832996368408
315 -9.793659210205078 20.24598693847656 -11.4053897857666
316 -10.81472015380859 16.51741409301758 -8.158054351806641
317 -11.2140007019043 16.63222312927246 -11.84558868408203
318 -11.65663814544678 15.02567958831787 -10.10166454315186
319 -11.02348518371582 16.49266815185547 -8.767107963562012
320 8.681070327758789 8.068289756774902 -6.62251615524292
321 8.574422836303711 6.370498180389404 -8.207180023193359
322 9.001009941101074 7.82780122756958 -6.461896896362305
323 7.826528072357178 8.63763427734375 -8.371739387512207
324 7.117979049682617 7.156517028808594 -9.968693733215332
325 8.275033950805664 5.705828189849854 -8.715202331542969
326 8.937158584594727 6.323616981506348 -7.821380138397217
327 7.628229141235352 29.56705284118652 -6.312368869781494
328 8.035717010498047 29.42012596130371 -6.750360012054443
329 8.414470672607422 29.8394832611084 -7.487784862518311
330 8.305227279663086 30.60724067687988 -7.836860179901123
331 8.386268615722656 30.55307006835938 -7.159045219421387
332 7.562374114990234 30.59675979614258 -5.663127899169922
333 7.732200145721436 44.76593017578125 1.362547039985657
334 7.332502841949463 47.46998596191406 0.2521319985389709
335 7.492866039276123 46.01654434204102 1.288164019584656
336 7.323500156402588 47.02498626708984 1.519909024238586
337 7.950809001922607 48.013427734375 -0.1690520048141479
338 7.480292797088623 48.2591552734375 0.4935199916362762
339 7.672336101531982 47.64162826538086 -0.4203349947929382
340 8.168475151062012 45.22150421142578 0.5646640062332153
341 8.785621643066406 45.6949462890625 -1.083785057067871
342 8.857052803039551 45.39612579345703 -0.5078639984130859
343 7.627109050750732 47.50208282470703 1.756979942321777
344 2.529366970062256 7.973645210266113 -18.97639465332031
345 1.573922038078308 8.382044792175293 -18.93806457519531
346 0.8174819946289062 8.093567848205566 -19.51177024841309
347 2.051148891448975 7.429090023040771 -20.98978424072266
348 2.653844118118286 8.308540344238281 -18.83297348022461
349 3.182365894317627 7.946464061737061 -19.06970405578613
350 3.91041088104248 8.383437156677246 -19.1492748260498
351 3.537100076675415 7.405343055725098 -20.67633056640625
352 11.28849315643311 12.1385498046875 -3.06000804901123
353 10.79541492462158 17.23577880859375 -4.527182102203369
354 9.716189384460449 11.75659561157227 -3.839734077453613
355 11.4420919418335 16.18701553344727 -4.180304050445557
356 9.807228088378906 14.37058639526367 -4.471453189849854
357 9.61002254486084 16.61893463134766 -4.865937232971191
358 11.00168323516846 17.70077705383301 -4.861524105072021
359 -0.9217690229415894 34.55530548095703 -2.250097990036011
360 -2.126658916473389 34.29738998413086 -2.709830045700073
361 -1.329272985458374 34.13840484619141 -2.762979984283447
362 -1.901828050613403 34.83437728881836 -2.342077016830444
363 -0.4587900042533875 34.360595703125 -2.502067089080811
364 -0.6247079968452454 35.0975341796875 -2.226706027984619
365 -1.174164056777954 35.50848770141602 -2.14902400970459
366 -9.347650527954102 37.14680480957031 -16.31342315673828
367 -8.690408706665039 37.3248176574707 -16.05179214477539
368 -8.088703155517578 35.59381103515625 -15.74820518493652
369 -9.454318046569824 38.41975784301758 -16.03652381896973
370 -7.594147205352783 37.67784118652344 -14.93930244445801
371 11.01526927947998 13.84681987762451 -16.12244987487793
372 11.92392730712891 12.52516078948975 -13.06796264648438
373 10.84774303436279 12.98653507232666 -15.08122253417969
374 10.2680606842041 12.19032669067383 -13.80714988708496
375 12.70097255706787 12.09139442443848 -11.71785163879395
376 10.23466300964355 12.10862445831299 -12.89956283569336
377 12.74228000640869 12.80835056304932 -12.71512985229492
378 12.47609424591064 12.88719463348389 -13.3756685256958
379 5.627583026885986 4.201396942138672 -29.42616844177246
380 6.593879222869873 4.301193237304688 -29.27721977233887
381 5.572531223297119 4.047800064086914 -29.0329418182373
382 6.403116226196289 4.194619178771973 -28.88284301757812
383 7.398645877838135 4.424263000488281 -29.16297149658203
384 7.196338176727295 52.19415283203125 -13.69112873077393
385 6.938656806945801 50.47932815551758 -12.91133499145508
386 7.017879009246826 52.26473999023438 -13.70283317565918
387 6.39089822769165 49.77222442626953 -12.70457553863525
388 7.191896915435791 52.4201774597168 -12.71941375732422
389 6.71632719039917 52.00271224975586 -9.778014183044434
390 5.968635082244873 50.72152709960938 -11.75876998901367
391 5.091805934906006 49.03609466552734 1.063894987106323
392 6.583520889282227 49.30841064453125 2.104800939559937
393 6.357911109924316 49.06374740600586 0.611096978187561
394 7.035449028015137 48.78898620605469 0.5341690182685852
395 5.34375 48.76771545410156 0.5783979892730713
396 7.511486053466797 48.78749465942383 -0.01528399996459484
397 6.563570022583008 50.50775909423828 -2.819811105728149
398 5.270994186401367 49.63845062255859 -0.4082010090351105
399 -0.6048359870910645 49.80234527587891 -9.016146659851074
400 -1.384986996650696 49.99777984619141 -6.966728210449219
401 -0.3457689881324768 50.09986114501953 -7.26191520690918
402 0.2512640058994293 49.75331878662109 -8.584469795227051
403 -0.05245000123977661 50.62645721435547 -4.533083915710449
404 2.262340068817139 50.88202285766602 -5.856317043304443
405 -2.088994979858398 50.35850143432617 -5.162766933441162
406 1.905521035194397 50.53663635253906 -7.360888004302979
407 12.92527103424072 41.51719284057617 -11.1342077255249
408 13.67747211456299 40.56182861328125 -11.32070159912109
409 13.48886108398438 41.32676696777344 -11.62305164337158
410 12.06166553497314 42.39706420898438 -11.47070598602295
411 11.58325099945068 42.32060241699219 -11.1245698928833
412 -20.62064933776855 25.84896469116211 -4.638658046722412
413 -21.92988967895508 24.96168899536133 -3.493141889572144
414 -19.63021087646484 26.32999801635742 -4.553532123565674
415 -19.39756774902344 26.00970649719238 -5.447557926177979
416 -21.25564384460449 24.92654418945312 -6.560581207275391
417 -20.49062919616699 25.22554779052734 -6.9389967918396
418 15.86127090454102 3.949563980102539 -14.36598587036133
419 15.34159564971924 4.188868999481201 -14.53661727905273
420 15.79435920715332 4.762132167816162 -14.01348781585693
421 15.94555473327637 2.914480924606323 -13.91999053955078
422 16.61762428283691 3.854749917984009 -12.76652526855469
423 16.72871208190918 2.971046924591064 -12.81729221343994
424 23.56890106201172 21.35593414306641 -3.559652090072632
425 23.1933765411377 22.17712020874023 -4.868797779083252
426 23.64104652404785 22.55973625183105 -4.450324058532715
427 23.98972129821777 21.72641181945801 -3.018579006195068
428 22.79278755187988 22.52278518676758 -5.839863777160645
429 23.28779411315918 23.90655136108398 -7.1391921043396
430 23.90140342712402 23.14067649841309 -3.418721914291382
431 23.64400291442871 23.72942733764648 -3.727186918258667
432 23.82646369934082 23.42131233215332 -4.46475887298584
433 16.16207122802734 36.64369964599609 -14.27518463134766
434 16.44801712036133 37.02071380615234 -14.79612827301025
435 16.04384994506836 37.45237350463867 -14.96523571014404
436 15.70812225341797 37.07925033569336 -14.04065036773682
437 16.91139030456543 35.97339630126953 -14.86762142181396
438 16.61403274536133 35.4725227355957 -14.60367870330811
439 15.57895660400391 35.57920074462891 -12.97875595092773
440 15.09940338134766 35.92612838745117 -12.85280704498291
441 -3.650250911712646 0.8579220175743103 -8.698551177978516
442 -4.492265224456787 0.5624279975891113 -8.818240165710449
443 -3.766074895858765 0.4155020117759705 -9.306055068969727
444 -3.442506074905396 0.5112810134887695 -10.77228927612305
445 -4.046277046203613 0.3966870009899139 -8.216065406799316
446 -4.676509857177734 0.3389289975166321 -10.79686641693115
447 -4.212019920349121 0.7443379759788513 -11.3816032409668
448 -4.982803821563721 0.2555379867553711 -9.137495994567871
449 -6.177213191986084 0.4787009954452515 -8.508379936218262
450 1.55456805229187 14.69123363494873 -29.12783622741699
451 2.206585884094238 15.90938472747803 -28.62411880493164
452 2.51221489906311 14.87485218048096 -29.59534645080566
453 2.834304094314575 15.93041515350342 -28.47615432739258
454 3.125356912612915 14.95261287689209 -29.23417854309082
455 2.631706953048706 14.19497108459473 -29.56366348266602
456 1.502575039863586 14.10110855102539 -29.07208633422852
457 -20.16411972045898 14.27454376220703 -10.17641639709473
458 14.4207592010498 29.07539558410645 -9.865218162536621
459 13.70003890991211 28.22275733947754 -10.18770217895508
460 14.22776317596436 27.68984413146973 -9.891647338867188
461 15.24839305877686 29.3166561126709 -8.801868438720703
462 14.53466415405273 30.10305213928223 -10.35299968719482
463 14.84076499938965 8.063270568847656 -3.392016887664795
464 14.5354471206665 7.580400943756104 -3.644129991531372
465 15.19269752502441 7.844354152679443 -4.049831867218018
466 14.31974220275879 7.678452014923096 -2.958101987838745
467 15.21269226074219 7.363862037658691 -4.060184955596924
468 14.34836959838867 6.536379814147949 -4.180234909057617
469 14.12668228149414 7.154576778411865 -3.337249994277954
470 -1.896425008773804 49.77346420288086 -6.925682067871094
471 -1.559134006500244 50.63002395629883 -8.18746280670166
472 -3.342550039291382 48.88644027709961 -5.958332061767578
473 -2.809993982315063 48.58171081542969 -7.787464141845703
474 -2.364706993103027 51.97133636474609 -9.787994384765625
475 4.586390972137451 49.23929977416992 -0.4148649871349335
476 3.423748970031738 48.46949005126953 0.660057008266449
477 3.911381959915161 48.20766448974609 1.262562990188599
478 3.782880067825317 49.31739807128906 0.339803010225296
479 4.706042766571045 49.84786605834961 -1.183109998703003
480 11.43286037445068 40.58596038818359 -8.999095916748047
481 10.74121379852295 39.84816360473633 -8.938445091247559
482 11.79535102844238 40.16618347167969 -9.146523475646973
483 12.15733623504639 39.69990539550781 -9.026149749755859
484 -9.973217964172363 13.140061378479 -12.21709060668945
485 -9.174772262573242 14.21085262298584 -14.02680492401123
486 -8.498537063598633 13.03623962402344 -13.4363842010498
487 -8.306774139404297 12.69804573059082 -12.66300010681152
488 -6.871930122375488 13.87834167480469 -16.93502235412598
489 -6.670446872711182 13.521315574646 -16.53403472900391
490 4.827542781829834 6.463572978973389 -34.92913055419922
491 5.070491790771484 6.747774124145508 -35.66482925415039
492 6.188607215881348 5.564960956573486 -36.92311477661133
493 4.783348083496094 7.255399227142334 -34.92235565185547
494 4.831512928009033 5.977737903594971 -35.22184371948242
495 4.722111225128174 5.415760040283203 -34.09918975830078
496 4.41083812713623 6.430294036865234 -34.75653076171875
497 -2.976653099060059 27.98686218261719 -20.31558227539062
498 -4.117691040039062 28.5087947845459 -18.84723091125488
499 -3.140328884124756 30.60665512084961 -19.43330383300781
500 -4.434465885162354 30.1051025390625 -17.86916542053223
501 -2.514556884765625 29.05618095397949 -20.10891151428223
502 -3.896389961242676 31.03519058227539 -17.98359298706055
503 -2.82328200340271 30.79959678649902 -19.36307334899902
504 -9.06132984161377 36.28586196899414 -5.563014030456543
505 -10.24445724487305 36.35848236083984 -5.988533973693848
506 -10.66435241699219 35.10309600830078 -5.950080871582031
507 -9.07408618927002 37.20809173583984 -5.829034805297852
508 -10.96791458129883 35.58685684204102 -6.237423896789551
509 -10.13373947143555 37.50435638427734 -6.329257011413574
510 -9.331900596618652 37.87187957763672 -6.556393146514893
511 -7.271152973175049 0.2541359961032867 -6.16248083114624
512 -8.129507064819336 0.1933899968862534 -5.883659839630127
513 -9.599593162536621 0.1631260067224503 -6.668796062469482
514 -7.6649489402771 0.2421340048313141 -8.111976623535156
515 -9.854482650756836 0.4325819909572601 -7.572381019592285
516 -9.827541351318359 0.3989689946174622 -8.454985618591309
517 -10.24228000640869 0.5906810164451599 -6.830851078033447
518 -9.64668083190918 0.3717440068721771 -6.086516857147217
519 5.334743022918701 14.88200569152832 -13.12082576751709
520 5.564407825469971 14.64726161956787 -14.00062942504883
521 5.659493923187256 14.26762962341309 -13.06008911132812
522 5.099671840667725 14.55984306335449 -13.95652389526367
523 5.926352977752686 13.9559268951416 -10.76937770843506
524 5.504549026489258 15.06819152832031 -11.6641960144043
525 4.047883033752441 14.00504112243652 -12.34296798706055
526 4.279366016387939 13.52169322967529 -13.51673126220703
527 10.5174732208252 0.2009329944849014 -6.96031379699707
528 8.152791023254395 0.2891480028629303 -6.74072790145874
529 8.594915390014648 0.3219180107116699 -8.177691459655762
530 8.549695014953613 0.3264470100402832 -6.192152976989746
531 7.782763957977295 0.6261600255966187 -6.884698867797852
532 16.43522262573242 7.640997886657715 -12.29765892028809
533 16.66523742675781 8.08893871307373 -12.15203666687012
534 16.32106399536133 7.37964391708374 -11.83297538757324
535 16.2663402557373 5.867193222045898 -12.79320430755615
536 15.8719367980957 8.052365303039551 -13.89412975311279
537 15.51267433166504 8.753850936889648 -13.99681282043457
538 15.95424842834473 9.096574783325195 -13.59072971343994
539 2.984599113464355 19.10393905639648 -5.000463962554932
540 3.612940073013306 19.09786605834961 -5.16812801361084
541 3.204896926879883 19.46953010559082 -4.653735160827637
542 0.9733330011367798 19.74611282348633 -4.502580165863037
543 4.039279937744141 18.61913871765137 -5.312448024749756
544 2.191699028015137 18.93963241577148 -4.898870944976807
545 17.31995010375977 24.44648170471191 -7.329822063446045
546 18.5605354309082 24.10713386535645 -7.488609790802002
547 17.64804649353027 24.40336799621582 -6.977962970733643
548 18.26639366149902 23.60900688171387 -6.478988170623779
549 18.55509948730469 23.81778907775879 -8.381052017211914
550 19.04466247558594 23.91797256469727 -7.816991806030273
551 19.0398006439209 23.47485733032227 -7.288880825042725
552 19.06186485290527 22.85061836242676 -4.845071792602539
553 16.27797698974609 9.726413726806641 -5.958232879638672
554 16.30869483947754 9.870160102844238 -7.398684978485107
555 16.43772125244141 10.5652437210083 -6.813564777374268
556 16.58786582946777 10.28593635559082 -8.365081787109375
557 16.0035572052002 9.236064910888672 -5.953201770782471
558 16.25688934326172 8.929832458496094 -6.750001907348633
559 15.99225425720215 9.768689155578613 -8.884831428527832
560 -0.8430839776992798 31.16469192504883 -3.241552114486694
561 -0.6246489882469177 32.98209381103516 -2.714411020278931
562 -1.077353000640869 32.44461441040039 -2.50994610786438
563 -1.130661964416504 32.87562942504883 -2.816654920578003
564 -1.263545989990234 31.19220542907715 -3.01894998550415
565 -1.830634951591492 31.91300392150879 -2.738903045654297
566 -1.682163000106812 32.56691360473633 -2.730820894241333
567 -6.838484764099121 41.11470031738281 -14.34151840209961
568 -7.687336921691895 40.74627304077148 -14.64189338684082
569 -7.566773891448975 41.61415100097656 -14.06246471405029
570 -8.111783981323242 40.68392181396484 -14.41975879669189
571 -7.020884990692139 39.70002365112305 -14.53433418273926
572 -6.404178142547607 14.79247283935547 -3.925268888473511
573 -6.494041919708252 12.82586765289307 -3.329628944396973
574 -5.88720178604126 11.61622333526611 -3.469052076339722
575 -7.014356136322021 12.10299587249756 -3.07271409034729
576 -4.713487148284912 13.9565372467041 -5.167844772338867
577 -6.314212799072266 17.14905738830566 -4.47918176651001
578 -4.602254867553711 16.34393119812012 -5.370499134063721
579 9.927197456359863 13.10602188110352 -32.79661178588867
580 9.959364891052246 13.59877300262451 -32.77410888671875
581 10.48247814178467 13.31201839447021 -32.71556091308594
582 9.365932464599609 15.21723079681396 -29.7536678314209
583 9.629704475402832 12.33285903930664 -31.36355018615723
584 10.14132022857666 13.2477502822876 -31.36882591247559
585 0.03391699865460396 44.69573593139648 6.530406951904297
586 -0.9702420234680176 43.05110549926758 6.812337875366211
587 -0.3172020018100739 43.87471389770508 7.447915077209473
588 -0.174578994512558 44.36146926879883 7.970445156097412
589 -0.7439829707145691 43.97470855712891 9.063661575317383
590 -0.9497190117835999 43.11336517333984 8.849899291992188
591 -17.09204483032227 18.45393180847168 -7.759119987487793
592 -17.17544555664062 17.90551567077637 -7.355527877807617
593 -17.5092658996582 18.20423126220703 -8.095907211303711
594 -17.52768516540527 19.01278877258301 -8.018049240112305
595 -18.07375907897949 17.22022247314453 -7.11770486831665
596 -19.06813049316406 17.16088676452637 -7.125836849212646
597 -18.13803863525391 17.96595573425293 -7.860668182373047
598 -17.76077461242676 18.69426536560059 -8.173173904418945
599 11.7525577545166 23.46219825744629 -16.41755676269531
600 13.69145393371582 21.8367862701416 -14.08524513244629
601 11.01254272460938 24.35624313354492 -16.63531303405762
602 10.78915882110596 23.46909713745117 -18.60671997070312
603 12.05569839477539 23.72036552429199 -15.27192878723145
604 13.64977264404297 21.80365371704102 -13.15576553344727
605 22.78487777709961 25.36253929138184 -6.900894165039062
606 22.39334487915039 25.72457885742188 -6.222722053527832
607 22.80837059020996 25.31219291687012 -5.518847942352295
608 23.23605346679688 25.14016342163086 -6.198688983917236
609 23.04554748535156 24.91545104980469 -7.529080867767334
610 23.03527069091797 26.05335807800293 -7.226012229919434
611 22.27009391784668 26.02981948852539 -6.965910911560059
612 22.317626953125 25.57294082641602 -6.885968208312988
613 7.649965763092041 32.33914184570312 -5.098008155822754
614 7.697006225585938 31.82341194152832 -4.89815092086792
615 7.48081111907959 31.07851791381836 -5.677741050720215
616 7.576202869415283 32.29967880249023 -4.298289775848389
617 8.141474723815918 31.65455055236816 -5.648872852325439
618 8.064835548400879 32.65227890014648 -5.281445026397705
619 7.41932201385498 32.78394317626953 -4.921436786651611
620 -9.470673561096191 42.73177337646484 -9.970638275146484
621 -10.91175746917725 41.51745986938477 -9.431371688842773
622 -9.343481063842773 42.37195205688477 -8.313996315002441
623 -10.55538845062256 41.54292297363281 -10.56141090393066
624 -10.19068717956543 41.75458145141602 -10.81475734710693
625 -8.531229972839355 42.71694946289062 -10.38463687896729
626 -8.789639472961426 42.51456832885742 -8.470456123352051
627 -8.568151473999023 42.99846649169922 -9.951172828674316
628 11.04798221588135 19.86650657653809 -18.70121574401855
629 13.24465274810791 18.46407127380371 -16.69498252868652
630 13.98705863952637 17.51877784729004 -15.79076766967773
631 12.74772453308105 16.18511390686035 -16.20142555236816
632 12.42102241516113 15.6420259475708 -15.91971302032471
633 10.70685482025146 19.73829460144043 -18.75993728637695
634 11.70195579528809 20.72219085693359 -18.17792320251465
635 11.34383392333984 21.35132598876953 -18.62989807128906
636 -1.018656015396118 14.69464111328125 -10.61988830566406
637 -0.1829299926757812 14.48263454437256 -10.65612602233887
638 -0.6300280094146729 15.58530044555664 -8.823376655578613
639 -1.119088053703308 14.7509937286377 -11.60007190704346
640 -0.3577179908752441 14.16301345825195 -11.24537944793701
641 1.09158194065094 14.39043617248535 -10.17202281951904
642 -0.1358840018510818 14.89991474151611 -9.141353607177734
643 -11.53966617584229 31.00708961486816 -15.22459602355957
644 -11.49378967285156 31.5200080871582 -15.64776611328125
645 -9.356240272521973 32.16299819946289 -15.07142353057861
646 -10.96218299865723 30.99155235290527 -14.32970237731934
647 -10.90037059783936 30.13999557495117 -14.82446193695068
648 -12.08051300048828 30.52976989746094 -15.80861759185791
649 -12.07144927978516 31.18606758117676 -15.3125696182251
650 7.785582065582275 4.597578048706055 -29.73124313354492
651 9.754538536071777 4.959560871124268 -30.86324691772461
652 7.377884864807129 4.824915885925293 -28.39280891418457
653 9.752540588378906 4.935133934020996 -31.41168212890625
654 9.941372871398926 31.04319763183594 -10.27534675598145
655 9.445642471313477 29.19393348693848 -12.4160041809082
656 10.04395008087158 31.36501884460449 -12.59798526763916
657 9.194143295288086 30.56718635559082 -14.8603572845459
658 9.734729766845703 32.29579162597656 -14.50621128082275
659 10.74206256866455 30.99047660827637 -14.09741497039795
660 10.90886116027832 30.67598342895508 -13.1424388885498
661 10.00782585144043 31.75179100036621 -12.01902675628662
662 10.03803157806396 31.55184936523438 -11.88583564758301
663 -6.125288009643555 3.259993076324463 -6.566757202148438
664 15.83326244354248 19.30200576782227 -0.09812600165605545
665 15.46214199066162 19.78283309936523 -0.7283849716186523
666 15.11249446868896 18.52164077758789 -1.565461993217468
667 15.43805980682373 18.00724029541016 -1.699504017829895
668 15.02194595336914 18.396484375 -2.57805609703064
669 -5.663432121276855 7.043532848358154 -3.633333921432495
670 -6.297298908233643 6.266067981719971 -4.742239952087402
671 -5.703057765960693 6.537562847137451 -5.14698314666748
672 -4.812624931335449 7.406578063964844 -4.779644966125488
673 -6.013659000396729 5.903025150299072 -5.574903011322021
674 -4.540000915527344 6.589713096618652 -7.607985019683838
675 -4.716740131378174 7.550371170043945 -6.203680992126465
676 10.51379108428955 18.14567184448242 -4.957058906555176
677 9.38135814666748 17.70937919616699 -5.376928806304932
678 8.750153541564941 16.67385482788086 -5.679669857025146
679 7.877205848693848 17.13864517211914 -6.744115829467773
680 9.730578422546387 20.76215934753418 -6.917037010192871
681 8.165563583374023 19.65384674072266 -7.69853401184082
682 -19.78436851501465 30.82215118408203 -11.52359485626221
683 -18.9522590637207 31.55669784545898 -10.72503662109375
684 -19.06126594543457 31.81764602661133 -12.45794010162354
685 -19.76456069946289 30.42979049682617 -12.08066272735596
686 -18.2194652557373 32.26289367675781 -12.13252067565918
687 -18.02807426452637 32.40068817138672 -13.03232479095459
688 -18.22683143615723 32.10991287231445 -13.33679485321045
689 14.29291439056396 26.93606567382812 -9.740193367004395
690 14.86212635040283 25.63776588439941 -10.12903785705566
691 15.57020854949951 25.54411697387695 -9.24168872833252
692 16.10807609558105 24.71520805358887 -9.672865867614746
693 14.08392906188965 27.02282524108887 -10.22628974914551
694 14.67698097229004 25.90325164794922 -10.44399261474609
695 16.1203556060791 24.77151489257812 -11.05757808685303
696 -9.303943634033203 40.04818344116211 -6.672379016876221
697 -8.124626159667969 41.00290679931641 -6.618751049041748
698 -9.800209999084473 40.32074737548828 -6.834941864013672
699 -8.473926544189453 41.54404067993164 -6.817917823791504
700 -8.253277778625488 40.48993301391602 -6.418412208557129
701 -7.011929988861084 41.32004928588867 -6.943954944610596
702 -7.530326843261719 41.51483535766602 -7.005949020385742
703 16.32625007629395 24.16556549072266 -6.361311912536621
704 16.56225204467773 24.93111801147461 -6.467013835906982
705 16.38454055786133 24.91255950927734 -6.638477802276611
706 17.16121864318848 23.33257865905762 -6.378684997558594
707 0.6649799942970276 14.91301345825195 -27.96721458435059
708 -0.6474270224571228 17.89253807067871 -26.27784729003906
709 1.155246019363403 14.98331069946289 -27.98617553710938
710 0.07634799927473068 17.94231796264648 -26.39441108703613
711 1.333454012870789 15.32084178924561 -28.2524242401123
712 0.5777300000190735 16.5233154296875 -27.60481262207031
713 -21.59390449523926 22.68985176086426 -0.7850949764251709
714 -20.85256004333496 22.82383155822754 -0.599744975566864
715 -21.45467376708984 24.07233238220215 -1.106343984603882
716 -20.25588226318359 23.21743583679199 -0.8119320273399353
717 -22.49969100952148 23.69462585449219 -1.708003997802734
718 -21.42361259460449 24.60947608947754 -1.489835977554321
719 -20.71846389770508 24.6684398651123 -1.491968989372253
720 -1.498322010040283 12.09549236297607 -15.17251586914062
721 -0.974901020526886 12.87531280517578 -13.601731300354
722 -1.404014945030212 13.19645404815674 -14.1261625289917
723 -2.030747890472412 11.73346996307373 -16.35526466369629
724 -1.488785028457642 10.60845375061035 -17.31920433044434
725 -1.420138955116272 10.45924472808838 -16.80213165283203
726 -1.106106042861938 10.98715877532959 -15.68853378295898
727 -5.514563083648682 3.832190036773682 -15.5053186416626
728 -6.235281944274902 4.588718891143799 -15.98726654052734
729 -5.748919010162354 5.357851982116699 -15.6659517288208
730 -5.598473072052002 2.088568925857544 -16.54199981689453
731 -7.069075107574463 6.091355800628662 -15.99403953552246
732 -7.721824169158936 4.956212997436523 -16.23645401000977
733 -6.574483871459961 2.725219011306763 -16.82190704345703
734 13.76478290557861 39.95457077026367 -14.00040912628174
735 13.80436229705811 39.43278503417969 -14.01252937316895
736 12.72100639343262 40.11700439453125 -14.62814140319824
737 13.5541296005249 39.62514114379883 -14.82332897186279
738 13.11964130401611 39.8203239440918 -15.10691070556641
739 12.58554172515869 40.58505249023438 -15.54410076141357
740 13.03014278411865 41.21912384033203 -13.88612079620361
741 11.75790119171143 41.32748031616211 -14.51469230651855
742 12.27793025970459 41.09606552124023 -15.42569065093994
743 -21.219970703125 21.09967422485352 -8.480295181274414
744 -19.2166576385498 21.92302131652832 -9.698698997497559
745 -20.59274291992188 21.29283714294434 -7.850137233734131
746 -21.53200721740723 21.40414428710938 -9.112051010131836
747 -19.12643241882324 21.79581069946289 -9.207040786743164
748 -19.9381160736084 22.26623344421387 -10.08304214477539
749 -18.76795196533203 22.55562782287598 -9.799920082092285
750 7.364498138427734 31.40930938720703 -4.645873069763184
751 8.34974193572998 42.45058059692383 -7.188736915588379
752 8.514777183532715 40.98342895507812 -5.698155879974365
753 8.184752464294434 41.40315628051758 -6.810247898101807
754 9.510390281677246 45.62452697753906 -6.460239887237549
755 8.777514457702637 40.80410385131836 -7.414511203765869
756 9.17112922668457 42.92842102050781 -8.314440727233887
757 8.53884220123291 44.9964485168457 -7.889139175415039
758 8.603938102722168 45.53125762939453 -7.719705104827881
759 9.08890438079834 43.49032592773438 -8.656966209411621
760 -20.62713050842285 17.12720680236816 -5.237570762634277
761 -21.89448165893555 17.6131649017334 -5.742191791534424
762 -20.56419372558594 16.96824073791504 -6.36176586151123
763 -21.71676635742188 18.38463592529297 -4.569160938262939
764 -21.49793434143066 17.59751892089844 -6.855782032012939
765 -22.35044479370117 18.79873847961426 -7.6282057762146
766 -23.10964202880859 19.14187049865723 -6.332693099975586
767 -23.05318641662598 19.41995048522949 -5.786968231201172
768 -21.29121589660645 25.04505920410156 -8.835842132568359
769 -20.419921875 25.69985008239746 -7.536045074462891
770 -20.23817825317383 26.33752632141113 -8.911883354187012
771 -20.88123512268066 24.6641845703125 -8.25819206237793
772 -19.5687084197998 26.35965919494629 -7.376964092254639
773 -19.88345718383789 26.00628280639648 -7.136563777923584
774 -19.80978584289551 25.15781021118164 -7.365405082702637
775 -20.13319778442383 25.15758323669434 -7.518846988677979
776 1.205639004707336 47.27620697021484 2.620614051818848
777 1.138797998428345 47.47663497924805 2.924593925476074
778 1.933851957321167 46.31904220581055 3.806366920471191
779 1.736742973327637 45.86967849731445 5.178230762481689
780 0.5135759711265564 47.55289077758789 3.366051912307739
781 11.35436630249023 38.98401641845703 -8.335188865661621
782 10.4914379119873 38.36488723754883 -7.579165935516357
783 11.62484359741211 38.42214965820312 -8.11722469329834
784 11.01820182800293 37.75386428833008 -7.632366180419922
785 10.07048797607422 38.4986572265625 -7.43138599395752
786 9.764957427978516 37.53588104248047 -7.858924865722656
787 10.26283645629883 37.48014068603516 -7.560902118682861
788 -4.685393810272217 7.820178985595703 -6.423980236053467
789 -3.537903070449829 8.720250129699707 -8.391653060913086
790 -3.715342998504639 9.391656875610352 -7.998047828674316
791 -4.046226978302002 8.382682800292969 -6.155305862426758
792 -4.442282199859619 8.403526306152344 -5.28478479385376
793 -11.38907432556152 4.797023773193359 -14.15101718902588
794 -12.33795642852783 3.694581985473633 -12.33897590637207
795 -12.00822353363037 4.25665283203125 -12.31720733642578
796 -12.45867156982422 3.005017995834351 -12.75597381591797
797 -11.59335517883301 5.400637149810791 -13.93593502044678
798 -10.82794380187988 5.713763236999512 -14.67597770690918
799 -11.94804668426514 5.42472505569458 -12.92470455169678
800 -11.61836433410645 3.741698026657104 -14.28347587585449
801 -11.03843212127686 4.461116790771484 -14.53076934814453
802 -10.47847270965576 5.272548198699951 -14.91700553894043
803 16.67806625366211 18.90787887573242 -0.1907380074262619
804 17.37651252746582 18.98055076599121 0.1445720046758652
805 16.239990234375 19.94249534606934 0.7511129975318909
806 15.28667736053467 19.75114059448242 -0.1343259960412979
807 6.409838199615479 28.85117340087891 -5.057074069976807
808 5.77702808380127 29.1247615814209 -4.89278507232666
809 5.574720859527588 28.32314109802246 -6.057326793670654
810 6.238227844238281 28.27294158935547 -5.959362983703613
811 7.283174991607666 28.93469429016113 -5.763402938842773
812 1.462913990020752 13.50418186187744 -29.59306907653809
813 0.313645988702774 13.70882320404053 -28.60752487182617
814 0.04895799979567528 14.31097888946533 -27.75955009460449
815 0.2543030083179474 13.02953433990479 -28.58938407897949
816 -0.1390859931707382 13.83542919158936 -27.41464424133301
817 15.75588607788086 28.01354789733887 -15.53878211975098
818 15.15177154541016 27.88866996765137 -14.73756790161133
819 15.61180877685547 28.0881233215332 -16.13885879516602
820 16.28436279296875 28.29859924316406 -15.93610382080078
821 -17.75452041625977 27.76618766784668 -6.062119007110596
822 -18.74367141723633 27.16373443603516 -4.699216842651367
823 -18.14657783508301 26.98893165588379 -4.317880153656006
824 -16.98072814941406 27.37813186645508 -5.820427894592285
825 -17.7884578704834 26.7887020111084 -4.383010864257812
826 -18.48124885559082 26.5439453125 -4.247118949890137
827 -6.676487922668457 0.2643249928951263 -8.796158790588379
828 -6.45102596282959 0.4977209866046906 -11.30130577087402
829 -9.139337539672852 0.4435969889163971 -11.47764873504639
830 -6.412930011749268 0.6712849736213684 -11.8461799621582
831 -5.952267169952393 0.8431980013847351 -11.73924922943115
832 -9.10221004486084 0.6529899835586548 -12.29701709747314
833 -9.219922065734863 11.42643547058105 -13.06934833526611
834 -9.617067337036133 11.45228862762451 -10.9874267578125
835 -9.056745529174805 11.39237213134766 -10.75375080108643
836 -8.745510101318359 11.19182014465332 -12.97506046295166
837 -9.604831695556641 10.86048984527588 -14.36853408813477
838 -10.73597621917725 11.39244747161865 -12.49610328674316
839 -8.786932945251465 10.22415447235107 -14.66045379638672
840 -7.967734813690186 36.03079605102539 -5.892323017120361
841 -8.425317764282227 35.03825378417969 -5.738444805145264
842 -7.801010131835938 0.9987679719924927 -4.520068168640137
843 -9.162258148193359 0.2974869906902313 -1.817788004875183
844 -8.013713836669922 0.5652089715003967 -4.583969116210938
845 -9.055873870849609 0.4161399900913239 -4.778972148895264
846 -9.472053527832031 0.4500580132007599 -2.345812082290649
847 -9.305600166320801 1.610012054443359 -2.720412969589233
848 -8.727109909057617 1.140357971191406 -2.51140308380127
849 7.307141780853271 40.90525436401367 2.264425992965698
850 7.462587833404541 42.20781707763672 2.987190008163452
851 7.120813846588135 40.81546783447266 3.355253934860229
852 7.519245147705078 41.58291244506836 3.460623025894165
853 6.924275875091553 40.94028472900391 3.780517101287842
854 7.01445198059082 41.92874526977539 4.202549934387207
855 -9.200274467468262 39.21614837646484 -15.1801061630249
856 -10.04460430145264 38.30104827880859 -16.04522705078125
857 -9.636838912963867 39.6696891784668 -15.16589069366455
858 -9.536639213562012 39.87942123413086 -14.63771915435791
859 -9.137229919433594 39.31625366210938 -14.73904609680176
860 -8.543935775756836 39.08932876586914 -14.98258209228516
861 17.57527542114258 1.340693950653076 -6.490102767944336
862 17.80055809020996 1.056740045547485 -3.843038082122803
863 17.54412651062012 0.5324749946594238 -6.339407920837402
864 17.28219223022461 2.309539079666138 -6.360406875610352
865 17.8453369140625 0.096499003469944 -3.491316080093384
866 17.50152206420898 0.3026210069656372 -3.529149055480957
867 17.17368507385254 2.356666088104248 -5.007186889648438
868 -7.09134578704834 24.43143081665039 -14.85420989990234
869 -7.733417987823486 23.89916038513184 -12.17844390869141
870 -7.031508922576904 24.12498474121094 -13.06720733642578
871 -6.983730792999268 25.92239761352539 -15.08741474151611
872 -8.77845573425293 22.69412231445312 -10.09518527984619
873 -9.410162925720215 21.81317520141602 -12.955322265625
874 -7.38246488571167 23.73234748840332 -16.24221420288086
875 -6.941835880279541 24.20417022705078 -15.80183696746826
876 -5.862152099609375 8.059828758239746 -15.50064086914062
877 -5.846161842346191 6.452709197998047 -15.69402313232422
878 -5.219161033630371 8.569937705993652 -15.23031997680664
879 -5.625335216522217 5.824368000030518 -15.29878997802734
880 17.71618843078613 24.10691261291504 -10.2866096496582
881 18.95396614074707 24.23313331604004 -11.1286678314209
882 19.06855773925781 23.82915115356445 -10.43839263916016
883 18.82077026367188 24.29790687561035 -11.86910629272461
884 19.53275108337402 24.78951644897461 -11.61506080627441
885 19.76272583007812 24.33718490600586 -11.14457607269287
886 7.676154136657715 42.84065246582031 3.556685924530029
887 7.620231151580811 42.36818695068359 3.659248113632202
888 7.676526069641113 42.45278930664062 2.533101081848145
889 7.825974941253662 42.67236328125 1.887344002723694
890 8.396736145019531 42.33248519897461 1.738610029220581
891 13.70583820343018 18.4703197479248 -16.00242614746094
892 14.15622234344482 17.59772872924805 -15.08037853240967
893 14.39955234527588 18.27119827270508 -15.18749332427979
894 -2.76270604133606 47.99909973144531 -9.36113452911377
895 -2.869379043579102 50.19091415405273 -11.56547164916992
896 -2.683725118637085 48.23905944824219 -11.25516700744629
897 -3.092555046081543 47.58932113647461 -11.03722667694092
898 -2.847553014755249 50.49512100219727 -9.966253280639648
899 -2.968769073486328 47.150634765625 -8.617260932922363
900 -2.889132976531982 48.3712272644043 -8.504682540893555
901 8.637933731079102 37.72606658935547 -16.48247337341309
902 9.071172714233398 38.94618988037109 -16.2866268157959
903 9.040939331054688 36.63010787963867 -15.51212978363037
904 8.820549964904785 39.09056091308594 -16.43847274780273
905 9.183777809143066 36.40792083740234 -15.6320743560791
906 8.556108474731445 36.71581268310547 -17.72208976745605
907 8.50995922088623 37.41538619995117 -17.14382362365723
908 -12.94421577453613 35.74321365356445 -10.89509391784668
909 -12.45258331298828 36.2332878112793 -10.52132987976074
910 -12.84148979187012 36.68320465087891 -11.35032653808594
911 -13.03852653503418 37.63667297363281 -11.73206233978271
912 -13.29849338531494 37.18182373046875 -12.00023746490479
913 7.817460060119629 0.5232610106468201 -10.92623996734619
914 7.341306209564209 0.9794710278511047 -10.52843189239502
915 7.709934234619141 0.8591970205307007 -11.27782535552979
916 7.715720176696777 2.416244029998779 -11.13187599182129
917 8.53060245513916 0.7577769756317139 -11.31756496429443
918 7.697919845581055 0.5545279979705811 -11.88295269012451
919 7.309690952301025 1.309450030326843 -12.00996208190918
920 10.09425258636475 39.85628509521484 -8.41904354095459
921 10.0639820098877 39.55978775024414 -7.940751075744629
922 9.190628051757812 39.32179260253906 -7.809342861175537
923 11.19122791290283 30.72451019287109 -13.73740768432617
924 11.19911193847656 30.59945869445801 -12.72297859191895
925 11.99563694000244 30.51977920532227 -11.64199924468994
926 12.34852027893066 30.21724128723145 -12.00567722320557
927 21.34313011169434 18.05037307739258 -0.5465189814567566
928 21.52728843688965 17.42400360107422 -1.327144980430603
929 22.59344863891602 18.92695617675781 -1.028661012649536
930 20.57760047912598 18.91538429260254 0.08709000051021576
931 6.065231800079346 16.21796035766602 -9.350808143615723
932 5.733997821807861 15.18527984619141 -10.78617000579834
933 6.417401790618896 16.25785255432129 -9.309567451477051
934 6.024164199829102 14.78203678131104 -9.714017868041992
935 6.112799167633057 14.29483795166016 -10.04635143280029
936 5.178340911865234 14.98022079467773 -10.73471260070801
937 11.30665111541748 18.78451919555664 -5.121269226074219
938 10.69850254058838 19.1960391998291 -5.717315196990967
939 9.967977523803711 21.78623580932617 -7.779084205627441
940 -10.64641857147217 31.00278854370117 -8.50371265411377
941 -10.62773036956787 31.23905563354492 -7.966619968414307
942 -11.5833625793457 32.36967468261719 -7.444786071777344
943 -9.776228904724121 32.76638031005859 -6.690402030944824
944 -9.166631698608398 32.8543815612793 -6.890973091125488
945 14.51056575775146 12.0352144241333 -4.126395225524902
946 14.27070236206055 10.68771076202393 -2.779500007629395
947 14.75538921356201 10.17884254455566 -3.379545927047729
948 14.09735679626465 12.09939956665039 -3.587508916854858
949 14.4801082611084 9.920163154602051 -3.090496063232422
950 13.41398620605469 12.1418571472168 -3.118366956710815
951 13.32323455810547 10.29881191253662 -2.102592945098877
952 5.916071891784668 45.30605316162109 -17.1481819152832
953 6.098350048065186 47.41855239868164 -18.30986595153809
954 6.67685604095459 47.85629653930664 -19.62960243225098
955 6.463136196136475 48.44466781616211 -16.3567008972168
956 5.482845783233643 46.22404861450195 -16.87120628356934
957 15.09054183959961 16.86205863952637 -7.81855297088623
958 14.40250110626221 17.44773101806641 -6.04289722442627
959 15.09463405609131 16.21125793457031 -7.958382129669189
960 14.41438007354736 18.28277206420898 -6.48515796661377
961 13.58584499359131 21.62401962280273 -9.67496395111084
962 14.1136360168457 20.22926330566406 -11.33285903930664
963 10.49144840240479 9.513849258422852 -30.95837783813477
964 9.935281753540039 10.10603141784668 -29.62825393676758
965 10.48663806915283 8.934548377990723 -31.12670135498047
966 10.62173175811768 9.038835525512695 -31.94737434387207
967 10.63076496124268 8.141698837280273 -30.13629341125488
968 10.78629016876221 7.543673992156982 -31.73489761352539
969 10.27397727966309 9.21851921081543 -28.48616027832031
970 10.49491024017334 8.22791576385498 -32.05654907226562
971 10.1010046005249 10.28297233581543 -28.33962059020996
972 11.15576076507568 5.571188926696777 -5.66197681427002
973 11.07924175262451 4.682474136352539 -7.039237022399902
974 11.70231819152832 4.915502071380615 -5.904507160186768
975 12.12196063995361 4.650126934051514 -6.601737022399902
976 13.6045093536377 4.946410179138184 -6.236083030700684
977 12.61788463592529 5.385461807250977 -5.525544166564941
978 10.31802272796631 23.36237525939941 -9.407071113586426
979 -11.08917045593262 0.6595929861068726 -13.47185325622559
980 -10.5550012588501 0.311354011297226 -13.00075340270996
981 -11.35395431518555 0.7372530102729797 -12.38868141174316
982 -10.19579792022705 0.4023280143737793 -14.42334461212158
983 -11.81571388244629 0.649465024471283 -12.42895698547363
984 -11.79093742370605 0.5232419967651367 -13.14330101013184
985 -10.55593299865723 0.8878059983253479 -14.68163299560547
986 8.346416473388672 8.620951652526855 -5.607224941253662
987 8.734548568725586 8.063418388366699 -5.594035148620605
988 8.040648460388184 9.374988555908203 -7.960353851318359
989 6.726126194000244 36.08820343017578 -4.234179973602295
990 7.616881847381592 36.92191696166992 -5.452031135559082
991 6.571018218994141 36.73761367797852 -3.881088972091675
992 5.466189861297607 36.34975814819336 -3.278933048248291
993 7.106531143188477 35.50788497924805 -4.198897838592529
994 6.945583820343018 35.85997772216797 -3.695385932922363
995 7.809337139129639 35.77214813232422 -4.758111000061035
996 4.426249980926514 36.05785751342773 -2.312244892120361
997 3.880971908569336 35.79850769042969 -2.469068050384521
998 3.708846092224121 34.8905143737793 -2.512463092803955
999 4.466660976409912 35.10629653930664 -2.303189992904663
1000 1.569139957427979 34.98018646240234 -2.020508050918579
1001 3.655077934265137 34.13702774047852 -2.309853076934814
1002 5.560633182525635 34.07238388061523 -3.001653909683228
1003 3.320569038391113 35.36851119995117 -2.000745058059692
1004 5.630862236022949 34.60736846923828 -3.182729959487915
1005 7.944101810455322 26.3450984954834 -20.11727714538574
1006 9.367214202880859 25.99961090087891 -18.76471900939941
1007 8.281091690063477 24.46048545837402 -20.98752403259277
1008 8.839866638183594 26.7137279510498 -19.26774787902832
1009 9.490398406982422 25.36576843261719 -18.42547035217285
1010 9.905697822570801 26.12671089172363 -18.22170448303223
1011 9.647204399108887 23.46321105957031 -19.49151611328125
1012 9.536351203918457 24.03415298461914 -19.65150451660156
1013 9.02649974822998 27.24867057800293 -18.67150688171387
1014 8.491881370544434 27.15352058410645 -18.86493492126465
1015 8.44755744934082 42.80831527709961 -16.36363220214844
1016 8.059758186340332 43.30214691162109 -16.37302017211914
1017 8.582259178161621 42.75468063354492 -15.88024711608887
1018 7.895411968231201 43.24443435668945 -16.89581489562988
1019 8.647944450378418 43.26799774169922 -15.95492744445801
1020 8.119878768920898 44.58575439453125 -15.58853530883789
1021 8.330155372619629 44.29257965087891 -15.07011985778809
1022 -17.24501037597656 18.39649391174316 -12.37621307373047
1023 -20.12903022766113 19.5445556640625 -13.14065647125244
1024 -19.91865539550781 20.05747985839844 -12.43413352966309
1025 -17.60340881347656 17.7996654510498 -12.9900598526001
1026 -19.8451042175293 20.41170501708984 -10.98211479187012
1027 8.76978874206543 15.11739826202393 -25.20547485351562
1028 8.192110061645508 15.57739734649658 -26.03027153015137
1029 8.153949737548828 17.39405822753906 -24.98873901367188
1030 8.984401702880859 14.49451732635498 -26.65457534790039
1031 7.389039993286133 16.56770324707031 -26.73555374145508
1032 8.264594078063965 14.89945316314697 -26.7777214050293
1033 -2.013624906539917 42.46160888671875 6.204065799713135
1034 -2.403794050216675 41.26601028442383 5.950671195983887
1035 -1.753612995147705 41.36851119995117 6.594746112823486
1036 -1.642459988594055 41.48587036132812 7.290641784667969
1037 -2.417182922363281 41.52169799804688 5.353158950805664
1038 -2.657701969146729 41.22948837280273 3.884896993637085
1039 -2.400474071502686 40.93855285644531 6.351486206054688
1040 9.144302368164062 13.51684761047363 -25.69637298583984
1041 8.960736274719238 13.8379955291748 -26.62146949768066
1042 9.281547546386719 14.26500988006592 -25.5682201385498
1043 9.039929389953613 14.10487747192383 -25.05792236328125
1044 9.63551139831543 13.32125091552734 -26.194580078125
1045 9.68559741973877 12.70144653320312 -25.82619857788086
1046 9.553890228271484 13.41069507598877 -25.24907493591309
1047 15.46103954315186 32.21443557739258 -10.96535205841064
1048 16.85345458984375 32.79339218139648 -10.69011878967285
1049 15.6054859161377 32.41714477539062 -11.29347038269043
1050 17.32541847229004 32.65782165527344 -12.0421667098999
1051 14.97736167907715 33.40703201293945 -10.17031574249268
1052 16.04565620422363 33.12507247924805 -11.36301803588867
1053 15.98187732696533 32.89562225341797 -11.7877779006958
1054 15.64361953735352 32.39129257202148 -11.7810640335083
1055 15.95943260192871 32.32017135620117 -11.75778198242188
1056 -10.24774742126465 39.71124267578125 -6.769044876098633
1057 -10.92385864257812 40.73850250244141 -8.108118057250977
1058 -10.29537868499756 41.40366744995117 -7.649500846862793
1059 11.90258884429932 36.71147155761719 -18.51106834411621
1060 11.11690998077393 36.62726211547852 -18.22950744628906
1061 11.88687610626221 37.71291732788086 -18.42654418945312
1062 10.01075458526611 37.3219108581543 -17.15856742858887
1063 10.60115337371826 35.09189605712891 -17.80669021606445
1064 10.38148212432861 35.02706527709961 -17.52964210510254
1065 -7.394330978393555 0.6308850049972534 -4.666162014007568
1066 -8.127813339233398 0.1890649944543839 -4.775002002716064
1067 -17.23518753051758 21.83684730529785 -0.7249799966812134
1068 -18.63250923156738 23.02578353881836 -0.4285599887371063
1069 -18.25922203063965 22.4567813873291 -0.7095900177955627
1070 4.75531005859375 41.16852569580078 10.06255626678467
1071 4.281254768371582 40.59456253051758 10.59970569610596
1072 5.217107772827148 41.28441619873047 9.176024436950684
1073 5.848898887634277 41.58491897583008 8.58961009979248
1074 5.002861022949219 41.69010162353516 10.28203678131104
1075 5.512540817260742 41.96613693237305 9.736867904663086
1076 3.745843887329102 40.98149490356445 10.80121612548828
1077 23.10534858703613 24.64306259155273 -8.558292388916016
1078 22.87473297119141 24.3492603302002 -7.98655891418457
1079 22.29296112060547 24.11167526245117 -8.314868927001953
1080 22.45446968078613 24.67630386352539 -9.364532470703125
1081 22.93778419494629 25.7099666595459 -8.851753234863281
1082 22.65789604187012 25.18768119812012 -9.483237266540527
1083 8.185244560241699 41.40605163574219 -17.29424858093262
1084 7.985801219940186 42.80829620361328 -17.24006843566895
1085 -5.767486095428467 23.80878829956055 -19.31796836853027
1086 -7.196184158325195 22.8128719329834 -18.3048267364502
1087 -6.355066776275635 23.67257499694824 -18.88192367553711
1088 -6.224177837371826 24.58455467224121 -17.70061492919922
1089 15.6761646270752 15.14408874511719 -11.72458839416504
1090 14.9525032043457 19.00884819030762 -12.71325302124023
1091 16.05285263061523 14.78967666625977 -10.3526668548584
1092 15.60709476470947 13.90569305419922 -11.12166500091553
1093 14.64999580383301 17.67823028564453 -14.63522815704346
1094 14.8500919342041 15.96901035308838 -13.37728881835938
1095 -3.514059066772461 26.84280586242676 -20.43166160583496
1096 -4.050504207611084 27.02006721496582 -19.49344635009766
1097 -4.108445167541504 27.19805335998535 -19.10813522338867
1098 -4.333282947540283 29.56082153320312 -17.73631286621094
1099 -19.98265075683594 30.06079292297363 -11.5852632522583
1100 -20.33445739746094 28.50982666015625 -9.785253524780273
1101 -20.1110668182373 29.8723258972168 -10.66096305847168
1102 -20.36111450195312 29.17040061950684 -11.17266941070557
1103 -20.23288917541504 28.96511459350586 -12.85764026641846
1104 -19.91596412658691 29.65160179138184 -13.29549598693848
1105 -19.84950637817383 30.19610977172852 -10.58160018920898
1106 22.0439624786377 30.08069229125977 -12.35869121551514
1107 21.85328102111816 30.55368804931641 -11.0470027923584
1108 22.23955726623535 30.03833770751953 -11.5546760559082
1109 21.69633674621582 30.03207588195801 -9.238719940185547
1110 22.25345802307129 28.81255149841309 -9.787153244018555
1111 22.08955001831055 29.35982322692871 -9.224782943725586
1112 17.0045280456543 2.294960021972656 -11.42364501953125
1113 16.45477104187012 2.43717098236084 -12.2530403137207
1114 17.10349273681641 2.808803081512451 -11.67402935028076
1115 16.68637466430664 3.469650983810425 -12.26476287841797
1116 16.99040985107422 3.085447072982788 -10.33444309234619
1117 16.84187507629395 3.722816944122314 -11.90222644805908
1118 5.823729991912842 8.060176849365234 -35.22594833374023
1119 5.831301212310791 7.522580146789551 -35.9255256652832
1120 5.661962985992432 7.200233936309814 -35.75558853149414
1121 6.187430858612061 8.026748657226562 -35.83135604858398
1122 6.943274021148682 6.947389125823975 -37.40196228027344
1123 8.03508186340332 1.02728796005249 -6.423237800598145
1124 7.803268909454346 1.336184978485107 -5.667122840881348
1125 8.554576873779297 2.73861289024353 -6.545466899871826
1126 7.857306957244873 0.7983880043029785 -5.182466983795166
1127 8.160749435424805 2.429558038711548 -5.286426067352295
1128 15.00099658966064 37.81363296508789 -18.04928970336914
1129 13.94464492797852 38.07952880859375 -18.19154930114746
1130 15.87058353424072 37.99196624755859 -16.81609916687012
1131 14.60035133361816 38.79937362670898 -17.41110992431641
1132 12.66886806488037 38.26540756225586 -18.3860034942627
1133 12.58844089508057 39.2950553894043 -17.71230506896973
1134 13.15435695648193 37.47502136230469 -18.65361213684082
1135 14.93215274810791 36.74497985839844 -18.60206985473633
1136 12.68007183074951 37.5255241394043 -18.40915489196777
1137 -0.235386997461319 49.42292785644531 -11.92598247528076
1138 1.09325897693634 49.22909927368164 -9.903759956359863
1139 1.026955008506775 48.97463607788086 -12.2995080947876
1140 -0.5055789947509766 48.53433990478516 -14.35919380187988
1141 -0.9087920188903809 49.36547470092773 -11.69420623779297
1142 7.499750137329102 3.061538934707642 -35.03910446166992
1143 8.768581390380859 3.033121109008789 -35.25794982910156
1144 8.038147926330566 3.10381007194519 -36.30324935913086
1145 9.03157901763916 3.057382106781006 -34.48523330688477
1146 9.785683631896973 3.472364902496338 -35.06182479858398
1147 9.915163040161133 3.125128984451294 -36.79631423950195
1148 9.533870697021484 3.005100965499878 -37.94953155517578
1149 8.95438289642334 13.48795223236084 -31.55139923095703
1150 8.951650619506836 15.23964881896973 -30.03688812255859
1151 -7.88255500793457 34.43786239624023 -6.17716121673584
1152 -7.281210899353027 33.44084167480469 -7.131074905395508
1153 -7.180924892425537 35.38439178466797 -6.556643009185791
1154 -8.553830146789551 32.83435440063477 -6.787233829498291
1155 -6.901937961578369 32.24393844604492 -8.652756690979004
1156 -6.639304161071777 34.4027214050293 -7.501965045928955
1157 7.849414825439453 28.69635581970215 -7.114881038665771
1158 7.039803028106689 28.2384147644043 -7.241816997528076
1159 -1.432122945785522 24.73906898498535 -4.430984020233154
1160 -1.607768058776855 25.21554565429688 -4.846786022186279
1161 -1.630426049232483 24.29573822021484 -4.901183128356934
1162 0.5639820098876953 24.5804386138916 -4.289630889892578
1163 -0.8864849805831909 27.1419677734375 -4.882617950439453
1164 0.01589399948716164 24.99123573303223 -4.051521778106689
1165 -1.79193103313446 27.99585342407227 -21.28025245666504
1166 -1.870195984840393 28.60288429260254 -22.7999439239502
1167 -1.165516972541809 27.16380500793457 -21.99201393127441
1168 -1.865187048912048 26.5601692199707 -21.64241409301758
1169 -2.683238983154297 30.88990592956543 -19.8126220703125
1170 -1.980798006057739 30.98380470275879 -20.55491828918457
1171 -2.485199928283691 27.38339042663574 -20.65264129638672
1172 15.34048461914062 9.944534301757812 -14.21976852416992
1173 13.72163009643555 10.47155857086182 -14.75350570678711
1174 14.67251014709473 11.07230567932129 -13.65622329711914
1175 13.4681453704834 10.0131311416626 -15.04139709472656
1176 14.83872413635254 9.58879280090332 -14.60641002655029
1177 15.64556407928467 10.0435962677002 -13.256911277771
1178 15.48140144348145 10.73416137695312 -13.22873115539551
1179 16.22259712219238 10.49203586578369 -8.989946365356445
1180 15.74891471862793 13.50463962554932 -10.954421043396
1181 16.19841194152832 12.03148365020752 -9.012337684631348
1182 15.68309593200684 10.6152286529541 -9.84342098236084
1183 -14.69010734558105 32.10277938842773 -8.032034873962402
1184 -15.56021118164062 31.05936050415039 -7.095554828643799
1185 -14.13383197784424 30.97054672241211 -7.165102005004883
1186 -13.86880683898926 32.03068923950195 -8.469766616821289
1187 -15.29658603668213 31.89234352111816 -8.052060127258301
1188 -15.09402084350586 32.27489852905273 -8.811077117919922
1189 0.6572669744491577 48.21854782104492 1.752123951911926
1190 -1.096634984016418 49.05778503417969 0.8535760045051575
1191 -0.5867429971694946 49.02760314941406 1.968389987945557
1192 -0.9489089846611023 48.72254180908203 0.5517160296440125
1193 -2.299463987350464 49.31562423706055 1.940683007240295
1194 -2.181432008743286 49.0385627746582 0.5873609781265259
1195 -19.23788642883301 25.11769676208496 -10.97156524658203
1196 -20.08929061889648 26.14160346984863 -11.10511779785156
1197 -19.28485870361328 26.36788558959961 -12.21162986755371
1198 -18.63710784912109 26.01611328125 -12.10895156860352
1199 -20.0746898651123 26.97253608703613 -11.66183567047119
1200 -18.75583648681641 27.13070297241211 -13.80378723144531
1201 -19.18900871276855 27.11410903930664 -13.62729454040527
1202 9.849417686462402 10.62759017944336 -29.61427116394043
1203 9.564741134643555 10.79504680633545 -30.56013679504395
1204 9.494684219360352 11.08509063720703 -29.4166088104248
1205 9.532427787780762 11.81585121154785 -29.77884483337402
1206 10.01949691772461 10.57713222503662 -30.48571395874023
1207 9.929806709289551 9.754754066467285 -32.98367309570312
1208 9.28142261505127 11.49764919281006 -31.10892486572266
1209 10.05878162384033 8.921474456787109 -32.83345031738281
1210 -12.32874298095703 38.75950241088867 -11.73050498962402
1211 -11.62971496582031 39.81398010253906 -12.63543796539307
1212 -13.18149852752686 38.63763427734375 -13.06666946411133
1213 -13.30749320983887 37.81813049316406 -12.26194667816162
1214 -13.30016422271729 38.32358551025391 -13.75840854644775
1215 -13.20252990722656 31.56668472290039 -8.675502777099609
1216 -14.11212253570557 30.5820198059082 -7.136830806732178
1217 -14.47628688812256 30.25869178771973 -7.031300067901611
1218 -12.81826877593994 31.23213958740234 -8.270082473754883
1219 -13.50916767120361 29.35795021057129 -7.01286792755127
1220 3.210314035415649 43.21739196777344 11.133620262146
1221 2.158777952194214 42.29872894287109 11.30941963195801
1222 4.135684967041016 42.57837677001953 11.05856513977051
1223 4.2849440574646 43.15140151977539 10.9155330657959
1224 2.852440118789673 41.01900482177734 11.2938985824585
1225 3.660856962203979 41.25422286987305 11.00747680664062
1226 5.008108139038086 43.23772811889648 10.41446971893311
1227 -20.28869247436523 18.30549430847168 -9.42060375213623
1228 -21.09567451477051 18.39291954040527 -10.10520362854004
1229 -20.78969955444336 17.52261924743652 -9.326449394226074
1230 -20.53822135925293 18.91296577453613 -10.46324062347412
1231 -21.50104331970215 17.52771377563477 -10.29628467559814
1232 -21.10343551635742 18.37026214599609 -11.56877613067627
1233 7.467978000640869 34.6717643737793 -4.454030990600586
1234 7.177861213684082 34.67646026611328 -3.837327003479004
1235 7.117149829864502 34.21669769287109 -4.47585391998291
1236 6.061226844787598 34.86644744873047 -2.951695919036865
1237 6.787653923034668 35.34628677368164 -3.22856593132019
1238 4.682244777679443 50.63816070556641 -2.941402912139893
1239 6.081355094909668 50.67624282836914 -3.758755922317505
1240 4.481406211853027 50.6148681640625 -4.672684192657471
1241 4.264484882354736 50.49234008789062 -3.149075031280518
1242 -5.521296977996826 0.793658971786499 -14.9545783996582
1243 -5.107523918151855 0.9171310067176819 -15.63064098358154
1244 -4.262779235839844 0.7897260189056396 -14.70142841339111
1245 -3.825476884841919 1.357337951660156 -14.68261623382568
1246 -4.798411846160889 0.7733110189437866 -14.38401222229004
1247 -3.90720009803772 1.252156019210815 -14.08684635162354
1248 9.286376953125 38.14224243164062 -15.37830352783203
1249 9.352076530456543 38.8735466003418 -16.39713287353516
1250 -2.352942943572998 34.00747299194336 -3.412240982055664
1251 -2.927162885665894 34.52282333374023 -3.333827018737793
1252 -2.351290941238403 33.61410522460938 -3.392973899841309
1253 -3.83161997795105 35.08620452880859 -4.623283863067627
1254 -2.318902015686035 35.41057205200195 -3.009859085083008
1255 -3.420011043548584 36.13991928100586 -3.979146957397461
1256 -19.86900329589844 16.90518951416016 -5.459259986877441
1257 -19.68647003173828 17.97169303894043 -4.092958927154541
1258 14.08670330047607 17.52263832092285 -5.786265850067139
1259 14.56206798553467 17.11421966552734 -5.717264175415039
1260 15.26614284515381 16.15570068359375 -7.449449062347412
1261 22.40115737915039 28.50384330749512 -13.41061687469482
1262 22.06649017333984 28.62146377563477 -13.95084571838379
1263 22.35489654541016 29.81021881103516 -12.64380264282227
1264 22.29260444641113 27.67390632629395 -13.44390296936035
1265 22.66576766967773 27.56400108337402 -10.83692073822021
1266 22.36253547668457 27.15483474731445 -11.05324268341064
1267 -14.63193130493164 36.15094757080078 -14.29930782318115
1268 -14.67490100860596 35.44089508056641 -13.07247924804688
1269 -14.16896343231201 35.85104751586914 -12.76351070404053
1270 -14.28971862792969 36.43448257446289 -12.77403163909912
1271 -14.87021064758301 35.83875274658203 -14.49339485168457
1272 -14.28191757202148 36.84653472900391 -15.44568920135498
1273 -14.99928855895996 35.44694519042969 -14.02025508880615
1274 -14.50177955627441 36.88642501831055 -14.56982326507568
1275 -14.56679534912109 36.62821578979492 -13.89567947387695
1276 16.70625495910645 11.06128597259521 -7.503712177276611
1277 16.33120536804199 12.87885093688965 -8.215417861938477
1278 15.68849658966064 15.24680519104004 -8.035513877868652
1279 16.22042465209961 13.90919876098633 -10.14467334747314
1280 -3.248509883880615 0.7642409801483154 -9.232619285583496
1281 5.309304237365723 17.1729564666748 -26.95989799499512
1282 2.329412937164307 20.32818603515625 -26.33780860900879
1283 3.835728883743286 22.45344352722168 -24.17988204956055
1284 3.658942937850952 16.66215515136719 -28.45235252380371
1285 1.100523948669434 22.52055358886719 -24.90987014770508
1286 2.331382989883423 18.6697826385498 -27.6669864654541
1287 2.194966077804565 20.52207565307617 -27.39929008483887
1288 2.114650011062622 20.17739677429199 -28.30951690673828
1289 1.296785950660706 22.14836311340332 -25.41805458068848
1290 2.547507047653198 32.31523895263672 -20.52664756774902
1291 2.77766489982605 33.91079711914062 -20.00987434387207
1292 4.500613212585449 33.56399917602539 -20.30891799926758
1293 5.156557083129883 32.2123908996582 -20.90847778320312
1294 5.613789081573486 32.29553604125977 -20.65767288208008
1295 5.180110931396484 33.89988327026367 -19.82973670959473
1296 4.584341049194336 34.21299362182617 -20.18754005432129
1297 -6.422330856323242 24.5416202545166 -10.49734115600586
1298 -6.430325984954834 23.80513000488281 -10.3543643951416
1299 -5.883052825927734 23.17552947998047 -9.248398780822754
1300 -6.88588809967041 24.34820365905762 -12.27869987487793
1301 -5.192009925842285 23.47107124328613 -8.226494789123535
1302 -6.76059103012085 25.97537612915039 -14.07944869995117
1303 -5.881732940673828 24.64551544189453 -9.775849342346191
1304 19.14562797546387 26.54327392578125 -2.506779909133911
1305 20.50349998474121 25.94330024719238 -3.026684999465942
1306 20.29472541809082 26.88224029541016 -5.062127113342285
1307 18.29413414001465 27.44008636474609 -3.964878082275391
1308 20.54981803894043 26.72939300537109 -5.359470844268799
1309 20.6317081451416 26.50915145874023 -6.310153961181641
1310 18.36675643920898 27.42986297607422 -5.219223022460938
1311 22.59477996826172 20.99518203735352 -4.305214881896973
1312 22.22501373291016 21.03272819519043 -3.694613933563232
1313 23.52633666992188 21.73678970336914 -2.805882930755615
1314 23.05173301696777 21.2087287902832 -3.282188892364502
1315 10.94771766662598 0.4817079901695251 -8.003759384155273
1316 11.23465728759766 0.2039850056171417 -8.773642539978027
1317 13.89709281921387 0.4020220041275024 -8.507495880126953
1318 13.77657413482666 0.1925009936094284 -9.160245895385742
1319 14.41005706787109 0.4200139939785004 -9.276410102844238
1320 14.92698383331299 0.09617900103330612 -7.53784704208374
1321 12.61044979095459 0.1735360026359558 -7.952290058135986
1322 14.48208236694336 0.4588029980659485 -6.851553916931152
1323 14.05449295043945 0.1871110051870346 -6.550856113433838
1324 7.352469921112061 22.2179012298584 -22.31436157226562
1325 7.736709117889404 22.76774978637695 -22.3328742980957
1326 8.205322265625 22.57193183898926 -21.49384689331055
1327 7.218935966491699 25.11936569213867 -21.8830451965332
1328 6.816318035125732 24.80510520935059 -22.08013916015625
1329 7.887610912322998 25.63748550415039 -20.92575073242188
1330 6.565573215484619 33.14600372314453 -3.776117086410522
1331 5.728071212768555 33.06378936767578 -3.312082052230835
1332 6.255372047424316 32.76198577880859 -3.204372882843018
1333 -17.76566886901855 32.08184051513672 -14.58716773986816
1334 -18.1710033416748 31.7055492401123 -14.33994197845459
1335 -17.75381278991699 32.49857330322266 -13.83837413787842
1336 -18.17827033996582 31.03615570068359 -14.8725061416626
1337 -18.78930854797363 31.90742683410645 -13.52992820739746
1338 7.757418155670166 2.763345003128052 -9.035770416259766
1339 7.679265022277832 3.140223979949951 -8.88941478729248
1340 7.246469020843506 2.701543092727661 -9.923680305480957
1341 7.96913480758667 4.216145992279053 -9.678260803222656
1342 7.468154907226562 2.338354110717773 -10.05339622497559
1343 7.347434043884277 3.590979099273682 -10.63853168487549
1344 4.844367027282715 37.04435729980469 -2.833916902542114
1345 4.33076810836792 37.92668151855469 -2.838066101074219
1346 2.148421049118042 37.10265731811523 -2.254667997360229
1347 3.715540885925293 36.55405044555664 -2.617985963821411
1348 1.368734002113342 38.19200897216797 -2.419517040252686
1349 3.512130975723267 38.13458251953125 -2.706828117370605
1350 -0.3460269868373871 36.67171096801758 -2.350194931030273
1351 1.038059949874878 36.38708114624023 -2.380012989044189
1352 -3.809520959854126 2.325228929519653 -5.282618999481201
1353 -4.454330921173096 2.592562913894653 -5.122952938079834
1354 -3.952688932418823 1.108615040779114 -5.007691860198975
1355 -4.429605960845947 2.057001113891602 -3.701101064682007
1356 -4.888537883758545 2.459500074386597 -3.712955951690674
1357 -13.97775936126709 24.46295547485352 -10.71988773345947
1358 -14.39708137512207 24.56155967712402 -11.11771965026855
1359 -13.69490718841553 24.66458129882812 -11.15497207641602
1360 -12.70620441436768 25.46787261962891 -9.998981475830078
1361 -13.11453533172607 26.21084785461426 -12.77023410797119
1362 -12.67123985290527 25.81242370605469 -12.02437019348145
1363 -12.09785842895508 25.80220794677734 -10.16293525695801
1364 -14.07447147369385 24.77579307556152 -11.68587589263916
1365 0.9371380209922791 48.52010726928711 0.5713899731636047
1366 1.885460019111633 48.55404281616211 1.026963949203491
1367 3.727969884872437 48.27811050415039 1.586670994758606
1368 1.041661977767944 49.14512634277344 0.5166890025138855
1369 17.8416690826416 33.2617301940918 -16.97037506103516
1370 16.54861068725586 32.49063873291016 -17.83640289306641
1371 16.56219100952148 33.13731002807617 -18.06880378723145
1372 17.06371116638184 35.5439453125 -17.7664680480957
1373 18.06154251098633 33.15433883666992 -16.33122825622559
1374 17.77115058898926 32.67518997192383 -17.17182922363281
1375 17.49601745605469 35.40616989135742 -17.01661109924316
1376 -9.466192245483398 8.445213317871094 -2.392503023147583
1377 -10.03834438323975 7.640571117401123 -2.987765073776245
1378 -8.031291007995605 7.591591835021973 -2.397382020950317
1379 -8.996264457702637 7.13261604309082 -3.024060010910034
1380 -8.886223793029785 9.43624210357666 -2.037823915481567
1381 -7.714722156524658 9.30577278137207 -1.970039010047913
1382 -6.674994945526123 8.477778434753418 -2.397263050079346
1383 -7.081752777099609 7.127202987670898 -2.976269960403442
1384 -6.545691013336182 7.536633968353271 -2.882599115371704
1385 -0.113816000521183 33.65842819213867 -2.338092088699341
1386 -3.803832054138184 34.28488540649414 -4.421418190002441
1387 -2.847969055175781 32.47327041625977 -4.015305995941162
1388 6.554808139801025 5.586208820343018 -37.60858917236328
1389 7.326405048370361 5.511682987213135 -38.29107666015625
1390 7.47354793548584 4.793866157531738 -38.63047790527344
1391 6.957983016967773 6.179519176483154 -37.90431976318359
1392 9.078397750854492 5.366496086120605 -39.63178634643555
1393 8.481772422790527 5.411963939666748 -39.35076141357422
1394 -7.898684024810791 35.08186721801758 -6.101393222808838
1395 -9.118982315063477 33.48758697509766 -6.217603206634521
1396 -7.640005111694336 35.80776214599609 -6.224617958068848
1397 8.508661270141602 25.30387496948242 -7.253026008605957
1398 7.953166007995605 26.41223907470703 -6.531014919281006
1399 9.87244701385498 24.85379409790039 -8.791808128356934
1400 5.65126895904541 41.53451538085938 -21.38842010498047
1401 5.397861003875732 42.58688354492188 -19.4824161529541
1402 6.278388977050781 43.2968635559082 -20.17496681213379
1403 6.21977710723877 41.51145172119141 -22.87358665466309
1404 5.246385097503662 40.97879028320312 -20.09674835205078
1405 6.10891580581665 40.87173080444336 -22.75754737854004
1406 10.03353786468506 21.84403419494629 -19.93655204772949
1407 10.07772636413574 23.81562614440918 -19.0538215637207
1408 10.60902881622314 22.81812858581543 -19.27419090270996
1409 11.35643482208252 21.92627334594727 -18.33407783508301
1410 16.77792549133301 23.3152961730957 0.4060229957103729
1411 16.48163795471191 22.74852561950684 0.1450099945068359
1412 16.91666603088379 23.47161293029785 0.6856899857521057
1413 16.56417655944824 23.58745574951172 -0.1928620040416718
1414 16.88810157775879 24.45631980895996 -0.3936580121517181
1415 8.891972541809082 32.72513961791992 -16.79776573181152
1416 8.622268676757812 30.9545955657959 -15.6944465637207
1417 8.366116523742676 32.01543045043945 -17.25344276428223
1418 8.807360649108887 33.14168548583984 -16.45780944824219
1419 8.217983245849609 33.8436279296875 -17.94709777832031
1420 -3.415035009384155 23.51828575134277 -22.17767906188965
1421 -3.044708013534546 22.81376457214355 -22.67280197143555
1422 -3.774029016494751 22.66557502746582 -22.3707218170166
1423 -3.113496065139771 23.43068695068359 -22.68390274047852
1424 -3.999380111694336 24.88507270812988 -21.09915351867676
1425 -3.228318929672241 25.95810127258301 -21.20745658874512
1426 -3.272510051727295 26.42202186584473 -20.58941650390625
1427 15.61338424682617 30.41899871826172 -17.35733604431152
1428 16.76742935180664 29.29685211181641 -16.91787147521973
1429 15.32893562316895 29.37967681884766 -17.17450714111328
1430 16.5215950012207 28.46391868591309 -16.3794994354248
1431 17.5068416595459 30.14873123168945 -17.07003402709961
1432 16.91761016845703 30.87604141235352 -17.61195945739746
1433 17.80951309204102 29.24094200134277 -17.00215721130371
1434 -9.860894203186035 20.61456298828125 -11.70806503295898
1435 -10.07868003845215 20.70195770263672 -12.48318004608154
1436 -9.799850463867188 20.50691032409668 -10.80604457855225
1437 -8.671570777893066 22.42003440856934 -9.583380699157715
1438 17.37604522705078 33.43302536010742 -12.33645153045654
1439 16.42606735229492 33.22353744506836 -12.32582569122314
1440 16.91552543640137 33.25284194946289 -12.22761154174805
1441 15.9194278717041 32.20639419555664 -11.91854953765869
1442 18.31165885925293 30.41683197021484 -7.343780040740967
1443 17.80026054382324 29.76933479309082 -7.213771820068359
1444 19.01557731628418 29.88388633728027 -7.505709171295166
1445 17.50556182861328 30.34145164489746 -7.295272827148438
1446 18.71884918212891 29.6641788482666 -7.018730163574219
1447 17.71669769287109 28.48367118835449 -6.56232213973999
1448 17.29999732971191 29.5167236328125 -7.282686233520508
1449 -13.05489730834961 27.36927223205566 -8.239151000976562
1450 -12.82998752593994 27.86089706420898 -8.462620735168457
1451 -13.35794258117676 28.34496879577637 -7.663941860198975
1452 -12.35719394683838 26.49590682983398 -9.104763031005859
1453 -12.44406127929688 29.4362964630127 -8.686348915100098
1454 -11.23560905456543 28.46950912475586 -9.474748611450195
1455 -11.8464469909668 27.25839805603027 -9.079250335693359
1456 -12.21230792999268 26.53873252868652 -9.393226623535156
1457 -4.881165027618408 45.27230453491211 -1.880764007568359
1458 -5.088228225708008 44.83171844482422 -3.167655944824219
1459 -5.143468856811523 43.73190689086914 -1.383818984031677
1460 -4.63450813293457 46.58145904541016 -2.786959886550903
1461 -5.141284942626953 45.45818328857422 -4.001597881317139
1462 -5.01242208480835 44.12775421142578 -3.323219060897827
1463 -4.87377405166626 43.5915641784668 -2.808182001113892
1464 -13.00848197937012 2.621885061264038 -8.246111869812012
1465 -13.28955268859863 0.796159029006958 -8.211403846740723
1466 -12.98531627655029 1.867357969284058 -7.881529808044434
1467 -12.32570552825928 3.578269958496094 -7.980946063995361
1468 -12.95170497894287 2.993185997009277 -6.611390113830566
1469 -12.26291847229004 3.157893896102905 -7.672033786773682
1470 -13.64568519592285 0.5715559720993042 -6.762693881988525
1471 -13.58194828033447 1.787999987602234 -6.687138080596924
1472 -12.97786808013916 0.3620159924030304 -7.697075843811035
1473 6.192231178283691 6.225371837615967 -37.16683197021484
1474 10.38962459564209 38.14748382568359 -16.96429252624512
1475 9.962953567504883 37.80394744873047 -16.24546241760254
1476 9.655387878417969 39.05830764770508 -17.01379203796387
1477 9.627781867980957 39.65066146850586 -17.00442123413086
1478 10.18594169616699 39.62369155883789 -17.27498435974121
1479 8.664028167724609 47.05658721923828 -2.561148881912231
1480 9.581733703613281 45.77510452270508 -4.164074897766113
1481 9.256923675537109 47.50682830810547 -4.163008213043213
1482 8.31838321685791 48.19156265258789 -3.479604959487915
1483 9.954997062683105 45.9698600769043 -5.090573787689209
1484 9.006512641906738 47.98209762573242 -5.548092842102051
1485 7.922626972198486 48.92167663574219 -5.167018890380859
1486 11.14155578613281 38.9199333190918 -17.33876419067383
1487 12.18074226379395 38.09817504882812 -18.22390937805176
1488 -13.28157234191895 35.02200317382812 -11.24007797241211
1489 -13.74258041381836 34.11917877197266 -10.9037971496582
1490 -13.36981582641602 35.08341979980469 -9.576041221618652
1491 -13.45882987976074 34.38037490844727 -11.57833003997803
1492 -13.9735689163208 35.9135856628418 -12.43412208557129
1493 -14.38841247558594 34.63359832763672 -12.89700794219971
1494 8.656603813171387 9.453134536743164 -4.741283893585205
1495 8.844714164733887 10.47973155975342 -4.621513843536377
1496 8.804446220397949 8.805326461791992 -5.091721057891846
1497 9.00383472442627 8.365345001220703 -4.365737915039062
1498 8.872631072998047 9.710629463195801 -4.006112098693848
1499 -5.094820022583008 38.15429306030273 -5.941657066345215
1500 -5.998631000518799 37.91334533691406 -5.364968776702881
1501 -5.339385986328125 37.71454620361328 -5.918004989624023
1502 -5.278762817382812 38.82114028930664 -5.917720794677734
1503 -4.314105033874512 37.61259078979492 -4.73405122756958
1504 15.20233154296875 23.92469024658203 -2.492784023284912
1505 13.81291198730469 22.58493041992188 -2.741714954376221
1506 13.90632629394531 20.57876586914062 -3.35370397567749
1507 14.86465263366699 24.24946403503418 -2.442620038986206
1508 16.37370300292969 24.85825729370117 -2.585052013397217
1509 15.85257053375244 25.48805618286133 -2.71363091468811
1510 16.00422668457031 24.32425880432129 -2.905143022537231
1511 14.36442470550537 20.98214530944824 -3.303554058074951
1512 14.96943378448486 23.03361892700195 -2.831603050231934
1513 20.70358848571777 25.50294494628906 -2.827677011489868
1514 18.6577205657959 26.49897766113281 -2.030242919921875
1515 21.96568298339844 21.00050735473633 -4.246457099914551
1516 22.49160957336426 21.93170738220215 -5.069326877593994
1517 -1.217813014984131 29.0606632232666 -4.48629903793335
1518 -1.237411975860596 28.22996711730957 -5.832114219665527
1519 -0.4909270107746124 28.5447940826416 -4.215344905853271
1520 -2.235589027404785 28.16160011291504 -5.770761013031006
1521 -1.779646039009094 27.84673118591309 -6.117798805236816
1522 -0.0607369989156723 28.17384338378906 -5.396653175354004
1523 -2.80059289932251 28.23994827270508 -7.009125232696533
1524 0.441895991563797 28.26466178894043 -4.748273849487305
1525 0.8849629759788513 38.19276809692383 -20.07112693786621
1526 0.6828590035438538 41.57331085205078 -19.27036476135254
1527 3.410396099090576 39.95097351074219 -19.97037887573242
1528 3.303895950317383 43.36066055297852 -18.58676719665527
1529 2.90924596786499 37.42627716064453 -20.13906097412109
1530 4.515049934387207 38.08106231689453 -20.51573753356934
1531 -20.43077278137207 18.50582695007324 -7.2220458984375
1532 -20.65181159973145 17.82248687744141 -7.138217926025391
1533 -20.90505981445312 19.9197940826416 -7.664799213409424
1534 -21.35692024230957 19.38056182861328 -7.824811935424805
1535 -22.03182411193848 18.60351943969727 -7.342257022857666
1536 -21.79433250427246 19.0444278717041 -7.734654903411865
1537 -20.81406211853027 17.50142288208008 -6.821209907531738
1538 -19.95612335205078 18.42658996582031 -7.304255962371826
1539 -19.08938598632812 17.72656059265137 -7.471868991851807
1540 -5.888813018798828 30.69991111755371 -8.219263076782227
1541 -4.993956089019775 28.40559196472168 -9.291223526000977
1542 -4.308393955230713 28.36163902282715 -8.342820167541504
1543 -5.260307788848877 27.95615196228027 -9.29120922088623
1544 -6.633384227752686 30.89850997924805 -9.960864067077637
1545 -5.695271968841553 29.14939498901367 -12.47581005096436
1546 -5.839594841003418 28.50171089172363 -11.13087558746338
1547 -6.431172847747803 30.22751045227051 -11.24093055725098
1548 2.323859930038452 46.28484344482422 3.720999002456665
1549 1.707141995429993 45.22896957397461 5.596813201904297
1550 2.107974052429199 47.12588500976562 2.530901908874512
1551 -12.67909145355225 2.428395986557007 -11.69704437255859
1552 -12.75830841064453 3.214448928833008 -10.54262065887451
1553 -12.30970096588135 4.145180225372314 -11.65858745574951
1554 -12.4425048828125 2.761037111282349 -12.22668361663818
1555 14.2529764175415 28.29294586181641 -15.37057495117188
1556 14.85732841491699 27.80243301391602 -14.14744758605957
1557 14.11606597900391 28.32419586181641 -14.81570720672607
1558 15.17783069610596 26.25668525695801 -13.54799938201904
1559 13.87607383728027 28.59603118896484 -15.29030323028564
1560 16.20920181274414 26.24054718017578 -14.64084053039551
1561 17.18067932128906 24.28012275695801 -11.49143886566162
1562 17.35188484191895 24.3391056060791 -9.865495681762695
1563 18.28408432006836 23.83705520629883 -9.553268432617188
1564 -2.695096969604492 7.468104839324951 -10.84714126586914
1565 -2.927889108657837 7.408470153808594 -11.72713661193848
1566 -2.750051975250244 8.118341445922852 -12.18238162994385
1567 -2.558547973632812 8.612306594848633 -10.17211246490479
1568 -2.663260936737061 9.092866897583008 -11.79494953155518
1569 -3.245162010192871 8.721366882324219 -13.03247928619385
1570 9.435013771057129 13.32340335845947 -27.03135108947754
1571 8.792007446289062 13.40933513641357 -27.42997169494629
1572 6.229660034179688 46.67534255981445 4.406472206115723
1573 6.495327949523926 46.7930793762207 3.976538896560669
1574 7.219432830810547 47.45811080932617 3.416807889938354
1575 6.11118221282959 47.16720581054688 4.383998870849609
1576 6.006760120391846 45.38228988647461 4.064611911773682
1577 6.72669506072998 46.03552627563477 3.857322931289673
1578 16.53257179260254 6.737429141998291 -11.3508243560791
1579 16.34803771972656 6.953120231628418 -10.78386497497559
1580 16.3937816619873 5.451554775238037 -11.77276802062988
1581 16.13709449768066 6.12998104095459 -9.589264869689941
1582 -2.98183798789978 30.88657569885254 -4.949193954467773
1583 -2.073645114898682 31.0549488067627 -4.021792888641357
1584 -2.90147590637207 31.47628593444824 -3.695915937423706
1585 -2.74506688117981 32.22161483764648 -3.49086594581604
1586 -11.54421615600586 7.705615997314453 -8.335873603820801
1587 -11.85599803924561 9.178803443908691 -9.503820419311523
1588 -12.36029243469238 8.585399627685547 -10.64921092987061
1589 -11.48220825195312 9.940702438354492 -9.588200569152832
1590 -12.25685977935791 7.345664978027344 -10.42792797088623
1591 -12.23513698577881 9.552640914916992 -10.9586009979248
1592 -12.47737979888916 8.719202995300293 -11.75773334503174
1593 -12.27002334594727 7.727667808532715 -11.62847518920898
1594 9.092251777648926 6.439371109008789 -6.994000911712646
1595 10.18509101867676 5.849116802215576 -6.25542688369751
1596 10.19193458557129 6.440463066101074 -4.923716068267822
1597 10.48113822937012 5.833497047424316 -5.539988994598389
1598 9.232224464416504 7.273262023925781 -5.949087142944336
1599 -11.70429229736328 4.387138843536377 -8.758341789245605
1600 -11.48055553436279 4.056074142456055 -8.312373161315918
1601 -10.72136974334717 4.14638614654541 -7.916845798492432
1602 -9.873213768005371 4.795053958892822 -7.454404830932617
1603 -12.35281276702881 3.438967943191528 -9.429759979248047
1604 -10.46094799041748 4.777463912963867 -7.704888820648193
1605 -12.27071285247803 3.959901094436646 -9.918437004089355
1606 -11.79607105255127 4.595160007476807 -9.734742164611816
1607 -16.01776313781738 30.99990272521973 -15.94167041778564
1608 -16.07635498046875 32.48729705810547 -14.9807186126709
1609 -15.32777976989746 31.61388969421387 -15.9074125289917
1610 -15.06809329986572 33.76453399658203 -15.65528869628906
1611 -14.39157199859619 32.42714309692383 -16.19325637817383
1612 -13.95438957214355 33.55788803100586 -16.38897895812988
1613 -5.125795841217041 44.62687683105469 8.479409217834473
1614 -4.915137767791748 45.33156585693359 8.931392669677734
1615 -4.720030784606934 44.74324417114258 8.43853759765625
1616 -4.275059223175049 43.65608596801758 9.143342971801758
1617 -5.564894199371338 44.58458709716797 9.668777465820312
1618 -5.378896236419678 44.33414459228516 9.12129020690918
1619 9.457785606384277 23.35490798950195 -8.233460426330566
1620 9.062410354614258 21.71088027954102 -8.34007740020752
1621 9.448092460632324 22.09343147277832 -8.409237861633301
1622 -19.37952995300293 18.91316223144531 -2.335328102111816
1623 -20.43305969238281 19.21939468383789 -3.022944927215576
1624 -17.97134208679199 18.80928230285645 -3.170981884002686
1625 -18.07492637634277 19.06158828735352 -3.884375095367432
1626 -21.10400390625 20.02290344238281 -1.999040961265564
1627 -22.11336898803711 20.91247177124023 -3.005067110061646
1628 -21.58330345153809 20.67959022521973 -4.069356918334961
1629 -20.41708755493164 19.64277648925781 -3.638590097427368
1630 -3.159629106521606 28.83281517028809 -6.277976989746094
1631 -3.724004030227661 29.27951431274414 -6.133769989013672
1632 -3.13634991645813 29.64693832397461 -5.727307796478271
1633 -3.444169044494629 28.50485420227051 -6.808259963989258
1634 -4.070865154266357 28.82427406311035 -8.171625137329102
1635 -4.164734840393066 30.33522605895996 -6.93210506439209
1636 -4.259335041046143 29.56287574768066 -7.152397155761719
1637 10.00578784942627 42.1303596496582 -9.670494079589844
1638 10.06878852844238 41.59953689575195 -9.629534721374512
1639 10.47599983215332 42.67875671386719 -11.00449085235596
1640 11.24294757843018 42.32587432861328 -10.62163066864014
1641 0.3752599954605103 44.81829071044922 6.626492977142334
1642 0.352957010269165 45.29913330078125 5.89692211151123
1643 1.191676020622253 44.98742294311523 6.086172103881836
1644 1.165506958961487 44.80085754394531 6.802073001861572
1645 0.3101139962673187 44.51962280273438 8.027560234069824
1646 -11.66896438598633 38.52001953125 -8.146292686462402
1647 -11.89124202728271 37.61005783081055 -9.211039543151855
1648 -11.01372337341309 38.070556640625 -7.37310791015625
1649 -11.58730888366699 39.82401275634766 -8.327298164367676
1650 -11.15846920013428 39.68081283569336 -7.539810180664062
1651 -9.369396209716797 5.673779964447021 -15.69262981414795
1652 -10.72656440734863 4.616827964782715 -15.0359354019165
1653 -9.031928062438965 4.015189170837402 -15.78574562072754
1654 -10.88733291625977 3.194735050201416 -14.5308837890625
1655 -10.44265174865723 3.654301881790161 -15.08741855621338
1656 3.19458794593811 5.254341125488281 -27.82073020935059
1657 2.7514328956604 5.864138126373291 -27.43501663208008
1658 3.355484008789062 5.4581298828125 -28.66717720031738
1659 4.427011013031006 4.553762912750244 -30.50381469726562
1660 3.279833078384399 5.04450511932373 -27.06194305419922
1661 3.040203094482422 5.51898193359375 -27.15713691711426
1662 4.843966007232666 4.270316123962402 -29.55838775634766
1663 -13.05698585510254 32.3160400390625 -9.499493598937988
1664 -12.84733200073242 31.64119911193848 -9.408400535583496
1665 -12.89810562133789 31.83271026611328 -9.178676605224609
1666 -13.29927444458008 32.45679473876953 -9.849957466125488
1667 -13.34359836578369 31.7286262512207 -9.994663238525391
1668 -12.77028560638428 31.16974258422852 -8.617049217224121
1669 -12.45877933502197 30.96259307861328 -9.041284561157227
1670 19.79525566101074 28.00693893432617 -5.80848503112793
1671 20.7383975982666 27.03023529052734 -6.456561088562012
1672 21.61559677124023 26.42294120788574 -6.627654075622559
1673 9.105650901794434 42.99820709228516 -14.28231525421143
1674 9.12751579284668 43.63675689697266 -13.78860092163086
1675 9.435882568359375 43.62698745727539 -13.46874046325684
1676 9.13704776763916 42.92431259155273 -14.84648036956787
1677 9.567864418029785 43.86603927612305 -13.55892372131348
1678 8.750303268432617 44.13910293579102 -14.30896854400635
1679 12.23260402679443 32.76420211791992 -18.15832901000977
1680 11.18762302398682 33.30583190917969 -17.88572311401367
1681 10.83178234100342 34.10661697387695 -18.00431632995605
1682 12.90003967285156 33.8714599609375 -18.75313568115234
1683 12.84804439544678 32.11478042602539 -17.62665939331055
1684 13.19647884368896 32.10494613647461 -17.96903610229492
1685 -6.04780101776123 41.62567901611328 -13.67669773101807
1686 -6.006687164306641 41.96379089355469 -12.9157247543335
1687 -5.773412227630615 42.29948043823242 -12.7552547454834
1688 -6.578347206115723 42.39973449707031 -12.64498043060303
1689 -5.049991130828857 42.13940048217773 -15.28420257568359
1690 -5.337472915649414 43.47188186645508 -12.4463586807251
1691 -4.947586059570312 43.01446151733398 -13.59246444702148
1692 -6.094694137573242 42.44863128662109 -11.3883638381958
1693 -4.759947776794434 42.84046173095703 -15.00741863250732
1694 10.79669952392578 0.9175099730491638 -6.135449886322021
1695 10.36257362365723 0.3272149860858917 -6.042080879211426
1696 11.11062526702881 0.5367900133132935 -6.511297225952148
1697 11.05147361755371 0.8574820160865784 -6.263449192047119
1698 10.72158145904541 0.8500829935073853 -4.967915058135986
1699 10.43080615997314 0.4135940074920654 -4.959588050842285
1700 10.53110885620117 2.247035980224609 -4.992214202880859
1701 10.35626125335693 2.832802057266235 -6.356369018554688
1702 11.12482929229736 2.31994891166687 -6.610000133514404
1703 16.18441200256348 5.207781791687012 -12.31824016571045
1704 16.56719207763672 4.217536926269531 -11.61917114257812
1705 16.33431243896484 4.192481994628906 -12.3879508972168
1706 15.04154968261719 5.217198848724365 -14.62951374053955
1707 14.85995101928711 5.268702983856201 -14.93207168579102
1708 15.11649608612061 2.9690101146698 -14.70852470397949
1709 14.97470474243164 4.525496006011963 -15.12828636169434
1710 -20.30563354492188 20.68886375427246 -6.340132236480713
1711 -20.29453659057617 20.47316551208496 -7.488149166107178
1712 -21.05193138122559 19.87128829956055 -8.256389617919922
1713 8.19945240020752 19.75292205810547 -21.31812286376953
1714 8.563551902770996 19.51153564453125 -20.96999549865723
1715 8.658866882324219 17.29287719726562 -22.07219886779785
1716 8.250892639160156 17.75906181335449 -22.64091873168945
1717 8.601724624633789 20.57038879394531 -21.10189056396484
1718 8.202736854553223 20.34332656860352 -21.85747909545898
1719 8.134539604187012 18.37830924987793 -23.50124549865723
1720 -12.36210536956787 4.118011951446533 -10.4538631439209
1721 -12.32131671905518 3.120085000991821 -9.826872825622559
1722 -12.67648887634277 2.640985012054443 -10.29710674285889
1723 -15.92549419403076 28.44562911987305 -6.275925159454346
1724 -16.42294692993164 27.28962326049805 -5.672715187072754
1725 -15.51869201660156 28.31643486022949 -6.148664951324463
1726 -15.02724838256836 29.67777442932129 -6.515719890594482
1727 -14.42813014984131 27.93724632263184 -6.310149192810059
1728 -14.38568496704102 29.68173599243164 -6.535252094268799
1729 -14.89426517486572 27.76692581176758 -6.227670192718506
1730 -2.886593103408813 46.88124084472656 1.779450058937073
1731 -3.350536108016968 47.56907653808594 1.730191946029663
1732 -3.060964107513428 47.06269454956055 0.4540790021419525
1733 -3.089252948760986 48.56786346435547 0.5739219784736633
1734 -3.452838897705078 46.99861907958984 -0.1494060009717941
1735 -3.454714059829712 45.20840072631836 1.070657968521118
1736 -3.086391925811768 47.53449249267578 0.2395160049200058
1737 -3.203330039978027 45.98174667358398 2.031014919281006
1738 -3.141382932662964 45.58246994018555 1.611618995666504
1739 16.89212417602539 34.20278167724609 -14.65393733978271
1740 16.0888786315918 33.98562622070312 -13.66983509063721
1741 16.92448616027832 34.07883834838867 -14.43389987945557
1742 15.83758068084717 34.83876037597656 -13.09665012359619
1743 17.14719772338867 33.9921875 -14.9889612197876
1744 16.75194931030273 35.01757431030273 -14.41130065917969
1745 20.33305549621582 30.54611587524414 -9.114604949951172
1746 18.34099388122559 32.65397644042969 -10.13188171386719
1747 18.27951622009277 31.96167945861816 -8.947623252868652
1748 17.4091968536377 32.68137359619141 -10.11054420471191
1749 20.30608749389648 30.2299633026123 -8.807224273681641
1750 18.17804718017578 31.39279174804688 -8.587955474853516
1751 -4.149683952331543 0.6254439949989319 -4.994925022125244
1752 -4.201955795288086 0.2059900015592575 -5.15064001083374
1753 -3.526894092559814 0.7483010292053223 -5.252202987670898
1754 -5.800992012023926 0.7037690281867981 -4.752725124359131
1755 -6.044340133666992 0.3349469900131226 -4.97753381729126
1756 -4.422972202301025 0.2509549856185913 -6.270503997802734
1757 15.73737239837646 26.08284187316895 -8.914026260375977
1758 16.25342750549316 24.92889976501465 -9.285003662109375
1759 16.53144836425781 25.6937370300293 -7.567473888397217
1760 15.80519199371338 26.77072715759277 -8.802248001098633
1761 -7.380452156066895 1.64731502532959 -4.640312194824219
1762 -7.189198017120361 1.266446948051453 -5.881209850311279
1763 -7.756854057312012 2.776554107666016 -6.134438991546631
1764 -8.013065338134766 2.965512990951538 -4.879010200500488
1765 -8.275147438049316 2.62329888343811 -4.789676189422607
1766 -22.82882118225098 23.22086334228516 -5.311150074005127
1767 -22.95574760437012 22.73540306091309 -5.1037278175354
1768 -22.56196403503418 23.9374942779541 -2.994668006896973
1769 -23.23380851745605 22.35775566101074 -4.759416103363037
1770 -23.69788360595703 21.50435066223145 -6.372014045715332
1771 -7.04792308807373 32.06745529174805 -9.280362129211426
1772 -3.944029092788696 3.149247884750366 -8.534017562866211
1773 -4.770352840423584 4.095110893249512 -7.69985294342041
1774 -3.857251882553101 2.886746883392334 -6.854805946350098
1775 -4.487191200256348 3.583777904510498 -6.8199782371521
1776 -4.47076416015625 3.074686050415039 -6.522139072418213
1777 -3.695213079452515 1.061465978622437 -6.4498610496521
1778 -3.620481014251709 2.51767110824585 -7.572804927825928
1779 -3.453486919403076 0.8221809864044189 -6.808899879455566
1780 -11.78047752380371 32.24599075317383 -7.96938419342041
1781 -11.74582767486572 31.31706237792969 -8.388238906860352
1782 -12.61780071258545 32.85702133178711 -8.399236679077148
1783 -10.86342144012451 30.78711891174316 -8.731127738952637
1784 -12.34095001220703 30.94829368591309 -9.299903869628906
1785 -12.24438953399658 30.56637954711914 -9.931063652038574
1786 -19.1131477355957 27.94733047485352 -7.652966976165771
1787 -18.28057479858398 28.32907295227051 -6.806160926818848
1788 -17.66045188903809 28.77091979980469 -6.859261989593506
1789 -18.55863761901855 28.8405704498291 -7.364480018615723
1790 -18.53410339355469 27.38600730895996 -6.546988964080811
1791 -16.65129661560059 28.70224189758301 -6.201942920684814
1792 -17.1311149597168 29.26780128479004 -6.606308937072754
1793 -17.61027336120605 28.52608489990234 -6.358063220977783
1794 15.69737243652344 2.316828012466431 -14.75182247161865
1795 15.81430912017822 1.392096996307373 -14.83822917938232
1796 16.57870101928711 1.731088042259216 -13.34413719177246
1797 0.4091159999370575 48.18228912353516 1.231156945228577
1798 0.2673439979553223 48.88972854614258 0.2851740121841431
1799 8.914623260498047 46.6665153503418 -2.779778957366943
1800 7.847702026367188 48.09714508056641 -0.9175170063972473
1801 -8.625514030456543 16.27547454833984 -16.63446426391602
1802 -9.389646530151367 16.53188514709473 -15.77710247039795
1803 -9.589092254638672 17.54755401611328 -16.21965026855469
1804 -7.509322166442871 17.0325813293457 -17.8739128112793
1805 -6.932000160217285 19.89925384521484 -19.14339447021484
1806 -9.070425033569336 18.68698310852051 -16.90575408935547
1807 -9.872703552246094 17.63775825500488 -15.0947904586792
1808 5.893488883972168 12.53308391571045 -31.74084854125977
1809 5.746332168579102 12.57684230804443 -33.20415115356445
1810 6.184007167816162 13.54654216766357 -32.78835296630859
1811 6.558609962463379 13.61943054199219 -34.548828125
1812 5.756566047668457 11.85589599609375 -32.7722282409668
1813 5.304275035858154 11.71152114868164 -32.84409713745117
1814 4.915633201599121 13.37392616271973 -33.09226608276367
1815 6.086390018463135 13.39419174194336 -34.66644668579102
1816 -1.943119049072266 37.69297027587891 -2.888900995254517
1817 -1.727913975715637 37.1075553894043 -3.161653995513916
1818 -1.169800043106079 10.0236873626709 -23.91415786743164
1819 -2.234659910202026 10.87618160247803 -22.80727386474609
1820 -1.756134986877441 11.4407958984375 -25.26864814758301
1821 -0.771107017993927 9.218453407287598 -20.89852333068848
1822 -3.268444061279297 12.50095844268799 -22.32583427429199
1823 -3.369956970214844 12.49625968933105 -20.38286590576172
1824 3.136667966842651 12.34921646118164 -31.3414478302002
1825 3.130186080932617 13.77917766571045 -29.97759437561035
1826 3.836855888366699 10.81668663024902 -32.43178176879883
1827 2.519015073776245 13.93547344207764 -30.07537460327148
1828 3.08145809173584 10.74615955352783 -32.07958984375
1829 1.689828038215637 13.63036918640137 -29.95873832702637
1830 12.57388687133789 29.41360473632812 -14.1425666809082
1831 12.85526180267334 29.5036792755127 -13.55654907226562
1832 12.8250150680542 29.71333885192871 -13.46615123748779
1833 13.03300380706787 30.03232192993164 -15.35609245300293
1834 13.61023998260498 30.36598205566406 -15.30166053771973
1835 17.2681884765625 27.43676948547363 -3.650552034378052
1836 16.8813304901123 26.89151954650879 -2.282556056976318
1837 17.7224235534668 26.73004341125488 -1.983764052391052
1838 18.19613456726074 26.46063041687012 -1.954964995384216
1839 15.95667839050293 27.10910224914551 -4.136580944061279
1840 17.74885940551758 27.47029304504395 -5.106142044067383
1841 17.4172477722168 27.37685203552246 -5.112332820892334
1842 17.22158622741699 27.50261116027832 -4.858747005462646
1843 5.76662015914917 26.2247142791748 -5.17418098449707
1844 5.288766860961914 27.30644607543945 -5.233591079711914
1845 5.501482963562012 26.7606201171875 -4.920676231384277
1846 6.076199054718018 24.18004989624023 -4.934743881225586
1847 5.449333190917969 27.26194190979004 -5.713926792144775
1848 6.313957214355469 26.68676376342773 -5.20546293258667
1849 6.589466094970703 24.39482307434082 -4.75587797164917
1850 9.731290817260742 40.52819061279297 -9.029431343078613
1851 10.51220321655273 41.27114868164062 -9.231443405151367
1852 -3.172053098678589 21.36457443237305 -23.14069175720215
1853 -2.90857195854187 22.31445121765137 -23.27304649353027
1854 -2.125654935836792 22.84471130371094 -23.62385559082031
1855 -1.58209502696991 22.36594772338867 -23.76380729675293
1856 13.49969100952148 0.3982160091400146 -1.821221947669983
1857 12.97494602203369 0.806797981262207 -2.454715013504028
1858 13.41071605682373 0.1705970019102097 -2.022634029388428
1859 13.87773990631104 0.6366509795188904 -2.636822938919067
1860 12.15597152709961 0.7085189819335938 -4.533957004547119
1861 12.88682556152344 0.3583410084247589 -4.768167018890381
1862 13.92489528656006 0.5638309717178345 -4.808198928833008
1863 -5.812180995941162 26.6572380065918 -16.69644927978516
1864 -5.771182060241699 29.01408004760742 -15.27506923675537
1865 -5.856867790222168 27.1786994934082 -16.81191253662109
1866 -5.695319175720215 25.8400936126709 -17.79311943054199
1867 -4.897097110748291 28.45327377319336 -17.83773612976074
1868 -5.606091022491455 26.20794677734375 -18.34600830078125
1869 -5.016973972320557 30.07412147521973 -16.92252159118652
1870 -5.883019924163818 28.90983772277832 -15.82190990447998
1871 21.5534839630127 31.42106056213379 -13.55198860168457
1872 20.72911643981934 31.52817344665527 -10.68664741516113
1873 21.38041877746582 30.36641311645508 -9.713043212890625
1874 20.92878913879395 31.93650054931641 -14.03917217254639
1875 19.79012489318848 31.8573169708252 -10.83360290527344
1876 -9.416240692138672 30.3814582824707 -10.12514591217041
1877 -10.46864414215088 30.15283012390137 -10.97829246520996
1878 -8.924720764160156 30.6588020324707 -11.16719341278076
1879 -11.26614570617676 30.34419059753418 -9.767173767089844
1880 6.762075901031494 27.9653148651123 -26.21933937072754
1881 6.295437812805176 27.94949340820312 -26.24666595458984
1882 6.277743816375732 28.45955657958984 -26.39886856079102
1883 6.800294876098633 28.60941696166992 -26.260986328125
1884 5.769655227661133 27.974853515625 -23.46281051635742
1885 6.060206890106201 27.87384223937988 -23.01545143127441
1886 6.824804782867432 28.80763816833496 -24.49186515808105
1887 -22.19374084472656 24.50053596496582 -2.851788997650146
1888 -21.11235618591309 25.86836051940918 -2.86822509765625
1889 -22.25480842590332 24.56612396240234 -2.54392409324646
1890 -21.80812644958496 24.95035743713379 -2.069499969482422
1891 -20.27843856811523 25.6984920501709 -1.870417952537537
1892 -19.2766170501709 26.6242504119873 -3.319391965866089
1893 -20.39181327819824 26.2769832611084 -3.791485071182251
1894 -1.448500990867615 50.8333625793457 -11.76777267456055
1895 -2.175276041030884 52.1505012512207 -10.04446506500244
1896 21.63409614562988 20.41180038452148 -2.489284992218018
1897 20.21286201477051 21.0536003112793 -1.795472025871277
1898 20.82543563842773 21.34482383728027 -3.408807039260864
1899 19.38483810424805 22.16979789733887 -2.779885053634644
1900 20.45883750915527 21.18820190429688 -3.750011920928955
1901 20.04734039306641 21.80767440795898 -2.714150905609131
1902 6.441245079040527 3.394341945648193 -32.6003303527832
1903 6.653300762176514 3.377197980880737 -31.49713897705078
1904 5.76066780090332 3.810606956481934 -31.67135810852051
1905 6.375907897949219 3.782442092895508 -30.5696964263916
1906 5.539856910705566 3.654944896697998 -32.34646987915039
1907 5.958714008331299 3.61191201210022 -33.48796463012695
1908 6.982717990875244 3.32558798789978 -34.06517791748047
1909 5.165067195892334 4.211193084716797 -32.13862228393555
1910 5.001319885253906 3.996246099472046 -31.45746612548828
1911 2.485610961914062 6.133928775787354 -26.91220474243164
1912 1.859434008598328 6.854801177978516 -28.16577529907227
1913 3.08528208732605 6.01544189453125 -31.51256942749023
1914 4.364688873291016 4.855374813079834 -30.50583648681641
1915 -0.1369320005178452 44.6007080078125 5.877159118652344
1916 -1.269358992576599 43.53575134277344 5.618842124938965
1917 -0.4346309900283813 45.36470794677734 4.836141109466553
1918 -1.930011034011841 44.59164047241211 4.123833179473877
1919 19.45707702636719 16.33023834228516 -2.978118896484375
1920 18.80293083190918 16.58214950561523 -2.744609117507935
1921 18.84256553649902 16.39048385620117 -4.22307014465332
1922 19.80625152587891 17.44184303283691 -1.323704957962036
1923 18.45863342285156 16.83814239501953 -3.726692914962769
1924 18.78136444091797 17.78514862060547 -1.825158953666687
1925 15.89771461486816 26.5108699798584 -3.069407939910889
1926 15.28720092773438 26.18914604187012 -3.915488958358765
1927 17.00142097473145 0.9977070093154907 -11.82762622833252
1928 16.5782585144043 1.387192010879517 -12.40039920806885
1929 -11.71194934844971 9.572177886962891 -8.557269096374512
1930 -11.48651599884033 8.408937454223633 -7.364638805389404
1931 -11.779465675354 8.713644027709961 -6.267553806304932
1932 -11.94302654266357 10.5050573348999 -8.832645416259766
1933 -12.10711002349854 9.944835662841797 -7.554379940032959
1934 -12.16486930847168 10.16567134857178 -8.511689186096191
1935 -10.53066253662109 41.47366333007812 -8.408452033996582
1936 -11.05210971832275 40.67809295654297 -8.571401596069336
1937 -11.24552345275879 41.12969970703125 -10.50948047637939
1938 -11.6242561340332 40.42020797729492 -9.038478851318359
1939 21.49587631225586 21.9974250793457 -4.93674898147583
1940 -2.071594953536987 49.4268684387207 -12.65033721923828
1941 -1.954406976699829 48.05759048461914 -12.63927555084229
1942 -2.534341096878052 47.7517204284668 -12.43507385253906
1943 -9.83568000793457 2.765393018722534 -6.631659030914307
1944 -10.19022083282471 2.20240306854248 -7.06532621383667
1945 -9.988936424255371 0.8908320069313049 -6.23080587387085
1946 -10.11511993408203 2.710140943527222 -7.530824184417725
1947 -10.65373420715332 1.742890954017639 -6.865200996398926
1948 -11.27639961242676 3.213052988052368 -7.250309944152832
1949 -10.81980895996094 3.593894958496094 -7.676177978515625
1950 15.2780590057373 11.74088668823242 -10.53926467895508
1951 15.43302726745605 13.07828235626221 -11.36927795410156
1952 15.97108840942383 14.36752700805664 -10.25089073181152
1953 -4.551365852355957 45.42858123779297 -0.5182210206985474
1954 -4.508642196655273 45.623046875 -1.090373039245605
1955 -3.815584897994995 47.34500122070312 -1.103796005249023
1956 -4.837377071380615 44.63312530517578 -0.9077810049057007
1957 -15.90609741210938 20.50217056274414 -2.606982946395874
1958 -16.71898078918457 19.42349624633789 -3.619942903518677
1959 2.237345933914185 47.79750823974609 2.259496927261353
1960 0.8033699989318848 47.6743278503418 2.090568065643311
1961 -0.6969490051269531 48.83656692504883 3.11531400680542
1962 8.655922889709473 0.3963890075683594 -2.990556955337524
1963 8.192575454711914 0.972137987613678 -5.012668132781982
1964 8.932289123535156 0.4750030040740967 -4.999542236328125
1965 8.448168754577637 1.121816039085388 -3.507673025131226
1966 9.160891532897949 0.3129990100860596 -2.685441017150879
1967 8.753757476806641 0.4415740072727203 -2.145908117294312
1968 16.21215629577637 28.68329048156738 -7.385591983795166
1969 16.46584320068359 28.67934417724609 -7.009132862091064
1970 15.9923152923584 28.1923885345459 -7.650300979614258
1971 17.05952072143555 28.21881103515625 -6.629069805145264
1972 16.36973571777344 27.18618202209473 -6.813693046569824
1973 -12.48730945587158 26.3542537689209 -12.142258644104
1974 -11.17058658599854 27.85676383972168 -10.47878074645996
1975 -11.66949653625488 28.32457160949707 -12.28638172149658
1976 -11.09133529663086 27.95978927612305 -11.03652667999268
1977 -17.68777465820312 29.40059852600098 -15.64750576019287
1978 -18.37441253662109 29.33452415466309 -15.41082382202148
1979 -17.69760513305664 28.51194190979004 -15.54767417907715
1980 -19.14300537109375 29.76364898681641 -14.63308715820312
1981 -19.68195343017578 28.6501407623291 -13.70848083496094
1982 -18.84029769897461 27.68462753295898 -14.45194053649902
1983 -0.7387999892234802 43.11041259765625 10.30764102935791
1984 -0.7943019866943359 43.19092559814453 9.707785606384277
1985 -0.9634690284729004 42.65776062011719 9.859885215759277
1986 -1.567420959472656 42.26905822753906 8.716523170471191
1987 -0.792339026927948 41.73641586303711 10.18219661712646
1988 -1.60746705532074 41.76801300048828 8.927663803100586
1989 7.404344081878662 45.53245162963867 2.408466100692749
1990 6.917198181152344 45.44100952148438 3.221035957336426
1991 6.996531009674072 45.07870483398438 3.550451993942261
1992 6.92235279083252 44.38038635253906 3.418131113052368
1993 -16.02739524841309 33.46137237548828 -11.24319171905518
1994 -16.26766014099121 32.61411666870117 -11.05229377746582
1995 -15.75233268737793 32.63140487670898 -10.40445613861084
1996 -14.81766128540039 33.63744735717773 -10.27039432525635
1997 -14.55891609191895 32.40554809570312 -9.720524787902832
1998 -14.42346286773682 33.20785140991211 -10.05289936065674
1999 -16.67665863037109 32.25661087036133 -9.498747825622559
2000 14.85777854919434 28.27948951721191 -9.196612358093262
2001 14.88882255554199 27.12426567077637 -9.359699249267578
2002 13.99536609649658 27.5816822052002 -10.24200534820557
2003 14.23523807525635 6.356884002685547 -5.228888034820557
2004 14.17207527160645 5.783553123474121 -6.141001224517822
2005 14.61835479736328 6.010211944580078 -5.912501811981201
2006 14.81111907958984 6.573862075805664 -5.463821887969971
2007 15.58554744720459 6.63570499420166 -8.599514007568359
2008 15.18112087249756 6.406715869903564 -6.561881065368652
2009 -7.210381031036377 33.51857376098633 -13.9428825378418
2010 -7.031097888946533 34.09892654418945 -13.78879642486572
2011 -7.179389953613281 33.486328125 -12.99997043609619
2012 -7.87926197052002 32.71787261962891 -13.43704509735107
2013 -7.620032787322998 34.48717880249023 -15.53548812866211
2014 -8.211973190307617 33.47855377197266 -15.71459293365479
2015 -8.227081298828125 32.43762588500977 -14.11305522918701
2016 20.98366928100586 26.38065910339355 -4.745407104492188
2017 22.84999465942383 24.67101287841797 -3.735852956771851
2018 22.96630668640137 24.16223526000977 -3.322341918945312
2019 23.48227882385254 24.35064125061035 -4.10901403427124
2020 9.401089668273926 3.471457004547119 -6.469518184661865
2021 9.633010864257812 3.4184410572052 -5.198919773101807
2022 8.775657653808594 3.25396203994751 -5.261096954345703
2023 9.650540351867676 2.908309936523438 -5.051418781280518
2024 -22.71687698364258 23.49558258056641 -2.516931056976318
2025 -22.77318572998047 22.54150772094727 -2.306549072265625
2026 -22.07126617431641 22.01087760925293 -1.631178975105286
2027 -23.21171379089355 22.13604927062988 -3.961867094039917
2028 -3.120203971862793 29.30915451049805 -5.407362937927246
2029 -2.709357976913452 28.84680366516113 -5.148818969726562
2030 8.159090995788574 47.41464614868164 -11.66946125030518
2031 7.128836154937744 47.77001571655273 -12.31697463989258
2032 7.747663021087646 47.4064826965332 -10.75009059906006
2033 8.253667831420898 47.15549087524414 -10.76216125488281
2034 8.59757137298584 47.25372314453125 -12.52982234954834
2035 8.783595085144043 47.54903030395508 -11.31524753570557
2036 7.436580181121826 47.64155960083008 -13.15181636810303
2037 7.721908092498779 47.08439254760742 -13.50881862640381
2038 -7.457485198974609 21.2005615234375 -18.26202583312988
2039 -8.986246109008789 19.26102447509766 -16.71198081970215
2040 -7.489739894866943 21.88223266601562 -18.08968925476074
2041 -7.209875106811523 21.54165840148926 -18.38949394226074
2042 15.96795654296875 26.50649261474609 -5.215156078338623
2043 14.91646671295166 25.90615653991699 -4.996098041534424
2044 14.02407741546631 25.24884223937988 -3.891419887542725
2045 14.46823310852051 25.20639801025391 -5.185575008392334
2046 13.7602424621582 24.89697074890137 -4.600930213928223
2047 15.82787609100342 25.98172569274902 -5.686203002929688
2048 17.15007209777832 23.05249977111816 -3.039789915084839
2049 16.32549095153809 23.59742164611816 -2.11729907989502
2050 16.60540771484375 23.10181617736816 -2.368964910507202
2051 16.76811218261719 23.27569389343262 -1.924013018608093
2052 -13.4055814743042 28.61390686035156 -7.267044067382812
2053 -13.5317211151123 28.13485908508301 -7.312334060668945
2054 -13.83739757537842 29.03252601623535 -6.635241985321045
2055 -3.189191102981567 38.61971282958984 -4.442316055297852
2056 -3.840512037277222 39.62245178222656 -5.271704196929932
2057 7.057744026184082 42.35186004638672 -19.51722145080566
2058 6.907785892486572 41.19472503662109 -21.14765930175781
2059 6.747378826141357 43.31837844848633 -19.94747161865234
2060 6.734528064727783 41.41251373291016 -22.82289505004883
2061 6.043065071105957 43.67347717285156 -18.12431907653809
2062 6.656272888183594 43.67892837524414 -17.40206146240234
2063 7.139387130737305 42.5421142578125 -17.91844940185547
2064 -13.65834426879883 33.34363174438477 -16.28422546386719
2065 8.414606094360352 3.053571939468384 -13.78244400024414
2066 8.247474670410156 4.492812156677246 -14.25150966644287
2067 9.257440567016602 3.951776027679443 -15.07631778717041
2068 9.714507102966309 5.799324035644531 -15.25502490997314
2069 9.044853210449219 5.592597961425781 -14.88592338562012
2070 7.58434009552002 11.60091972351074 -18.9350757598877
2071 6.279410839080811 11.26686096191406 -17.61380958557129
2072 6.957126140594482 9.702898979187012 -20.48372650146484
2073 7.024747848510742 14.06345653533936 -16.2385425567627
2074 5.68740701675415 13.05978965759277 -15.70611667633057
2075 3.806782007217407 10.1456184387207 -17.31572914123535
2076 4.144062042236328 8.777490615844727 -19.04593658447266
2077 15.49573135375977 31.12102699279785 -8.714309692382812
2078 14.47110843658447 30.50496864318848 -10.1419620513916
2079 15.23030376434326 29.69902420043945 -8.496491432189941
2080 15.89351654052734 30.84597587585449 -8.430983543395996
2081 16.27437591552734 31.22812080383301 -8.630955696105957
2082 15.47144222259521 32.10861206054688 -10.12786293029785
2083 -16.10242080688477 19.73757934570312 -8.386417388916016
2084 -16.23164176940918 20.40518951416016 -8.711496353149414
2085 -15.94305896759033 19.55733680725098 -7.776341915130615
2086 -16.55470848083496 18.90536308288574 -6.591657161712646
2087 -3.45204496383667 1.679999947547913 -8.632955551147461
2088 -3.119391918182373 1.658926010131836 -9.104565620422363
2089 -3.308202981948853 2.607290983200073 -9.195531845092773
2090 14.5491771697998 19.58470344543457 -11.19552898406982
2091 15.26437091827393 15.99542045593262 -7.994809150695801
2092 16.22359657287598 11.7419900894165 -6.298937797546387
2093 8.085923194885254 9.554400444030762 -8.55040454864502
2094 7.575026988983154 11.37536716461182 -9.046834945678711
2095 7.933598041534424 9.802318572998047 -8.955934524536133
2096 7.660751819610596 11.33913040161133 -9.872310638427734
2097 7.145308971405029 12.43495464324951 -10.27551364898682
2098 7.4096360206604 12.18757152557373 -10.52864456176758
2099 -3.355722904205322 44.8824462890625 -15.15188884735107
2100 -2.734966039657593 44.92744064331055 -15.90210247039795
2101 -2.81505298614502 44.4125862121582 -16.14304351806641
2102 -2.15764594078064 44.58515548706055 -16.54028511047363
2103 -2.527477979660034 43.65179824829102 -17.1132984161377
2104 -1.926046013832092 43.57460021972656 -17.91221809387207
2105 -3.320024967193604 42.90118408203125 -16.66091156005859
2106 -3.684216976165771 43.32057189941406 -16.62204170227051
2107 -3.650604963302612 44.76572799682617 -15.53264999389648
2108 -1.276335000991821 27.96006965637207 -23.90828132629395
2109 -0.7117940187454224 27.26636123657227 -22.25335502624512
2110 13.58523178100586 16.63435935974121 -15.50683116912842
2111 -20.6921558380127 22.59062576293945 -0.9376779794692993
2112 -20.60743713378906 22.21576499938965 -0.9818059802055359
2113 -20.20356941223145 23.07700538635254 -1.13221001625061
2114 -19.9588623046875 22.70894050598145 -1.4392009973526
2115 -21.7595272064209 21.84946060180664 -1.522248983383179
2116 -20.53024864196777 20.10545349121094 -1.266211032867432
2117 -20.14976692199707 20.95451545715332 -0.7537469863891602
2118 15.72049617767334 6.174146175384521 -8.48738956451416
2119 16.09137916564941 4.547585010528564 -10.06150436401367
2120 16.09162330627441 4.618058204650879 -9.57689094543457
2121 16.39717292785645 4.433900833129883 -10.49020957946777
2122 16.65752029418945 3.690568923950195 -9.965310096740723
2123 16.51075553894043 4.228359222412109 -9.671792030334473
2124 8.136024475097656 40.95368957519531 -17.06218910217285
2125 8.990371704101562 42.47573852539062 -15.90930843353271
2126 16.64971542358398 29.68168067932129 -7.170900821685791
2127 15.8287296295166 29.12424659729004 -7.528347015380859
2128 15.91356468200684 30.73780632019043 -8.051831245422363
2129 16.66083717346191 31.25033378601074 -8.216485977172852
2130 10.4229907989502 0.3832260072231293 -14.58983421325684
2131 10.67870712280273 0.5451310276985168 -15.17114067077637
2132 12.79804801940918 0.3262619972229004 -14.97143363952637
2133 9.793575286865234 0.8000010251998901 -14.8200044631958
2134 10.22169017791748 0.3428390026092529 -15.58417224884033
2135 12.76191520690918 0.513621985912323 -15.45436191558838
2136 -18.31698226928711 18.91716003417969 -4.485136985778809
2137 -20.24984359741211 19.04656028747559 -3.957356929779053
2138 -17.95201301574707 18.50570869445801 -4.496959209442139
2139 -17.12289428710938 19.45083808898926 -5.128161907196045
2140 -18.18478965759277 17.60074424743652 -4.940724849700928
2141 -16.84438705444336 18.68817901611328 -5.601120948791504
2142 14.24843502044678 39.53961181640625 -11.2674617767334
2143 13.92922973632812 38.99468994140625 -10.17490673065186
2144 14.27820014953613 38.05374145507812 -10.77292919158936
2145 14.46586894989014 38.03580474853516 -11.84860515594482
2146 13.84176254272461 40.18017196655273 -10.62759208679199
2147 14.19124317169189 40.38177108764648 -11.79798316955566
2148 14.74200630187988 38.49143981933594 -12.53105735778809
2149 8.669480323791504 18.69165992736816 -20.19997024536133
2150 8.445653915405273 16.67340278625488 -21.98481941223145
2151 0.2876409888267517 43.26366806030273 10.95627784729004
2152 -0.508916974067688 42.92127227783203 10.61953258514404
2153 12.11326694488525 0.1244560033082962 -6.861081123352051
2154 11.9008321762085 0.2749429941177368 -5.869174003601074
2155 13.86239814758301 0.2557899951934814 -6.119946002960205
2156 -12.74522876739502 2.721153020858765 -6.312150001525879
2157 -13.34421634674072 0.8129389882087708 -6.434661865234375
2158 -13.54415416717529 1.287477970123291 -4.79395580291748
2159 -13.00325012207031 2.407368898391724 -5.131457805633545
2160 -11.97035694122314 2.691463947296143 -6.014107227325439
2161 -11.93533897399902 3.263314008712769 -6.188645839691162
2162 -3.166840076446533 43.02092361450195 9.307846069335938
2163 -0.7600129842758179 43.29333114624023 9.151859283447266
2164 -3.508306980133057 43.3824577331543 9.018145561218262
2165 -1.004415035247803 43.71588516235352 9.031868934631348
2166 -3.608915090560913 23.4771556854248 -6.19455623626709
2167 -2.152652978897095 23.96858978271484 -4.991340160369873
2168 -3.400245904922485 23.97053146362305 -5.457709789276123
2169 -2.292124032974243 24.60757637023926 -4.728794097900391
2170 -0.4119060039520264 23.60724067687988 -4.2640061378479
2171 -2.902667045593262 21.87679862976074 -5.756832122802734
2172 -1.879518032073975 22.40099906921387 -5.09495210647583
2173 6.389562129974365 18.45898818969727 -7.002342224121094
2174 5.260120868682861 18.23930740356445 -6.132808208465576
2175 7.421491146087646 18.14716720581055 -8.243917465209961
2176 5.934425830841064 17.73737716674805 -7.248930931091309
2177 7.12221097946167 18.69331359863281 -7.655670166015625
2178 7.541688919067383 18.76093482971191 -7.989266872406006
2179 6.628383159637451 17.56101989746094 -8.236278533935547
2180 7.001958847045898 17.73784065246582 -8.495583534240723
2181 7.819633007049561 16.38588333129883 -7.092219829559326
2182 -2.138788938522339 31.53937721252441 -19.78558731079102
2183 -2.659276962280273 31.08878135681152 -19.51425552368164
2184 -2.863893032073975 32.44513320922852 -18.98263168334961
2185 -3.555752038955688 31.30171966552734 -17.69364738464355
2186 -15.49353122711182 25.01836204528809 -3.166449069976807
2187 -15.4294376373291 24.6370906829834 -3.720432996749878
2188 -16.47495651245117 25.47836875915527 -3.781552076339722
2189 -16.21321105957031 24.66286659240723 -4.037446022033691
2190 -16.6046085357666 25.40921592712402 -4.163974761962891
2191 -17.1475887298584 25.90560531616211 -4.461037158966064
2192 -16.57289123535156 25.96353340148926 -3.337362051010132
2193 -1.434599041938782 42.71297454833984 6.212471008300781
2194 4.712288856506348 30.82425308227539 -21.36268043518066
2195 4.775601863861084 28.5513916015625 -21.90728950500488
2196 1.832175970077515 29.95155715942383 -21.41510581970215
2197 -0.1256099939346313 30.81642532348633 -21.45779228210449
2198 -0.8200330138206482 32.11262893676758 -20.98767280578613
2199 -0.6320610046386719 33.44063949584961 -20.16473579406738
2200 15.33406066894531 29.22732353210449 -8.327573776245117
2201 -4.827277183532715 27.08368873596191 -18.87725639343262
2202 -5.160605907440186 25.38377952575684 -18.74228286743164
2203 7.847397804260254 20.03124237060547 -25.46540451049805
2204 7.673606872558594 18.13189315795898 -24.61923980712891
2205 7.387314796447754 18.35419464111328 -25.83227920532227
2206 7.697557926177979 19.82816314697266 -26.52034378051758
2207 6.507433891296387 19.5911865234375 -25.42426490783691
2208 7.400030136108398 19.92519760131836 -26.72642517089844
2209 -3.228877067565918 42.29479598999023 4.228888034820557
2210 -2.822314023971558 41.93757629394531 4.155646800994873
2211 -2.345207929611206 43.23454666137695 4.815689086914062
2212 -3.346888065338135 42.33882904052734 3.535665988922119
2213 -3.310590982437134 42.86891174316406 3.709403038024902
2214 -21.1364688873291 25.23040580749512 -10.03272247314453
2215 -20.02510070800781 25.33822631835938 -10.77428913116455
2216 -20.42707824707031 24.51202964782715 -10.98051071166992
2217 -20.69205093383789 25.69411659240723 -9.88330078125
2218 -20.31088638305664 26.14316749572754 -10.57521438598633
2219 9.813479423522949 42.59069061279297 -13.49538135528564
2220 9.774531364440918 42.0303955078125 -14.52221584320068
2221 9.525696754455566 1.148949980735779 -2.965794086456299
2222 9.160691261291504 2.611085891723633 -3.970990896224976
2223 8.952713966369629 1.408102989196777 -2.594202995300293
2224 8.921080589294434 2.846390962600708 -5.081058025360107
2225 5.531954765319824 5.76881217956543 -24.61943626403809
2226 5.156082153320312 5.572661876678467 -24.23845100402832
2227 5.080049991607666 5.12754487991333 -24.88453674316406
2228 5.597856044769287 5.945600986480713 -23.69122505187988
2229 6.071907997131348 5.461198806762695 -25.12276649475098
2230 6.022846221923828 6.037250995635986 -24.66493606567383
2231 6.846961975097656 3.589189052581787 -35.42385101318359
2232 -19.1697998046875 22.05382537841797 -3.096672058105469
2233 -19.01262092590332 22.14233016967773 -2.458668947219849
2234 -18.98757743835449 22.42991256713867 -2.827409982681274
2235 -19.41522598266602 22.63328170776367 -3.366875886917114
2236 -18.9482307434082 22.54878807067871 -2.16082501411438
2237 -19.4924430847168 22.84854125976562 -2.127017974853516
2238 -18.93665504455566 21.65287590026855 -1.264724016189575
2239 -18.44209289550781 21.80815315246582 -1.724717974662781
2240 15.44881916046143 11.14206695556641 -12.22519302368164
2241 14.57799339294434 11.51154518127441 -12.22145366668701
2242 15.11890029907227 10.82149124145508 -10.55933380126953
2243 15.72836685180664 10.77372264862061 -11.53066730499268
2244 0.0943870022892952 23.8041820526123 -24.40021514892578
2245 -0.9020580053329468 25.47739219665527 -23.28804397583008
2246 0.01268200017511845 25.78841018676758 -23.31735038757324
2247 2.398984909057617 26.37075424194336 -22.45402526855469
2248 -0.8260899782180786 23.64058303833008 -24.12812995910645
2249 0.3789699971675873 23.70761680603027 -26.23456764221191
2250 1.105280041694641 23.50921821594238 -26.83303070068359
2251 3.627516031265259 40.28319549560547 5.277809143066406
2252 2.4288489818573 39.97475051879883 1.447139978408813
2253 5.023346900939941 40.63960647583008 1.729768991470337
2254 4.583786010742188 39.15476608276367 -2.463056087493896
2255 6.527723789215088 40.04756927490234 -2.805574893951416
2256 6.362360000610352 40.48805236816406 1.549195051193237
2257 -22.4578685760498 23.0571346282959 -9.386237144470215
2258 -21.13117980957031 23.65802764892578 -10.02386569976807
2259 -21.05134391784668 22.66116142272949 -10.09563255310059
2260 -21.58762168884277 23.75738143920898 -9.568875312805176
2261 -22.87447357177734 21.9801082611084 -9.187925338745117
2262 -23.79659652709961 21.55368995666504 -8.132116317749023
2263 -23.16454124450684 22.79874038696289 -8.051996231079102
2264 -22.09357833862305 23.74283218383789 -8.894424438476562
2265 5.190828800201416 4.409121990203857 -27.56629753112793
2266 3.692074060440063 4.983091831207275 -26.30366897583008
2267 21.44190406799316 28.97004127502441 -15.37230587005615
2268 20.56781768798828 29.90793609619141 -16.01648330688477
2269 21.08311080932617 30.35914039611816 -15.52161502838135
2270 20.37265205383301 27.99925422668457 -16.08249473571777
2271 19.99713897705078 29.86009979248047 -16.60920906066895
2272 19.97255325317383 28.27788543701172 -16.24694061279297
2273 20.36000633239746 30.85430526733398 -15.91446113586426
2274 9.287754058837891 43.54985427856445 -0.6467790007591248
2275 8.35846996307373 42.78465270996094 0.4835900068283081
2276 8.676898956298828 42.77464294433594 -0.4591780006885529
2277 9.173315048217773 43.26658248901367 -1.281440019607544
2278 9.078058242797852 44.5141716003418 -0.2729920148849487
2279 9.437165260314941 43.60654830932617 -1.395519971847534
2280 8.298615455627441 43.19483184814453 0.9172340035438538
2281 -7.164114952087402 2.575798034667969 -6.212907791137695
2282 -8.074994087219238 3.673413038253784 -6.491230010986328
2283 -8.348111152648926 3.369174957275391 -6.16551685333252
2284 16.02276229858398 37.68928146362305 -16.06582641601562
2285 15.56955146789551 38.35791397094727 -15.83576202392578
2286 15.81761837005615 37.79949188232422 -14.5533275604248
2287 -7.960830211639404 31.4282283782959 -12.45508098602295
2288 -8.665313720703125 31.04639625549316 -12.27529621124268
2289 -8.780533790588379 32.12678527832031 -13.61480140686035
2290 -9.175524711608887 31.76995277404785 -13.65042686462402
2291 -1.13330602645874 39.66561889648438 -2.614850997924805
2292 -1.880108952522278 39.16049575805664 -2.888099908828735
2293 9.247754096984863 44.40669631958008 10.44558334350586
2294 8.51331615447998 43.65385437011719 9.883131980895996
2295 9.789814949035645 44.42839813232422 9.761502265930176
2296 9.492776870727539 44.92951583862305 10.38744068145752
2297 7.903708934783936 43.91186141967773 10.02112579345703
2298 8.916949272155762 44.8702392578125 10.50384426116943
2299 -13.82354164123535 37.82299423217773 -13.34887599945068
2300 -2.289206027984619 40.8654670715332 -22.38826942443848
2301 -2.462878942489624 41.45516586303711 -22.4650821685791
2302 -1.622748970985413 41.48714447021484 -20.5013370513916
2303 -2.964039087295532 41.36559677124023 -22.38998794555664
2304 -2.383312940597534 40.36249542236328 -20.42077445983887
2305 -2.762913942337036 40.68434143066406 -22.18465805053711
2306 -1.759240984916687 40.20456314086914 -19.70805740356445
2307 16.7546329498291 9.183165550231934 -11.37144470214844
2308 16.08839416503906 10.33816242218018 -12.48124027252197
2309 5.595568180084229 35.9364128112793 -2.968977928161621
2310 5.299490928649902 35.27737426757812 -2.518529891967773
2311 7.809865951538086 12.46925258636475 -14.22556018829346
2312 8.786022186279297 11.9533519744873 -12.81615829467773
2313 7.910439968109131 11.83730506896973 -12.51379489898682
2314 7.63954496383667 12.84518718719482 -15.2726001739502
2315 6.926024913787842 12.80937671661377 -14.66291332244873
2316 6.52963399887085 13.94448184967041 -15.63186740875244
2317 9.633451461791992 29.59092330932617 -14.91552352905273
2318 9.902608871459961 28.82532691955566 -12.3615779876709
2319 9.146258354187012 29.99602890014648 -15.20378017425537
2320 8.033993721008301 6.889676094055176 -37.64827346801758
2321 7.678536891937256 6.888998985290527 -37.90007781982422
2322 7.430054187774658 7.011363983154297 -37.17927932739258
2323 8.108752250671387 7.798569202423096 -36.72651290893555
2324 8.740219116210938 5.960506916046143 -39.39860153198242
2325 9.168916702270508 5.700255870819092 -39.20009613037109
2326 11.88698291778564 3.19859790802002 -6.30505895614624
2327 12.0056791305542 3.763262987136841 -6.918862819671631
2328 11.09255409240723 2.546021938323975 -6.930991172790527
2329 10.34991455078125 3.941829919815063 -7.234079837799072
2330 10.42878913879395 3.237422943115234 -6.567133903503418
2331 10.90315818786621 4.088605880737305 -7.425666809082031
2332 3.861962080001831 5.476497173309326 -23.76409912109375
2333 2.152232885360718 6.770912170410156 -21.30344581604004
2334 3.491245031356812 6.584832191467285 -21.5750675201416
2335 2.722378969192505 6.9547119140625 -21.0531063079834
2336 0.6551849842071533 7.332454204559326 -22.67014122009277
2337 1.006538033485413 6.746078968048096 -24.23970985412598
2338 1.826272010803223 6.162207126617432 -24.83081245422363
2339 0.2496960014104843 8.030585289001465 -22.91504669189453
2340 1.744789958000183 6.197009086608887 -25.65132713317871
2341 1.916636943817139 6.498386859893799 -26.04566383361816
2342 12.57634353637695 11.14264106750488 -13.23621082305908
2343 12.59130573272705 10.30971336364746 -14.66273880004883
2344 11.46189498901367 10.35089015960693 -14.1893892288208
2345 11.63206958770752 9.680317878723145 -14.7147274017334
2346 13.0398063659668 10.58711338043213 -14.11305999755859
2347 12.96637725830078 9.683882713317871 -14.98169231414795
2348 -9.783679008483887 1.19029700756073 -4.863164901733398
2349 -9.584905624389648 0.5861070156097412 -4.766639232635498
2350 14.28658962249756 38.9200325012207 -13.72086906433105
2351 14.25709915161133 38.74938583374023 -14.11027908325195
2352 -2.753294944763184 46.25943374633789 -14.50914192199707
2353 -2.849276065826416 46.19433212280273 -16.85541343688965
2354 -2.424484968185425 46.13748168945312 -17.92425727844238
2355 9.132329940795898 0.4703550040721893 -2.190359115600586
2356 -17.59198951721191 22.58439064025879 -8.744412422180176
2357 -16.92872047424316 23.12332534790039 -8.043081283569336
2358 -17.32061004638672 22.47735595703125 -8.032463073730469
2359 -17.45458793640137 22.30445671081543 -9.515114784240723
2360 -18.64214134216309 21.79080200195312 -9.087220191955566
2361 -18.33461570739746 22.5114803314209 -9.730137825012207
2362 -17.91411972045898 30.17446517944336 -7.832304000854492
2363 -18.56729888916016 29.41486930847168 -7.998581886291504
2364 -16.33502960205078 30.45622634887695 -7.185989856719971
2365 -16.07277297973633 31.52719879150391 -7.665270805358887
2366 -17.1671085357666 29.96624946594238 -6.967792987823486
2367 -15.54017543792725 30.53034019470215 -6.908627033233643
2368 -12.86653137207031 32.34659957885742 -16.54985237121582
2369 -10.48189830780029 32.86063766479492 -16.23544883728027
2370 -12.2934684753418 31.03414726257324 -15.66590023040771
2371 -12.90797233581543 30.18673706054688 -16.09692001342773
2372 -20.0044059753418 16.73974418640137 -13.32789325714111
2373 -20.30210113525391 18.8436336517334 -13.11357879638672
2374 -20.03048324584961 18.87755393981934 -13.37482357025146
2375 -17.49176597595215 31.46944999694824 -8.949479103088379
2376 -18.42772102355957 30.15473937988281 -8.387301445007324
2377 -16.42521858215332 31.98906517028809 -8.912457466125488
2378 -15.86569023132324 32.12985992431641 -8.286256790161133
2379 -17.46996116638184 31.59268188476562 -9.763824462890625
2380 7.877551078796387 15.99072265625 -6.829586029052734
2381 9.09609317779541 13.82365226745605 -5.111320018768311
2382 -3.529093980789185 24.80350875854492 -5.427785873413086
2383 -16.23662948608398 29.13053321838379 -6.193068981170654
2384 22.45014953613281 25.90188217163086 -9.442910194396973
2385 23.37511444091797 25.57106018066406 -8.076457977294922
2386 22.61897850036621 26.38651466369629 -8.814337730407715
2387 22.16951560974121 26.895751953125 -8.332538604736328
2388 9.469606399536133 4.621902942657471 -7.784678936004639
2389 9.194212913513184 4.380406856536865 -7.697473049163818
2390 10.65361499786377 4.816610813140869 -6.686226844787598
2391 -11.63803672790527 9.134989738464355 -13.58197689056396
2392 -11.77720737457275 10.5561637878418 -11.53885459899902
2393 5.271097183227539 37.65682983398438 -3.214234113693237
2394 7.01288890838623 38.16215515136719 -4.936593055725098
2395 6.313344955444336 37.35417938232422 -4.073484897613525
2396 7.864233016967773 38.18312835693359 -5.901885986328125
2397 -20.41867828369141 20.85205268859863 -5.140373229980469
2398 -19.80800819396973 21.52140808105469 -5.34234619140625
2399 -20.88594436645508 20.89120483398438 -4.714014053344727
2400 -20.2066650390625 20.02296447753906 -4.44010591506958
2401 -19.78712463378906 19.79677391052246 -4.754354000091553
2402 7.866249084472656 2.01772403717041 -6.787896156311035
2403 16.04993629455566 10.94447803497314 -5.972143173217773
2404 15.79891395568848 10.74301433563232 -5.503756999969482
2405 16.07700157165527 10.09112739562988 -5.500527858734131
2406 15.99106597900391 10.14099502563477 -4.928361892700195
2407 16.00164031982422 8.964072227478027 -5.308413028717041
2408 -11.30939960479736 39.67524337768555 -11.47559261322021
2409 -11.48423004150391 40.06585311889648 -11.22740268707275
2410 -11.05490207672119 40.54133605957031 -11.52319526672363
2411 -10.57558727264404 41.41422271728516 -11.18311977386475
2412 -10.25137042999268 40.30255889892578 -12.10820960998535
2413 -9.660262107849121 41.27435684204102 -11.92545127868652
2414 2.115215063095093 43.58905410766602 10.84869766235352
2415 -11.85381412506104 3.376477003097534 -7.424976825714111
2416 22.46508979797363 28.31439018249512 -9.402434349060059
2417 22.10759353637695 28.83423614501953 -9.272404670715332
2418 21.73735618591309 27.28642272949219 -7.841582775115967
2419 21.48546600341797 28.62029457092285 -8.005487442016602
2420 21.06688117980957 28.92301940917969 -8.058716773986816
2421 -11.32409000396729 37.0766716003418 -7.367384910583496
2422 -11.78277683258057 36.28004837036133 -6.976235866546631
2423 -10.49919033050537 37.67623901367188 -7.070796966552734
2424 -8.866960525512695 38.51888275146484 -6.629493236541748
2425 -10.41592884063721 37.87992477416992 -7.257933139801025
2426 -18.57088470458984 19.6215877532959 -4.862006187438965
2427 -17.64800643920898 19.62970542907715 -5.080014228820801
2428 -3.528479099273682 43.30093002319336 1.843953013420105
2429 -3.489461898803711 42.61740112304688 1.979562044143677
2430 -3.989690065383911 43.3325309753418 1.522451996803284
2431 -3.141693115234375 42.35715103149414 2.834527969360352
2432 -4.313736915588379 42.24172592163086 1.507706046104431
2433 -4.246922016143799 42.40629577636719 1.153988003730774
2434 7.534346103668213 12.8646354675293 -7.625531196594238
2435 7.092901229858398 13.35980129241943 -8.970905303955078
2436 8.644890785217285 11.92878246307373 -5.116761207580566
2437 8.333522796630859 14.61712646484375 -6.36972188949585
2438 7.073079109191895 13.81406497955322 -8.438358306884766
2439 -16.55653190612793 32.77828216552734 -11.46702480316162
2440 -16.77298164367676 33.0261344909668 -12.44147396087646
2441 -16.11319541931152 33.87677764892578 -11.57658100128174
2442 -16.61254501342773 32.97668075561523 -13.40209102630615
2443 -16.18585586547852 34.11800003051758 -12.6602897644043
2444 -1.884770035743713 16.07187652587891 -9.543716430664062
2445 -2.551322937011719 17.65044212341309 -8.510930061340332
2446 -2.185333967208862 16.33621788024902 -9.199527740478516
2447 -1.848719954490662 15.18400573730469 -11.04492664337158
2448 -2.184098958969116 14.21397590637207 -9.044900894165039
2449 -3.104059934616089 16.47564506530762 -7.49901008605957
2450 6.717631816864014 40.63054656982422 -18.82581520080566
2451 6.627692222595215 40.8552360534668 -22.74502944946289
2452 6.186985015869141 40.40739822387695 -20.84096908569336
2453 1.071938037872314 7.527059078216553 -21.73611068725586
2454 -0.07765500247478485 8.194984436035156 -20.49481010437012
2455 0.5228120088577271 8.504661560058594 -19.51179313659668
2456 -3.167896032333374 42.44185256958008 -17.53295707702637
2457 -2.857281923294067 43.12111282348633 -19.77453422546387
2458 -2.354103088378906 43.25271987915039 -19.8159351348877
2459 -19.14872550964355 19.71913146972656 -4.954837799072266
2460 -19.62563896179199 19.83491516113281 -5.723604202270508
2461 -19.48976135253906 20.43769073486328 -5.126204967498779
2462 -0.2506360113620758 27.62603950500488 -22.21431350708008
2463 8.250130653381348 9.688679695129395 -21.78542518615723
2464 8.628510475158691 9.454419136047363 -22.55024528503418
2465 9.51866626739502 10.51142883300781 -23.66172981262207
2466 9.834593772888184 8.427020072937012 -26.36313438415527
2467 9.893760681152344 10.87092113494873 -24.58077430725098
2468 9.702545166015625 11.47513008117676 -24.50017738342285
2469 9.818944931030273 11.67282676696777 -24.05183982849121
2470 9.024894714355469 10.42996311187744 -22.38442802429199
2471 7.472527027130127 21.3552360534668 -22.60621452331543
2472 8.435525894165039 22.16471862792969 -21.62534713745117
2473 8.944201469421387 21.61890983581543 -21.22807312011719
2474 9.28993034362793 3.396084070205688 -33.87293243408203
2475 8.056893348693848 3.344947099685669 -32.55937957763672
2476 7.554525852203369 3.054739952087402 -33.57408905029297
2477 7.629434108734131 3.195455074310303 -34.16308975219727
2478 17.29551315307617 1.352936983108521 -10.47936153411865
2479 16.62429046630859 3.160356998443604 -9.783461570739746
2480 -1.815158009529114 14.89750957489014 -14.18571090698242
2481 -1.909991979598999 13.75914478302002 -14.96242141723633
2482 -1.192752957344055 13.54313945770264 -13.94272804260254
2483 -0.9960209727287292 14.18627071380615 -12.83212757110596
2484 -2.673167943954468 13.09061908721924 -11.87978076934814
2485 -2.119784116744995 14.70657634735107 -14.49478816986084
2486 -2.245735883712769 13.48567485809326 -12.01916408538818
2487 -1.859169006347656 14.31270885467529 -10.84091854095459
2488 -1.703673958778381 15.02335166931152 -11.90761661529541
2489 4.119751930236816 11.22922992706299 -32.09899139404297
2490 4.051179885864258 15.33332252502441 -29.89534759521484
2491 4.1407151222229 14.46692371368408 -31.66659164428711
2492 16.38606262207031 24.81552505493164 -11.24440002441406
2493 16.09286117553711 24.89351844787598 -11.61761474609375
2494 16.74855422973633 24.67680931091309 -11.77691745758057
2495 16.2540111541748 24.82064247131348 -12.40276145935059
2496 18.04179573059082 25.03763771057129 -13.32393646240234
2497 17.3304500579834 25.0509204864502 -13.77519798278809
2498 14.71431446075439 26.40787124633789 -13.23089504241943
2499 13.25924491882324 28.34255981445312 -12.65780639648438
2500 15.30710697174072 26.08978843688965 -13.24526500701904
2501 13.76333904266357 27.37674331665039 -12.14798259735107
2502 9.759142875671387 36.8267936706543 -16.69706726074219
2503 9.836016654968262 37.6407585144043 -15.93045139312744
2504 5.943756103515625 5.298947811126709 -25.88100242614746
2505 5.108041763305664 5.237185955047607 -25.54234886169434
2506 5.637119770050049 4.889136791229248 -25.97272682189941
2507 4.799738883972168 4.820907115936279 -26.02773666381836
2508 5.334957122802734 4.985607147216797 -26.41239738464355
2509 4.186476230621338 5.181727886199951 -25.50677299499512
2510 -3.458779096603394 40.4315185546875 -17.56410026550293
2511 -3.447030067443848 41.6826171875 -17.1909294128418
2512 -3.884135961532593 40.77026748657227 -17.51061630249023
2513 -4.001930236816406 42.65047454833984 -16.71564674377441
2514 8.140541076660156 35.57064819335938 -5.928520202636719
2515 8.059004783630371 35.29381561279297 -5.987063884735107
2516 1.556617975234985 7.136855125427246 -21.47872352600098
2517 0.9611899852752686 6.983139038085938 -22.35756492614746
2518 1.615445971488953 6.530715942382812 -22.80006408691406
2519 -17.40782928466797 21.70331573486328 -5.736906051635742
2520 -18.0418701171875 21.91654014587402 -5.883159160614014
2521 -17.81714248657227 22.04557228088379 -5.386165142059326
2522 -17.25146293640137 21.64857482910156 -5.262056827545166
2523 -17.08945083618164 22.83366584777832 -6.196181774139404
2524 -17.01626968383789 22.0556812286377 -5.014473915100098
2525 -16.58144187927246 22.31198883056641 -5.329973220825195
2526 10.23028182983398 7.067777156829834 -36.63731384277344
2527 10.69170379638672 6.744384765625 -36.35573196411133
2528 9.992448806762695 8.251659393310547 -35.02110290527344
2529 10.22372245788574 5.193399906158447 -39.94266510009766
2530 8.914764404296875 7.549578189849854 -35.9784049987793
2531 -6.115062236785889 33.21510696411133 -14.80047416687012
2532 -6.765135765075684 33.51894760131836 -14.30308532714844
2533 -6.2323899269104 33.68461608886719 -15.07424259185791
2534 -7.111117839813232 32.53023910522461 -12.49436378479004
2535 -5.81502103805542 33.11559295654297 -15.70403575897217
2536 -6.838306903839111 31.87750053405762 -11.8912353515625
2537 -6.020988941192627 32.57494354248047 -15.48021507263184
2538 -6.792789936065674 31.86001396179199 -12.95239734649658
2539 8.993577003479004 23.00965309143066 -8.246973991394043
2540 8.267070770263672 21.05251502990723 -6.947384834289551
2541 -4.754633903503418 31.23693084716797 -7.048183917999268
2542 -7.026261806488037 31.73054504394531 -10.62062072753906
2543 -5.961092948913574 31.10264205932617 -8.278544425964355
2544 -7.086493015289307 23.0560302734375 -8.856535911560059
2545 -7.998777866363525 22.97792053222656 -9.220976829528809
2546 -3.891079902648926 48.83241271972656 -5.31379222869873
2547 -4.523626804351807 48.10422515869141 -5.955982208251953
2548 -4.343669891357422 48.34327697753906 -4.274810791015625
2549 -3.743329048156738 48.6062126159668 -4.003416061401367
2550 -5.704840183258057 45.85825347900391 -5.094831943511963
2551 -4.800524234771729 47.01215362548828 -2.990216970443726
2552 -17.11354637145996 28.76705551147461 -15.87706184387207
2553 -17.47122192382812 28.04865455627441 -15.63760757446289
2554 -16.1763858795166 27.89878273010254 -15.67240238189697
2555 -16.64558410644531 27.52594757080078 -15.5716724395752
2556 -18.36443138122559 27.16328048706055 -14.2715311050415
2557 -7.127449989318848 38.68826293945312 -5.333708763122559
2558 -6.630261898040771 39.34247970581055 -5.672502994537354
2559 -7.780337810516357 39.65125274658203 -6.399578094482422
2560 -6.230865001678467 39.5242805480957 -5.94484806060791
2561 -8.325634956359863 41.33925247192383 -14.34758567810059
2562 -8.230585098266602 42.00795745849609 -13.63880729675293
2563 -7.030241012573242 41.55435562133789 -13.77674961090088
2564 -7.696989059448242 42.07472229003906 -13.47881031036377
2565 -6.760078907012939 41.82157135009766 -13.63756942749023
2566 10.1128978729248 10.92809963226318 -28.45567893981934
2567 11.22615909576416 31.79951477050781 -15.30388927459717
2568 9.72585391998291 33.38179779052734 -14.99851989746094
2569 9.560474395751953 32.89139938354492 -14.67711639404297
2570 9.146576881408691 33.34374618530273 -15.9434986114502
2571 9.226238250732422 32.43243408203125 -16.03322219848633
2572 -9.610061645507812 2.58379602432251 -6.384778022766113
2573 -9.016437530517578 3.365909099578857 -5.075485229492188
2574 -8.893190383911133 3.354542970657349 -6.209518909454346
2575 -10.1463041305542 1.732879996299744 -5.02677583694458
2576 -9.092128753662109 2.886401891708374 -4.917233943939209
2577 -8.743138313293457 9.45026969909668 -15.1649169921875
2578 -9.244510650634766 9.582297325134277 -15.50141334533691
2579 -8.82337474822998 7.905381202697754 -15.67371940612793
2580 -9.276498794555664 8.295534133911133 -15.85952472686768
2581 -10.21956539154053 8.635965347290039 -15.46690654754639
2582 -10.3027925491333 9.530779838562012 -15.02348518371582
2583 -9.601639747619629 9.977832794189453 -14.97246265411377
2584 12.82473659515381 39.7838020324707 -9.383889198303223
2585 13.54161167144775 38.34233093261719 -9.76570987701416
2586 13.01833629608154 38.35263824462891 -9.687713623046875
2587 12.71555614471436 38.7144775390625 -9.270145416259766
2588 -2.197916984558105 24.94966125488281 -22.72237396240234
2589 7.522603034973145 6.188263893127441 -11.09567165374756
2590 7.401340007781982 6.344165802001953 -10.55141067504883
2591 -3.795449018478394 43.98473739624023 1.225203990936279
2592 -3.173186063766479 43.78173446655273 2.255424976348877
2593 -2.768349885940552 44.330810546875 3.116719007492065
2594 -9.049246788024902 22.00060844421387 -9.288354873657227
2595 -9.726259231567383 19.85293960571289 -7.447423934936523
2596 -8.400446891784668 22.34660530090332 -9.227126121520996
2597 -8.856928825378418 21.42873382568359 -8.263139724731445
2598 -13.54923343658447 22.12663841247559 -3.767600059509277
2599 -13.02729511260986 20.74199867248535 -4.303248882293701
2600 -13.841064453125 21.49707412719727 -3.719338893890381
2601 -12.86872959136963 21.04963111877441 -4.03981876373291
2602 -13.11371040344238 20.51069068908691 -4.028934001922607
2603 11.0810079574585 32.90061187744141 -9.247583389282227
2604 11.77036190032959 33.19158935546875 -8.958394050598145
2605 11.41238498687744 33.47594833374023 -8.676138877868652
2606 10.032958984375 32.682373046875 -9.840785026550293
2607 12.06222629547119 33.42397689819336 -8.700993537902832
2608 10.9283275604248 33.9432487487793 -8.440756797790527
2609 11.72047519683838 33.86164474487305 -8.29939079284668
2610 10.69297027587891 35.67409896850586 -8.223930358886719
2611 14.38704109191895 16.74643898010254 -15.00720596313477
2612 13.80697727203369 15.12181663513184 -14.68676471710205
2613 14.10034370422363 16.65478324890137 -15.33460521697998
2614 15.470778465271 13.94748878479004 -11.87497806549072
2615 -9.061086654663086 30.57610511779785 -11.96435642242432
2616 -10.28223896026611 30.41226768493652 -11.84840297698975
2617 -10.12130165100098 30.92655944824219 -13.19354820251465
2618 10.18563747406006 6.451559066772461 -29.17218589782715
2619 8.828897476196289 6.769121170043945 -26.32657051086426
2620 8.28758716583252 6.889989852905273 -25.79262924194336
2621 9.970119476318359 8.361207008361816 -26.98167037963867
2622 6.158521175384521 5.925434112548828 -25.20660209655762
2623 11.65428352355957 37.09891891479492 -8.091225624084473
2624 10.73960876464844 36.27425384521484 -8.427837371826172
2625 11.66659259796143 36.62287902832031 -7.860105991363525
2626 10.930344581604 36.02330017089844 -7.989432811737061
2627 12.08485317230225 37.64535903930664 -8.325933456420898
2628 13.26485252380371 35.71059799194336 -8.139134407043457
2629 12.04061698913574 35.00347518920898 -7.907703876495361
2630 -3.308363914489746 43.93796157836914 9.026887893676758
2631 -3.238930940628052 44.25078582763672 9.241230010986328
2632 12.57884883880615 11.53115844726562 -2.37767505645752
2633 11.99593353271484 10.4173698425293 -1.995293974876404
2634 11.13676071166992 10.67806434631348 -2.340130090713501
2635 -11.75338172912598 4.885258197784424 -9.302510261535645
2636 -11.75273513793945 5.010697841644287 -9.793173789978027
2637 -12.05205631256104 5.406815052032471 -10.67905235290527
2638 -11.72850894927979 6.752933979034424 -9.595491409301758
2639 -11.27373313903809 6.599875926971436 -8.595119476318359
2640 8.208057403564453 2.39116907119751 -14.60187816619873
2641 9.809637069702148 4.056379795074463 -15.33136081695557
2642 9.878286361694336 5.649834156036377 -15.33211231231689
2643 8.978985786437988 2.53276801109314 -15.68000984191895
2644 14.76833534240723 28.81943702697754 -16.92856216430664
2645 15.10055065155029 29.26994895935059 -17.0372200012207
2646 10.28727722167969 0.6901929974555969 -11.22107982635498
2647 10.46288013458252 0.4691649973392487 -8.57478141784668
2648 10.7978401184082 0.6529979705810547 -11.84478187561035
2649 8.252769470214844 12.34782886505127 -30.77506637573242
2650 7.759819984436035 14.30894088745117 -29.11142349243164
2651 9.270747184753418 12.52387619018555 -31.58137130737305
2652 6.906076908111572 15.19859600067139 -28.24966049194336
2653 8.791189193725586 11.63358020782471 -31.29060935974121
2654 7.332115173339844 10.97547054290771 -31.89531517028809
2655 -10.55136394500732 11.9733247756958 -10.7939395904541
2656 -10.49775886535645 13.22807312011719 -12.01504516601562
2657 -10.08501720428467 14.59007167816162 -13.65721035003662
2658 -11.12900733947754 11.64581775665283 -10.42870903015137
2659 -11.51437282562256 13.28974533081055 -10.91492652893066
2660 -11.32639598846436 13.9558277130127 -11.22045040130615
2661 -11.21380996704102 13.9228630065918 -11.78664684295654
2662 7.171865940093994 46.46955108642578 3.126940011978149
2663 7.077024936676025 47.22910690307617 2.485140085220337
2664 6.99481201171875 46.81947708129883 1.869127988815308
2665 7.243772029876709 45.98387908935547 2.267441987991333
2666 -1.597113966941833 42.87032318115234 6.042555809020996
2667 5.733133792877197 49.14507675170898 2.628504991531372
2668 6.574687957763672 48.849853515625 2.976041078567505
2669 7.274260997772217 48.92117691040039 2.110677003860474
2670 -12.771315574646 25.35247039794922 -9.555526733398438
2671 -14.23700332641602 24.1519775390625 -9.513668060302734
2672 -15.32225036621094 23.89773178100586 -9.967369079589844
2673 -18.73520660400391 16.83683586120605 -6.387534141540527
2674 -17.48820686340332 17.627197265625 -6.149662017822266
2675 8.041975021362305 3.363744974136353 -8.727652549743652
2676 8.169447898864746 3.929220914840698 -8.53684139251709
2677 12.81596946716309 41.80312728881836 -13.1778564453125
2678 13.61742496490479 41.10471725463867 -12.54749584197998
2679 12.77909183502197 41.44337844848633 -13.47134017944336
2680 11.34041213989258 42.37320709228516 -13.17860317230225
2681 12.02696895599365 42.48078155517578 -12.28891754150391
2682 -17.4568920135498 29.63541221618652 -15.93342113494873
2683 -17.72612762451172 31.28840827941895 -15.36346340179443
2684 9.898273468017578 25.24763870239258 -18.29618263244629
2685 10.617919921875 26.2647590637207 -16.7451057434082
2686 15.41443252563477 36.04144287109375 -10.82108020782471
2687 15.97000122070312 35.10257720947266 -11.54840183258057
2688 15.12735462188721 35.82993698120117 -10.15695095062256
2689 15.09420871734619 36.38820266723633 -10.75639629364014
2690 7.465176105499268 50.23424530029297 -11.51400566101074
2691 6.534907817840576 48.16005325317383 -12.54959964752197
2692 -4.119977951049805 34.41587829589844 -4.88477897644043
2693 -4.226376056671143 33.98492050170898 -5.087759017944336
2694 -4.106535911560059 33.73555374145508 -5.365801811218262
2695 -4.365880966186523 33.37089157104492 -5.555205821990967
2696 -4.494325160980225 31.80809593200684 -6.670648097991943
2697 -6.433963775634766 42.18186950683594 -13.19119453430176
2698 6.224928855895996 42.58411026000977 5.692331790924072
2699 5.764660835266113 42.74589920043945 6.180552959442139
2700 6.165239810943604 42.74128341674805 6.162077903747559
2701 6.686433792114258 41.26385879516602 6.039888858795166
2702 7.488677024841309 42.23409652709961 4.282344818115234
2703 6.631266117095947 41.44731903076172 5.49244499206543
2704 9.965286254882812 0.6027070283889771 -4.787304878234863
2705 8.677281379699707 0.1945910006761551 -5.185841083526611
2706 3.344609022140503 8.402792930603027 -18.87239837646484
2707 3.476102113723755 8.613969802856445 -18.35231399536133
2708 2.766333103179932 10.65698909759521 -15.63089370727539
2709 2.664798974990845 8.300771713256836 -18.33645629882812
2710 22.01322364807129 30.59992027282715 -12.52206039428711
2711 -10.18531131744385 0.8867030143737793 -5.602510929107666
2712 -9.848694801330566 0.2700800001621246 -5.0033860206604
2713 14.47303676605225 25.06137084960938 -2.989840984344482
2714 -20.61539077758789 25.03849601745605 -1.491297960281372
2715 8.313505172729492 34.49782562255859 -5.881884098052979
2716 8.386993408203125 34.68944931030273 -6.348461151123047
2717 8.226399421691895 33.97147369384766 -6.565317153930664
2718 5.607330799102783 28.92927169799805 -24.68291282653809
2719 5.906660079956055 31.25214004516602 -23.90866470336914
2720 -1.585006952285767 45.24777603149414 -17.0310001373291
2721 -2.474399089813232 47.53574371337891 -19.36622047424316
2722 -1.563261032104492 47.03832244873047 -17.43045997619629
2723 -2.977407932281494 47.55517959594727 -19.26895141601562
2724 -2.532872915267944 48.13744735717773 -19.14443016052246
2725 -3.03385591506958 47.97045135498047 -19.14151382446289
2726 22.53580474853516 23.42118644714355 -7.874592781066895
2727 21.73970603942871 23.53898429870605 -8.518516540527344
2728 22.38548469543457 23.96135902404785 -8.899492263793945
2729 3.104633092880249 20.4116382598877 -4.216545104980469
2730 -8.590943336486816 42.11995697021484 -12.67529392242432
2731 -9.042740821838379 42.01256561279297 -12.76409816741943
2732 -7.532938003540039 42.57015991210938 -12.43387603759766
2733 -8.750383377075195 41.89146041870117 -11.82100009918213
2734 -1.964876055717468 11.34755992889404 -18.22205352783203
2735 -1.810590982437134 10.51616287231445 -18.1619758605957
2736 -0.7184320092201233 8.84450626373291 -20.25196838378906
2737 -0.1718959957361221 8.54585075378418 -20.40735816955566
2738 -9.274066925048828 42.50227737426758 -10.94918632507324
2739 -4.925535202026367 37.79977035522461 -17.19467163085938
2740 -5.794740200042725 38.24226760864258 -15.708664894104
2741 -4.644982814788818 40.25481414794922 -16.47568511962891
2742 -5.399854183197021 37.1323356628418 -16.46612167358398
2743 -4.150721073150635 38.37563705444336 -17.62211799621582
2744 -5.04885721206665 36.83049011230469 -16.97284698486328
2745 -12.00867080688477 30.15369415283203 -9.978371620178223
2746 -12.21064853668213 29.66848373413086 -9.290493965148926
2747 -11.3430700302124 29.79222869873047 -9.967408180236816
2748 18.64706039428711 19.53799438476562 -0.3906190097332001
2749 17.73114013671875 18.85996627807617 -1.288764953613281
2750 17.92681694030762 19.11080932617188 -1.596487998962402
2751 18.70721054077148 19.92330169677734 -0.7817879915237427
2752 17.00778007507324 19.2494010925293 -1.774557948112488
2753 17.0244255065918 19.86175537109375 -1.841802954673767
2754 18.16206741333008 20.43161964416504 -1.09217095375061
2755 4.159008979797363 26.50564575195312 -4.426257133483887
2756 5.706620216369629 24.70904541015625 -4.434027194976807
2757 4.141586780548096 27.46205139160156 -4.925869941711426
2758 4.395843982696533 24.91604232788086 -4.122148990631104
2759 3.783185005187988 24.60772323608398 -4.367739200592041
2760 3.600183010101318 26.77325820922852 -4.718156814575195
2761 21.05398178100586 25.10403442382812 -2.266880035400391
2762 22.65046882629395 23.4551944732666 -1.964385032653809
2763 22.85315322875977 24.17325401306152 -2.746726036071777
2764 20.99211120605469 25.42929840087891 -2.930413961410522
2765 23.22407531738281 22.85827445983887 -2.179411888122559
2766 21.07318496704102 31.42110252380371 -14.85183334350586
2767 20.42669868469238 31.78291511535645 -14.72208881378174
2768 20.9780101776123 31.52896881103516 -14.39880466461182
2769 20.6490421295166 31.3728199005127 -15.18440818786621
2770 21.77810478210449 30.76391983032227 -14.03462028503418
2771 0.9188809990882874 29.27753829956055 -3.681519031524658
2772 0.2164719998836517 29.46116638183594 -3.288177013397217
2773 0.9450100064277649 28.38032531738281 -5.084813117980957
2774 1.29395604133606 30.27966499328613 -3.174474954605103
2775 1.36420202255249 29.37006568908691 -3.233177900314331
2776 0.7666640281677246 30.18100738525391 -3.337165117263794
2777 1.100528955459595 28.3693733215332 -4.473484992980957
2778 -7.062315940856934 21.59993171691895 -18.92729377746582
2779 14.87606525421143 14.5595235824585 -4.614264011383057
2780 14.9907808303833 12.95793437957764 -4.137314796447754
2781 16.08976554870605 12.44138526916504 -5.875249862670898
2782 14.52953720092773 13.20229434967041 -3.831671953201294
2783 14.31351089477539 15.19114017486572 -4.269792079925537
2784 9.311614036560059 10.28071975708008 -32.68841934204102
2785 8.434529304504395 9.548589706420898 -33.83219146728516
2786 9.570969581604004 8.919170379638672 -33.90737152099609
2787 7.30121898651123 9.080578804016113 -35.07156372070312
2788 6.53184700012207 10.60265922546387 -33.67395782470703
2789 -8.346545219421387 18.39848136901855 -4.971685886383057
2790 -7.086421012878418 18.66648292541504 -5.028934001922607
2791 -7.509727001190186 20.87613677978516 -6.43050479888916
2792 -8.389467239379883 21.09472465515137 -6.90273904800415
2793 -5.999729156494141 22.04846000671387 -7.557378768920898
2794 -6.713237762451172 22.54586410522461 -7.923564910888672
2795 -1.174257040023804 17.73453521728516 -7.035132884979248
2796 -0.7910069823265076 17.32291412353516 -6.825104236602783
2797 0.7251960039138794 17.86314010620117 -5.892202854156494
2798 0.362049013376236 17.32259178161621 -6.202850818634033
2799 0.6969540119171143 15.9318675994873 -7.460422039031982
2800 17.2007007598877 24.75960922241211 -7.941878795623779
2801 16.20888519287109 26.14922714233398 -7.252864837646484
2802 -3.08724308013916 18.13970565795898 -8.276423454284668
2803 -3.503465890884399 19.31967926025391 -7.969360828399658
2804 -3.60973596572876 16.72889137268066 -6.704909801483154
2805 -3.543315887451172 16.25726890563965 -7.026276111602783
2806 -5.078699111938477 17.64132881164551 -5.315247058868408
2807 -5.690996170043945 17.2913875579834 -5.020074844360352
2808 18.02762222290039 22.29790306091309 -2.817176103591919
2809 19.08308029174805 22.85936737060547 -4.202369213104248
2810 17.82855987548828 23.61102294921875 -3.670752048492432
2811 3.370120048522949 46.51485824584961 -16.33470916748047
2812 1.090036988258362 46.96005249023438 -15.93812274932861
2813 0.8423119783401489 48.28461456298828 -14.08006286621094
2814 8.443012237548828 32.09256362915039 -7.635393142700195
2815 8.375788688659668 33.76780319213867 -6.803792953491211
2816 8.487480163574219 32.22172546386719 -6.796174049377441
2817 8.024712562561035 31.45353507995605 -6.386884212493896
2818 6.248240947723389 5.140202045440674 -36.97392272949219
2819 6.884782791137695 6.300882816314697 -37.32337188720703
2820 -8.37562370300293 22.38564491271973 -8.591327667236328
2821 -8.982057571411133 20.70042419433594 -7.160723209381104
2822 -6.26678991317749 22.64419364929199 -8.309512138366699
2823 -0.8760129809379578 44.47648620605469 9.258628845214844
2824 13.50662517547607 37.74228286743164 -10.09482288360596
2825 14.29485511779785 37.46642303466797 -11.3676290512085
2826 8.274410247802734 37.16209411621094 -17.75251770019531
2827 7.551634788513184 38.59457015991211 -18.28155326843262
2828 7.910711765289307 38.8099479675293 -18.15321731567383
2829 7.791069030761719 40.30961990356445 -17.62883567810059
2830 8.443822860717773 37.56563186645508 -17.66571807861328
2831 8.735467910766602 40.3277473449707 -16.55075073242188
2832 8.773140907287598 39.55784606933594 -16.69158554077148
2833 -8.298312187194824 38.85369491577148 -5.928144931793213
2834 -7.750463962554932 38.33680725097656 -5.451669216156006
2835 17.86693572998047 33.93893814086914 -13.29543209075928
2836 16.54331016540527 33.77605438232422 -12.70216655731201
2837 18.42757987976074 33.33524322509766 -12.9049711227417
2838 18.06304359436035 34.13718032836914 -13.74204540252686
2839 16.87957000732422 34.07924652099609 -13.62331008911133
2840 18.76774406433105 32.64432525634766 -13.03482627868652
2841 -10.84737110137939 16.21067810058594 -8.065091133117676
2842 -11.68477821350098 14.65652084350586 -9.633111000061035
2843 -11.58560752868652 13.54224395751953 -6.88585376739502
2844 -11.04051685333252 15.91428756713867 -7.461697101593018
2845 -11.91127967834473 10.89787292480469 -6.149788856506348
2846 -11.82934093475342 12.24499988555908 -5.83778190612793
2847 -12.24669647216797 11.61731433868408 -6.820113182067871
2848 -7.099425792694092 43.20467376708984 -9.827534675598145
2849 -8.553900718688965 42.92655944824219 -8.774301528930664
2850 -7.840263843536377 42.87571716308594 -8.49237060546875
2851 -6.456046104431152 43.01972198486328 -9.314020156860352
2852 -6.644512176513672 42.85784912109375 -8.818761825561523
2853 -6.697922229766846 42.89345169067383 -8.322711944580078
2854 -8.563586235046387 42.50453567504883 -8.013152122497559
2855 -10.12138652801514 9.520709037780762 -2.752538919448853
2856 -10.42656898498535 8.033180236816406 -3.365984916687012
2857 -10.48894119262695 7.67887020111084 -3.761225938796997
2858 -3.232911109924316 48.72916030883789 -7.624177932739258
2859 -6.108168125152588 40.658447265625 -13.95650386810303
2860 -6.381227970123291 40.00202941894531 -14.28177070617676
2861 -5.628281116485596 39.90215301513672 -14.9662971496582
2862 -5.257750988006592 40.77109527587891 -15.65292835235596
2863 8.899576187133789 44.77660751342773 -0.3455510139465332
2864 9.20197582244873 44.69643783569336 -0.9807649850845337
2865 7.308588981628418 48.00294876098633 -8.751017570495605
2866 7.48530387878418 47.11368560791016 -8.661356925964355
2867 8.086004257202148 46.86602020263672 -8.611525535583496
2868 8.116116523742676 47.87378692626953 -8.738368034362793
2869 -19.23209571838379 21.36074256896973 -4.485668182373047
2870 -19.09142112731934 21.97757720947266 -5.310257911682129
2871 -19.46772003173828 21.02184677124023 -4.515306949615479
2872 -19.47233963012695 21.21801567077637 -5.208597183227539
2873 -18.93666839599609 20.35163879394531 -4.085182189941406
2874 -4.216839790344238 44.87159729003906 -7.875476837158203
2875 -4.963271141052246 44.90122985839844 -9.220972061157227
2876 -5.325334072113037 43.53559112548828 -9.890501976013184
2877 -4.845176219940186 43.55475234985352 -8.427957534790039
2878 -4.319243907928467 45.53734970092773 -7.784142017364502
2879 -5.30464506149292 45.11692047119141 -6.024980068206787
2880 -4.392203807830811 42.55525588989258 -6.624900817871094
2881 5.618446826934814 14.19733428955078 -14.19943237304688
2882 17.15188598632812 36.26743316650391 -16.64159965515137
2883 16.78296852111816 36.49629592895508 -17.56924247741699
2884 15.14687633514404 38.88425445556641 -16.39801597595215
2885 4.383056163787842 9.363016128540039 -33.85218811035156
2886 4.46455717086792 9.735659599304199 -33.96286392211914
2887 4.442083835601807 10.78367137908936 -33.29382705688477
2888 -11.79107189178467 12.18710422515869 -9.297917366027832
2889 -12.42068004608154 10.72888088226318 -7.880094051361084
2890 -4.16510009765625 45.64965438842773 -14.35308456420898
2891 -3.504067897796631 45.65562057495117 -14.50924777984619
2892 -4.217544078826904 44.66869354248047 -14.23349857330322
2893 -5.257545948028564 43.79697418212891 -13.09943389892578
2894 -3.920144081115723 44.21476364135742 -14.86235618591309
2895 -4.303318977355957 44.22012710571289 -13.99282741546631
2896 -3.66010594367981 45.13439559936523 -14.97521114349365
2897 -18.2966480255127 24.16764450073242 -1.765076994895935
2898 -18.85623550415039 23.3021354675293 -1.763538956642151
2899 -18.67053604125977 23.27974128723145 -1.118268966674805
2900 -18.30172348022461 24.5942554473877 -1.400704979896545
2901 -18.40836906433105 23.63046455383301 -2.719405889511108
2902 -19.06197166442871 23.44227981567383 -3.690802097320557
2903 -19.26373100280762 24.47349166870117 -2.029512882232666
2904 -6.743500232696533 0.4914290010929108 -8.006465911865234
2905 -2.652079105377197 47.23891448974609 3.257044076919556
2906 -3.036818981170654 47.5093879699707 3.187740087509155
2907 -2.94812798500061 48.95516967773438 1.870728015899658
2908 -15.75556373596191 22.39164352416992 -1.935366034507751
2909 -15.95070266723633 21.96327590942383 -1.599990963935852
2910 -16.40345001220703 21.89948654174805 -0.9031550288200378
2911 5.367687225341797 49.58562850952148 -11.04362106323242
2912 3.115602970123291 49.20439910888672 -10.01130199432373
2913 7.270342826843262 38.47753524780273 -18.7253532409668
2914 6.32338285446167 38.30658721923828 -18.7968807220459
2915 7.291831970214844 39.90777969360352 -18.51229476928711
2916 6.672208786010742 39.93192291259766 -18.61701011657715
2917 7.177472114562988 40.6468391418457 -18.14804649353027
2918 -4.384884834289551 26.83133888244629 -19.50112724304199
2919 6.015425205230713 41.3779411315918 6.599250793457031
2920 -6.208069801330566 15.45179843902588 -18.76226806640625
2921 -8.012641906738281 15.50889682769775 -16.80291557312012
2922 -7.124807834625244 16.86491584777832 -18.36201477050781
2923 -5.404386043548584 19.62059593200684 -20.46720886230469
2924 -6.230158805847168 19.73347091674805 -19.70357513427734
2925 9.978302955627441 43.32961654663086 -12.2727222442627
2926 9.019365310668945 44.42617416381836 -14.3513708114624
2927 9.410178184509277 45.34127426147461 -13.25040817260742
2928 10.1733226776123 43.76100540161133 -11.70477485656738
2929 -19.64824104309082 21.7537956237793 -5.422039985656738
2930 -19.11861610412598 22.66009521484375 -3.768044948577881
2931 -20.02864646911621 21.40414237976074 -4.428727149963379
2932 14.875412940979 25.8826789855957 -12.7566385269165
2933 15.39071178436279 25.77865791320801 -13.1104736328125
2934 16.63623809814453 25.95090103149414 -14.70745754241943
2935 5.783450126647949 15.55008697509766 -28.26288414001465
2936 7.003384113311768 43.37158966064453 4.216218948364258
2937 -16.80391502380371 20.82353210449219 -5.190930843353271
2938 -17.13504981994629 20.20260238647461 -5.801342964172363
2939 -17.68032646179199 19.78657341003418 -4.438895225524902
2940 -10.27313327789307 38.46245193481445 -6.932258129119873
2941 -9.42103099822998 39.66506576538086 -6.452859878540039
2942 -7.248816013336182 39.82736587524414 -6.545287132263184
2943 -2.574131011962891 48.96683883666992 2.654669046401978
2944 -5.941036224365234 7.488213062286377 -3.39574408531189
2945 -6.620038986206055 6.67121696472168 -3.502440929412842
2946 -4.487142086029053 8.496217727661133 -4.742671012878418
2947 17.79111862182617 26.54368209838867 -1.461881041526794
2948 7.523704051971436 18.47274780273438 -23.7440071105957
2949 7.130133152008057 21.09305000305176 -22.73154067993164
2950 6.902717113494873 21.59557151794434 -22.98553085327148
2951 7.865572929382324 18.10032081604004 -23.6812686920166
2952 11.34403610229492 5.267311096191406 -38.6361083984375
2953 11.51850891113281 5.792669773101807 -38.17501068115234
2954 11.16255474090576 6.678650856018066 -36.19912719726562
2955 10.86755561828613 6.6474289894104 -35.80619812011719
2956 -6.607343196868896 34.82426071166992 -7.782742023468018
2957 7.491199970245361 5.508092880249023 -11.83351135253906
2958 7.761198997497559 4.094052791595459 -11.23012828826904
2959 6.595723152160645 26.95676803588867 -20.99258041381836
2960 -18.64979934692383 23.04061889648438 -3.879369974136353
2961 -19.14303970336914 21.50176239013672 -3.456909894943237
2962 -18.9405460357666 22.31961059570312 -3.926968097686768
2963 6.686653137207031 40.4630126953125 2.238511085510254
2964 7.730507850646973 40.39361190795898 -1.06527304649353
2965 5.647418022155762 39.65515518188477 5.486411094665527
2966 8.205880165100098 2.933337926864624 -8.632292747497559
2967 7.414525032043457 1.416628956794739 -9.068963050842285
2968 7.757197856903076 1.417978048324585 -8.637476921081543
2969 8.399056434631348 3.529469013214111 -8.009099006652832
2970 -18.5898323059082 22.83342170715332 -0.9846299886703491
2971 -18.64158630371094 22.21803092956543 -1.321848034858704
2972 -17.59040832519531 19.71353721618652 -7.496522903442383
2973 -17.36982727050781 20.17573165893555 -6.653253078460693
2974 -17.51585578918457 19.6296215057373 -7.750783920288086
2975 -18.29551124572754 20.51046562194824 -7.761267185211182
2976 -17.67831039428711 20.69052124023438 -6.841143131256104
2977 20.61994743347168 27.50039291381836 -6.808200836181641
2978 19.21728706359863 28.5909366607666 -6.767326831817627
2979 20.64624404907227 27.38958168029785 -6.273271083831787
2980 19.04949569702148 28.35846138000488 -5.914331912994385
2981 18.4752082824707 27.95824813842773 -5.234981060028076
2982 -3.912391901016235 2.373760938644409 -14.60031414031982
2983 -4.44163703918457 2.218867063522339 -15.63645458221436
2984 -4.252402782440186 3.420598983764648 -14.23013114929199
2985 -4.162291049957275 3.084542036056519 -13.7697925567627
2986 4.785823822021484 16.17498397827148 -7.736581802368164
2987 5.083064079284668 16.36449432373047 -7.935134887695312
2988 5.438586235046387 17.74957466125488 -6.974600791931152
2989 4.366014957427979 15.08962059020996 -9.425254821777344
2990 4.63948392868042 14.84066295623779 -9.825511932373047
2991 6.083493232727051 16.25493240356445 -8.80893611907959
2992 -9.779869079589844 6.353305816650391 -5.030683994293213
2993 -9.528701782226562 5.740602016448975 -5.325494766235352
2994 -8.272520065307617 6.025659084320068 -4.515233993530273
2995 -8.652183532714844 5.452874183654785 -5.585200786590576
2996 -8.675461769104004 6.084642887115479 -4.199319839477539
2997 -7.160787105560303 6.151898860931396 -4.030866146087646
2998 -7.270358085632324 5.624560832977295 -5.002770900726318
2999 -6.701323986053467 6.262663841247559 -4.827581882476807
3000 -22.354248046875 23.99572944641113 -5.514759063720703
3001 -21.56316757202148 24.64575576782227 -6.542131900787354
3002 -5.390800952911377 43.90870666503906 -3.979564905166626
3003 -4.234241008758545 47.33837890625 -8.209287643432617
3004 -4.96160888671875 42.39925384521484 -3.96815299987793
3005 -4.288194179534912 41.23606491088867 -5.868292808532715
3006 9.369050025939941 44.85336303710938 -3.122400045394897
3007 9.215252876281738 45.22383117675781 -1.82757294178009
3008 5.487576007843018 29.63531112670898 -3.941019058227539
3009 6.961465835571289 48.35152053833008 -16.26557540893555
3010 7.242506980895996 48.008544921875 -19.30284118652344
3011 7.106526851654053 47.46657562255859 -19.54245758056641
3012 -6.841309070587158 9.221783638000488 -15.12976837158203
3013 -8.449943542480469 8.430169105529785 -15.77696895599365
3014 -5.639848232269287 9.319091796875 -15.0846061706543
3015 -2.968374967575073 40.92874526977539 3.42126989364624
3016 -2.934694051742554 41.11848449707031 2.85517692565918
3017 -3.143224000930786 41.81787109375 2.915332078933716
3018 13.50699996948242 0.6128159761428833 -14.65025043487549
3019 13.88004302978516 0.8473330140113831 -12.29452800750732
3020 14.34662532806396 0.3803389966487885 -12.83022499084473
3021 14.25308799743652 0.389028012752533 -14.58849811553955
3022 13.44719314575195 0.8337039947509766 -15.31506061553955
3023 -0.5719389915466309 10.13114356994629 -16.34912490844727
3024 0.5308719873428345 8.48536205291748 -19.00483512878418
3025 -0.08974699676036835 10.10613346099854 -16.26551055908203
3026 0.5852959752082825 9.237445831298828 -17.09493064880371
3027 -0.1482339948415756 9.005439758300781 -18.6392765045166
3028 1.079231977462769 8.306145668029785 -18.67825889587402
3029 20.8411922454834 17.14490509033203 -2.048446893692017
3030 21.49637031555176 17.28260803222656 -2.04292106628418
3031 19.67147445678711 17.8935546875 -0.7602699995040894
3032 5.215880870819092 8.168404579162598 -20.80200576782227
3033 4.632760047912598 8.178659439086914 -20.7008056640625
3034 5.568315982818604 6.645036220550537 -23.18893814086914
3035 4.56691312789917 8.732722282409668 -20.38793182373047
3036 4.420918941497803 8.055578231811523 -20.28219223022461
3037 3.969149112701416 7.315969944000244 -20.83047294616699
3038 4.576161861419678 7.33514404296875 -20.82979011535645
3039 -1.007635951042175 9.94022274017334 -25.52242851257324
3040 0.09443999826908112 8.96108341217041 -22.35757255554199
3041 -18.46425819396973 24.26441764831543 -0.631039023399353
3042 -4.451848030090332 9.419205665588379 -14.75284385681152
3043 -3.587563991546631 9.129694938659668 -13.6462869644165
3044 -4.991399765014648 9.826118469238281 -14.54337596893311
3045 8.324080467224121 46.64101791381836 -9.70775318145752
3046 7.274439811706543 48.16880798339844 -11.22783756256104
3047 11.33377456665039 6.067817211151123 -33.69431304931641
3048 10.71720123291016 6.134109973907471 -32.29885482788086
3049 11.23136138916016 5.249289035797119 -34.58731079101562
3050 10.73434734344482 6.820220947265625 -31.97646141052246
3051 11.49256801605225 5.935697078704834 -34.80627822875977
3052 10.91879653930664 6.875239849090576 -33.00436401367188
3053 11.2023344039917 6.128636837005615 -35.15246963500977
3054 10.89991855621338 6.992950916290283 -33.61925506591797
3055 11.26283645629883 6.673850059509277 -35.41894912719727
3056 10.35024547576904 7.931049823760986 -33.64013671875
3057 10.53769779205322 7.64332103729248 -33.15742111206055
3058 -9.20676326751709 30.51448440551758 -9.458855628967285
3059 -10.05336475372314 30.58520126342773 -9.13563346862793
3060 -8.576263427734375 30.72115135192871 -11.31928634643555
3061 -8.58759593963623 30.58554267883301 -10.70478820800781
3062 11.28594493865967 25.78371429443359 -15.05948829650879
3063 10.91801834106445 24.94977760314941 -11.59440898895264
3064 11.15419101715088 24.39644622802734 -12.11504077911377
3065 10.30418968200684 23.98193550109863 -9.407365798950195
3066 11.28928661346436 24.16818046569824 -13.30057716369629
3067 -0.08132900297641754 39.56020736694336 8.796880722045898
3068 0.4198620021343231 39.51478576660156 8.331942558288574
3069 2.226763963699341 39.48961639404297 9.127144813537598
3070 2.871634006500244 39.52059173583984 9.827548027038574
3071 -1.165617942810059 39.66175842285156 5.541418075561523
3072 0.3790600001811981 39.82209014892578 10.03094959259033
3073 -0.8655679821968079 39.90227890014648 8.261408805847168
3074 -1.179626941680908 40.09969329833984 7.867812156677246
3075 -1.670753002166748 39.72929000854492 5.86855411529541
3076 14.91254234313965 34.94255065917969 -18.7769947052002
3077 14.19771289825439 35.111083984375 -18.72363662719727
3078 16.11194038391113 35.35384368896484 -18.45198822021484
3079 16.1760311126709 32.70569229125977 -17.86502838134766
3080 -6.332386016845703 26.18610954284668 -16.80989456176758
3081 -6.429809093475342 26.50995826721191 -15.75331974029541
3082 -6.54558277130127 27.23303604125977 -15.45872592926025
3083 -6.888312816619873 26.56030082702637 -14.35712623596191
3084 -14.29618453979492 27.11002922058105 -6.844204902648926
3085 -13.61856746673584 26.42802047729492 -8.055683135986328
3086 -19.37415885925293 23.41813087463379 -2.051918983459473
3087 -19.7172679901123 23.4433708190918 -1.327147960662842
3088 8.512334823608398 40.03333282470703 -6.717833042144775
3089 7.698124885559082 40.60800933837891 -6.84996223449707
3090 -11.62977504730225 14.36087226867676 -10.95354557037354
3091 -10.41476821899414 17.5778694152832 -14.53609180450439
3092 -14.46328067779541 32.3717041015625 -8.758626937866211
3093 -13.59490489959717 32.14728927612305 -9.741459846496582
3094 -20.00328636169434 20.54237747192383 -9.662834167480469
3095 5.183389186859131 43.88951873779297 9.926333427429199
3096 5.024032115936279 43.43174743652344 9.924165725708008
3097 8.778665542602539 8.149842262268066 -4.744322776794434
3098 9.281428337097168 7.08334493637085 -4.920555114746094
3099 10.05044746398926 7.11870288848877 -3.569030046463013
3100 10.36544609069824 6.505599021911621 -3.976995944976807
3101 11.14057064056396 6.752328872680664 -3.206264972686768
3102 10.60007762908936 7.450687885284424 -3.246215105056763
3103 21.25411415100098 23.49358749389648 -1.421342968940735
3104 21.57553672790527 22.35537719726562 -0.4033539891242981
3105 7.876370906829834 2.921672105789185 -13.12763404846191
3106 -10.37387275695801 6.092488765716553 -5.845330238342285
3107 -10.64001560211182 6.641783237457275 -5.478120803833008
3108 -11.26974582672119 6.723127841949463 -7.820054054260254
3109 -10.13142585754395 5.756409168243408 -6.305941104888916
3110 -9.812228202819824 5.768603801727295 -6.109481811523438
3111 13.58379745483398 29.01551246643066 -15.9477367401123
3112 14.43900012969971 29.4858570098877 -17.02547836303711
3113 -10.82872104644775 31.08075714111328 -13.57980346679688
3114 -10.62088108062744 30.49538612365723 -12.21026611328125
3115 -11.01139736175537 30.80902290344238 -13.69104194641113
3116 -4.349911212921143 0.8289700150489807 -2.442830085754395
3117 -2.906126022338867 8.400219917297363 -9.642585754394531
3118 -3.635504961013794 9.679954528808594 -8.919074058532715
3119 -2.929274082183838 10.03885936737061 -10.67060279846191
3120 -3.675633907318115 10.13707828521729 -9.22562313079834
3121 -3.515537023544312 9.835442543029785 -7.206902027130127
3122 -3.684326887130737 10.38614559173584 -6.060238838195801
3123 -4.227313041687012 9.037631034851074 -5.301050186157227
3124 -4.279274940490723 9.23478889465332 -4.823791980743408
3125 -3.977250099182129 8.859531402587891 -5.620560169219971
3126 18.38518714904785 31.11465644836426 -16.74335289001465
3127 18.51500511169434 31.96411514282227 -16.16415023803711
3128 17.86002922058105 30.74334526062012 -17.05876731872559
3129 21.03072357177734 26.08863639831543 -11.89725399017334
3130 21.24667167663574 26.16678428649902 -12.15643405914307
3131 18.89504051208496 25.18874168395996 -13.02181625366211
3132 20.65872955322266 26.2782096862793 -13.75551986694336
3133 -2.027952909469604 12.76334667205811 -16.15238380432129
3134 -2.197998046875 14.29602527618408 -14.78272914886475
3135 -3.068746089935303 13.83281517028809 -16.67057609558105
3136 2.184293031692505 43.8334846496582 10.70143795013428
3137 8.639950752258301 16.36478424072266 -24.04499053955078
3138 8.611126899719238 14.71011352539062 -24.50554466247559
3139 8.265072822570801 16.98862838745117 -23.54158020019531
3140 -8.00757884979248 22.98822975158691 -16.19959449768066
3141 -10.34910488128662 19.93378448486328 -13.66806411743164
3142 -9.576186180114746 20.79931640625 -15.26712894439697
3143 -10.11794853210449 18.38430404663086 -15.14560127258301
3144 -13.74483299255371 22.48111724853516 -4.210835933685303
3145 -13.55873680114746 22.84952545166016 -3.694297075271606
3146 -13.33650302886963 22.3696346282959 -3.328862905502319
3147 -3.218161106109619 11.76862335205078 -10.60310935974121
3148 -3.782078981399536 11.1478271484375 -10.36998176574707
3149 -4.327927112579346 11.80954456329346 -12.31251430511475
3150 -3.134684085845947 12.32302761077881 -10.40713882446289
3151 -19.45862770080566 30.39604568481445 -9.362588882446289
3152 13.4426441192627 2.766154050827026 -4.892724990844727
3153 13.20604991912842 2.347594976425171 -3.455965042114258
3154 13.57083129882812 1.640545964241028 -2.836739063262939
3155 14.0108699798584 1.629449963569641 -4.90262508392334
3156 11.78586006164551 0.4845339953899384 -16.46884536743164
3157 10.22388744354248 0.4825850129127502 -16.00345611572266
3158 9.531034469604492 0.7666839957237244 -15.47698974609375
3159 9.875845909118652 1.56986403465271 -16.49419593811035
3160 7.545423030853271 31.1878547668457 -18.49585151672363
3161 7.188535213470459 30.78939819335938 -19.37216186523438
3162 6.777213096618652 31.09980583190918 -19.39442443847656
3163 7.124631881713867 31.60630226135254 -18.40439605712891
3164 8.263156890869141 30.16803359985352 -18.06962013244629
3165 7.440195083618164 31.43134880065918 -17.79139709472656
3166 0.3993490040302277 18.28526496887207 -26.9310302734375
3167 1.054734945297241 17.68296813964844 -27.63497924804688
3168 1.010790944099426 18.51231575012207 -26.82647895812988
3169 1.900195956230164 17.74398040771484 -27.71953010559082
3170 7.446203231811523 9.786636352539062 -12.10507774353027
3171 7.605710983276367 10.28259086608887 -10.90463638305664
3172 7.59839916229248 10.59522247314453 -11.30366611480713
3173 8.162898063659668 10.42423915863037 -9.757391929626465
3174 7.228804111480713 10.04097557067871 -10.69295024871826
3175 15.70184516906738 32.4461784362793 -10.34232521057129
3176 17.34932899475098 32.72167205810547 -10.780592918396
3177 15.95838642120361 32.36771392822266 -9.655357360839844
3178 17.2578067779541 35.13034057617188 -15.0805721282959
3179 17.73085021972656 33.85271072387695 -15.51437854766846
3180 17.62611389160156 34.88159942626953 -15.93433570861816
3181 17.25912857055664 35.64916229248047 -15.7857608795166
3182 -1.974462032318115 47.35401153564453 -14.16509914398193
3183 -2.882736921310425 46.16794586181641 -14.31790447235107
3184 -2.651278018951416 47.02792739868164 -13.8217248916626
3185 -3.423079013824463 46.14234161376953 -14.57158660888672
3186 -3.591281890869141 46.73310852050781 -13.80603218078613
3187 13.98100757598877 39.5931282043457 -15.10132789611816
3188 14.89052104949951 38.66338729858398 -14.22106075286865
3189 -2.247742891311646 17.71414756774902 -7.8057861328125
3190 -1.347586989402771 18.26276779174805 -6.427406787872314
3191 0.3718250095844269 18.13385391235352 -5.568574905395508
3192 -1.377972006797791 16.62909126281738 -7.829951763153076
3193 5.3901047706604 33.49064636230469 -19.53057479858398
3194 5.928380966186523 32.00120544433594 -19.82418441772461
3195 6.638580799102783 30.94894409179688 -19.90170669555664
3196 5.396865844726562 34.80082321166992 -21.15046119689941
3197 5.701616764068604 34.99100494384766 -19.68202209472656
3198 6.344086170196533 34.86236572265625 -19.29773902893066
3199 -15.70640182495117 21.02471542358398 -2.991544961929321
3200 -15.81452465057373 21.68874549865723 -2.342226982116699
3201 10.21693420410156 0.794634997844696 -11.81504535675049
3202 13.52537536621094 16.09726333618164 -3.965539932250977
3203 13.8567419052124 17.71029281616211 -5.335690975189209
3204 12.90023899078369 17.68816375732422 -4.629073143005371
3205 11.52869033813477 17.93905448913574 -4.757815837860107
3206 11.75009822845459 17.54400444030762 -4.386697769165039
3207 -8.22266960144043 18.0062255859375 -4.828114986419678
3208 -9.590899467468262 18.12887763977051 -5.577006816864014
3209 -19.11728477478027 21.50261878967285 -6.274145126342773
3210 1.020495057106018 19.24071502685547 -27.02997398376465
3211 0.2288369983434677 22.69786071777344 -26.59576034545898
3212 1.174754977226257 21.07734489440918 -28.51957893371582
3213 1.714910984039307 19.94993782043457 -28.1889762878418
3214 -0.3735690116882324 21.74638938903809 -24.59990882873535
3215 -7.89502477645874 43.00548553466797 -10.66827392578125
3216 -6.60891580581665 43.04217147827148 -10.68012619018555
3217 -7.386117935180664 42.2970085144043 -11.44015407562256
3218 -5.689984798431396 21.63262748718262 -7.62560510635376
3219 -5.421464920043945 22.24390411376953 -8.629948616027832
3220 -3.556739091873169 1.314597964286804 -5.917912006378174
3221 -3.970097064971924 16.40704345703125 -22.35630226135254
3222 -4.527938842773438 16.72684860229492 -20.32559585571289
3223 -4.006722927093506 18.81161880493164 -21.38012886047363
3224 -3.514863967895508 18.14871215820312 -22.95630264282227
3225 -2.54450798034668 14.08465766906738 -24.98856735229492
3226 -6.803359985351562 0.6831550002098083 -6.315596103668213
3227 -7.17840576171875 0.6385300159454346 -5.871774196624756
3228 18.28178977966309 25.53351783752441 -0.6323689818382263
3229 2.590030908584595 5.606009006500244 -27.14630126953125
3230 2.36531400680542 5.939472198486328 -26.09191513061523
3231 2.418176889419556 5.58625602722168 -26.42899322509766
3232 3.441186904907227 5.318687915802002 -26.44431686401367
3233 -3.288590908050537 1.590322971343994 -13.70065879821777
3234 -3.47359299659729 0.5297629833221436 -12.01738739013672
3235 -3.668657064437866 0.8859170079231262 -13.68491363525391
3236 -4.20060396194458 0.6355159878730774 -12.64832401275635
3237 4.721324920654297 13.3516263961792 -14.39493083953857
3238 6.034381866455078 13.71620655059814 -15.28372478485107
3239 6.955914974212646 12.329176902771 -11.19758892059326
3240 3.154934883117676 27.39315223693848 -4.595652103424072
3241 1.255054950714111 27.44873809814453 -4.640812873840332
3242 1.086655020713806 25.40662574768066 -3.935811996459961
3243 0.7622249722480774 27.10403442382812 -4.749924182891846
3244 0.7043420076370239 27.43909454345703 -5.256795883178711
3245 1.525184988975525 27.552001953125 -5.135424137115479
3246 -18.75110244750977 22.9919548034668 -2.090718030929565
3247 -18.46207809448242 23.19730758666992 -3.392544984817505
3248 -10.69474124908447 0.570218026638031 -6.749001026153564
3249 -11.3125057220459 0.2884440124034882 -5.752727031707764
3250 -11.51595306396484 0.123710997402668 -6.979787826538086
3251 -10.77768421173096 0.09971900284290314 -7.099548816680908
3252 -12.93603229522705 0.1562180072069168 -8.059329032897949
3253 -12.70631885528564 0.06621400266885757 -6.354702949523926
3254 -17.91096115112305 19.54311943054199 -8.388376235961914
3255 -18.28326606750488 19.86489105224609 -8.581390380859375
3256 -17.88957595825195 19.05313110351562 -9.144915580749512
3257 13.93691062927246 35.88338851928711 -8.726380348205566
3258 13.30780792236328 36.1872444152832 -8.388949394226074
3259 13.82968521118164 35.34738922119141 -8.736636161804199
3260 14.21817588806152 35.50860595703125 -8.821148872375488
3261 14.37058734893799 36.70981597900391 -9.600410461425781
3262 14.65179252624512 36.20597839355469 -9.880064010620117
3263 13.15453624725342 37.18641662597656 -8.547508239746094
3264 -4.73233699798584 43.54487609863281 -13.20507717132568
3265 -2.588656902313232 45.12158203125 3.704880952835083
3266 -0.8188689947128296 45.54305648803711 4.286584854125977
3267 -2.496011972427368 45.35652542114258 3.473059892654419
3268 -5.954393863677979 3.979475021362305 -7.208263874053955
3269 -6.728485107421875 4.687471866607666 -7.021646022796631
3270 -4.002272129058838 4.079641819000244 -8.402447700500488
3271 -5.050938129425049 4.673031806945801 -7.825685024261475
3272 -0.4279749989509583 13.53432655334473 -13.30436325073242
3273 -14.81465911865234 34.34223175048828 -11.08831119537354
3274 -15.11260223388672 34.32745361328125 -11.49308490753174
3275 -14.20887184143066 34.43324661254883 -11.74829769134521
3276 -14.8479471206665 34.72208404541016 -12.5526294708252
3277 12.54506778717041 36.55953216552734 -18.84869003295898
3278 10.20519828796387 34.08629989624023 -17.53578758239746
3279 16.06493377685547 21.48270225524902 0.430635005235672
3280 16.09438514709473 21.38366889953613 -0.1746650040149689
3281 16.48134994506836 23.73184394836426 -1.13290798664093
3282 16.94987297058105 22.44006538391113 -0.9060090184211731
3283 -1.640805959701538 34.67006301879883 -23.9477653503418
3284 -0.9414790272712708 35.81272506713867 -22.10774803161621
3285 -1.057114005088806 34.64328765869141 -20.74051856994629
3286 -0.4000050127506256 35.30065536499023 -20.20968246459961
3287 -1.549945950508118 34.67409896850586 -20.81881332397461
3288 -0.6433979868888855 34.1236686706543 -20.0882625579834
3289 18.11101913452148 22.52639770507812 -2.454740047454834
3290 19.14281463623047 22.37446212768555 -2.178675889968872
3291 19.22078323364258 22.19820213317871 -3.462162017822266
3292 16.77194213867188 36.73722839355469 -16.17514610290527
3293 17.30780220031738 35.36673355102539 -16.33322334289551
3294 -0.7457929849624634 13.5278959274292 -27.11187362670898
3295 -1.545369982719421 12.34955215454102 -26.07678604125977
3296 -1.665050029754639 15.34434700012207 -26.10543060302734
3297 -0.3063929975032806 12.70948219299316 -28.57714653015137
3298 -1.049751043319702 10.98404693603516 -27.10700416564941
3299 -17.44602584838867 18.28318405151367 -8.984563827514648
3300 -13.19841575622559 26.52958679199219 -13.55865097045898
3301 -13.64597797393799 28.4835090637207 -14.76104831695557
3302 -13.06570625305176 28.16478729248047 -14.01704406738281
3303 -14.08928871154785 26.76446533203125 -14.23103427886963
3304 -13.26016521453857 28.79023170471191 -15.34733963012695
3305 -14.61338138580322 28.00713920593262 -14.94325065612793
3306 -13.87929153442383 28.90702056884766 -15.08504390716553
3307 -11.55080986022949 8.31990909576416 -13.48434543609619
3308 -12.17273044586182 8.24021053314209 -12.68350696563721
3309 -12.1707124710083 7.670197010040283 -12.28848552703857
3310 -11.58494663238525 7.970316886901855 -13.88059520721436
3311 17.15459823608398 27.2092170715332 -15.43512344360352
3312 17.72302436828613 26.63564682006836 -15.1343879699707
3313 18.66261100769043 27.19236183166504 -16.1545581817627
3314 18.46100997924805 27.4257926940918 -16.56331062316895
3315 5.25916576385498 27.29459762573242 -22.0596981048584
3316 5.808998107910156 27.11004066467285 -21.91860389709473
3317 5.521591186523438 25.27525901794434 -23.01106452941895
3318 6.639546871185303 23.68574714660645 -23.03597068786621
3319 6.35853910446167 28.06471252441406 -21.07746505737305
3320 10.20535564422607 0.868598997592926 -4.779821872711182
3321 9.332586288452148 0.304313987493515 -12.1716423034668
3322 9.305089950561523 0.391772985458374 -13.90864753723145
3323 9.363760948181152 0.279013991355896 -10.93248271942139
3324 5.958065986633301 35.20658874511719 -24.32164573669434
3325 5.367187976837158 34.72394943237305 -24.25381851196289
3326 5.433445930480957 35.37526321411133 -24.30111122131348
3327 4.796969890594482 35.77740097045898 -22.72029304504395
3328 5.854458808898926 38.46466445922852 -21.87786865234375
3329 5.408996105194092 38.4555549621582 -21.9864673614502
3330 1.265166044235229 34.73467636108398 -2.312642097473145
3331 1.151973962783813 34.78744506835938 -2.119555950164795
3332 1.713384985923767 36.01667785644531 -1.981289982795715
3333 0.6525160074234009 35.46239852905273 -1.787415027618408
3334 8.022913932800293 26.72687530517578 -20.14704322814941
3335 8.417379379272461 27.59295654296875 -19.05745315551758
3336 7.478028774261475 26.90499305725098 -20.37719345092773
3337 -16.66402626037598 28.67892646789551 -16.15113639831543
3338 -16.4105224609375 30.12015151977539 -16.17457580566406
3339 -15.86533164978027 29.77783203125 -16.32501411437988
3340 -15.2446117401123 28.91746139526367 -16.1156063079834
3341 13.81634521484375 18.2415943145752 -5.550895214080811
3342 12.49362564086914 18.54231834411621 -4.989789009094238
3343 6.734744071960449 12.66127490997314 -10.3311185836792
3344 12.71560859680176 9.287954330444336 -15.53773593902588
3345 10.17483234405518 6.787170886993408 -15.72014427185059
3346 11.38864612579346 9.100820541381836 -15.26156616210938
3347 9.973118782043457 9.112642288208008 -15.22547626495361
3348 -4.873239040374756 0.4693509936332703 -2.199639081954956
3349 -4.649535179138184 0.4978449940681458 -2.03859806060791
3350 0.4067580103874207 18.98530006408691 -26.0656909942627
3351 -0.6744710206985474 21.28640747070312 -24.51210975646973
3352 -0.8238710165023804 20.9593563079834 -24.89551734924316
3353 -0.2137919962406158 19.35045623779297 -26.07941627502441
3354 2.24236798286438 5.684164047241211 -25.17828559875488
3355 -3.847193956375122 28.08822250366211 -8.230292320251465
3356 -4.465781211853027 27.79715347290039 -8.153885841369629
3357 -3.610146999359131 28.53878211975098 -7.701512813568115
3358 -3.97346305847168 27.55855178833008 -7.943606853485107
3359 -6.322390079498291 41.63277816772461 -7.057429790496826
3360 -13.53913879394531 33.50085830688477 -9.387887001037598
3361 1.178086042404175 50.79256820678711 -4.456028938293457
3362 0.06382700055837631 50.51483154296875 -3.032264947891235
3363 2.876131057739258 50.92039489746094 -4.066737174987793
3364 1.18996000289917 50.99308013916016 -2.751203060150146
3365 -8.249945640563965 35.22921752929688 -16.11391448974609
3366 -9.685088157653809 35.69371032714844 -16.82880973815918
3367 -8.815635681152344 34.08710861206055 -16.27408027648926
3368 -7.95118522644043 35.21141815185547 -15.54652881622314
3369 9.279509544372559 44.47138977050781 -3.494538068771362
3370 9.361414909362793 43.41530990600586 -3.18769097328186
3371 9.930542945861816 44.83271789550781 -4.727252006530762
3372 -15.45951080322266 30.08429718017578 -16.10343742370605
3373 -16.6696605682373 31.43243217468262 -15.71652793884277
3374 21.03844261169434 24.56449508666992 -10.36079406738281
3375 19.97397041320801 23.84185409545898 -10.05996608734131
3376 -10.09026908874512 4.065503120422363 -7.909255981445312
3377 -15.85945892333984 21.22493362426758 -8.536314964294434
3378 8.557119369506836 4.487523078918457 -8.935625076293945
3379 8.698339462280273 4.786602973937988 -8.392030715942383
3380 6.494246006011963 13.41127395629883 -9.604405403137207
3381 2.032550096511841 8.532607078552246 -18.21251487731934
3382 2.101032018661499 9.930108070373535 -15.95041561126709
3383 1.77507495880127 9.821059226989746 -16.36792373657227
3384 1.443176984786987 10.02159214019775 -15.74773597717285
3385 1.013033032417297 9.47414493560791 -16.78964614868164
3386 20.81679344177246 24.69457817077637 -1.72902500629425
3387 20.57398986816406 24.15834808349609 -1.515722036361694
3388 19.62935447692871 24.6164722442627 -0.9591240286827087
3389 20.33754539489746 23.10724258422852 -1.599225044250488
3390 19.94525718688965 23.11406326293945 -1.720999956130981
3391 20.07189750671387 23.54520797729492 -1.31162703037262
3392 7.810853958129883 0.4623009860515594 -9.306134223937988
3393 7.95890998840332 0.8358089923858643 -8.609075546264648
3394 8.845547676086426 0.5145549774169922 -8.760946273803711
3395 8.067801475524902 11.86121654510498 -11.91535186767578
3396 9.277791023254395 12.67331886291504 -15.4811487197876
3397 -6.664690017700195 37.80339431762695 -5.337847232818604
3398 15.1108865737915 10.70315933227539 -3.685513973236084
3399 15.68408489227295 11.54574775695801 -5.263566017150879
3400 7.259078979492188 6.483039855957031 -37.62929534912109
3401 6.500811100006104 8.095276832580566 -35.55618286132812
3402 -0.9861549735069275 15.06924152374268 -26.46669387817383
3403 -1.815271973609924 16.8680477142334 -25.52554893493652
3404 -6.656919002532959 4.130331039428711 -7.389659881591797
3405 -6.825261116027832 2.51507306098938 -6.856350898742676
3406 5.598770141601562 39.56172180175781 -3.220885038375854
3407 6.372262001037598 39.91650772094727 -3.87909197807312
3408 6.510152816772461 39.85377883911133 -4.503712177276611
3409 6.704039096832275 38.18947219848633 -3.93527889251709
3410 6.719336986541748 38.38685607910156 -4.257284164428711
3411 16.22841835021973 34.76730346679688 -12.22802829742432
3412 16.35953521728516 34.10416030883789 -11.85447788238525
3413 16.38026237487793 34.05603408813477 -12.69795227050781
3414 16.44040107727051 33.75634002685547 -13.58604335784912
3415 16.20903778076172 33.59199142456055 -12.06941604614258
3416 9.466854095458984 4.036855220794678 -7.490109920501709
3417 9.469040870666504 3.766585111618042 -6.768495082855225
3418 8.735578536987305 3.618453979492188 -6.876935005187988
3419 -13.3245964050293 1.138996005058289 -3.74746298789978
3420 -13.66254997253418 0.2203460037708282 -3.429147005081177
3421 13.65314960479736 5.671294212341309 -5.210069179534912
3422 13.02138710021973 6.03584623336792 -4.562296867370605
3423 14.43096446990967 6.506223201751709 -4.56226921081543
3424 13.15935707092285 28.38921546936035 -11.20731639862061
3425 13.24866008758545 27.86795616149902 -11.58176803588867
3426 13.76363086700439 27.09611892700195 -10.41895961761475
3427 9.509413719177246 31.28135681152344 -9.081055641174316
3428 9.668411254882812 31.3767147064209 -9.803576469421387
3429 8.572202682495117 31.49148941040039 -7.870154857635498
3430 8.561440467834473 30.7955493927002 -7.948193073272705
3431 9.291999816894531 31.7962818145752 -8.43193244934082
3432 9.827481269836426 31.65644454956055 -9.398276329040527
3433 8.743393898010254 28.86246490478516 -8.638522148132324
3434 22.34320259094238 26.62016677856445 -10.81558322906494
3435 21.59172439575195 25.55895614624023 -10.22762107849121
3436 1.480334043502808 33.54515838623047 -2.341439008712769
3437 2.944972038269043 33.72751235961914 -2.345067977905273
3438 3.886286020278931 33.59210586547852 -2.683103084564209
3439 5.474755764007568 33.47702789306641 -3.069359064102173
3440 1.717336058616638 34.0854606628418 -2.144602060317993
3441 -2.931289911270142 40.56219482421875 -18.29018592834473
3442 -2.318310976028442 39.88351821899414 -18.85369682312012
3443 -2.34760594367981 38.21969985961914 -18.84770011901855
3444 -2.998166084289551 41.14372634887695 -21.30988693237305
3445 -2.998904943466187 39.61709594726562 -18.0853214263916
3446 18.04240417480469 24.87108993530273 -0.1972540020942688
3447 17.71365737915039 23.73283958435059 0.8340460062026978
3448 8.18468189239502 21.0982608795166 -26.01143836975098
3449 8.355449676513672 20.64544868469238 -28.51201820373535
3450 8.633830070495605 42.09883880615234 1.260280013084412
3451 8.532632827758789 41.74245834350586 -1.163180947303772
3452 -2.352492094039917 40.3990478515625 3.290019989013672
3453 -1.451434969902039 41.29497909545898 7.949197769165039
3454 15.39511489868164 20.24835777282715 0.07218199968338013
3455 15.28714656829834 20.31986427307129 -0.6723290085792542
3456 15.94760227203369 20.82606506347656 0.8410540223121643
3457 -8.385242462158203 15.69484424591064 -16.18186950683594
3458 -9.03297233581543 15.48761367797852 -15.63791847229004
3459 13.25470542907715 20.57369232177734 -6.956055164337158
3460 -14.65320587158203 27.32056427001953 -6.536221981048584
3461 -15.57129001617432 26.79033851623535 -5.892837047576904
3462 -15.39655590057373 26.0483512878418 -5.850039958953857
3463 1.118935942649841 8.221101760864258 -29.43518257141113
3464 1.348819971084595 7.279372215270996 -28.18381309509277
3465 -0.9423620104789734 9.598667144775391 -25.90444183349609
3466 1.520709991455078 6.658689975738525 -26.28104400634766
3467 0.2282769978046417 8.373378753662109 -22.7498779296875
3468 -0.4811939895153046 10.73914623260498 -28.0938663482666
3469 -0.5489069819450378 11.24193859100342 -27.99448204040527
3470 -5.04627513885498 30.77100944519043 -15.38818264007568
3471 -4.857109069824219 30.43612861633301 -16.34869956970215
3472 -5.441906929016113 32.43275833129883 -16.41899108886719
3473 -5.587697982788086 30.30841255187988 -15.56591796875
3474 -5.262012004852295 30.51065826416016 -15.16734886169434
3475 -5.462571144104004 32.82408142089844 -15.80572891235352
3476 -2.693634986877441 38.45594787597656 -3.37354302406311
3477 -2.18169903755188 37.68398284912109 -3.42886209487915
3478 -2.023510932922363 39.46548843383789 -3.393407106399536
3479 6.300023078918457 32.79991912841797 -19.46684455871582
3480 15.21535873413086 9.650955200195312 -3.511276006698608
3481 -12.79659652709961 33.94743728637695 -8.316299438476562
3482 -13.0472993850708 34.40814208984375 -8.872953414916992
3483 -13.56832504272461 33.57205200195312 -9.977250099182129
3484 -4.851362228393555 18.84625625610352 -20.49882888793945
3485 -4.315244197845459 15.25675296783447 -19.68834495544434
3486 -5.473179817199707 15.79374217987061 -19.34145355224609
3487 21.82361030578613 22.73129463195801 -7.752884864807129
3488 -6.80557918548584 11.56846714019775 -2.747513055801392
3489 -8.028226852416992 12.13617515563965 -2.809699058532715
3490 -7.729890823364258 10.27085304260254 -1.994963049888611
3491 -8.761153221130371 10.58675193786621 -2.094540119171143
3492 -9.576386451721191 12.11010646820068 -3.32784104347229
3493 -9.835135459899902 13.27195835113525 -3.324512004852295
3494 -7.739424228668213 13.05881977081299 -2.861831903457642
3495 -22.24473762512207 20.45408248901367 -8.690018653869629
3496 10.77703475952148 7.956920146942139 -29.72647476196289
3497 10.14489269256592 9.089839935302734 -27.43109130859375
3498 10.34583187103271 9.951192855834961 -27.83527755737305
3499 9.525565147399902 37.45944595336914 -14.44214153289795
3500 9.340533256530762 37.75442123413086 -14.67982769012451
3501 9.48382568359375 37.87501907348633 -15.03338718414307
3502 9.284585952758789 37.35907745361328 -14.51380252838135
3503 9.397170066833496 37.10517501831055 -14.90232181549072
3504 -14.73593235015869 36.20204544067383 -15.38187122344971
3505 -15.50879955291748 33.47813034057617 -14.52183818817139
3506 -2.663132905960083 39.3640251159668 -3.617130041122437
3507 15.17430400848389 25.19749069213867 -11.12478446960449
3508 0.2553409934043884 18.64695358276367 -5.303964138031006
3509 -1.043097019195557 18.88856506347656 -5.95304012298584
3510 -2.436189889907837 18.38612174987793 -7.244428157806396
3511 15.09749412536621 5.732534885406494 -7.269034862518311
3512 14.33194446563721 4.896062850952148 -7.193795204162598
3513 15.21663665771484 4.784566879272461 -8.201050758361816
3514 14.19345474243164 4.792407989501953 -7.476838111877441
3515 15.65519046783447 4.077810764312744 -8.259063720703125
3516 16.3995304107666 3.805259943008423 -9.096222877502441
3517 14.92859363555908 4.187414169311523 -7.902382850646973
3518 11.78975677490234 4.384972095489502 -38.50897979736328
3519 11.22723388671875 4.102169036865234 -36.97969436645508
3520 11.59643363952637 5.038393974304199 -35.3895263671875
3521 11.61385822296143 4.826512813568115 -37.59889602661133
3522 11.83139133453369 4.882568836212158 -39.73688888549805
3523 -10.98861122131348 8.186389923095703 -3.674392938613892
3524 -11.80564308166504 9.632096290588379 -5.490485191345215
3525 -11.73749732971191 8.742042541503906 -5.468729972839355
3526 -11.711594581604 10.09785556793213 -4.906311988830566
3527 -10.74621772766113 9.707192420959473 -3.376281023025513
3528 7.501675128936768 22.50948333740234 -24.31306076049805
3529 -20.50182723999023 18.47783279418945 -8.043115615844727
3530 -20.20111465454102 19.64868927001953 -8.860744476318359
3531 -21.25818634033203 18.60133934020996 -8.084179878234863
3532 -18.88938331604004 26.40279769897461 -4.722382068634033
3533 -2.708944082260132 51.29898071289062 -12.52042770385742
3534 9.478908538818359 2.001069068908691 -15.89700317382812
3535 8.87260627746582 1.499163031578064 -15.69420719146729
3536 10.15334701538086 4.435835838317871 -15.80592346191406
3537 19.5714168548584 31.01151275634766 -16.51391792297363
3538 18.74605178833008 33.04367828369141 -15.43058204650879
3539 18.75761604309082 32.37990570068359 -15.76246452331543
3540 20.23627090454102 31.48610877990723 -15.80362987518311
3541 17.88709831237793 33.15771484375 -16.01864624023438
3542 13.82655715942383 3.540149927139282 -7.233678817749023
3543 13.93459415435791 4.148199081420898 -7.476812839508057
3544 14.37735652923584 2.479290008544922 -7.441335201263428
3545 13.10638236999512 3.689627885818481 -6.462442874908447
3546 14.13168430328369 2.730942010879517 -6.601714134216309
3547 -5.754306793212891 0.6388000249862671 -13.53016662597656
3548 -4.922889232635498 0.2975020110607147 -12.22633266448975
3549 -4.928573131561279 0.4026319980621338 -13.92235946655273
3550 -6.190423011779785 0.3653349876403809 -14.66720962524414
3551 14.2014045715332 20.12743949890137 -4.315884113311768
3552 13.74398422241211 20.47426605224609 -5.058145999908447
3553 14.37217617034912 20.56126022338867 -5.156958103179932
3554 14.05311489105225 18.80428504943848 -5.165678977966309
3555 14.00430202484131 20.20221328735352 -3.964523077011108
3556 14.05374908447266 19.21545219421387 -4.500915050506592
3557 14.67527484893799 20.28766632080078 -4.03523588180542
3558 -10.23214530944824 37.4186897277832 -16.6154670715332
3559 1.101762056350708 33.427978515625 -2.388284921646118
3560 0.8517090082168579 32.67984771728516 -2.042097091674805
3561 1.267186045646667 32.37743377685547 -2.358124017715454
3562 -0.2726899981498718 32.73401641845703 -2.109591960906982
3563 0.719635009765625 31.63561820983887 -2.267954111099243
3564 13.24476146697998 28.55682754516602 -11.86186504364014
3565 13.38887023925781 29.2870979309082 -11.09205055236816
3566 0.4533259868621826 45.89674377441406 5.675613880157471
3567 -0.8636829853057861 45.77084350585938 4.925337791442871
3568 0.8754140138626099 45.90071868896484 5.281132221221924
3569 -19.63576889038086 28.82806205749512 -8.069857597351074
3570 -19.02475357055664 29.60742378234863 -8.33854866027832
3571 8.153519630432129 30.29019927978516 -17.48220252990723
3572 8.662545204162598 30.16446304321289 -17.32835006713867
3573 9.16966724395752 30.5773754119873 -15.92612552642822
3574 0.5142210125923157 22.96169853210449 -4.292078971862793
3575 -0.0442270003259182 22.45235061645508 -4.079763889312744
3576 0.474247008562088 20.15054512023926 -4.769733905792236
3577 0.08983699977397919 19.6771125793457 -4.725339889526367
3578 -1.593076944351196 21.69631576538086 -4.649887084960938
3579 15.31346893310547 8.712814331054688 -14.70556354522705
3580 13.89323902130127 9.476189613342285 -15.54841995239258
3581 13.78993034362793 8.17402172088623 -15.86443710327148
3582 7.54482889175415 8.274561882019043 -13.2073974609375
3583 7.390377998352051 7.578957080841064 -12.95590591430664
3584 7.624826908111572 8.518956184387207 -13.81478309631348
3585 7.603919982910156 8.686712265014648 -13.06498241424561
3586 3.29749608039856 28.36794853210449 -5.148976802825928
3587 3.26860499382019 28.29586601257324 -4.62909984588623
3588 2.031543016433716 28.62388038635254 -3.717658042907715
3589 14.89303970336914 0.2101680040359497 -11.6026554107666
3590 15.96097660064697 0.4292060136795044 -9.931745529174805
3591 14.88550090789795 0.1783359944820404 -9.786279678344727
3592 12.95835590362549 31.00687789916992 -10.75087928771973
3593 12.91743659973145 30.57917785644531 -10.91062355041504
3594 -5.255447864532471 4.097630023956299 -15.20717525482178
3595 -5.218798160552979 2.171099901199341 -15.93071556091309
3596 3.880635023117065 6.601055145263672 -21.31625366210938
3597 -16.20354080200195 32.92859649658203 -14.30611705780029
3598 -15.93271827697754 32.71969223022461 -14.61707210540771
3599 -9.085635185241699 0.9819909930229187 -16.23288345336914
3600 -9.014269828796387 2.312114953994751 -16.41815948486328
3601 -8.497191429138184 1.725852012634277 -16.90982627868652
3602 -9.714756011962891 1.382845997810364 -16.40406036376953
3603 -8.341729164123535 0.5090029835700989 -16.47346496582031
3604 -9.955386161804199 0.6638280153274536 -15.836594581604
3605 -9.037834167480469 0.6743029952049255 -15.66606998443604
3606 -8.624342918395996 0.3895860016345978 -15.90654945373535
3607 -13.08945274353027 34.55977249145508 -8.827559471130371
3608 -13.76661682128906 34.11476898193359 -9.838409423828125
3609 -15.65107727050781 20.2142219543457 -7.570380210876465
3610 -15.88347339630127 21.00337982177734 -7.703310012817383
3611 -17.11009407043457 20.1723461151123 -6.422554016113281
3612 14.72086620330811 19.28950881958008 -13.65283584594727
3613 14.46801471710205 20.44757080078125 -12.33910274505615
3614 -12.67938137054443 34.25970840454102 -7.771389961242676
3615 -11.24902725219727 35.01956939697266 -6.535841941833496
3616 -11.74418830871582 35.16243362426758 -6.699173927307129
3617 -12.3346471786499 33.36530685424805 -8.094361305236816
3618 -12.14450836181641 33.18050003051758 -7.523466110229492
3619 -11.17582511901855 34.36007308959961 -6.426386833190918
3620 -11.88997268676758 35.83123016357422 -7.134716033935547
3621 -10.38353633880615 34.04767608642578 -6.240062236785889
3622 9.975222587585449 31.71146774291992 -11.37764167785645
3623 7.356957912445068 26.69912338256836 -5.874772071838379
3624 7.851370811462402 25.20475387573242 -6.049606800079346
3625 7.233405113220215 26.89931869506836 -6.634483814239502
3626 6.449045181274414 27.12470436096191 -5.699183940887451
3627 5.919983863830566 27.3746337890625 -5.987040996551514
3628 7.604709148406982 28.39310646057129 -7.757397174835205
3629 -3.472069978713989 18.62864112854004 -22.51037979125977
3630 14.41619396209717 9.501158714294434 -2.739124059677124
3631 15.46915531158447 8.300402641296387 -3.977765083312988
3632 6.96658182144165 28.18090629577637 -20.11338424682617
3633 9.431921005249023 45.23063278198242 8.847886085510254
3634 9.734845161437988 44.71097564697266 8.865519523620605
3635 9.29277229309082 44.46224594116211 8.52247428894043
3636 9.455426216125488 21.47440528869629 -20.1978588104248
3637 18.3623218536377 24.09354782104492 -8.681307792663574
3638 17.38495254516602 24.20930671691895 -9.071730613708496
3639 14.11767959594727 23.91606521606445 -5.224123954772949
3640 13.17612457275391 23.11698341369629 -4.950078964233398
3641 13.71681308746338 21.06720542907715 -5.425142765045166
3642 13.07273101806641 20.94695281982422 -5.016400814056396
3643 12.98278713226318 23.21142196655273 -3.828474044799805
3644 -18.1353931427002 31.52422714233398 -9.612065315246582
3645 -0.5257760286331177 46.61911773681641 5.031732082366943
3646 -2.236391067504883 47.036376953125 4.220723152160645
3647 -1.729529023170471 46.27793121337891 4.284386157989502
3648 -1.925379037857056 40.09228515625 -2.335191011428833
3649 -3.378849983215332 40.14445114135742 -3.497567892074585
3650 -2.899182081222534 39.97573471069336 -4.643350124359131
3651 -2.791552066802979 40.49836349487305 1.190891027450562
3652 -1.727522015571594 39.69064712524414 -3.656507015228271
3653 -1.145701050758362 40.51486206054688 0.4915859997272491
3654 -1.671090960502625 39.84432220458984 -3.13540506362915
3655 -0.861752986907959 15.33792972564697 -26.80863761901855
3656 -1.011307001113892 18.08960151672363 -25.65088272094727
3657 1.655491948127747 14.0743293762207 -10.49972438812256
3658 3.360323905944824 14.23104953765869 -10.50051212310791
3659 2.446525096893311 14.41422843933105 -10.12583446502686
3660 3.214387893676758 14.53922939300537 -9.380279541015625
3661 2.599808931350708 14.4846830368042 -9.680105209350586
3662 1.326141953468323 14.46828174591064 -9.319007873535156
3663 2.555641889572144 10.98329067230225 -14.72497081756592
3664 3.73982310295105 12.94519805908203 -13.13819217681885
3665 3.661894083023071 12.55541324615479 -13.76223564147949
3666 -8.539819717407227 40.76806259155273 -14.543137550354
3667 -9.418702125549316 41.43945693969727 -13.62791538238525
3668 -0.004495000001043081 11.44155693054199 -28.99907493591309
3669 0.1868129968643188 11.95928001403809 -28.91100120544434
3670 1.406093955039978 9.533772468566895 -30.86459159851074
3671 1.943222045898438 9.600987434387207 -31.31332588195801
3672 2.229588985443115 10.21425819396973 -31.75053787231445
3673 0.3272889852523804 12.13979244232178 -29.29824066162109
3674 -11.0661506652832 39.00299453735352 -15.77684497833252
3675 -12.31353855133057 38.83751678466797 -15.27755355834961
3676 -10.68146324157715 40.05133056640625 -14.5042610168457
3677 -10.51863956451416 38.22711181640625 -16.24922943115234
3678 -11.90224170684814 38.35383224487305 -16.0954704284668
3679 -13.08150863647461 38.53139877319336 -15.14526653289795
3680 -13.14875888824463 38.69129943847656 -14.09979152679443
3681 -11.67346096038818 39.87741470336914 -13.53867626190186
3682 6.341662883758545 40.00518417358398 5.880827903747559
3683 -1.708523988723755 15.90406894683838 -9.18153190612793
3684 21.32760429382324 26.55074882507324 -13.58803939819336
3685 22.31105995178223 26.89521217346191 -11.82235336303711
3686 -4.700468063354492 34.62096786499023 -17.71332359313965
3687 -4.930994987487793 36.60669326782227 -17.61104393005371
3688 -4.004268169403076 34.11040115356445 -18.30533599853516
3689 -3.8264319896698 33.4873046875 -17.9422550201416
3690 -2.694969892501831 34.71853637695312 -19.01155281066895
3691 12.08651447296143 7.567009925842285 -2.393522977828979
3692 10.99084377288818 8.602508544921875 -2.370409965515137
3693 10.86453247070312 7.515158176422119 -2.84145188331604
3694 12.29397010803223 7.096595764160156 -2.877418994903564
3695 10.19388675689697 7.82762622833252 -3.012018918991089
3696 10.43154811859131 9.434040069580078 -2.754271984100342
3697 8.360742568969727 11.11008167266846 -21.21318054199219
3698 8.67496395111084 13.49413394927979 -20.17069435119629
3699 7.799060821533203 14.72685623168945 -17.10561561584473
3700 9.071054458618164 12.71535110473633 -22.53746604919434
3701 8.890567779541016 16.06297874450684 -21.59890747070312
3702 8.701603889465332 16.55183601379395 -18.16804695129395
3703 2.509989023208618 46.601806640625 3.905890941619873
3704 2.694912910461426 45.7367057800293 5.444340229034424
3705 3.225826025009155 47.51328659057617 2.984873056411743
3706 3.172224998474121 47.26034545898438 2.657871961593628
3707 2.832000970840454 45.06291961669922 5.925851821899414
3708 2.276483058929443 45.23762512207031 5.349173069000244
3709 19.05192375183105 32.60380935668945 -15.0633373260498
3710 20.55185127258301 31.96794891357422 -14.40073776245117
3711 19.1886157989502 32.78291702270508 -14.45644760131836
3712 18.1318302154541 33.922607421875 -14.87130260467529
3713 18.83880805969238 33.64673614501953 -14.50808620452881
3714 -14.61483478546143 21.26847839355469 -3.129230976104736
3715 -15.98886585235596 22.17904090881348 -2.369349956512451
3716 -15.88569259643555 21.95681953430176 -2.647142887115479
3717 12.42834568023682 30.85608863830566 -10.49477958679199
3718 13.09847736358643 31.21408462524414 -10.39722442626953
3719 -19.32285308837891 21.07024574279785 -3.809381008148193
3720 -19.33975601196289 21.22553825378418 -4.01853609085083
3721 -19.19459342956543 22.01729011535645 -4.507988929748535
3722 14.07088184356689 26.27018737792969 -11.34574699401855
3723 1.140884041786194 45.65213394165039 5.641108989715576
3724 -9.24176025390625 0.5947219729423523 -14.79343128204346
3725 -8.462763786315918 0.3256480097770691 -14.89641857147217
3726 -9.226401329040527 0.7900189757347107 -15.2719202041626
3727 -8.059414863586426 0.5101150274276733 -15.3816089630127
3728 14.3359203338623 1.975000023841858 -5.06198787689209
3729 13.5663890838623 3.192720890045166 -5.106101036071777
3730 13.11392307281494 3.441589117050171 -5.148996829986572
3731 12.55604457855225 2.571960926055908 -4.773871898651123
3732 20.10145568847656 23.03260231018066 -8.872904777526855
3733 19.16288185119629 23.69829940795898 -9.405036926269531
3734 20.30817985534668 23.53494453430176 -9.498866081237793
3735 21.24907684326172 23.20354270935059 -8.935797691345215
3736 20.72312545776367 23.57289886474609 -9.761945724487305
3737 21.12618255615234 23.24504852294922 -8.386448860168457
3738 -4.29450798034668 10.0921688079834 -14.16244411468506
3739 -3.152865886688232 9.532852172851562 -13.09601783752441
3740 -7.11428689956665 0.919933021068573 -16.70165634155273
3741 -5.834795951843262 0.3718029856681824 -15.65266132354736
3742 -5.619926929473877 0.8255419731140137 -16.16869354248047
3743 -6.19855785369873 0.5518079996109009 -15.14935398101807
3744 -3.139307975769043 6.871915817260742 -10.65130424499512
3745 -2.811327934265137 7.395802021026611 -9.862513542175293
3746 -4.104105949401855 6.268861770629883 -8.482709884643555
3747 -3.101444005966187 6.338531970977783 -10.41952514648438
3748 -3.399749040603638 5.285833835601807 -11.32446956634521
3749 -2.842221975326538 6.776889801025391 -11.55840969085693
3750 -2.408346891403198 52.39872741699219 -13.76744556427002
3751 -2.538589954376221 52.37678527832031 -12.02850723266602
3752 -11.89361190795898 37.01485061645508 -9.093656539916992
3753 -11.13685321807861 37.46358489990234 -7.857478141784668
3754 -12.42137432098389 36.52569580078125 -8.239266395568848
3755 -11.83552646636963 36.95829772949219 -10.15834522247314
3756 9.165716171264648 0.2864820063114166 -9.06702709197998
3757 10.75827789306641 3.891297101974487 -37.69779968261719
3758 16.03524017333984 8.155256271362305 -5.521330833435059
3759 15.40360641479492 7.024520874023438 -5.139777183532715
3760 -9.70850944519043 10.3463659286499 -2.495173931121826
3761 -10.27086353302002 9.933703422546387 -3.213006019592285
3762 -8.603755950927734 9.772665977478027 -2.037200927734375
3763 -6.777262210845947 9.759700775146484 -2.428360939025879
3764 16.40397071838379 2.771687030792236 -6.048962116241455
3765 15.78536415100098 0.6274970173835754 -5.610601902008057
3766 16.38184356689453 1.909536957740784 -5.268064022064209
3767 -4.039988040924072 14.68545627593994 -18.62504196166992
3768 -5.326955795288086 14.64594745635986 -18.7401065826416
3769 -5.327744007110596 15.00887298583984 -19.15664863586426
3770 -4.813496112823486 13.96842384338379 -18.36195182800293
3771 -5.898952960968018 13.60517978668213 -17.55643272399902
3772 -5.988568782806396 14.74449253082275 -18.22068023681641
3773 -6.00459623336792 7.902472019195557 -2.930933952331543
3774 -5.042666912078857 8.411869049072266 -3.64662504196167
3775 5.898241996765137 34.66062164306641 -24.1580638885498
3776 4.94398307800293 34.79082107543945 -21.3386116027832
3777 5.172176837921143 40.21443939208984 8.662274360656738
3778 5.365850925445557 39.71433258056641 8.30870246887207
3779 5.807898998260498 40.48379516601562 8.329488754272461
3780 9.252773284912109 42.60818862915039 10.57923603057861
3781 8.943744659423828 42.2524299621582 10.36423015594482
3782 9.65256404876709 42.29327011108398 10.0756196975708
3783 9.725044250488281 42.78876876831055 10.05822086334229
3784 9.066647529602051 41.92061614990234 9.601195335388184
3785 9.628127098083496 42.30475234985352 8.777144432067871
3786 9.742530822753906 42.8469352722168 8.99555492401123
3787 -4.596879005432129 40.65475082397461 -6.007411003112793
3788 -5.375914096832275 41.73876953125 -7.707697868347168
3789 -4.88958215713501 41.15442657470703 -6.413095951080322
3790 -10.41731929779053 29.11103248596191 -12.0696907043457
3791 -10.80253982543945 28.7588939666748 -12.58129405975342
3792 -10.23438358306885 29.68464279174805 -13.12618923187256
3793 -10.99360466003418 29.02889442443848 -11.36132717132568
3794 -10.88428401947021 29.68518257141113 -14.25379371643066
3795 -12.58584880828857 28.11387062072754 -13.12713146209717
3796 -11.48374080657959 28.95316886901855 -14.19572067260742
3797 13.32846832275391 14.48063945770264 -14.21683406829834
3798 12.97783660888672 14.23923206329346 -14.48454284667969
3799 14.41482830047607 13.08405113220215 -12.04318046569824
3800 5.141825199127197 47.92177200317383 4.343851089477539
3801 3.560111999511719 46.53498077392578 5.06240177154541
3802 3.760852098464966 45.28567886352539 5.938595771789551
3803 3.423017024993896 46.00299835205078 5.170482158660889
3804 3.233227968215942 45.37856674194336 5.786110877990723
3805 4.037342071533203 44.83526229858398 6.587055206298828
3806 22.05653190612793 30.20767593383789 -12.91511821746826
3807 22.1724796295166 29.1789436340332 -14.21569538116455
3808 -4.839763164520264 46.24910354614258 -12.34841537475586
3809 16.14957046508789 0.518884003162384 -5.311357975006104
3810 16.4128532409668 0.3299460113048553 -5.991257190704346
3811 15.58241844177246 0.2480030059814453 -5.74162483215332
3812 15.39594841003418 1.454440951347351 -5.574687957763672
3813 -0.9499319791793823 30.47611999511719 -3.401268005371094
3814 -2.582185983657837 30.4501781463623 -4.475742816925049
3815 -1.907848954200745 29.98176956176758 -4.354258060455322
3816 -1.012521982192993 29.98098182678223 -3.995644092559814
3817 1.034283995628357 31.37561225891113 -2.744679927825928
3818 -0.2865740060806274 31.14220428466797 -3.056267976760864
3819 -2.950223922729492 47.68006134033203 -12.71276760101318
3820 -2.931116104125977 47.34930419921875 -13.64733409881592
3821 -3.36144495010376 47.35403442382812 -12.46695899963379
3822 12.92859554290771 9.669899940490723 -2.030504941940308
3823 11.80025768280029 9.276941299438477 -1.997902989387512
3824 11.35317802429199 9.75507926940918 -2.343056917190552
3825 13.96031475067139 8.467069625854492 -2.475255966186523
3826 10.35185146331787 28.29554748535156 -15.4706974029541
3827 10.06119632720947 26.4873161315918 -16.87741851806641
3828 9.805780410766602 28.83891296386719 -15.65542411804199
3829 10.04774379730225 26.94496917724609 -17.26449966430664
3830 -2.056240081787109 40.34085464477539 2.36882209777832
3831 -20.3529167175293 23.27459144592285 -10.24472332000732
3832 -20.60614967346191 23.67673492431641 -10.66974830627441
3833 -21.1834716796875 24.11709403991699 -10.31966686248779
3834 11.33337020874023 41.43582534790039 -14.4255542755127
3835 11.94462966918945 42.04401397705078 -13.74023723602295
3836 13.46755886077881 40.91670227050781 -13.53376388549805
3837 -1.370795965194702 47.58266830444336 -14.83127975463867
3838 -2.143948078155518 48.40882110595703 -16.03733825683594
3839 -1.518365979194641 48.2890625 -12.73117637634277
3840 -1.22270405292511 47.30582809448242 -15.71633911132812
3841 -0.5120729804039001 47.26562118530273 -16.05046272277832
3842 5.964628219604492 4.986008167266846 -36.52302932739258
3843 4.788416862487793 4.976587772369385 -34.16475677490234
3844 5.803487777709961 4.060455799102783 -33.4836540222168
3845 -9.459298133850098 40.98893737792969 -14.20242786407471
3846 -4.725152015686035 45.20815658569336 10.25046634674072
3847 -5.253868103027344 45.10567855834961 10.04637336730957
3848 -5.257510185241699 44.55963516235352 10.42127990722656
3849 11.44795608520508 1.293419003486633 -5.89893913269043
3850 12.06195068359375 2.537713050842285 -4.769069194793701
3851 12.29111957550049 3.104103088378906 -6.125575065612793
3852 11.36574077606201 1.864457011222839 -6.07506799697876
3853 11.59103298187256 0.9426940083503723 -4.660571098327637
3854 11.81298828125 0.3918980062007904 -4.805569171905518
3855 19.42897605895996 20.98136711120605 0.01085100043565035
3856 18.72671127319336 19.8990306854248 0.3932130038738251
3857 19.49608993530273 21.53936004638672 -0.628974974155426
3858 17.89770126342773 18.6656665802002 -0.8048229813575745
3859 -2.00465202331543 30.48569488525391 -23.1138744354248
3860 -1.63272500038147 31.43118476867676 -23.7425651550293
3861 -1.967918038368225 28.62077140808105 -26.50521469116211
3862 -2.03270411491394 28.75859260559082 -24.88954162597656
3863 1.484835028648376 7.991020202636719 -29.75677680969238
3864 -4.082643032073975 10.8136100769043 -5.266944885253906
3865 -4.363307952880859 9.974025726318359 -4.622642993927002
3866 -4.497769832611084 10.47576713562012 -4.782526016235352
3867 -4.639738082885742 10.25972652435303 -4.246849060058594
3868 -3.724297046661377 10.73116779327393 -12.64242362976074
3869 -4.934606075286865 11.13996505737305 -12.75576305389404
3870 -6.578567028045654 39.44830703735352 -14.1315221786499
3871 -5.837441921234131 37.71953964233398 -15.31618595123291
3872 -23.58416748046875 22.2122631072998 -7.113179206848145
3873 -6.861187934875488 17.6798095703125 -4.780017852783203
3874 -6.917914867401123 39.13331604003906 -14.1417932510376
3875 -7.347187995910645 39.36377334594727 -14.72270488739014
3876 -7.993113040924072 40.1552848815918 -14.88027667999268
3877 -0.7403249740600586 39.45809173583984 -20.08763313293457
3878 0.9364519715309143 44.21277618408203 -17.94893074035645
3879 -0.2868480086326599 44.77225112915039 -17.9004955291748
3880 -1.265092015266418 41.12091064453125 -19.66587448120117
3881 12.01796340942383 13.15000343322754 -2.885541915893555
3882 13.5225076675415 13.23960113525391 -3.038815021514893
3883 18.96477890014648 33.35057067871094 -13.83131504058838
3884 3.255786895751953 50.75875473022461 -1.64967405796051
3885 3.919286966323853 50.76841354370117 -3.128012895584106
3886 2.561901092529297 50.20126342773438 -0.3990480005741119
3887 0.5139200091362 50.57990264892578 -1.594617962837219
3888 -19.81374168395996 23.0193920135498 -10.20333194732666
3889 -19.86069679260254 24.08593559265137 -10.95088386535645
3890 -19.4075813293457 23.68735122680664 -11.07930946350098
3891 -15.00982856750488 34.58199310302734 -13.50911045074463
3892 -2.583312034606934 20.05785751342773 -23.47994232177734
3893 -2.179018974304199 20.76976585388184 -24.06761169433594
3894 18.00458717346191 1.203631043434143 -6.757626056671143
3895 17.18303298950195 2.996874094009399 -6.515231132507324
3896 17.36771011352539 0.5356879830360413 -7.729979991912842
3897 17.67802810668945 0.2533720135688782 -6.606602191925049
3898 17.40331077575684 1.459537029266357 -7.882276058197021
3899 16.67705154418945 3.051759958267212 -7.714786052703857
3900 5.74649715423584 31.37436485290527 -3.700531959533691
3901 17.73457145690918 31.61862182617188 -8.533978462219238
3902 18.6585865020752 30.90690040588379 -8.016739845275879
3903 16.44098472595215 31.81206130981445 -8.731988906860352
3904 7.775269031524658 44.89376068115234 -15.43362712860107
3905 8.018611907958984 45.6751708984375 -14.72208786010742
3906 -12.44237899780273 35.76640701293945 -7.844860076904297
3907 -15.98449325561523 23.58001899719238 -8.172750473022461
3908 -16.42703247070312 23.29771614074707 -9.238245010375977
3909 -15.60360527038574 23.64699172973633 -9.554217338562012
3910 -15.61803245544434 23.71262550354004 -10.25889301300049
3911 -14.35024547576904 24.32001876831055 -8.992045402526855
3912 -8.008513450622559 23.03926467895508 -10.06808853149414
3913 -0.7752940058708191 29.60288619995117 -3.65723705291748
3914 -1.834630012512207 29.69686508178711 -4.099072933197021
3915 -1.661491990089417 29.08333015441895 -4.304599761962891
3916 -17.20384979248047 20.81250190734863 -6.056192874908447
3917 -18.35112762451172 21.65735054016113 -6.137382984161377
3918 23.62957191467285 24.44063949584961 -5.783145904541016
3919 8.752656936645508 46.07863235473633 -8.792660713195801
3920 9.293835639953613 46.68127822875977 -10.90784931182861
3921 9.330778121948242 46.61433792114258 -12.11896133422852
3922 5.953573226928711 36.09771728515625 -3.107161998748779
3923 10.83172035217285 27.54043769836426 -13.77918720245361
3924 10.57802391052246 26.58959770202637 -16.08274269104004
3925 11.13086128234863 26.61647796630859 -14.4785099029541
3926 -1.466868042945862 27.99275970458984 -26.49028396606445
3927 -1.466261029243469 28.64542198181152 -26.56962394714355
3928 -0.5997549891471863 28.92420768737793 -24.03297233581543
3929 -0.6482020020484924 30.61374282836914 -23.44071197509766
3930 -1.185181021690369 31.38080024719238 -23.89342308044434
3931 -1.380252957344055 32.16452026367188 -20.74600982666016
3932 7.521485805511475 23.31335258483887 -25.07469749450684
3933 -3.505212068557739 2.397865056991577 -11.11595439910889
3934 -3.299072980880737 2.457726955413818 -11.5103006362915
3935 -2.923796892166138 2.713067054748535 -11.29032325744629
3936 -3.661305904388428 3.01841402053833 -13.36162567138672
3937 -3.203856945037842 2.302774906158447 -10.72196197509766
3938 -3.316077947616577 4.067732810974121 -11.37332820892334
3939 -3.217231035232544 4.041892051696777 -13.05020809173584
3940 -4.296794891357422 33.02424240112305 -17.80558967590332
3941 -4.254578113555908 30.33407020568848 -17.36145782470703
3942 20.29959106445312 32.26051712036133 -13.53936195373535
3943 19.69193458557129 31.87705230712891 -11.31361103057861
3944 12.82711505889893 11.50189876556396 -10.97929954528809
3945 10.49822902679443 11.3074779510498 -11.02445316314697
3946 11.47964477539062 11.12413024902344 -12.4131498336792
3947 13.35145854949951 11.39070320129395 -10.68040561676025
3948 13.23232078552246 11.32966709136963 -12.47343921661377
3949 -10.27749156951904 13.31189632415771 -3.94373893737793
3950 -10.70030879974365 12.94012546539307 -4.139738082885742
3951 -10.30646133422852 12.04162120819092 -4.153864860534668
3952 -10.21578884124756 17.11031532287598 -5.586849212646484
3953 -11.29869747161865 11.61532592773438 -5.143795967102051
3954 -1.765141010284424 18.91887283325195 -5.994304180145264
3955 -1.48042094707489 19.27927780151367 -5.83385181427002
3956 -2.468343019485474 21.6494140625 -5.152777194976807
3957 -3.019964933395386 20.80234146118164 -5.720293998718262
3958 -2.995800971984863 18.72621917724609 -6.955535888671875
3959 -2.854357004165649 12.57668781280518 -8.712451934814453
3960 -2.867974996566772 13.238450050354 -8.963906288146973
3961 -3.339307069778442 10.07667255401611 -8.167304992675781
3962 -3.310503959655762 11.32452297210693 -9.105463981628418
3963 -2.782001972198486 12.53602981567383 -10.04795360565186
3964 7.697474002838135 4.150002956390381 -10.68072128295898
3965 19.62223815917969 29.32586097717285 -7.245642185211182
3966 21.23330879211426 27.05031585693359 -6.522158145904541
3967 20.71801948547363 28.85284614562988 -7.892176151275635
3968 -20.61597061157227 20.99520111083984 -4.512659072875977
3969 -21.11406898498535 20.9477424621582 -4.404284954071045
3970 -21.2588996887207 20.52704238891602 -4.471889972686768
3971 14.83327770233154 11.20563125610352 -10.33532047271729
3972 14.76615047454834 13.19795036315918 -11.99533081054688
3973 15.08797931671143 1.880934953689575 -15.71368026733398
3974 14.11983489990234 2.029593944549561 -16.44812774658203
3975 13.94052791595459 4.136237144470215 -15.66956329345703
3976 14.25679969787598 0.6842169761657715 -15.9064302444458
3977 15.08774662017822 1.112486958503723 -15.01313304901123
3978 -1.820309042930603 17.86758995056152 -25.36477279663086
3979 -3.18245005607605 19.85666465759277 -23.15172386169434
3980 -1.291054010391235 18.73614501953125 -25.41278648376465
3981 -1.369143009185791 17.13067626953125 -25.54988288879395
3982 9.198103904724121 36.69235610961914 -14.88711166381836
3983 19.23775482177734 30.10196685791016 -7.630088806152344
3984 0.2977710068225861 44.42366027832031 9.607305526733398
3985 1.158599019050598 44.00246047973633 10.26257514953613
3986 1.566514015197754 44.20010757446289 9.309481620788574
3987 1.294831037521362 44.20709609985352 8.769794464111328
3988 0.04989799857139587 44.41717529296875 9.35645866394043
3989 -9.579756736755371 0.2134069949388504 -9.197101593017578
3990 -10.15063953399658 0.4593319892883301 -9.153152465820312
3991 -16.20357704162598 33.54397964477539 -13.82880592346191
3992 -11.11609554290771 10.66085243225098 -10.10289478302002
3993 -10.72317409515381 10.8425407409668 -10.20695018768311
3994 11.58939743041992 31.47800636291504 -15.35009765625
3995 13.47377109527588 30.48706436157227 -15.84384155273438
3996 13.28119945526123 30.66726303100586 -15.2529182434082
3997 12.01693534851074 31.65466499328613 -16.80108261108398
3998 14.12948036193848 30.35518455505371 -16.66365051269531
3999 13.31339263916016 29.70703506469727 -15.8568115234375
4000 15.77281379699707 20.20532989501953 -1.336897015571594
4001 15.71361827850342 19.69832229614258 -1.355990052223206
4002 -1.147554993629456 27.20798873901367 -5.574358940124512
4003 0.2393510043621063 27.48137474060059 -4.898948192596436
4004 -5.929966926574707 29.4850959777832 -14.89180088043213
4005 2.071677923202515 23.27466011047363 -4.010175228118896
4006 1.01469898223877 22.55564308166504 -3.940927982330322
4007 3.390336990356445 22.49556159973145 -3.953911066055298
4008 -20.5799560546875 26.05731010437012 -9.379179000854492
4009 -21.65917015075684 24.80942344665527 -9.004165649414062
4010 -21.64847755432129 24.37537002563477 -9.964061737060547
4011 15.49484443664551 0.7113749980926514 -12.41763877868652
4012 13.36426067352295 0.6414099931716919 -12.2630500793457
4013 10.75021743774414 5.884874820709229 -31.75778961181641
4014 7.842241764068604 24.79076957702637 -5.486055850982666
4015 7.9289870262146 23.94186401367188 -5.734264850616455
4016 4.786417961120605 15.43040370941162 -32.03287506103516
4017 -22.07368469238281 20.24943542480469 -4.39197301864624
4018 -22.53952980041504 20.83676338195801 -4.088677883148193
4019 -21.02956771850586 18.99794006347656 -3.928153991699219
4020 19.0344352722168 21.69783592224121 -1.187862992286682
4021 18.1645450592041 21.9181957244873 -1.36642599105835
4022 -0.5239610075950623 36.11734390258789 -2.554469108581543
4023 -4.367188930511475 0.4017690122127533 -2.867254018783569
4024 -4.667679786682129 0.2915529906749725 -2.545037031173706
4025 8.650818824768066 31.71415138244629 -7.346556186676025
4026 13.59535026550293 5.661314964294434 -15.64757347106934
4027 13.04567527770996 5.915719985961914 -15.68930053710938
4028 13.22339630126953 4.397006034851074 -15.77884387969971
4029 13.10393714904785 8.352388381958008 -15.64622020721436
4030 12.55979919433594 5.981007099151611 -16.00005722045898
4031 12.77440929412842 6.50858211517334 -15.99635887145996
4032 -10.9506950378418 0.8380259871482849 -5.642313003540039
4033 21.59985160827637 24.31540870666504 -10.04122924804688
4034 -5.472853183746338 29.8237133026123 -14.80846214294434
4035 -5.878748893737793 31.12312889099121 -14.82744026184082
4036 10.18627166748047 42.91247177124023 -12.54751396179199
4037 10.49892330169678 42.45457077026367 -13.01990509033203
4038 11.02020931243896 42.60939025878906 -12.78541278839111
4039 10.74005031585693 42.38605117797852 -13.51734066009521
4040 -5.45909309387207 11.1951150894165 -10.84511756896973
4041 -5.940030097961426 11.38202857971191 -11.18098545074463
4042 -4.82181978225708 11.95719242095947 -12.63385677337646
4043 -6.107301235198975 11.29495620727539 -11.05879020690918
4044 -5.47997522354126 10.98029041290283 -12.63155746459961
4045 -4.723112106323242 11.20693492889404 -11.18964862823486
4046 7.575395107269287 43.19719314575195 9.908786773681641
4047 4.975315093994141 42.65554428100586 10.62355136871338
4048 5.912991046905518 42.07244110107422 8.78972053527832
4049 -1.512559056282043 33.06010437011719 -19.44313812255859
4050 -2.742578983306885 34.25360488891602 -19.17468452453613
4051 -3.743706941604614 33.27196502685547 -18.03419494628906
4052 15.91543483734131 23.80721282958984 -2.84406590461731
4053 15.34029006958008 22.74798011779785 -3.048263072967529
4054 16.41656112670898 23.79072952270508 -3.404522895812988
4055 4.184027194976807 19.41052436828613 -4.825916767120361
4056 3.860074996948242 22.89483642578125 -4.277864933013916
4057 5.916534900665283 22.54563522338867 -4.91481876373291
4058 5.037782192230225 23.18812561035156 -4.379238128662109
4059 4.340988159179688 22.34086418151855 -4.095211982727051
4060 -3.335341930389404 43.0958137512207 9.913114547729492
4061 -3.903997898101807 43.83050155639648 10.018310546875
4062 -4.382542133331299 43.65175247192383 9.84089469909668
4063 -4.712307929992676 42.88302612304688 10.44949626922607
4064 -3.110477924346924 44.1915397644043 9.80543041229248
4065 -4.551364898681641 44.61450576782227 10.50760841369629
4066 9.528149604797363 20.09052848815918 -19.62723159790039
4067 10.47662353515625 20.14949417114258 -19.29806137084961
4068 6.07147216796875 35.7360954284668 -22.38663101196289
4069 14.85958576202393 24.87050247192383 -5.420541763305664
4070 15.20441246032715 24.2282600402832 -5.543822765350342
4071 15.97149753570557 25.36582374572754 -5.987677097320557
4072 -6.20936393737793 18.15088081359863 -4.9875807762146
4073 -5.375998020172119 20.85236167907715 -6.958319187164307
4074 -4.7829909324646 21.84413719177246 -8.348487854003906
4075 -3.836965084075928 19.60709762573242 -7.708696842193604
4076 9.253569602966309 10.83018112182617 -3.912255048751831
4077 10.06485939025879 10.53186988830566 -3.053086042404175
4078 10.20018482208252 10.06093788146973 -3.090677976608276
4079 9.258556365966797 12.28990745544434 -4.781510829925537
4080 -3.364094018936157 49.26411437988281 -3.053473949432373
4081 -3.645090103149414 48.09664535522461 -0.170868992805481
4082 -3.21940803527832 49.77680206298828 -2.682845115661621
4083 -2.268474102020264 50.29962921142578 -4.375682830810547
4084 -3.528956890106201 47.97332382202148 -0.8317989706993103
4085 -4.186556816101074 47.78496551513672 -3.052705049514771
4086 2.312421083450317 11.5886402130127 -14.14824390411377
4087 2.763828039169312 13.02077388763428 -12.71442317962646
4088 1.955458045005798 11.69499588012695 -13.74118041992188
4089 1.990012049674988 12.85054969787598 -12.84786510467529
4090 1.357969999313354 11.48176860809326 -14.13745403289795
4091 8.087647438049316 46.21337890625 -14.70313453674316
4092 -9.14576244354248 4.633608818054199 -6.938093185424805
4093 -9.671017646789551 4.90381908416748 -6.912240982055664
4094 19.87318229675293 22.83648872375488 -0.05344200134277344
4095 19.36960220336914 21.6613655090332 0.6304789781570435
4096 18.24237632751465 21.98654747009277 1.3106689453125
4097 18.4176025390625 20.41957473754883 0.9700930118560791
4098 -16.13977432250977 24.52980041503906 -4.743110179901123
4099 -16.62882804870605 25.33296966552734 -4.688714981079102
4100 -16.1544132232666 23.2240047454834 -4.538216114044189
4101 -16.39616203308105 23.81608581542969 -6.117231845855713
4102 -16.30233573913574 24.68875122070312 -5.352309226989746
4103 0.2010490000247955 8.064915657043457 -21.35335350036621
4104 0.4895020127296448 7.788335800170898 -22.36115264892578
4105 15.89847660064697 34.74465560913086 -11.25347137451172
4106 8.60877513885498 11.02472591400146 -10.76408863067627
4107 7.878466129302979 10.88167953491211 -11.75343894958496
4108 9.187089920043945 11.19987773895264 -11.23809719085693
4109 9.299962043762207 11.10039520263672 -12.79610061645508
4110 8.365847587585449 10.85385894775391 -12.84312152862549
4111 7.460264205932617 9.519245147705078 -13.10429382324219
4112 10.4888162612915 24.9884090423584 -10.68042373657227
4113 10.98335456848145 26.03942680358887 -14.33426952362061
4114 -14.89181518554688 22.82021713256836 -4.25471305847168
4115 -14.40791130065918 23.10680770874023 -4.205615997314453
4116 -15.98955726623535 23.62642097473145 -3.882195949554443
4117 -14.18402862548828 23.90632629394531 -3.393280982971191
4118 -0.4348140060901642 50.66847610473633 -3.038347005844116
4119 -0.4304620027542114 49.89908599853516 -1.485790014266968
4120 -1.141055941581726 49.38870620727539 0.1184130012989044
4121 -0.9110860228538513 50.7515869140625 -4.293042182922363
4122 -2.125983953475952 50.54590606689453 -2.791728973388672
4123 -13.53239154815674 36.70053482055664 -16.15368270874023
4124 -13.62582397460938 38.26073455810547 -14.30651378631592
4125 -13.35008716583252 37.19924545288086 -16.16196823120117
4126 14.34214687347412 4.087581157684326 -7.936279773712158
4127 11.59568691253662 4.072447776794434 -7.178633213043213
4128 -12.6262845993042 36.17794799804688 -8.530834197998047
4129 -12.12216854095459 36.02338790893555 -7.788002967834473
4130 -3.418045997619629 0.8643659949302673 -11.28469944000244
4131 -3.011063098907471 1.331738948822021 -11.92678165435791
4132 -3.077240943908691 1.04216194152832 -10.65090274810791
4133 -2.794188022613525 26.84865379333496 -6.45897102355957
4134 8.528927803039551 0.9243540167808533 -13.9307746887207
4135 8.495367050170898 0.6164199709892273 -12.34420299530029
4136 -11.65631294250488 34.9957275390625 -17.00522422790527
4137 -11.62514972686768 35.91615676879883 -16.81204223632812
4138 -11.0053768157959 34.6277961730957 -16.80938720703125
4139 -11.73664569854736 36.70402526855469 -16.85527420043945
4140 -10.62996196746826 37.51736068725586 -16.46986389160156
4141 -11.0845308303833 36.12506866455078 -16.9592227935791
4142 -12.3133716583252 35.87425994873047 -16.86506080627441
4143 15.06889629364014 21.3888053894043 -3.407867908477783
4144 15.21314144134521 21.1871509552002 -4.376354217529297
4145 16.10350227355957 23.35484504699707 -4.110197067260742
4146 15.58047485351562 22.96223068237305 -4.114007949829102
4147 18.48039054870605 23.26606750488281 -4.710225105285645
4148 17.78342628479004 23.01962089538574 -4.597042083740234
4149 17.79062843322754 22.86930847167969 -5.788773059844971
4150 17.06442451477051 24.05103874206543 -3.37224006652832
4151 -18.68815803527832 24.54685020446777 -11.17167854309082
4152 -8.507000923156738 3.185321092605591 -16.68973922729492
4153 -9.843493461608887 2.581650972366333 -16.27358436584473
4154 -6.929597854614258 37.06777954101562 -13.57261085510254
4155 -7.05275821685791 37.75189590454102 -13.3768310546875
4156 -6.824272155761719 38.58983612060547 -13.71327209472656
4157 -6.391757965087891 36.45978927612305 -14.33762264251709
4158 -6.685351848602295 36.33917617797852 -13.8807258605957
4159 -7.22797679901123 37.5134391784668 -14.22061729431152
4160 -5.064494132995605 25.61443328857422 -19.30824089050293
4161 10.59929752349854 19.08763694763184 -18.76324653625488
4162 11.87963771820068 15.75374031066895 -16.57647514343262
4163 10.14017868041992 15.13013076782227 -17.39344024658203
4164 9.706100463867188 19.49930000305176 -19.40588188171387
4165 -8.342365264892578 11.531325340271 -10.98879718780518
4166 -6.596980094909668 12.24008178710938 -13.31042385101318
4167 0.8078749775886536 12.93579864501953 -29.57675933837891
4168 2.418384075164795 11.32791328430176 -31.29546356201172
4169 -2.561268091201782 48.3170166015625 -16.02578163146973
4170 -2.828480958938599 47.24610137939453 -15.71729946136475
4171 0.1619450002908707 49.7869873046875 -0.3254500031471252
4172 -0.3008809983730316 49.25043106079102 -0.4159550070762634
4173 17.72051239013672 32.83945465087891 -10.75077629089355
4174 4.313665866851807 28.23016357421875 -5.408836841583252
4175 3.650060892105103 27.48126411437988 -5.292160034179688
4176 5.280789852142334 28.27394866943359 -5.222206115722656
4177 -5.356458187103271 12.55626487731934 -15.76324653625488
4178 -6.294013977050781 12.95761394500732 -16.21573638916016
4179 -16.76473426818848 22.79591369628906 -3.697293996810913
4180 -16.30666351318359 23.4285774230957 -3.779834032058716
4181 -16.43303489685059 23.04109191894531 -3.443015098571777
4182 -16.3201789855957 22.16118621826172 -3.617202997207642
4183 -16.88506126403809 22.22454643249512 -4.399593830108643
4184 -4.133382797241211 13.7346305847168 -6.096271991729736
4185 -3.251887083053589 12.85067844390869 -7.502662181854248
4186 -2.698750019073486 13.70235538482666 -8.640466690063477
4187 -2.363980054855347 13.83238315582275 -9.460423469543457
4188 8.724162101745605 34.29786682128906 -6.63604211807251
4189 9.220621109008789 34.24828338623047 -7.714127063751221
4190 22.70578193664551 27.31257247924805 -10.29388523101807
4191 12.9388370513916 40.01809310913086 -16.09503173828125
4192 7.613170146942139 49.58776092529297 -2.690521955490112
4193 -18.62643814086914 21.52629089355469 -6.630362033843994
4194 7.412123203277588 50.20522689819336 -9.872880935668945
4195 6.988669872283936 51.92620468139648 -9.870887756347656
4196 -12.01277542114258 9.830483436584473 -5.997272968292236
4197 -11.64368057250977 9.128192901611328 -5.85299015045166
4198 -11.9459981918335 10.05513572692871 -7.056032180786133
4199 22.96770477294922 20.28554725646973 -1.844900012016296
4200 23.34452056884766 21.15168380737305 -2.15299391746521
4201 22.20974731445312 18.71372222900391 -1.8245530128479
4202 22.54682731628418 20.1350212097168 -2.179162979125977
4203 9.010950088500977 45.31974411010742 -8.337192535400391
4204 10.11215305328369 43.88727569580078 -10.77135467529297
4205 9.77330207824707 43.33980560302734 -10.15612125396729
4206 9.638400077819824 43.94588470458984 -10.04703044891357
4207 0.01619300059974194 42.77852249145508 10.93982696533203
4208 18.73028945922852 25.59795761108398 -0.7446730136871338
4209 20.41436958312988 25.44974899291992 -2.016127109527588
4210 13.01239681243896 28.95373916625977 -11.77925205230713
4211 13.09347152709961 29.2954044342041 -12.5816125869751
4212 13.35300445556641 28.96657752990723 -13.17798042297363
4213 -15.39339637756348 22.85429000854492 -4.076738834381104
4214 -14.83615589141846 23.1688289642334 -5.286055088043213
4215 -14.85403060913086 22.08316040039062 -4.078892230987549
4216 -14.7562198638916 22.36135101318359 -4.870538234710693
4217 -12.10090065002441 37.20866394042969 -10.56322860717773
4218 9.60028076171875 14.16430568695068 -29.51142311096191
4219 17.04837799072266 1.111665964126587 -10.00079536437988
4220 16.68513298034668 0.2980419993400574 -10.6325626373291
4221 -10.36223602294922 0.5462239980697632 -12.26518630981445
4222 -9.530343055725098 0.8285040259361267 -12.2811918258667
4223 -10.60301399230957 0.2201060056686401 -11.62721920013428
4224 -11.80928993225098 38.88483428955078 -11.624192237854
4225 -6.115553855895996 0.3177019953727722 -6.143304824829102
4226 -6.072679042816162 0.1560769975185394 -6.921308994293213
4227 -3.772485017776489 0.3218019902706146 -6.698582172393799
4228 7.702166080474854 39.41178894042969 -5.959649085998535
4229 7.135941982269287 39.24614715576172 -4.476154804229736
4230 -6.065189838409424 37.089111328125 -5.838781833648682
4231 3.779993057250977 16.0738525390625 -7.298289775848389
4232 3.991492033004761 14.96990013122559 -8.980012893676758
4233 3.955631017684937 17.39353561401367 -6.15310001373291
4234 3.332211971282959 16.26017951965332 -7.143509864807129
4235 -13.49740123748779 25.95726585388184 -13.13853645324707
4236 14.81807327270508 0.8044790029525757 -14.72659492492676
4237 13.35684776306152 0.6651459932327271 -15.84102058410645
4238 -0.005814999807626009 8.532072067260742 -22.17350006103516
4239 -0.5619120001792908 8.666680335998535 -20.95670509338379
4240 8.110942840576172 40.30265426635742 -4.190513134002686
4241 9.001640319824219 42.18804550170898 -1.077360987663269
4242 8.773104667663574 41.8314323425293 -1.412098050117493
4243 8.727304458618164 42.245849609375 -1.655735969543457
4244 9.57619571685791 43.33739471435547 -4.080532073974609
4245 -22.73917579650879 20.88747406005859 -8.817614555358887
4246 4.431385040283203 15.33231067657471 -29.8857250213623
4247 5.208730220794678 15.46028518676758 -31.77410316467285
4248 5.235774040222168 14.42498779296875 -30.2418155670166
4249 8.984752655029297 40.77701568603516 -16.33153915405273
4250 9.748560905456543 41.43722534179688 -16.14142990112305
4251 9.537944793701172 40.96218872070312 -16.49873733520508
4252 10.59343910217285 41.13048934936523 -16.79330253601074
4253 10.34828853607178 40.41504669189453 -16.86447334289551
4254 9.78666877746582 40.64093399047852 -16.97280311584473
4255 12.7202615737915 3.211004018783569 -16.70855903625488
4256 10.89711284637451 3.380654096603394 -16.6956958770752
4257 11.88490867614746 4.7138671875 -16.27300262451172
4258 12.25200176239014 1.417420983314514 -16.95539093017578
4259 -19.70917129516602 20.26431083679199 -5.960944175720215
4260 6.322125911712646 34.43526840209961 -19.49310493469238
4261 18.78901290893555 29.38749313354492 -17.03312492370605
4262 -23.03643989562988 21.21159744262695 -4.153736114501953
4263 15.67012786865234 0.9090620279312134 -14.64115715026855
4264 16.3060474395752 0.5608590245246887 -13.13602542877197
4265 15.17476940155029 0.4260860085487366 -12.95555305480957
4266 13.25109672546387 6.625887870788574 -3.248548030853271
4267 11.3918285369873 6.30702018737793 -3.589291095733643
4268 -11.20316982269287 2.157449007034302 -5.742358207702637
4269 -11.50459480285645 0.9099400043487549 -5.565001010894775
4270 10.10136890411377 32.12216949462891 -10.47256946563721
4271 9.767468452453613 33.12628173828125 -8.820236206054688
4272 8.521235466003418 18.44987487792969 -19.54654502868652
4273 8.729752540588379 17.06216049194336 -20.58585739135742
4274 8.781822204589844 18.2811336517334 -19.10591697692871
4275 5.515864849090576 31.86638069152832 -2.884066104888916
4276 5.143777847290039 33.09200668334961 -2.455019950866699
4277 4.50066089630127 31.80136108398438 -2.538496017456055
4278 5.06831693649292 31.33477020263672 -3.375653982162476
4279 -7.689639091491699 6.576558113098145 -3.152223110198975
4280 -9.76194953918457 6.721251010894775 -3.496433019638062
4281 -13.87729835510254 33.53646850585938 -10.36142158508301
4282 -13.81482410430908 33.13889694213867 -9.994775772094727
4283 -0.9029849767684937 48.22676467895508 4.089379787445068
4284 -1.450785040855408 39.00817108154297 -20.03481674194336
4285 8.887022972106934 11.69955635070801 -12.00302219390869
4286 18.79508972167969 28.86693954467773 -6.661887168884277
4287 20.28664970397949 29.69528961181641 -7.948315143585205
4288 11.83914947509766 39.23542404174805 -17.52559280395508
4289 12.38208675384521 39.74621200561523 -16.8326301574707
4290 -10.2480640411377 29.90129661560059 -12.45136165618896
4291 -10.56156444549561 29.36586952209473 -11.73083114624023
4292 -24.00033569335938 21.14420509338379 -7.449841976165771
4293 -1.571298003196716 38.31163787841797 -21.78388786315918
4294 -0.7364109754562378 38.13529968261719 -20.26281929016113
4295 -1.712301015853882 35.26269912719727 -24.0846996307373
4296 23.5649471282959 22.97628402709961 -2.385338068008423
4297 -3.353683948516846 47.62321472167969 -0.4624150097370148
4298 20.74424171447754 17.49975967407227 -2.702234983444214
4299 20.24956130981445 17.82645606994629 -2.866611003875732
4300 21.38275718688965 17.65570640563965 -2.67123007774353
4301 19.04512023925781 16.72897148132324 -4.076103210449219
4302 20.26338577270508 18.51086235046387 -2.900990009307861
4303 19.31095314025879 18.23355674743652 -2.542985916137695
4304 10.17542266845703 37.16610336303711 -7.838356971740723
4305 9.674591064453125 36.86956405639648 -7.935299873352051
4306 10.12788772583008 35.7979621887207 -8.848154067993164
4307 2.460499048233032 17.94890594482422 -5.54557991027832
4308 5.427013874053955 18.88573265075684 -6.080330848693848
4309 3.567214965820312 17.86959457397461 -5.925993919372559
4310 -5.374483108520508 10.21824932098389 -13.94291305541992
4311 -5.720704078674316 10.20348834991455 -14.33208179473877
4312 -7.116495132446289 11.09662532806396 -12.53394603729248
4313 -7.027048110961914 10.30544757843018 -14.18189144134521
4314 -3.785758018493652 10.96508979797363 -6.269382953643799
4315 -4.704843044281006 5.825758934020996 -7.656075000762939
4316 -4.320038795471191 4.520708084106445 -8.647251129150391
4317 -4.643292903900146 6.30064582824707 -7.893228054046631
4318 -7.630797863006592 42.24693298339844 -7.326727867126465
4319 -6.537127017974854 42.32558822631836 -7.57416820526123
4320 -5.914517879486084 42.06459808349609 -7.8040452003479
4321 15.03683376312256 38.04341506958008 -13.9094820022583
4322 8.994819641113281 15.52770900726318 -22.40973472595215
4323 8.959512710571289 14.12762069702148 -22.4459400177002
4324 8.910419464111328 13.44770431518555 -23.30355453491211
4325 -2.907751083374023 46.3779296875 3.0175940990448
4326 -2.133912086486816 45.95986938476562 4.098569869995117
4327 -2.967472076416016 46.10887145996094 2.203815937042236
4328 -10.32381534576416 11.35540199279785 -10.61841106414795
4329 -9.039411544799805 11.81217193603516 -11.09688854217529
4330 -19.20354843139648 26.82205772399902 -4.896965026855469
4331 -19.24798583984375 26.34921455383301 -5.2983717918396
4332 5.132824897766113 39.78454208374023 8.096487045288086
4333 5.668241024017334 40.38814163208008 7.781135082244873
4334 3.594750881195068 40.0145149230957 10.5476245880127
4335 4.277926921844482 39.50473403930664 8.140504837036133
4336 13.37179183959961 20.65138053894043 -7.626068115234375
4337 -14.42881679534912 25.56684875488281 -13.54804420471191
4338 -15.03678894042969 24.73387718200684 -12.36717319488525
4339 22.52476119995117 28.79532051086426 -10.21208953857422
4340 17.14095306396484 2.99202299118042 -8.160656929016113
4341 16.47141456604004 3.592350959777832 -7.86407995223999
4342 17.58475303649902 0.9268749952316284 -8.233948707580566
4343 17.18757247924805 2.120064973831177 -9.424975395202637
4344 13.38000392913818 1.403424024581909 -16.43752479553223
4345 12.98375797271729 0.4753699898719788 -16.21589660644531
4346 -19.80389213562012 19.86859130859375 -3.950006008148193
4347 -18.48529052734375 19.87277412414551 -4.237874984741211
4348 -18.16007995605469 19.42367172241211 -4.012545108795166
4349 0.430512011051178 41.33143615722656 10.94083309173584
4350 0.4637469947338104 40.93569183349609 10.75454044342041
4351 1.613412976264954 41.78572845458984 11.38694286346436
4352 2.050784111022949 40.74574661254883 11.14154052734375
4353 -10.26159477233887 10.75927257537842 -3.263246059417725
4354 -11.51100540161133 10.69519329071045 -5.267270088195801
4355 -11.17633438110352 10.92932987213135 -4.303921222686768
4356 13.72953224182129 2.780174016952515 -6.356392860412598
4357 14.28692436218262 1.378245949745178 -6.284824848175049
4358 14.49060440063477 0.7296450138092041 -5.082111835479736
4359 14.51577186584473 23.38260269165039 -5.295913219451904
4360 14.38182544708252 21.47667121887207 -5.484477996826172
4361 -3.926352024078369 20.92392158508301 -6.941863059997559
4362 -3.477277040481567 19.34292411804199 -7.4256272315979
4363 -3.50465989112854 21.2420711517334 -6.667431831359863
4364 -4.729269027709961 23.02989196777344 -8.189572334289551
4365 -15.20376205444336 27.47317695617676 -14.72848701477051
4366 -16.24665832519531 26.16273498535156 -13.80549621582031
4367 -17.42321586608887 26.61833000183105 -14.35660266876221
4368 13.34836864471436 23.1323299407959 -3.102663040161133
4369 13.19642925262451 20.69257736206055 -3.957353115081787
4370 -16.90182495117188 23.24130821228027 -7.323202133178711
4371 -15.62548637390137 24.11445045471191 -5.951932907104492
4372 -16.43868255615234 23.18947792053223 -8.556950569152832
4373 -16.35286903381348 23.18820762634277 -8.066352844238281
4374 8.360018730163574 15.08749771118164 -27.95939254760742
4375 7.973586082458496 15.07265090942383 -28.33112716674805
4376 4.350128173828125 7.692577838897705 -34.2097282409668
4377 3.858853101730347 8.658658981323242 -33.85623931884766
4378 4.661498069763184 8.219230651855469 -34.60958480834961
4379 3.498805999755859 6.42049503326416 -33.14890670776367
4380 3.486334085464478 8.583443641662598 -33.30794525146484
4381 3.19069504737854 8.218686103820801 -33.47929000854492
4382 13.0611047744751 3.371208906173706 -6.215390205383301
4383 21.2633228302002 27.18206405639648 -14.68969631195068
4384 22.08234596252441 28.40102767944336 -14.21502590179443
4385 13.54219245910645 29.75789070129395 -12.39638328552246
4386 13.83488273620605 30.26880264282227 -12.56907367706299
4387 3.157999992370605 12.90738296508789 -13.02701663970947
4388 3.406083106994629 13.44749546051025 -12.9322509765625
4389 -2.887056112289429 2.607464075088501 -10.38973808288574
4390 14.73737621307373 32.79071807861328 -9.986325263977051
4391 10.68169116973877 25.61313629150391 -10.8831615447998
4392 9.323420524597168 23.97023773193359 -8.295760154724121
4393 13.16262817382812 20.66136932373047 -4.685480117797852
4394 -10.4383373260498 6.627641201019287 -4.483077049255371
4395 -11.65814876556396 7.819130897521973 -5.929333209991455
4396 -11.31667804718018 8.090022087097168 -6.96800708770752
4397 -23.40839958190918 21.29891586303711 -4.75440502166748
4398 -23.50934219360352 19.76958656311035 -5.808475017547607
4399 -23.83747482299805 20.75865173339844 -6.835666179656982
4400 -14.0328483581543 21.39245414733887 -2.999345064163208
4401 -13.27924156188965 21.12018013000488 -3.167272090911865
4402 -10.60549259185791 30.52093887329102 -13.8691463470459
4403 9.431302070617676 7.467891216278076 -15.35362243652344
4404 10.43623161315918 5.949087142944336 -15.76234245300293
4405 13.31555461883545 2.806340932846069 -16.32136726379395
4406 -10.04017353057861 17.54348373413086 -6.001576900482178
4407 -10.41134357452393 17.60651016235352 -6.808385848999023
4408 8.579449653625488 45.6565055847168 -8.093238830566406
4409 -9.991330146789551 32.67526626586914 -15.89777183532715
4410 -9.735509872436523 32.93193435668945 -16.04386520385742
4411 13.1910572052002 28.67007446289062 -13.90967273712158
4412 -2.628170967102051 52.27656173706055 -13.73610210418701
4413 -18.48079109191895 23.58470726013184 -0.2396489977836609
4414 15.80745124816895 9.88533878326416 -9.611982345581055
4415 16.14180755615234 9.2613525390625 -9.489221572875977
4416 16.78476715087891 8.137809753417969 -10.92668437957764
4417 16.18149948120117 7.044594764709473 -9.453782081604004
4418 15.76842308044434 8.402021408081055 -7.399011135101318
4419 -19.14344024658203 21.51228141784668 -5.831361770629883
4420 -19.57329368591309 21.04357528686523 -5.686763763427734
4421 -23.54051780700684 20.41556167602539 -8.109416961669922
4422 2.295984029769897 40.01664352416992 7.678799152374268
4423 -0.5851179957389832 40.55014038085938 3.072386026382446
4424 0.2129389941692352 40.47241592407227 2.523519992828369
4425 -18.61001205444336 22.70826148986816 -10.38959980010986
4426 -3.913815975189209 43.5558967590332 -15.84543609619141
4427 6.13756799697876 37.88388061523438 -20.96698951721191
4428 6.087007999420166 38.35251998901367 -19.22212219238281
4429 -3.678798913955688 40.3692512512207 -5.774632930755615
4430 4.979960918426514 48.44779968261719 3.731311082839966
4431 3.739985942840576 47.58539199829102 3.21274209022522
4432 -19.23392105102539 14.73481845855713 -9.056580543518066
4433 11.54855346679688 32.72338104248047 -9.093184471130371
4434 19.77998924255371 22.14114379882812 -0.6166890263557434
4435 3.4028000831604 25.16238021850586 -3.966475009918213
4436 1.007174015045166 24.61960792541504 -4.164540767669678
4437 -6.533775806427002 1.03194797039032 -5.470295906066895
4438 -6.426187038421631 0.8617600202560425 -6.089838027954102
4439 -6.89201021194458 34.82021331787109 -14.49224185943604
4440 -21.13545608520508 24.37101173400879 -8.839724540710449
4441 -11.39527988433838 5.98908519744873 -8.304672241210938
4442 -10.88633632659912 5.319077968597412 -7.635179042816162
4443 19.69805526733398 27.38967704772949 -16.15235328674316
4444 19.26769638061523 26.74821853637695 -15.8307580947876
4445 20.41076278686523 27.020751953125 -15.21219253540039
4446 19.95208168029785 26.17732048034668 -14.52529811859131
4447 18.51520347595215 25.60725402832031 -13.67977142333984
4448 6.743990898132324 21.3328971862793 -5.184972763061523
4449 7.81993579864502 20.90728950500488 -6.208341121673584
4450 7.091760158538818 21.65400695800781 -5.450269222259521
4451 6.938537120819092 21.99389266967773 -5.568150997161865
4452 6.293454170227051 22.18319702148438 -5.179539203643799
4453 -2.341078996658325 13.37583255767822 -9.546072959899902
4454 -2.852627038955688 12.48145580291748 -11.60598945617676
4455 21.25200843811035 19.07304763793945 -2.229475975036621
4456 20.00087738037109 19.65411186218262 -1.829064965248108
4457 -8.721104621887207 4.172980785369873 -7.256042003631592
4458 -7.64280891418457 4.532648086547852 -6.74243688583374
4459 -9.024523735046387 4.943184852600098 -6.107326984405518
4460 -14.48805713653564 26.31453514099121 -14.31639575958252
4461 -15.66892433166504 25.63881683349609 -13.84423732757568
4462 7.558260917663574 43.78622436523438 -16.92121124267578
4463 7.583055973052979 44.65650177001953 -16.19983863830566
4464 -4.486711978912354 40.6976432800293 -16.29354286193848
4465 14.97491931915283 3.613812923431396 -7.738340854644775
4466 14.46558856964111 2.176987886428833 -7.089170932769775
4467 15.71141910552979 3.194922924041748 -7.217453956604004
4468 7.852958202362061 0.8008909821510315 -13.39955997467041
4469 2.895772933959961 44.14258193969727 9.813370704650879
4470 3.005661010742188 43.99497604370117 10.2198429107666
4471 19.54921531677246 27.94193267822266 -16.38102531433105
4472 6.222694873809814 10.02653694152832 -34.60248565673828
4473 -12.4860725402832 38.06325912475586 -11.31082153320312
4474 -13.91245746612549 25.87244987487793 -8.256570816040039
4475 -14.27602863311768 26.00042152404785 -7.218667030334473
4476 19.46046829223633 32.18095016479492 -11.75615978240967
4477 6.795208930969238 37.45721435546875 -19.09356689453125
4478 7.606191158294678 38.02228164672852 -18.61653327941895
4479 0.7346919775009155 19.09532356262207 -5.197887897491455
4480 15.13623428344727 30.3603630065918 -17.15482902526855
4481 14.56088161468506 30.4732837677002 -16.80193710327148
4482 -4.792158126831055 43.93918991088867 -0.1839189976453781
4483 -3.961461067199707 42.75661087036133 0.6787199974060059
4484 -3.447164058685303 4.01704216003418 -11.13155746459961
4485 -3.357688903808594 5.055533885955811 -10.65546417236328
4486 11.89425277709961 40.75106811523438 -16.66129493713379
4487 10.84353733062744 40.24049758911133 -17.08419799804688
4488 11.56889152526855 39.08697891235352 -17.15851211547852
4489 11.590407371521 5.693116188049316 -4.88704776763916
4490 11.06302070617676 6.209105968475342 -4.762879848480225
4491 8.637659072875977 13.82035160064697 -26.81348991394043
4492 -2.615864992141724 43.70002746582031 4.110433101654053
4493 -0.2192959934473038 35.64138412475586 -1.955692052841187
4494 10.05367946624756 9.746283531188965 -14.60963439941406
4495 10.06126594543457 10.48795223236084 -13.94044876098633
4496 9.771408081054688 10.99245071411133 -12.53242206573486
4497 8.247794151306152 28.91655158996582 -8.451478958129883
4498 4.180121898651123 49.90492630004883 -8.188764572143555
4499 5.080167770385742 49.8334846496582 -8.904215812683105
4500 9.186557769775391 43.69762802124023 -2.984251022338867
4501 8.829170227050781 43.26397323608398 -1.789427995681763
4502 -5.859510898590088 42.86669921875 -10.25065898895264
4503 -5.864569187164307 42.96509170532227 -9.862846374511719
4504 -5.62332820892334 42.50315093994141 -8.759627342224121
4505 -8.492605209350586 4.426997184753418 -16.15925216674805
4506 9.054022789001465 45.35101318359375 9.837310791015625
4507 7.497757911682129 44.17892074584961 9.835235595703125
4508 7.538795948028564 44.30010604858398 9.550883293151855
4509 8.894877433776855 45.16217803955078 8.764941215515137
4510 6.426788806915283 31.70547866821289 -3.401755094528198
4511 -3.910458087921143 43.12662887573242 -16.06534576416016
4512 -15.65460872650146 34.29810333251953 -13.02345180511475
4513 -6.662947177886963 27.65471649169922 -13.93875694274902
4514 -6.342619895935059 25.51686477661133 -10.53660583496094
4515 -11.46469688415527 39.78754043579102 -12.99829006195068
4516 -10.75236225128174 39.98928070068359 -12.42051601409912
4517 -10.63020420074463 40.31792068481445 -13.46680068969727
4518 6.98170280456543 19.31128120422363 -6.252038955688477
4519 7.09455394744873 18.46941375732422 -7.024155139923096
4520 5.772503852844238 19.10338401794434 -5.909136772155762
4521 14.36921501159668 37.18280792236328 -11.17244338989258
4522 13.93081188201904 37.46990966796875 -10.06632041931152
4523 14.40584182739258 36.84071350097656 -12.4418888092041
4524 -5.723456859588623 36.33005523681641 -6.446992874145508
4525 -4.440260887145996 35.05649185180664 -4.569865226745605
4526 -4.048468112945557 35.55813980102539 -4.412992000579834
4527 -4.15699291229248 32.0433464050293 -5.127764225006104
4528 -3.480324029922485 32.30686569213867 -4.218419075012207
4529 -20.21981048583984 28.53680229187012 -9.083213806152344
4530 -19.94975852966309 29.72543144226074 -9.517863273620605
4531 6.265628814697266 23.7376880645752 -4.847797870635986
4532 11.41262054443359 24.4107780456543 -14.07652854919434
4533 -20.20278358459473 28.30733680725098 -9.567685127258301
4534 -20.40991973876953 27.26141738891602 -10.97104740142822
4535 -20.53851318359375 27.90760231018066 -10.87044143676758
4536 -4.913848876953125 0.5954300165176392 -11.57800388336182
4537 -5.400859832763672 0.3609740138053894 -11.0625581741333
4538 -19.97125053405762 28.71423530578613 -13.20019054412842
4539 -17.41285514831543 23.16454887390137 -10.16914653778076
4540 -16.70444107055664 23.97493743896484 -11.4036750793457
4541 -17.10260200500488 24.44925117492676 -11.67811965942383
4542 -15.82044887542725 25.15186882019043 -13.14449214935303
4543 -16.32501411437988 25.29304122924805 -13.15982913970947
4544 -16.12974548339844 23.96721076965332 -11.51441383361816
4545 22.44897270202637 26.28239822387695 -7.016890048980713
4546 -2.827451944351196 37.83862686157227 -18.26612281799316
4547 -3.588356018066406 38.0845947265625 -18.17253303527832
4548 -3.765175104141235 39.78667068481445 -17.82547760009766
4549 7.792902946472168 21.24274444580078 -6.62934684753418
4550 7.473702907562256 19.35934638977051 -7.219819068908691
4551 17.25870513916016 0.1224469989538193 -8.232302665710449
4552 16.64090347290039 0.5889430046081543 -10.01149082183838
4553 -20.38278388977051 27.86728096008301 -9.300152778625488
4554 -20.24922180175781 27.99300765991211 -8.665422439575195
4555 9.615241050720215 34.00191116333008 -16.30993843078613
4556 9.715678215026855 33.17688369750977 -15.57576084136963
4557 9.937154769897461 33.27616119384766 -16.79021644592285
4558 11.24002075195312 31.82855224609375 -16.47908210754395
4559 -15.24574279785156 21.58966445922852 -3.468642950057983
4560 -6.436233997344971 10.24000263214111 -2.608023881912231
4561 -4.729025840759277 10.84105587005615 -4.222670078277588
4562 -5.215772151947021 11.60307788848877 -4.091156005859375
4563 -18.82403373718262 22.11751174926758 -5.024774074554443
4564 -18.5610466003418 22.58224296569824 -4.392478942871094
4565 11.58236980438232 38.88247299194336 -9.098381996154785
4566 -11.73437023162842 0.4956769943237305 -9.985588073730469
4567 -12.26835060119629 0.3022240102291107 -10.64469146728516
4568 -11.65606594085693 0.3395110070705414 -9.745112419128418
4569 -12.54002285003662 0.6940860152244568 -10.04061985015869
4570 16.04104614257812 35.98606872558594 -18.29461479187012
4571 -21.37805366516113 24.22430801391602 -8.931816101074219
4572 10.04450988769531 4.686024188995361 -31.83709526062012
4573 11.11166954040527 4.807050228118896 -34.35744857788086
4574 10.85093688964844 5.56352710723877 -32.41454696655273
4575 -6.562036991119385 14.79406070709229 -17.93171310424805
4576 7.70576810836792 1.599020004272461 -13.84723472595215
4577 -12.13926124572754 0.4690600037574768 -12.07301998138428
4578 -12.19449615478516 0.8402199745178223 -13.19145679473877
4579 -12.31688404083252 1.239307045936584 -12.39399433135986
4580 -12.82453155517578 1.610816955566406 -9.879491806030273
4581 6.716509819030762 4.487836837768555 -36.96533203125
4582 13.01344776153564 28.99633407592773 -13.39733695983887
4583 7.864296913146973 20.70741271972656 -28.69634437561035
4584 6.941956043243408 20.81949234008789 -26.32557487487793
4585 13.42101097106934 11.18888378143311 -13.67719745635986
4586 8.488114356994629 0.7931389808654785 -14.59531784057617
4587 8.125107765197754 1.39521598815918 -14.66612815856934
4588 1.881960988044739 38.86954116821289 -1.867084980010986
4589 4.505334854125977 44.04967498779297 7.615036010742188
4590 4.306981086730957 44.47979736328125 7.999568939208984
4591 3.190324068069458 45.01846313476562 6.434043884277344
4592 10.39698791503906 8.520472526550293 -32.92856216430664
4593 3.736278057098389 48.25210189819336 2.231940031051636
4594 9.344108581542969 34.00627136230469 -15.99955654144287
4595 -10.13524436950684 33.23051452636719 -16.43664360046387
4596 11.30948352813721 5.61143684387207 -35.26545715332031
4597 11.13269329071045 6.172064781188965 -35.78230667114258
4598 11.56750869750977 5.885426998138428 -35.82966613769531
4599 -2.243762016296387 35.15673065185547 -23.97578239440918
4600 -2.044141054153442 38.41493225097656 -21.59551048278809
4601 5.832925796508789 22.52561950683594 -23.84882164001465
4602 6.030547142028809 21.87954711914062 -24.29669761657715
4603 6.227021217346191 23.66889190673828 -23.41534614562988
4604 7.26530122756958 21.25507545471191 -27.06834602355957
4605 6.987523078918457 23.41409111022949 -25.08675003051758
4606 -3.992563962936401 40.53966903686523 -4.498676776885986
4607 -3.721972942352295 40.909423828125 0.332722008228302
4608 -10.18340587615967 40.92691421508789 -13.11668395996094
4609 4.910709857940674 45.70014190673828 -17.32076644897461
4610 -3.086812973022461 9.941706657409668 -11.81074714660645
4611 -3.369709014892578 10.74784564971924 -11.27182769775391
4612 10.99504947662354 4.426965236663818 -34.94496154785156
4613 18.95136070251465 23.51719093322754 0.5490720272064209
4614 7.573576927185059 8.902220726013184 -21.63021278381348
4615 7.29621410369873 9.312728881835938 -21.29402542114258
4616 -8.50154972076416 9.712173461914062 -15.07839202880859
4617 -8.297271728515625 10.39189052581787 -14.5970516204834
4618 16.89459991455078 0.185260996222496 -7.542704105377197
4619 7.228775024414062 43.30721664428711 -17.08914947509766
4620 -5.872461795806885 5.509698867797852 -6.355467796325684
4621 13.97159671783447 35.5619010925293 -18.85276031494141
4622 12.7459077835083 22.33323860168457 -9.268410682678223
4623 11.36171436309814 30.63153076171875 -11.64644622802734
4624 -3.751178979873657 21.79008293151855 -6.637507915496826
4625 -3.519498109817505 21.0136604309082 -6.247694969177246
4626 -15.10786437988281 24.87502670288086 -6.940276145935059
4627 -15.08321094512939 24.61195945739746 -7.145679950714111
4628 -15.41646003723145 24.08969116210938 -6.924707889556885
4629 -14.00147342681885 34.3938102722168 -12.21355533599854
4630 -14.79261875152588 34.47769927978516 -13.0230884552002
4631 -0.8606190085411072 10.67369556427002 -16.0907096862793
4632 -0.2627060115337372 11.59914493560791 -14.27384090423584
4633 -0.806164026260376 9.569223403930664 -17.80131149291992
4634 15.92284297943115 27.84670257568359 -7.49073600769043
4635 9.76164436340332 41.27581787109375 -9.354119300842285
4636 15.00102519989014 1.993584036827087 -6.899409770965576
4637 6.248579978942871 30.96971130371094 -20.4299430847168
4638 -10.10522747039795 16.73905372619629 -14.99454879760742
4639 -10.69489097595215 15.70084953308105 -13.0350399017334
4640 -21.22234153747559 16.13519287109375 -10.95487308502197
4641 -21.14242744445801 15.85396289825439 -11.97713661193848
4642 -11.80688762664795 13.82829761505127 -10.39287281036377
4643 -11.46452331542969 13.90138912200928 -10.755539894104
4644 8.210677146911621 43.58624649047852 1.449810981750488
4645 7.678606033325195 43.64451599121094 1.840136051177979
4646 3.971250057220459 31.55636215209961 -2.938633918762207
4647 3.855180978775024 32.73532104492188 -2.563148021697998
4648 13.411789894104 34.31459426879883 -8.500162124633789
4649 14.70923137664795 33.55433654785156 -9.532565116882324
4650 13.01421642303467 34.44770431518555 -8.385598182678223
4651 14.94793033599854 33.91019058227539 -9.821340560913086
4652 13.06669616699219 22.27126121520996 -9.368019104003906
4653 8.345344543457031 8.248977661132812 -14.87280464172363
4654 13.73874282836914 19.2198486328125 -4.463157176971436
4655 -2.949995040893555 18.75149536132812 -7.709328174591064
4656 -7.386443138122559 17.56404113769531 -4.408819198608398
4657 -8.581455230712891 16.09347534179688 -3.794564962387085
4658 -16.05543899536133 22.25350379943848 -3.28059196472168
4659 5.34953784942627 42.94673538208008 6.837210178375244
4660 5.6141037940979 43.37318420410156 5.768822193145752
4661 -4.489407062530518 24.21755790710449 -7.442853927612305
4662 -4.781819820404053 23.31078147888184 -8.002766609191895
4663 20.08629608154297 16.57614707946777 -3.067439079284668
4664 -3.606105089187622 46.79307556152344 -8.602231025695801
4665 -3.65214204788208 47.2264404296875 -10.66651630401611
4666 -8.858085632324219 2.222280979156494 -3.283963918685913
4667 6.230580806732178 13.69768238067627 -29.61930465698242
4668 -13.68514347076416 24.97222709655762 -8.769780158996582
4669 16.50392913818359 0.001198000041767955 -6.318027019500732
4670 9.891779899597168 11.16240215301514 -10.85495567321777
4671 12.31397819519043 38.15369415283203 -9.179224014282227
4672 12.34180927276611 38.04735565185547 -8.863275527954102
4673 -13.74360370635986 33.96335601806641 -11.68504619598389
4674 -20.92877960205078 18.59293937683105 -8.935453414916992
4675 3.08765697479248 36.13307952880859 -2.068088054656982
4676 -4.536297798156738 25.23847198486328 -7.932178020477295
4677 -3.98008394241333 24.74798774719238 -6.345774173736572
4678 -3.643589973449707 26.74561309814453 -6.620601177215576
4679 -3.179253101348877 26.28612518310547 -6.122984886169434
4680 -3.670798063278198 24.33994102478027 -6.128626823425293
4681 -4.226256847381592 41.74067306518555 -1.099969983100891
4682 -4.660694122314453 12.06818866729736 -13.54126834869385
4683 -9.883131980895996 16.83221435546875 -5.254827976226807
4684 -9.842053413391113 15.33684635162354 -4.020345211029053
4685 -17.34415054321289 31.8741512298584 -10.03040885925293
4686 -1.940724015235901 28.01655960083008 -26.4308032989502
4687 -6.349915027618408 9.743912696838379 -2.77057409286499
4688 -5.786553859710693 9.483731269836426 -2.878741979598999
4689 1.776726007461548 32.49189758300781 -1.935364007949829
4690 3.608469009399414 33.02081680297852 -2.134938955307007
4691 6.612363815307617 14.13975238800049 -8.883349418640137
4692 -4.652911186218262 34.13957977294922 -17.37823104858398
4693 -5.439045906066895 42.75931167602539 10.1089973449707
4694 -4.842769145965576 42.20577621459961 10.47505569458008
4695 8.454970359802246 34.29388427734375 -17.61837387084961
4696 8.057293891906738 34.48727798461914 -17.90140724182129
4697 9.28117847442627 35.49565887451172 -16.40288925170898
4698 15.72442817687988 23.60177421569824 -4.975727081298828
4699 15.1555700302124 23.19953536987305 -4.954225063323975
4700 16.0357666015625 23.32234191894531 -5.352283954620361
4701 2.835314035415649 17.39704322814941 -5.839127063751221
4702 1.438573002815247 16.26144027709961 -6.783829212188721
4703 0.9289349913597107 16.19251441955566 -7.248448848724365
4704 -23.5765209197998 19.47103118896484 -7.506296157836914
4705 -23.21364402770996 18.94814872741699 -6.627408981323242
4706 -23.91896438598633 20.11286354064941 -6.888558864593506
4707 -20.60222816467285 27.10334205627441 -10.67841911315918
4708 -3.529061079025269 14.09738922119141 -17.36945915222168
4709 6.427562236785889 5.053260803222656 -26.44522285461426
4710 6.19251823425293 4.489512920379639 -27.63174057006836
4711 6.346148014068604 5.638026237487793 -25.94144058227539
4712 -8.805275917053223 5.975084781646729 -15.67421817779541
4713 -14.39207553863525 29.36752510070801 -15.70248985290527
4714 -1.603677034378052 41.70626831054688 8.527383804321289
4715 -1.117172002792358 41.40547943115234 8.993673324584961
4716 -0.9125080108642578 40.78420257568359 9.02341365814209
4717 -1.400231957435608 40.72873687744141 8.707172393798828
4718 -0.5925189852714539 41.22872543334961 9.873007774353027
4719 -12.66006088256836 2.212544918060303 -4.788721084594727
4720 -13.07226085662842 0.3675450086593628 -3.642028093338013
4721 -19.19907188415527 20.62250137329102 -7.587934017181396
4722 -19.1599235534668 20.90385055541992 -7.444038867950439
4723 -19.50914192199707 20.8387393951416 -6.427746772766113
4724 -19.87395477294922 20.48215866088867 -6.804283142089844
4725 -18.60627937316895 21.14920997619629 -6.890501022338867
4726 -20.07467079162598 19.41421508789062 -4.282893180847168
4727 -17.90033531188965 21.75223541259766 -0.9456470012664795
4728 -17.18017387390137 21.42688369750977 -1.196331977844238
4729 8.469964027404785 17.4863224029541 -22.95133018493652
4730 9.006074905395508 14.32401943206787 -24.08480453491211
4731 -4.691636085510254 41.97599411010742 9.134616851806641
4732 -5.208559036254883 42.24849319458008 8.73039722442627
4733 -4.738876819610596 42.37228393554688 8.497353553771973
4734 -5.205764770507812 42.0737419128418 9.875832557678223
4735 -7.508251190185547 37.98951721191406 -14.09773731231689
4736 -18.21105575561523 26.67478561401367 -13.82546710968018
4737 -17.08111953735352 25.57817268371582 -13.10412406921387
4738 -5.803987979888916 9.669219970703125 -14.63354873657227
4739 17.5026912689209 34.25134658813477 -14.591965675354
4740 -4.689116954803467 23.97701835632324 -8.025264739990234
4741 -4.999693870544434 25.40749359130859 -8.070112228393555
4742 -5.233866214752197 24.09038162231445 -8.465377807617188
4743 -10.08406066894531 30.81175422668457 -8.490150451660156
4744 -7.941211223602295 31.76999282836914 -8.218669891357422
4745 13.14268970489502 1.640584945678711 -16.6934986114502
4746 -10.83868598937988 1.228961944580078 -15.03589916229248
4747 -11.30305194854736 0.8497269749641418 -14.61624431610107
4748 13.51805114746094 37.61030960083008 -9.375400543212891
4749 -1.305956959724426 33.79586029052734 -19.60502243041992
4750 -3.88335108757019 10.38684940338135 -9.862548828125
4751 -6.866631031036377 5.598477840423584 -5.620144844055176
4752 -13.33186912536621 22.83370018005371 -3.261773109436035
4753 23.23950576782227 24.0235710144043 -3.250824928283691
4754 -1.513960003852844 42.77563095092773 -18.96002578735352
4755 15.36547470092773 34.79048156738281 -10.0931339263916
4756 15.65647983551025 34.50000762939453 -11.01908588409424
4757 15.55905055999756 34.29674911499023 -10.61627769470215
4758 6.134068012237549 7.058052062988281 -22.79420471191406
4759 5.85164213180542 9.223745346069336 -34.67566299438477
4760 -6.185437202453613 36.96722412109375 -15.19819164276123
4761 -6.441965103149414 34.9617805480957 -15.31903553009033
4762 -5.434395790100098 36.46072006225586 -16.92939376831055
4763 14.26142978668213 11.87837409973145 -11.21494007110596
4764 13.75204372406006 11.45964241027832 -10.97572040557861
4765 1.641374945640564 7.416195869445801 -29.95183753967285
4766 1.618330955505371 8.401144981384277 -30.91982650756836
4767 11.89443111419678 40.95390701293945 -16.20395278930664
4768 11.54525089263916 41.40866088867188 -16.04933929443359
4769 10.64464855194092 41.74625778198242 -15.58035755157471
4770 9.792702674865723 13.3858757019043 -16.34106826782227
4771 8.730466842651367 13.75930500030518 -16.81792068481445
4772 9.975747108459473 14.33166027069092 -16.85210037231445
4773 9.684252738952637 14.65328311920166 -17.06294250488281
4774 8.969193458557129 14.45599746704102 -17.09291076660156
4775 2.142164945602417 21.42749404907227 -30.18909072875977
4776 2.191770076751709 20.85684204101562 -30.3490161895752
4777 -21.82925796508789 19.31869697570801 -8.454319000244141
4778 -9.244933128356934 3.762353897094727 -7.116998195648193
4779 -11.50588512420654 1.356750965118408 -14.8442554473877
4780 -10.92594432830811 2.270777940750122 -14.99593544006348
4781 -12.33322238922119 1.625463008880615 -13.06603145599365
4782 -11.6292085647583 2.160676956176758 -14.53513622283936
4783 -11.84406089782715 26.6108570098877 -9.490524291992188
4784 -11.37255001068115 27.51578903198242 -9.876191139221191
4785 -17.95507621765137 22.99947357177734 -10.55788230895996
4786 -17.93485260009766 23.47651481628418 -10.81995868682861
4787 -1.544937968254089 24.34257698059082 -23.10920143127441
4788 -12.19048118591309 29.08717155456543 -15.35470390319824
4789 -3.205295085906982 7.968914985656738 -13.19859027862549
4790 -3.680752038955688 4.830377101898193 -13.44553661346436
4791 -3.796160936355591 3.606300115585327 -13.62460041046143
4792 -9.994044303894043 6.491294860839844 -4.303866863250732
4793 -19.42489624023438 29.62260246276855 -14.07640361785889
4794 20.51425743103027 30.01767349243164 -8.533453941345215
4795 5.658289909362793 8.753010749816895 -35.03719329833984
4796 5.051036834716797 10.60477828979492 -33.35310363769531
4797 5.249760150909424 7.902125835418701 -35.35005187988281
4798 -11.02342414855957 28.21352005004883 -10.15573120117188
4799 16.77235221862793 22.00065422058105 1.285014033317566
4800 0.2990579903125763 11.91532039642334 -13.97635269165039
4801 0.2134979963302612 13.1670503616333 -12.85444736480713
4802 0.5457540154457092 13.68320178985596 -12.80634212493896
4803 -0.3848589956760406 13.15093040466309 -13.27225780487061
4804 -7.159420013427734 42.43549346923828 -12.01400279998779
4805 -4.545580863952637 43.5225715637207 9.425483703613281
4806 -5.515452861785889 42.82638931274414 9.135477066040039
4807 15.32617282867432 17.97164344787598 -3.14792799949646
4808 9.194384574890137 10.13332271575928 -14.33259201049805
4809 9.649177551269531 9.935295104980469 -14.24605941772461
4810 0.5673999786376953 14.81628894805908 -9.024592399597168
4811 -12.01317024230957 38.64825057983398 -10.69696617126465
4812 -12.017991065979 39.47689056396484 -10.59523391723633
4813 -11.88289737701416 37.62916946411133 -9.870055198669434
4814 8.352763175964355 21.13747978210449 -28.37678527832031
4815 7.256394863128662 46.84354400634766 -17.6694221496582
4816 7.286118984222412 47.30839538574219 -16.51537322998047
4817 7.231409072875977 46.11356353759766 -14.61913776397705
4818 10.52775955200195 41.93585586547852 -15.02081394195557
4819 9.80054759979248 41.88664627075195 -13.96977233886719
4820 19.13541793823242 23.58712196350098 -8.167551040649414
4821 20.59753799438477 23.19329261779785 -8.241042137145996
4822 13.16114616394043 29.67308044433594 -11.52224826812744
4823 -21.31918716430664 16.71804618835449 -10.03315734863281
4824 -22.31162643432617 16.77111625671387 -9.663374900817871
4825 -16.61063003540039 21.76738166809082 -4.296850204467773
4826 21.51357269287109 22.7164306640625 -7.41919994354248
4827 -4.66008996963501 44.76210403442383 -0.341170996427536
4828 13.06984615325928 31.46274185180664 -9.859859466552734
4829 -15.05286979675293 25.37376594543457 -6.404266834259033
4830 -15.78062534332275 24.84937477111816 -5.284986019134521
4831 -19.58024406433105 27.57503700256348 -7.719973087310791
4832 -11.29020023345947 6.973468780517578 -8.224513053894043
4833 -10.57315826416016 0.2015929967164993 -9.625199317932129
4834 -4.529158115386963 11.12286853790283 -11.03461456298828
4835 -3.010592937469482 26.79379081726074 -5.864151954650879
4836 -1.663648009300232 27.03178024291992 -5.253203868865967
4837 -6.189377784729004 34.94663238525391 -6.924219131469727
4838 -6.619137763977051 35.23199462890625 -7.514555931091309
4839 14.19740295410156 34.66382217407227 -18.80084037780762
4840 15.59811401367188 32.31817626953125 -18.1942253112793
4841 4.275111198425293 5.402572154998779 -33.57962036132812
4842 4.684280872344971 4.751148223876953 -31.44913864135742
4843 6.050851821899414 39.98994827270508 -19.38008499145508
4844 13.24166297912598 28.94947052001953 -15.29955291748047
4845 10.7874698638916 40.64537048339844 -16.87434196472168
4846 9.883381843566895 12.13151168823242 -24.70995140075684
4847 9.48954963684082 12.56858730316162 -24.26074409484863
4848 9.78721809387207 12.23278045654297 -23.72929954528809
4849 7.720720767974854 43.23580932617188 9.028631210327148
4850 7.869289875030518 43.91157531738281 9.022603988647461
4851 8.637778282165527 43.62859725952148 9.095053672790527
4852 9.083224296569824 42.18465042114258 8.593156814575195
4853 9.163578987121582 42.80328750610352 8.463489532470703
4854 16.87506484985352 35.98390960693359 -17.58295440673828
4855 -2.358127117156982 37.74489974975586 -20.5543155670166
4856 -2.162516117095947 35.54262924194336 -21.19833183288574
4857 -1.994449019432068 35.05979537963867 -19.39251518249512
4858 15.69519901275635 0.1308970004320145 -6.987675189971924
4859 5.40937614440918 24.39573097229004 -4.606801986694336
4860 4.703971862792969 24.13721656799316 -4.316956996917725
4861 2.63470196723938 24.0316047668457 -3.956840991973877
4862 7.240209102630615 48.63743209838867 -8.166857719421387
4863 7.841804981231689 48.42940139770508 -7.994707107543945
4864 6.779365062713623 51.15704727172852 -8.857441902160645
4865 6.193996906280518 49.73045349121094 -7.044548034667969
4866 7.121679782867432 48.5589485168457 -7.693520069122314
4867 7.566341876983643 48.83105850219727 -6.32887077331543
4868 6.393877029418945 44.64706039428711 -16.76139068603516
4869 9.592208862304688 13.03079319000244 -24.28390502929688
4870 14.28553485870361 39.72366333007812 -13.57984828948975
4871 14.40712070465088 11.32318115234375 -10.83194065093994
4872 9.206710815429688 9.629364013671875 -14.6827392578125
4873 8.264484405517578 9.949184417724609 -13.94264507293701
4874 6.685009002685547 41.03554534912109 6.355485916137695
4875 5.693953037261963 41.34546279907227 7.907355785369873
4876 5.927886009216309 41.5329475402832 7.23122501373291
4877 12.79861831665039 22.91939353942871 -9.954154014587402
4878 -1.329972982406616 44.37860488891602 -18.05930137634277
4879 -1.138841032981873 45.92794799804688 -16.82641410827637
4880 -5.027132987976074 42.840576171875 8.540178298950195
4881 2.709790945053101 29.88166618347168 -2.97965407371521
4882 2.78387188911438 30.90605354309082 -2.827799081802368
4883 -17.67947959899902 21.47710227966309 -1.497624039649963
4884 -5.142851829528809 34.39348220825195 -17.11120223999023
4885 -16.34632301330566 21.69154930114746 -1.998383045196533
4886 9.223386764526367 41.6171760559082 -15.93638896942139
4887 -7.208878993988037 36.07654571533203 -14.88855361938477
4888 -7.571867942810059 34.89519882202148 -15.27524566650391
4889 -2.463252067565918 34.78951263427734 -19.00467300415039
4890 -22.49749565124512 15.82863807678223 -9.970181465148926
4891 -22.02336120605469 15.45147132873535 -10.7498779296875
4892 -20.30919647216797 14.65688896179199 -9.481033325195312
4893 -4.460630893707275 42.5500602722168 -15.32452583312988
4894 -12.03709411621094 7.322635173797607 -11.81280040740967
4895 16.59344863891602 8.611598968505859 -11.12342739105225
4896 16.04927635192871 8.751433372497559 -6.174737930297852
4897 15.95096874237061 8.034621238708496 -6.353557109832764
4898 -7.489719867706299 5.07520580291748 -5.750328063964844
4899 -19.22857666015625 26.71232604980469 -5.434937953948975
4900 -16.17670059204102 26.75395965576172 -5.344421863555908
4901 -16.95587158203125 25.96424865722656 -4.48331880569458
4902 -16.36450386047363 25.89083671569824 -4.573843955993652
4903 3.635112047195435 38.79804992675781 -2.430728912353516
4904 5.105340003967285 38.3607063293457 -2.733534097671509
4905 5.63729190826416 49.8964958190918 -7.098864078521729
4906 0.6535639762878418 46.91073608398438 4.649405956268311
4907 9.085672378540039 35.12735748291016 -7.457180976867676
4908 9.039759635925293 37.21668243408203 -7.813613891601562
4909 9.606491088867188 35.42257690429688 -9.644833564758301
4910 9.220982551574707 36.53670883178711 -8.504557609558105
4911 9.470598220825195 35.12763214111328 -9.538326263427734
4912 9.150737762451172 19.2352237701416 -19.23326683044434
4913 -22.44577217102051 16.03079414367676 -10.41604709625244
4914 -22.54792594909668 16.37937545776367 -9.361734390258789
4915 -7.470544815063477 23.33613967895508 -16.50758361816406
4916 8.209982872009277 9.377473831176758 -13.94189834594727
4917 -8.431105613708496 6.008647918701172 -15.94140720367432
4918 -17.88327407836914 21.37668418884277 -6.546285152435303
4919 -13.08678436279297 0.4839870035648346 -6.313904762268066
4920 -19.09014701843262 23.21216011047363 -2.922766923904419
4921 -19.34504127502441 23.88969612121582 -2.881843090057373
4922 5.205244064331055 44.34828186035156 -18.45504760742188
4923 -5.944439888000488 1.285282015800476 -4.803567886352539
4924 6.331495761871338 31.31915092468262 -23.64665985107422
4925 6.649373054504395 30.33506965637207 -22.93818473815918
4926 8.17905330657959 1.830281972885132 -14.09301567077637
4927 -3.705368041992188 31.25823593139648 -5.483580112457275
4928 -4.616040229797363 31.19205284118652 -6.365527153015137
4929 -3.612530946731567 31.29279136657715 -4.855171203613281
4930 -12.22121620178223 6.764449119567871 -11.45257568359375
4931 -12.15084743499756 4.958570003509521 -11.89107227325439
4932 9.598828315734863 9.040304183959961 -14.97333335876465
4933 -4.989017009735107 43.49887847900391 -0.8241620063781738
4934 -6.329108238220215 36.520751953125 -5.787982940673828
4935 14.9061393737793 36.44978332519531 -12.57928657531738
4936 -5.684084892272949 43.84160232543945 -10.5617847442627
4937 19.14022254943848 32.46445465087891 -11.33494186401367
4938 18.60825157165527 32.67887496948242 -12.68095684051514
4939 -9.949249267578125 41.29956817626953 -12.55944538116455
4940 7.395346164703369 33.5927734375 -18.28209495544434
4941 7.802680969238281 33.25524139404297 -18.20427131652832
4942 -12.3140115737915 29.70966529846191 -15.90310573577881
4943 -13.06006908416748 29.54864692687988 -15.86008739471436
4944 -4.278337955474854 40.15774917602539 -16.81157493591309
4945 -3.395507097244263 37.46989059448242 -18.49921989440918
4946 8.650652885437012 9.297405242919922 -14.81721973419189
4947 4.734208106994629 4.465700149536133 -32.08900451660156
4948 -10.89320945739746 7.363716125488281 -4.076732158660889
4949 6.742527008056641 50.186767578125 -4.514523029327393
4950 7.553940773010254 49.40007781982422 -3.337729930877686
4951 6.176168918609619 50.33491516113281 -5.63690710067749
4952 -19.57994651794434 25.6411190032959 -6.556853771209717
4953 13.94663238525391 33.28142166137695 -18.5956916809082
4954 6.174271106719971 35.5357780456543 -19.2214469909668
4955 6.796042919158936 35.13311004638672 -19.33871078491211
4956 1.698999047279358 39.93408203125 10.72446346282959
4957 -10.32498264312744 34.66034698486328 -16.93653297424316
4958 9.865033149719238 33.90585708618164 -9.137140274047852
4959 11.52127933502197 5.352932929992676 -37.91083526611328
4960 -4.321539878845215 46.24475860595703 -8.119486808776855
4961 -3.689084053039551 47.90851974487305 -8.834941864013672
4962 16.26260566711426 0.6754339933395386 -12.46140766143799
4963 -17.41150665283203 26.14958763122559 -4.077108860015869
4964 8.267990112304688 36.88193511962891 -18.20816040039062
4965 -4.30208683013916 30.19232368469238 -7.400122165679932
4966 5.494025230407715 29.00871467590332 -4.372062206268311
4967 20.34458923339844 22.1603946685791 -4.546604156494141
4968 -3.894359111785889 13.1050271987915 -16.05729103088379
4969 -11.63404369354248 39.64252090454102 -8.804766654968262
4970 -12.12503433227539 38.47444152832031 -9.695332527160645
4971 1.715396046638489 31.63885688781738 -2.24337100982666
4972 3.584598064422607 31.78936958312988 -2.367301940917969
4973 3.266268968582153 31.38053894042969 -2.825270891189575
4974 -13.10239124298096 21.80014228820801 -3.156078100204468
4975 7.217586040496826 33.29807662963867 -18.77221870422363
4976 2.373750925064087 21.25275611877441 -28.49887847900391
4977 3.484498977661133 47.66114044189453 2.11063289642334
4978 15.59509944915771 7.716958999633789 -6.677289962768555
4979 13.8131685256958 32.11862945556641 -9.582128524780273
4980 9.814178466796875 34.81064605712891 -17.15591621398926
4981 18.80299949645996 18.77372932434082 -2.04523491859436
4982 19.39294052124023 19.93630409240723 -0.9334930181503296
4983 14.11714553833008 20.52439498901367 -11.70612144470215
4984 13.21918773651123 22.58260726928711 -10.58718490600586
4985 10.62246513366699 11.78365707397461 -3.287494897842407
4986 0.5292609930038452 40.45492935180664 10.75909996032715
4987 -0.2860020101070404 40.63021469116211 10.20236301422119
4988 -12.82568264007568 1.146926045417786 -11.51784801483154
4989 -12.69403076171875 0.5599089860916138 -10.88811302185059
4990 -12.97141933441162 1.485165953636169 -10.40293884277344
4991 -7.489970207214355 3.637816905975342 -6.974196910858154
4992 -11.9869384765625 0.3690089881420135 -5.876842021942139
4993 -10.79010772705078 30.29057884216309 -14.21594047546387
4994 19.46429252624512 19.73173141479492 -0.3493730127811432
4995 19.99249267578125 21.58758354187012 -1.025866031646729
4996 18.87054634094238 19.12013053894043 -1.264462947845459
4997 10.76360321044922 6.964468002319336 -31.26298141479492
4998 -3.935832977294922 11.99559307098389 -13.33515453338623
4999 -3.38002610206604 12.77727890014648 -14.97663688659668
5000 2.770988941192627 9.92142391204834 -32.3669319152832
5001 2.539766073226929 9.853053092956543 -31.90569877624512
5002 -5.311933040618896 9.304232597351074 -14.75980186462402
5003 4.440970897674561 13.22023391723633 -13.63318252563477
5004 3.852659940719604 11.75907230377197 -15.58829402923584
5005 19.86825561523438 22.45466613769531 -2.152640104293823
5006 20.33341789245605 22.2517261505127 -0.5981900095939636
5007 20.04973602294922 20.80333137512207 -0.01289299968630075
5008 -4.245582103729248 47.63241577148438 -11.33575820922852
5009 -4.74697208404541 46.78257369995117 -10.98549461364746
5010 2.846904993057251 15.92252540588379 -7.188411235809326
5011 2.345433950424194 15.03674125671387 -8.266339302062988
5012 -1.183590054512024 19.12211418151855 -5.555789947509766
5013 0.2165659964084625 10.43675804138184 -15.37637138366699
5014 20.64778900146484 20.81392288208008 0.2665480077266693
5015 19.58355331420898 19.18291091918945 -0.09688200056552887
5016 -12.088303565979 2.548933982849121 -13.14676094055176
5017 5.546820163726807 40.29999542236328 -20.13212966918945
5018 5.215013027191162 38.99850082397461 -20.3753662109375
5019 5.68492317199707 39.14700698852539 -19.78367233276367
5020 -13.95199871063232 36.02971649169922 -16.35029792785645
5021 -15.08129501342773 34.77692794799805 -15.53132152557373
5022 7.253688812255859 47.02869415283203 -13.91377353668213
5023 -19.21025657653809 30.65181732177734 -14.21751022338867
5024 -1.091647982597351 39.68146133422852 8.222262382507324
5025 -0.4072279930114746 18.55036735534668 -26.17873573303223
5026 17.8664379119873 25.43036270141602 -14.17429065704346
5027 17.37776374816895 18.62080383300781 -0.9658849835395813
5028 16.13935661315918 17.89338874816895 -2.621680974960327
5029 12.83394908905029 0.0943010002374649 -4.898703098297119
5030 16.27132797241211 27.4138069152832 -5.976531982421875
5031 16.49510765075684 27.21127128601074 -5.09777307510376
5032 17.04838371276855 27.96803283691406 -5.01103687286377
5033 -9.78132438659668 17.6451416015625 -5.79571008682251
5034 -9.60004997253418 17.35107803344727 -4.947419166564941
5035 -10.85241222381592 10.5213041305542 -13.87923431396484
5036 4.114799022674561 14.29577445983887 -11.05117988586426
5037 1.975154042243958 13.74090003967285 -12.53485107421875
5038 15.56683254241943 32.09642791748047 -11.59207153320312
5039 -16.36447143554688 25.89936065673828 -13.42049407958984
5040 21.18351936340332 22.54082679748535 -7.36471700668335
5041 20.45458984375 22.6029224395752 -7.120099067687988
5042 4.929771900177002 50.18191528320312 -6.942259788513184
5043 14.63348484039307 37.58522415161133 -13.24393177032471
5044 -3.733304023742676 47.20381164550781 -12.94538593292236
5045 -17.04395866394043 18.81381797790527 -9.447583198547363
5046 5.835739135742188 42.32488632202148 8.330853462219238
5047 9.572142601013184 35.77022933959961 -9.611251831054688
5048 9.65264892578125 34.89281463623047 -9.172179222106934
5049 5.936436176300049 21.65179824829102 -4.697877883911133
5050 5.608643054962158 19.57844352722168 -5.360956192016602
5051 -14.92694854736328 24.2975959777832 -11.63468837738037
5052 20.96525573730469 26.7770938873291 -14.04805183410645
5053 15.60795974731445 10.51926517486572 -10.38700294494629
5054 -10.80465602874756 1.625398993492126 -15.67228221893311
5055 15.54453086853027 8.108013153076172 -7.126689910888672
5056 -6.360909938812256 5.004216194152832 -6.386736869812012
5057 6.965915203094482 27.24455642700195 -20.51433944702148
5058 0.9872440099716187 13.28084754943848 -12.64825344085693
5059 2.435620069503784 13.61402320861816 -12.67813301086426
5060 -4.17274284362793 46.28582763671875 -8.800390243530273
5061 16.15485954284668 17.80472183227539 -1.878204941749573
5062 -11.04046154022217 8.859884262084961 -14.55266571044922
5063 10.89530944824219 7.499056816101074 -32.86288833618164
5064 -16.67621612548828 19.63195610046387 -5.660859107971191
5065 5.994309902191162 13.82587909698486 -34.56900405883789
5066 0.7372040152549744 12.01583099365234 -13.54611301422119
5067 2.514214992523193 44.61666488647461 7.493905067443848
5068 2.885231018066406 44.28369903564453 8.773658752441406
5069 18.83558654785156 18.32234764099121 -1.030665040016174
5070 18.89715003967285 28.28358268737793 -16.89032173156738
5071 17.8239860534668 28.58328628540039 -17.07709312438965
5072 3.084913969039917 44.71985244750977 6.883837223052979
5073 3.662236928939819 44.39664077758789 8.536323547363281
5074 12.54042720794678 31.94598579406738 -17.49626731872559
5075 -16.70476722717285 19.73643493652344 -6.018742084503174
5076 -18.77033233642578 19.8099536895752 -9.440095901489258
5077 10.96538543701172 42.74491500854492 -11.4877815246582
5078 19.75122451782227 28.54032325744629 -16.62984085083008
5079 18.88753509521484 18.24071502685547 -1.939259052276611
5080 19.75179862976074 22.77251243591309 -2.082575082778931
5081 7.691592216491699 40.95974349975586 -18.14485168457031
5082 7.417090892791748 42.5156135559082 -17.33668899536133
5083 -6.711513042449951 36.8400993347168 -5.604330062866211
5084 -7.714879989624023 37.29489135742188 -5.273839950561523
5085 15.96841621398926 32.1388053894043 -17.94327163696289
5086 -19.11202049255371 20.26314353942871 -8.509394645690918
5087 -19.75382423400879 20.05171012878418 -8.195120811462402
5088 -0.4571200013160706 44.73966979980469 9.241153717041016
5089 -4.306719779968262 40.67708969116211 -17.08506774902344
5090 -4.498544216156006 42.38449096679688 -15.84587383270264
5091 16.017578125 26.35377883911133 -5.552550792694092
5092 -0.4601820111274719 31.5975227355957 -2.476831912994385
5093 -4.340641021728516 42.46603012084961 -0.6232929825782776
5094 14.61628723144531 19.61997604370117 -12.52170944213867
5095 5.195950984954834 44.49000549316406 9.290099143981934
5096 16.1816234588623 3.350667953491211 -7.328773021697998
5097 18.73432731628418 18.54312705993652 -1.404844999313354
5098 -11.14680004119873 29.13601684570312 -9.674337387084961
5099 -10.82503318786621 29.10036277770996 -10.44363117218018
5100 -10.85718154907227 28.53183746337891 -10.21753883361816
5101 15.51096057891846 5.590925216674805 -14.36900997161865
5102 -12.0686149597168 2.490813970565796 -12.25516128540039
5103 16.25870704650879 3.221474885940552 -6.16684103012085
5104 -4.609978199005127 43.26132583618164 -1.789685010910034
5105 -4.338553905487061 41.91326522827148 -1.550418019294739
5106 14.12831115722656 0.2832410037517548 -5.039868831634521
5107 -22.55579566955566 18.69753646850586 -7.945250988006592
5108 -23.07145118713379 19.72320938110352 -8.279285430908203
5109 8.7633056640625 43.62508773803711 9.588824272155762
5110 2.734973907470703 21.15871047973633 -30.27783203125
5111 -1.781257033348083 49.821533203125 -12.74213600158691
5112 7.861557960510254 21.38992691040039 -28.15804100036621
5113 -8.30955696105957 32.37971496582031 -7.483074188232422
5114 7.659770965576172 34.06254196166992 -18.49234771728516
5115 16.76365089416504 21.00316429138184 -0.864067018032074
5116 -2.171047925949097 34.64829254150391 -23.85405540466309
5117 18.3409423828125 28.19275093078613 -5.075088977813721
5118 4.928915023803711 44.70475387573242 9.3306884765625
5119 -7.250558853149414 31.66150093078613 -9.553557395935059
5120 9.325540542602539 18.55819129943848 -18.82172393798828
5121 7.090398788452148 45.13161468505859 -16.02231216430664
5122 -3.892364025115967 46.16971588134766 -8.250641822814941
5123 -0.2594549953937531 8.471384048461914 -19.56078910827637
5124 -4.315139770507812 42.85886001586914 -0.3140099942684174
5125 -4.724425792694092 42.173095703125 -1.104732990264893
5126 0.6907349824905396 10.86192893981934 -14.67295265197754
5127 -21.56585693359375 17.78916358947754 -8.955998420715332
5128 3.056248903274536 47.43864059448242 2.246351957321167
5129 -4.841369152069092 43.26680374145508 -1.420730948448181
5130 -4.568386077880859 30.58176612854004 -7.070736885070801
5131 -4.550636768341064 13.70475196838379 -5.729530811309814
5132 -7.06292200088501 31.9945240020752 -9.904176712036133
5133 7.178921222686768 4.389012813568115 -28.43790054321289
5134 4.23020601272583 35.44282150268555 -20.39601707458496
5135 5.171026229858398 44.14528656005859 9.420263290405273
5136 8.602155685424805 44.66063690185547 8.602948188781738
5137 7.335995197296143 44.17637634277344 9.226716995239258
5138 -9.0970458984375 2.49528694152832 -3.79253888130188
5139 15.0251522064209 0.5346329808235168 -6.68943977355957
5140 15.07018280029297 0.8408560156822205 -6.0325608253479
5141 17.07441711425781 20.71984672546387 1.294517993927002
5142 7.40972900390625 46.38179779052734 -14.18800067901611
5143 9.338658332824707 36.4293327331543 -14.91216564178467
5144 -19.77876853942871 24.36627769470215 -1.935057997703552
5145 -19.94362831115723 28.17697715759277 -13.35911273956299
5146 -10.57770729064941 30.0924243927002 -12.2921199798584
5147 1.494433999061584 44.60474014282227 7.480378150939941
5148 4.345287799835205 44.42891311645508 9.751495361328125
5149 -8.653757095336914 38.1173095703125 -5.695766925811768
5150 8.813894271850586 45.81326675415039 -7.782336235046387
5151 -3.343733072280884 4.382780075073242 -12.53369522094727
5152 14.51229953765869 37.73112869262695 -12.35276985168457
5153 -7.731610479762277 41.39766566436649 -12.2355203325045
5154 -5.099943817087785 2.509743123878382 -12.18819025925639
5155 -14.94121392936889 27.72241413596081 -8.536950924697921
5156 0.3696037253177266 42.93791785826217 9.809057576174936
5157 -1.442993649858861 41.97533829603534 2.521284394206202
5158 -16.19364574041233 25.45763197346268 -10.42830195378678
5159 2.416492957159482 44.20797044208087 -6.325703731717555
5160 1.19418937029742 29.00993059134984 -15.99118309625943
5161 -10.0937665854943 37.33283759667094 -15.52951796965148
5162 5.550415628479151 45.89713729113829 -5.868871793630656
5163 0.1382960045642614 22.93162956393841 -13.61419693410511
5164 -1.006193122070119 43.69845630892172 -0.8417746293077497
5165 -20.97828877456614 24.27987930844819 -9.59101113499778
5166 -17.05614472159337 20.76176204437202 -3.838634840464238
5167 -1.193142268128216 30.18370820443499 -19.21388281234537
5168 11.98412395949217 37.76838917610571 -14.29306470230376
5169 -17.68017143831806 29.198999223975 -12.41812143691865
5170 4.661044436168361 41.4048876310078 -16.95404063201401
5171 9.715279820594372 38.53562637512406 -8.929710576604629
5172 -5.167118358680747 6.73882334373377 -11.80866913153676
5173 -10.25217867067361 38.90207989897355 -14.42911211537968
5174 10.39954346980143 40.2206146906605 -10.55398932279083
5175 -8.097635541652824 10.41816210748674 -5.233031996303938
5176 4.7984377788659 43.75615705486669 -10.19394214167863
5177 -9.307905188927755 35.48697304421002 -8.432107545273517
5178 6.781114337737209 40.83645880852458 -11.78579344235234
5179 -9.161922001874116 39.04450272459807 -9.175699438869964
5180 2.347230757481825 17.35345345500777 -18.8928754846044
5181 -7.221542729233875 6.888968505302718 -13.47322368849274
5182 2.076915086653987 23.85806221362189 -8.56994003539376
5183 -5.299985425982459 4.12062119200397 -13.15238135878584
5184 17.76664872994009 26.05426643470797 -9.194122240788678
5185 11.0628918430407 17.35952997704359 -12.09638959297934
5186 12.72316813941559 38.48153316728458 -12.62474055842284
5187 -19.00572892365111 23.27456536605492 -6.542538962754009
5188 -5.268790025134883 1.218297252077247 -6.690704917009672
5189 20.29981810851445 23.05905098501795 -3.324326270035835
5190 -6.370568230404673 35.62288435216389 -10.82503505596823
5191 -8.587259161470758 5.933203717055176 -10.53367729697199
5192 -18.43250823081929 23.83529976673936 -9.639304747717979
5193 5.244606006118429 45.63227154876393 -12.29204207547167
5194 5.499285114039469 48.10505840182219 -8.433061831370475
5195 10.92555719955283 7.358951727180071 -11.94257375497616
5196 12.91561156538589 4.150318794740407 -11.53549623859895
5197 1.978165521629318 29.06337962111045 -10.49598146466179
5198 -9.979195607750965 8.661174637914915 -11.46920025933231
5199 5.951703161434304 23.62298594116277 -14.5725208306418
5200 10.74552606208026 8.812202594469522 -4.412615723740061
5201 -4.882484007635425 16.7664500924586 -15.65467179246826
5202 -13.37700341215008 32.53595354431065 -13.71225104386808
5203 14.18664161087765 29.425837889709 -11.69433924765146
5204 5.713194361143367 43.40969313935573 -3.398127341428472
5205 5.818783095594151 31.36677169661823 -12.44298892252414
5206 17.38895336439329 25.46019372626331 -6.938413702159139
5207 -6.747611239635434 2.496831683513988 -14.23033546926851
5208 7.523148043711208 40.75175560017738 -14.23236029228072
5209 -2.748953839297932 44.3085893877725 -13.82761929834129
5210 9.088507815035886 41.08840176572068 -12.06753681884545
5211 -15.82994915853022 27.42643923986041 -6.836620816702976
5212 8.986890375481011 22.30692804190956 -14.96366581306787
5213 -0.8390203658561286 39.0270522915353 -18.36594879873616
5214 -5.266457365293 8.759885644603687 -12.41753351885016
5215 -3.109134338233603 37.8422556031246 -15.14879156050802
5216 5.30249785685758 30.28522838832819 -9.305841316194288
5217 -11.099786230772 8.181803433792547 -11.83191421405244
5218 6.558425515579633 39.20420815343839 -9.265877427175763
5219 12.26854280396201 39.43970547137346 -11.13352365645446
5220 7.453485576720163 43.38408756975052 -11.44927007442919
5221 -11.80645183761755 32.16473363130729 -10.71205082696293
5222 -11.34961293080204 35.01257943632335 -9.081161260876447
5223 -12.54453813921208 33.24560905118795 -9.767679052696753
5224 -6.067495064643151 21.02166049770594 -15.85688767990145
5225 -8.396693678295046 13.74457092887087 -8.271493980957468
5226 7.81431051034892 13.36229947383534 -24.42151318350051
5227 -0.2487182910331738 46.14452330308236 -3.567292096610841
5228 4.763258272611805 39.38461191952543 -17.74093037889754
5229 -4.653787407407365 39.7382910818726 -10.23333009011755
5230 0.996041799824698 37.27016279502337 -8.444538234593242
5231 -15.01681129577114 32.53869612955759 -13.24144143768722
5232 -2.419759578285638 45.23946009669684 -11.53656133161609
5233 -17.74437480421387 24.10704572195886 -4.772260910863162
5234 0.5065366505603668 33.09370627689293 -7.009666788446705
5235 0.5745944460867292 43.61077420762711 9.106804468439046
5236 -4.371343500179043 8.195461899728425 -10.92581081434342
5237 -14.61417121785414 28.07882664877053 -13.18454371600511
5238 -3.441300244797338 32.13781530747281 -15.73154511224474
5239 -7.875805621331632 37.28149393655364 -6.899039538878236
5240 -6.251210741629939 9.536725002435329 -5.280732982868496
5241 -14.12307630302771 32.25194907256692 -11.07578074875964
5242 -9.060134453263723 8.382234378793466 -3.814101032078601
5243 -0.2635667615128452 45.09318510288259 1.528774235601839
5244 7.94695789474631 30.80994540427277 -12.08918420641623
5245 -5.72936674175803 15.06506954052718 -10.54267452039703
5246 -4.367017096760767 15.16925073610916 -8.785126985230423
5247 -14.0687597573668 27.01894633520699 -12.80511742015313
5248 -16.47089618661951 21.34324195486945 -2.771391385606036
5249 -10.7696919430698 36.13047331626407 -8.336115764629469
5250 -6.433605170396929 38.14977366551255 -6.673641429897649
5251 -16.78658609322466 25.52753496641763 -6.872320735223813
5252 6.312208003479594 25.03274097304877 -17.54941534041322
5253 4.167037695255325 12.32715873779405 -26.16334848358965
5254 10.95749152176685 39.14191095600182 -15.22795943643427
5255 0.8751631714208044 41.67218342896228 8.062820791503391
5256 -5.095593844380189 19.10429234708702 -12.00261752885403
5257 -3.682273926000549 40.52233713214012 -12.67841404901773
5258 -9.846055983285321 35.75738697469755 -12.57173199923233
5259 11.76818015151386 8.032616332568898 -3.808184246701563
5260 -16.05511081771002 29.19934272050172 -14.79992774063062
5261 -0.5762488671172443 21.06393589464849 -19.03622655232507
5262 -3.275488533280692 40.68423757716806 -8.102203365524433
5263 -1.058165218019367 46.77842275168931 -1.035852795673251
5264 -8.735558516016155 40.18665514641951 -12.77761014714997
5265 4.597854404845738 24.72863771022239 -7.388701738032379
5266 5.896173325779253 42.37353515343288 -16.97491474640731
5267 -4.239961865435865 39.49732194010059 -6.417874790162523
5268 10.76882883923869 41.14060491268575 -12.0046182410702
5269 4.561715813117679 14.29228265001483 -19.10203147580927
5270 -10.66291246248691 9.725808888842442 -10.97679311295085
5271 2.042820251474736 16.1912020941727 -15.35486301474049
5272 2.958382969881701 19.28504376759993 -11.63253912192736
5273 7.397798695345694 30.92869781821155 -9.891169323594125
5274 5.679985183831569 19.12805864925073 -15.74296271488999
5275 12.2551318694733 7.825470386644985 -13.66111003013533
5276 -0.2243325077685649 30.60357468715026 -6.452558795788244
5277 -6.340936446894492 9.416444593852002 -13.40157396400851
5278 -8.712180384988981 7.411670494213135 -4.914355942227921
5279 -4.98457162748043 2.683189573061385 -7.747443332808243
5280 -20.59560502359575 23.11586178423292 -8.900900646936558
5281 -4.230715180418405 37.57103199401455 -12.30144380334587
5282 -21.90400417387312 20.64158230257965 -5.975462148438567
5283 10.8926985590889 39.94793781342064 -16.00365505094592
5284 -4.033156752236386 21.41370661078532 -18.10108324682449
5285 -1.835044992615061 30.72152582019122 -19.55208237496003
5286 -8.058735038414598 2.673583888263565 -9.658512638935598
5287 6.253849606519728 21.66047955865798 -18.66769793782371
5288 -10.01940319384761 33.95840809588088 -7.952444981856569
5289 -18.48863833003833 27.13821683565975 -10.47429416777297
5290 -2.780109154500177 29.91320308250345 -17.79609255965758
5291 -1.548064055735182 33.69941440556341 -5.745438331863869
5292 3.276501903614258 35.49760447067931 -6.134846143895076
5293 -3.556599182136889 14.6473146707456 -11.46167283005618
5294 9.657987446677106 10.91190310151117 -7.692976474898241
5295 -4.820224459667192 3.621389775374598 -8.892324187227604
5296 -1.481361212720497 34.86113612496808 -3.813762316779568
5297 -12.59347976235672 31.98386636878891 -10.24059004594758
5298 2.90631535755451 40.34106930915215 -5.954708789386477
5299 -13.78687533852256 26.49284371453045 -9.649397152565154
5300 -11.94615734947679 28.73581293167181 -10.70421039705874
5301 7.82662617048007 7.183041229047434 -32.31188456848559
5302 -12.68455352861613 32.94952554392319 -15.08631445309326
5303 1.071231884114336 43.12314405271235 3.603857923552221
5304 -19.1101529979819 23.08885325191745 -8.180068458294137
5305 -17.08761418614709 30.91107097928622 -12.57959605635638
5306 13.15481661961109 9.627975016317487 -5.76669659323003
5307 0.355151782835684 17.51731905831428 -12.78247169242866
5308 9.886777995324643 4.868227476532198 -10.78117699463275
5309 3.895023915324318 30.80273429726757 -6.256663878166182
5310 4.653328799753456 16.8854861706306 -21.85660150639575
5311 -10.1098907219707 3.214180910806586 -10.9299514593123
5312 -2.838375308770969 44.48654277305933 -1.17416287695339
5313 11.70346802432356 33.06182876888001 -13.20819257839129
5314 12.51326268639679 5.093371004285813 -9.276732725115817
5315 7.162298246915031 45.63042315668621 -11.57959850958207
5316 5.70991995100844 43.17745261074629 -14.01701268647276
5317 -11.75915126462878 3.242446052403556 -11.57358954241109
5318 11.26766059241041 19.76561838662992 -9.5328671789244
5319 17.56313557005874 24.45700400697864 -5.29457884145537
5320 1.63648929401557 26.94271144548594 -8.210284215293527
5321 -12.173951903458 31.26058449865996 -10.74506141620818
5322 17.31877448970237 27.5204672646373 -11.72180480193331
5323 -1.632537078429875 48.72761462796105 -2.419149289476703
5324 9.820936474313649 8.033014785230129 -8.366853942465422
5325 -5.399693335511748 15.03286643531208 -16.38372538556069
5326 -3.58009105090266 13.64657296624626 -10.05783329013403
5327 -5.082386432644331 4.548392447989417 -10.60418867536285
5328 -6.188056648667895 3.203330437603617 -8.462612931666261
5329 -5.379285147163607 18.52587372377182 -17.53586171751251
5330 5.123176806025322 14.96674348001217 -15.45949118308332
5331 -1.25246540716395 46.1300734554483 2.524505839256658
5332 1.095863419696743 8.708433815248702 -21.78171030586589
5333 5.712859866783551 32.57937021624554 -6.902347374517896
5334 3.974149089026943 17.67332945631751 -7.824812064550745
5335 6.12437143724651 47.18468897358671 -9.903712008690817
5336 2.715010796254226 19.59159285968554 -7.289774870176146
5337 19.77836035526153 25.89870753727861 -10.1598334967144
5338 19.25819107267996 24.44113993646716 -8.598618850603666
5339 -1.762937669238061 19.98671067919426 -21.0287683737375
5340 -7.127040362442055 40.16957339460841 -10.12831929057944
5341 10.48323252600145 17.0316125239594 -7.936394504325348
5342 17.21741420865678 25.96990528234293 -4.335321970127456
5343 14.26349505635616 30.11753172344515 -12.14529800757988
5344 8.364516852016422 32.68877355642218 -12.95172882664023
5345 -2.483327553060745 27.08577404403722 -19.05001441625288
5346 4.631498170118819 37.02069307194096 -13.62355228687903
5347 13.12775240881684 38.5269113055684 -10.77167487042129
5348 4.270121340667229 29.15964052643808 -18.63189738494309
5349 -9.153808265946111 34.31210325924575 -13.92774662217281
5350 3.313313316759148 31.54292898592851 -4.665944573721464
5351 -2.071390787746546 30.2284124582413 -7.569335397203732
5352 0.07763554312770404 24.83801033585937 -6.97350097237968
5353 14.59688379044997 1.983942427251356 -13.39834301359952
5354 11.7548905303245 35.91086692874933 -11.58645201890321
5355 16.5358616548949 19.83471746047816 -0.6941691036993783
5356 13.69755537373284 9.330515791491436 -11.11926746554723
5357 17.93132791183237 26.20748128281769 -5.409526452734175
5358 9.142155627777763 35.84189072922203 -12.27997702714041
5359 -8.80908850678289 33.90460739668838 -10.82757442101886
5360 21.65089735280832 23.66682511123871 -7.560478429638446
5361 20.85645413477462 20.2193138743235 -0.9373855632171688
5362 6.267827798793351 39.78286294999864 -16.90249369490776
5363 12.87138305775167 34.12865219580484 -10.6537624508916
5364 6.051520899046354 48.43556907048567 -1.924012661126012
5365 -0.116768276244402 41.01673508377879 -14.77697506019286
5366 5.201180904780793 46.64459045101563 3.449354956887056
5367 -15.38396402550069 30.96550861536753 -14.16441402504102
5368 -3.061301629319237 41.84203934858318 0.9977322280814072
5369 16.94271071511343 32.44051662085056 -13.39382087615029
5370 10.90682401287136 9.067108586621789 -10.24835220510522
5371 -8.565437378096306 2.244389136941205 -11.4287250244153
5372 10.97852607203083 6.492444113677744 -14.04131936557198
5373 4.746859036769361 33.94275779735342 -5.227249634068691
5374 -1.544592902052342 47.76410959578291 1.697860436592332
5375 3.28435096983943 15.87881973144078 -13.44135710320842
5376 15.70441804907062 32.89638773067021 -15.0678187854904
5377 -22.279675552487 20.26639200736873 -7.266286197503657
5378 -7.757063056450856 5.28242054591976 -8.735066335944486
5379 8.037623356387636 42.47017205574699 -14.76410328124246
5380 8.370525329044387 27.48141313436921 -9.513638711765198
5381 11.22256599018431 33.453444251824 -10.96364532769092
5382 4.521919829096222 29.52486881137096 -5.135549733638253
5383 -5.382403870642747 36.96558602528796 -13.21681002083563
5384 -9.349671110007648 39.3006701657104 -13.08695383327296
5385 -0.7949070921116563 33.90006143010704 -4.186350715145068
5386 13.84641697983277 35.3394306324298 -15.37405778239294
5387 13.00924700233425 17.92072835663018 -13.09947053777917
5388 13.89637640845697 32.44456805335862 -13.24233990887187
5389 11.03962243735003 36.62675468641267 -15.19770543288623
5390 20.86790026290361 26.55760095047944 -7.527037359472088
5391 -1.571365018343304 44.02069400935386 -15.03515814789064
5392 1.429142910052613 45.15078797636658 -11.89290602801243
5393 -10.95030733690344 33.71424739584025 -14.51029699243547
5394 14.12262182277221 36.38816429074024 -13.72124165284387
5395 16.23038964675925 30.13351591201696 -9.978701124881702
5396 9.627244171485216 36.76110129302081 -14.31725876589284
5397 7.932486015107783 32.20525031973175 -9.127267146050762
5398 9.77869918039357 1.63243904662894 -7.527937175374996
5399 4.511589637462663 38.41783089533021 -5.518575537248399
5400 -17.9096639592587 27.52055266664604 -12.38860882331034
5401 -17.54853251295064 28.54059820219498 -13.91455307661974
5402 12.39535715495839 40.21428436191184 -13.38306888257363
5403 17.87999660903579 25.91486725493229 -11.02382606861075
5404 -2.505662968465243 46.70848305601302 -1.22369950436631
5405 10.95713761391502 10.86250975347584 -5.682126060489874
5406 6.783769040020474 6.040791188628035 -29.53091987097671
5407 8.752749538393717 39.88206801929996 -14.94526579940111
5408 8.585978719263377 10.15781614445259 -29.84777944037688
5409 6.18139524687254 14.85737307607989 -26.25688231336855
5410 0.6806221802714099 25.70372240181879 -19.90449527817203
5411 -7.651287494953433 5.333739180884467 -14.53643683051268
5412 6.307748678937273 18.43308876282184 -12.02087881989407
5413 8.963614107895394 8.4048220176269 -11.0426998019952
5414 10.19599366494709 20.83420229614675 -9.035721198002399
5415 12.51193308517567 10.15530243276278 -3.936359839673778
5416 12.57078303107411 40.48663882815961 -11.34196489684057
5417 -1.922641611821162 42.87629070837004 -3.675931563157547
5418 11.87182713055273 2.716096414967822 -13.98828168741687
5419 1.330236064567852 47.83098465944683 -5.769111351419273
5420 0.3269855545503308 12.30625348668831 -27.13919202118815
5421 -11.82610981919927 32.26664675061581 -13.93549482259505
5422 -6.477568933596969 40.72094452274469 -8.66574260951527
5423 -8.355457191915963 15.29804804897235 -11.62425687151668
5424 -19.55731695499968 24.85304211174606 -9.134311707224755
5425 18.89695818664962 27.99643152432479 -8.927149137983486
5426 -11.24092040042414 2.372742294675052 -8.591724805401073
5427 11.34950106492632 13.80795119118833 -7.597159925132855
5428 9.678842217204997 9.992857869101289 -5.838931555754766
5429 7.835630846555717 4.430023222033595 -34.84018526658309
5430 -0.8544027279152923 31.24229926483886 -20.10471585388593
5431 -1.976545839847756 48.17089475244468 -0.9889620539944333
5432 -10.70438259361613 32.62966519764139 -12.31746534456412
5433 -7.391307544990434 38.99963620134394 -11.78841948116611
5434 6.010573173217452 25.1304281846853 -20.19258965088173
5435 -17.23893412461012 24.86393721315636 -8.653955883922192
5436 -0.9028271598163944 41.645797327582 -6.340913153971444
5437 5.189567641565096 27.27182825485111 -20.55568682655392
5438 -13.19325728403486 30.3094971063224 -13.24976888412632
5439 -4.768622212195639 15.78548522052678 -18.11468152024631
5440 12.82787670098509 35.85353254192404 -10.14308416115848
5441 7.881302480857967 15.38677762518668 -10.64035784683284
5442 -1.268900715913662 37.55160950903066 -6.491002836812409
5443 -2.759028924671629 35.02499523614946 -16.89173931801573
5444 -9.620944985368869 11.40597324963047 -7.555654353237216
5445 17.27589029099448 27.39688905791877 -8.345484839220337
5446 -5.890715262357038 23.40268842104783 -16.68823213890695
5447 4.79399149773613 10.39076717753785 -23.39182275690802
5448 -4.894822767372856 9.886621606604741 -12.83027916076231
5449 -10.84551257332433 11.28961645929536 -8.935783773647731
5450 -1.254427024044146 31.75418080498377 -17.80603426898392
5451 7.683915869074429 40.98075709153076 -9.203257059219572
5452 -15.68668186511207 30.20258258784349 -10.70152049727637
5453 8.923839236273398 24.84080485562014 -15.24176523322853
5454 4.261848050134606 17.19289598347727 -11.37309058600288
5455 -2.263495073498969 39.17349516700865 -6.26320684092338
5456 14.68110255394174 31.64864097317837 -15.58653696720848
5457 -2.988716852320518 39.35729665154759 -16.57062540436612
5458 -11.47106826021111 37.43328436311104 -12.96162140287611
5459 9.433904235026493 33.52204354300281 -11.61411788292418
5460 9.76273263112726 1.928257081849111 -9.260418340122481
5461 1.551051164185225 30.52500390922026 -5.283988341876189
5462 0.2877257646464464 14.8900874569628 -14.92043025658913
5463 -8.829453343606369 37.8287593236498 -8.120742513445688
5464 -4.988206452127574 24.97916376639451 -15.73360376015066
5465 13.96530894421157 35.25360236064663 -11.19003556403626
5466 13.30274667922717 39.6339429213207 -13.00826481572712
5467 -3.820393893396223 26.87399754897465 -17.10902668024665
5468 -9.102465581609986 10.06196820997182 -11.78155308914485
5469 -8.818738582533509 3.214219588222108 -13.50761903661288
5470 7.997572960813864 23.8356492023867 -18.15655832458767
5471 6.027054369004794 26.95988363926114 -18.55417660147632
5472 -7.62592691959186 9.378106033734369 -3.908848114895356
5473 12.57708796582956 31.73924784921183 -12.57114508980822
5474 -3.70083489561335 45.09074951084083 -12.70906699324252
5475 9.395049725522576 3.55500688963109 -12.11233581487556
5476 4.812544276389056 47.40398797308627 2.368366780595077
5477 6.861243692835817 29.99322646759572 -14.23050501826166
5478 14.16235137125642 33.17625955914728 -16.66821689484332
5479 -3.799276277550919 28.6779858330424 -15.9090801136924
5480 -7.540872562573879 8.843352795453701 -8.897656180058348
5481 4.892592108341141 47.9547013748616 -10.81379861599143
5482 5.679530581095454 33.09096735145569 -17.72396822940404
5483 -17.75280318148689 21.8259240299399 -2.917237349960983
5484 -14.5100688388048 30.84912345103874 -9.293845013861148
5485 -5.844502244929853 15.73142400339384 -17.38629612922896
5486 -9.761711198127918 14.75750637844171 -10.40554037470355
5487 -14.29088711701064 33.16666752698246 -15.54835781992988
5488 -3.771811348609776 33.37607846089156 -16.46887834314166
5489 -13.27323970297138 29.72273631976452 -10.10894727378905
5490 -2.066286704788345 16.91755047145636 -18.65745508787459
5491 -9.813011108315754 36.76986009418249 -7.974974540849836
5492 -2.470069245790341 33.5673128824956 -17.24459882453732
5493 15.00985860324021 9.656140027120003 -11.24848960886776
5494 9.160832302408073 34.92718568175296 -11.03697617422018
5495 -6.540889911084857 39.15282848799259 -8.032466879472675
5496 -7.0609217331635 34.01165784324098 -9.823700695389705
5497 -17.90816461458604 26.32375608380661 -5.728038460493551
5498 -18.86465664336912 19.84093326667328 -6.502346853702019
5499 -2.703057948639079 41.28086524819625 -3.429552690041121
5500 9.381977883958145 2.776382414405426 -7.462863470374411
5501 -7.323725960432824 39.87221170573076 -12.95335603682359
5502 8.742421546851347 40.42586609335163 -10.38199567745448
5503 -14.65577339675484 29.08097578434714 -7.776496350368368
5504 -17.39675388870916 19.25591175975389 -5.908487921387338
5505 -0.01983751577528525 43.66161830738132 9.692874845036142
5506 5.698066833009634 27.64288324947226 -9.481069982502033
5507 -11.39786586807107 10.58421664801596 -7.955546086092678
5508 0.2555583616943362 41.29649249407854 -4.058562434193888
5509 -11.8131037608523 30.12188965843479 -12.0445938368076
5510 -9.2417013844866 15.92141666115666 -9.013830483225588
5511 -10.15954471849976 14.09275225637994 -11.29164986432606
5512 -17.83490172527272 25.62926612589837 -10.24609270549725
5513 -4.692163942476285 29.65049836479463 -15.58018537552406
5514 17.98239709943366 26.93482862548309 -6.826431969126795
5515 -13.05586329953823 33.02082631762038 -10.65632620611895
5516 0.5992057372265458 41.67863750477831 9.716909476547684
5517 -1.575024802711054 23.74562352822938 -10.26926261503859
5518 2.267831487703297 39.33972310890163 -4.085948930770992
5519 -0.2286098928674896 42.34313644126717 9.1201145570611
5520 -14.70135782644539 33.4203019757215 -12.16250041730811
5521 -3.046357443833139 42.39476387607191 -13.18375372411053
5522 8.907142106841254 32.29341688611667 -9.807089255949242
5523 -8.949261248677725 35.70017352317402 -6.985305494474387
5524 -11.17020264859138 9.729293047754455 -11.96487682582294
5525 10.19095756616784 32.80033270448421 -13.1278740049006
5526 -1.450962532468221 44.64810097407302 -8.830355836147829
5527 4.906392573125558 48.23433684670551 -5.434966572028681
5528 4.539047869275233 22.6589747027956 -21.12065808911463
5529 -10.13952600762217 40.15284898103178 -9.840088300124988
5530 14.52403042269081 9.501414276133033 -6.848248089135677
5531 8.765423620391182 42.48859220795041 -12.44666366774953
5532 1.685659010686406 44.75703940552243 2.357808748503489
5533 -12.25762942103102 32.18407831328903 -9.530339525054069
5534 15.47189036585276 32.45759206205356 -16.5672612710121
5535 -6.123661562976317 17.22394796072635 -17.27236323077131
5536 8.95615255761864 3.045933986756185 -10.00043338955698
5537 8.780561390504042 23.8117762909133 -12.89539057836579
5538 -9.937141390229119 34.18819367974346 -15.39696896406027
5539 -0.669946068686726 46.15660426254578 -12.70484514702417
5540 -1.02699917686245 41.88628911452287 4.269961759065298
5541 -9.797096638919436 8.663174373747356 -9.348871652435751
5542 6.154609685485471 29.72840909163995 -17.86723646949245
5543 -19.13879691117031 26.14976194143965 -10.39637543384437
5544 -17.112681010836 28.76361266552937 -9.639376966268216
5545 -5.166448118115265 17.23119900237134 -8.277427929177959
5546 -1.782955999811551 43.33907211006614 0.9322178184441013
5547 7.26999330778006 19.62102333519931 -17.61917799267184
5548 21.91259890236355 24.2795924846228 -6.190751121992374
5549 14.03306012246332 10.23952435269166 -10.32238730516098
5550 5.355599044449687 17.1475715437175 -14.22106084771105
5551 -9.439363646195662 1.992774701353593 -8.923282220856983
5552 7.097972332883463 19.89227244741938 -19.62133039675106
5553 -21.76534032664202 19.30903318965168 -6.210309636916954
5554 9.854668242039237 40.39869783225446 -15.37976952620068
5555 -3.314134371698822 33.24023834126698 -17.23799894320027
5556 8.225673491448289 38.81887800532537 -15.36355157286821
5557 2.123798268054224 23.98252010506442 -6.236755046711431
5558 -0.8589812019335609 42.38614229883449 -16.36451582945959
5559 4.734868743341268 44.85185129029153 -15.21428263511952
5560 8.800501359091101 41.11455287783368 -14.41911720840143
5561 -5.74542139452082 20.45343581702576 -17.69616624259461
5562 -6.633595236996608 21.31392032753806 -17.11886283975033
5563 13.21315226261316 7.808429297418789 -4.875204058084742
5564 8.151273996512581 43.27434548805021 -9.976685506862792
5565 -4.122946161390329 27.58576153641008 -9.280242088102462
5566 11.59892924341694 40.0986258211619 -10.35124971543989
5567 -2.131918058742107 24.17863910011973 -8.280746105846498
5568 7.363062340791747 42.36576752257814 -15.84709028095336
5569 -2.809963775953308 26.04664339811951 -8.210333699530521
5570 -1.51194422557506 30.99395919166583 -5.484463194778928
5571 -2.716261514620912 32.47399914875256 -5.580032005008269
5572 -3.553882167222997 43.40527190600296 -3.91272693315065
5573 -2.7503416929414 42.77814884118765 -14.8384417543491
5574 5.675559659882053 47.0651668498196 -11.83521489339877
5575 -8.508826461502853 8.768622209496423 -12.97894009348625
5576 2.447521779247887 34.21534098611034 -4.362939470409316
5577 15.10170804384365 33.20453933741621 -12.93470359379171
5578 -0.7655045811603431 36.16019801246171 -4.310286490173115
5579 -2.136981853112845 35.03508965960056 -4.749270746316935
5580 -5.338379638546082 9.506621081430946 -6.917878769661773
5581 -6.7694438232389 36.98712411040863 -6.748212317900157
5582 -1.594170552528188 47.33672318156673 0.2553038543374648
5583 -10.26053820191705 37.78002927163217 -11.04933273154197
5584 2.038393110848663 12.59320384394502 -27.98913546681815
5585 8.125291348227812 38.62248992525687 -12.45913038141557
5586 10.65741163834559 34.55618962077486 -10.18306440623668
5587 11.91937772981998 5.183067731152536 -14.62430511647412
5588 -16.43689223150609 24.52630281440947 -7.921283923204824
5589 -11.57395224535462 36.06458192682855 -8.710026286378655
5590 -8.058863517375743 36.71484909605076 -11.7178667717864
5591 6.49132512826301 26.29250249006931 -19.65432394194254
5592 5.11298399555377 30.62845851049154 -19.09445840298114
5593 -8.293917120301604 1.900472539749357 -14.38462709613411
5594 -3.537179811716128 23.72932888439923 -9.695840074584748
5595 -4.178695027189529 3.287647612257672 -11.84285169664892
5596 -4.433943077705228 36.64732049038009 -15.04274163838541
5597 -7.966953993190036 41.72287962772703 -9.428330079267004
5598 -0.1788139506315785 44.55915748167185 -16.08880321270956
5599 9.660253878076517 40.9472706419982 -10.35257858623465
5600 18.23251140220139 25.22810419751118 -10.02599299389106
5601 -6.577353142685148 40.93911905470298 -12.88632677784946
5602 -5.764543232630029 2.446253699389599 -7.102973158111349
5603 -7.782240925349809 10.95362369204973 -3.800029005494779
5604 -5.829160961566471 11.30642477298596 -5.882048003020227
5605 15.24161225712866 34.64298404504759 -14.89796187702712
5606 4.747565493786944 46.46679057683642 -14.61208317566344
5607 5.731378444245983 34.9935377373962 -4.673116065776365
5608 -10.61388468709334 39.84273666691588 -8.330457773127179
5609 9.803399859500074 34.8727846433793 -10.36777278653231
5610 -5.76145894440307 8.309610977740933 -5.700068552922353
5611 3.162852887786372 9.059576277460987 -21.91620418188599
5612 9.355830523123867 5.514137446140453 -35.36633386145736
5613 4.710354547788585 41.56365023649403 -4.742072033446162
5614 10.47055241607513 41.24854015250003 -13.17941101295713
5615 7.983675412986294 28.30908360463875 -14.76912860213494
5616 7.381599990103607 43.41941462581482 -13.37218640579304
5617 -2.792914004480774 46.77631500030519 -5.109502200948318
5618 -0.4542120216274904 45.85437689386841 -14.63553205248845
5619 0.03686942345431499 38.46006802800013 -4.440416921674924
5620 1.79492111414735 46.1250640874614 0.1802997320433986
5621 5.015500996030302 16.16507195924878 -11.2058694491818
5622 -8.629682323867785 41.14165533315569 -12.55375372823456
5623 13.84660255751207 8.397932775275974 -13.89148809817105
5624 -8.133519528091137 34.3744509367665 -8.1731382304052
5625 9.870634927282277 21.98561005801578 -16.84571311299035
5626 1.123360209900533 42.94520565488206 6.733245621562483
5627 18.60781713232177 29.63898764829015 -9.115288583832546
5628 -16.21978407490826 24.53292334349239 -9.81462807347244
5629 11.30710971739627 3.788709792975198 -14.97427269686896
5630 10.02938838979424 4.97695990758979 -9.21497182938576
5631 -0.2759614661712538 41.53618572705876 -1.453481905309929
5632 0.01442677397859871 38.08990261099486 -3.277589971164459
5633 -3.244759401047602 46.95613507918404 -7.17399780556763
5634 -10.84800984205269 3.416489931654699 -9.620197718622732
5635 -3.963290052259572 43.15590322197904 -1.125470283265422
5636 6.670578637208011 34.80958195177849 -14.53767625138369
5637 -5.929739455158287 7.062252416884236 -9.653168573593868
5638 10.76044525333625 35.73751779067134 -9.891053786172673
5639 -10.48099637892193 7.535274311249446 -9.128861245632518
5640 -14.85380544383542 25.31381206101453 -10.01775338054633
5641 -7.885419915675827 18.17025495847851 -12.29466182883138
5642 -9.857853388554636 32.96003813493615 -14.01082331611677
5643 -0.04803460838979212 47.3719059474984 -10.78879055326118
5644 -1.708616092937304 45.31238919224492 -14.09379072896552
5645 -6.599769040174109 4.268674882748721 -14.57094564889839
5646 3.815617315470235 42.33955922209719 5.562948370814571
5647 10.47310843583764 35.04363499937952 -15.30154212255188
5648 13.32539701123749 13.92147446878835 -9.542323444611197
5649 -6.169181550062384 8.423092070300196 -14.26292340458181
5650 -9.763258350153684 1.837389997979921 -14.85408941530421
5651 7.303699870083565 32.72051028106247 -14.89187898234415
5652 7.679734865486908 40.83638543930073 -15.68089489804029
5653 -10.47372554239382 3.893685478233728 -13.00711328737837
5654 -18.98413396331803 19.03357077014207 -7.8915835182516
5655 9.357660468489998 9.324749761894957 -7.179530024832566
5656 -14.8600316823337 26.76770270030789 -12.34778327964589
5657 -5.964846633946285 13.54967950606454 -7.773109290562846
5658 -18.07232464036735 20.36335507500021 -3.061224848618731
5659 -19.20200778915702 18.16730888095521 -6.108405876479125
5660 -5.303868816308761 39.28999219062013 -12.54531945090377
5661 8.3235029747269 35.02390552580112 -15.02889828497468
5662 8.101803678479179 37.50542260065918 -15.12703738022726
5663 10.98068941496468 38.91310629619969 -16.27697441156259
5664 11.55420495313409 40.20011835384901 -15.00068950544193
5665 -19.59904169278211 22.76724994970819 -9.139528035930852
5666 -18.72700042181694 28.48019158193841 -12.8030180799658
5667 -3.052286583179273 45.17904842859637 -6.281384137703668
5668 -18.20889087816092 21.21529853193693 -4.026407206189324
5669 -20.37107173610413 21.79535276199743 -2.420368499938727
5670 -20.95788818046928 23.32566249897852 -3.062290231281807
5671 -20.05740502383437 18.13318216355327 -6.15670790437734
5672 -7.892064191759143 8.635595018272213 -14.2983559276655
5673 -10.60398315910501 9.222985567100919 -6.725105449791135
5674 9.691815265308547 39.23994892328193 -15.33823133063755
5675 -17.89062110304756 20.69252196411961 -5.178986744113899
5676 -19.57065005291261 20.43986390798717 -2.424969274507407
5677 -17.84993461002176 18.60043382006449 -7.266834767291935
5678 9.039755938057533 18.88414179939227 -9.888682561005218
5679 -4.588133749033404 23.60037920788526 -8.695706019706485
5680 15.76973583433313 30.89628941269131 -10.99844243344577
5681 -2.04637970005884 17.28225917394634 -15.79463687002926
5682 -20.77725322256095 22.48367907156825 -1.888135438161695
5683 16.2568787637666 31.54107261339469 -11.40604138710382
5684 -16.89730597636273 22.46223562224043 -2.740935262258102
5685 -18.24444805917223 19.28935535393907 -7.700207664160739
5686 5.760257277442164 36.25170770416726 -7.874146566867963
5687 -3.817165198722676 16.24932858145445 -13.41125784641475
5688 18.35711784237684 28.10975430407555 -7.692790580151455
5689 19.82156578327174 22.77403809545818 -2.826296482233889
5690 -4.763935632215247 20.01401004648611 -9.845495300925432
5691 -10.72180480222257 8.911126933042778 -12.77934457405352
5692 15.39784255991587 30.45342452214229 -10.26251334261029
5693 8.837821787921246 15.66309956027348 -13.92813184343655
5694 4.327888822586097 38.74464632557192 -19.1060388030534
5695 16.91826551036905 26.45350765885826 -12.95263585682209
5696 -5.775325738549462 9.92106992755321 -11.59447200023848
5697 -5.85390142796912 5.404555446325228 -13.82332651841705
5698 -6.584344251255468 11.19064208486967 -8.546969539985573
5699 -12.32420237759806 34.88444930870247 -9.496980277062795
5700 7.999389594676747 19.20555496330785 -18.61885429017693
5701 16.91608657780418 28.96607638778918 -8.91582327723102
5702 6.596511672304925 11.24179613708203 -23.26145746047119
5703 -7.157164307632314 21.01985050958499 -8.874618608402322
5704 9.055932123838707 35.25452634026104 -10.26433217843713
5705 -6.814292920408276 2.40208468329277 -11.71576636204673
5706 8.69628894775324 12.95910104441664 -24.83466702986235
5707 8.204197916656328 25.82223951257547 -11.4401373884154
5708 -0.4953610374960249 19.78801691227948 -9.168385293556568
5709 7.257014046111819 29.01240659253244 -10.10942827960773
5710 -15.5147967067038 32.69189494369326 -11.88635724014223
5711 -0.3761059547349574 43.95374541356222 3.899275757736687
5712 1.063778599627285 15.2694752866013 -11.85996227054577
5713 -13.85320145588788 27.65851164734705 -9.171976145442809
5714 2.288168497798999 13.59115203631846 -14.57504302933785
5715 -2.246089192764784 37.63488247497251 -5.247616607886531
5716 20.58943785666023 27.61399467651394 -9.114733789919098
5717 10.19434386463801 38.67491437603812 -14.24619871458758
5718 -12.56858448233433 33.791473858515 -12.90081338209052
5719 -9.018065996464696 32.69966956828513 -12.02189865464405
5720 -9.035813911591262 31.72783077778201 -11.47147522977568
5721 11.31611366244652 8.127643202155241 -6.57312256920792
5722 12.88540170723074 31.72366986319109 -13.98427168255015
5723 9.313507970934431 10.22059925211643 -8.911388303546104
5724 -3.005178264531952 42.41381060559276 -0.2619144936212381
5725 10.72923567685624 10.5445448098578 -9.619186854048703
5726 5.212328961628757 18.91820238432044 -9.809935487506817
5727 -0.5053473786505522 28.33661921560421 -8.27913073003203
5728 8.826094645376427 13.63091579896848 -10.07464805612035
5729 7.787713790574406 25.53717896564136 -18.27106741951754
5730 15.29002229463224 30.74807323372123 -12.09471183992448
5731 -10.41909277023414 9.818294886970788 -9.894623364869981
5732 6.546546989540406 37.74849023279379 -16.50434432448086
5733 4.084624220927775 37.18548780800609 -4.381829526720382
5734 -0.5529459291594936 49.41264984622378 -2.693431837643887
5735 8.976323674725728 10.27367783081269 -11.98049267053044
5736 -2.468763231148176 34.4646597112003 -13.74232967285764
5737 -4.204798918486979 2.953472622424542 -10.12304082095104
5738 5.966832163592264 48.02793096844505 1.692987588110776
5739 21.99752402854838 22.72983546012652 -3.393691574794251
5740 16.59681641637952 26.56822143543828 -10.22942143711823
5741 -7.30066946460934 17.87526695802465 -15.06714901334767
5742 7.703080243596681 33.7983489558897 -10.29386154672721
5743 15.68362836623128 2.759826411856548 -8.598539785223512
5744 -8.461847676680987 0.8242937073379017 -5.326352237447804
5745 17.67344572841694 29.7103814357646 -8.390294579614636
5746 -9.149209313227569 2.296122050427909 -7.310864449108444
5747 -4.85232073510174 8.877675122163531 -6.008295585067801
5748 -20.8498494695119 23.76155461275756 -9.103658153692127
5749 6.064414822712213 18.83590862017656 -8.638468236895953
5750 20.48826347845267 24.27487717218597 -3.034956233981268
5751 14.03539872080912 31.16965145720276 -14.30005909671835
5752 -11.3655929905667 2.897661163418416 -8.368740463913023
5753 16.73565335935239 30.18503661870765 -8.917939435508989
5754 6.290112863233203 17.25735256996722 -10.73298810527796
5755 9.381557837746398 16.34061634249407 -7.069792863259107
5756 12.35259294424839 10.17454646705775 -10.0106082083604
5757 -2.967920398333779 27.24559203356777 -8.73938630394971
5758 -5.154789668799517 9.802142973626127 -5.42016410217576
5759 -17.15581561617401 19.41532585606203 -6.643772726771341
5760 8.183639787619082 11.70505335787726 -23.61975419682485
5761 9.516044429133665 8.177493433304353 -13.06453059278991
5762 -2.448337977185166 18.25672498291935 -11.30900847014835
5763 9.518299948510659 39.72365386081859 -16.09727594417935
5764 14.65547136709237 8.453704677825755 -5.853999699530302
5765 15.15310651334498 4.69413353299761 -11.32545246084272
5766 10.18354174776243 34.93393919282966 -9.713397126897554
5767 6.468575336468898 48.00181219065454 -8.207459286935197
5768 -19.97048436849263 18.98579568749309 -5.818456316062603
5769 -9.964168974008501 8.233190730358904 -7.794927895810664
5770 1.112670991117824 31.2877889255554 -4.164012821798729
5771 -3.945808599418838 15.14340237847142 -15.06889418424147
5772 6.901930541758383 21.1603686359679 -20.89886517831672
5773 4.260487390016793 47.66909429650112 1.798787294759219
5774 13.46451726418922 2.203656182131818 -7.132352834234234
5775 -13.18784445832512 34.84749959279193 -14.41725733772459
5776 3.965118204470556 39.01230125177729 -4.055164374214401
5777 6.087715298660119 38.33398857152283 -6.607117833757167
5778 7.982344775033917 2.966553825641145 -10.46046090997028
5779 2.478854925647004 29.81961727608165 -4.414160586245396
5780 -10.28962357096874 33.43202792955312 -15.6130623426306
5781 3.769456591842732 13.33598211305987 -14.30415837572376
5782 8.348059859889673 36.07356438512154 -14.94710368173132
5783 -14.27779789114503 33.50687834946447 -13.76423210115228
5784 -5.320051082205698 2.472659182850759 -14.35150074753049
5785 10.34395719512602 21.27930212293235 -12.22554230255852
5786 2.073169140986977 28.66472196913375 -6.935886806356087
5787 8.230788677451487 9.272090907307648 -10.36578336431051
5788 4.358240979048833 33.01036923706376 -4.045425373133694
5789 -3.545729183934027 26.55129892907856 -13.05824904320584
5790 -18.05483974830169 24.02080626224046 -7.777988377182702
5791 7.064918162660774 16.11584531413109 -15.28622910173424
5792 0.449958137954211 19.35617951628296 -7.097513282699341
5793 -16.32725466231853 27.35881795034507 -12.71132423989662
5794 -11.10585129168222 34.77115397548845 -11.2071383076877
5795 -5.567851246856793 9.656076098115024 -9.198457630998501
5796 -18.28463944935447 18.60973993981506 -5.586851757836048
5797 9.144035174690016 34.16385551790775 -13.52725542875022
5798 12.60988858281512 38.86463450998192 -14.44186450684222
5799 14.6075567564856 8.073592643933296 -12.18349313040089
5800 -16.20321551260695 31.56672446598155 -11.85223733048963
5801 15.2491347729641 24.96455341499607 -4.222688088024896
5802 -10.79053787380719 35.5270719760459 -15.51339955570245
5803 -10.39247276344704 37.24086765291089 -7.720129679782038
5804 -17.11445726647921 25.76544044765817 -5.45797225082626
5805 10.37741782010161 9.833488624972004 -11.48656952598833
5806 10.78664595933189 14.9291042934257 -13.14264475272781
5807 1.642372987252965 32.93327240794482 -3.819986151432314
5808 -2.054211688186291 45.75108075628961 0.3747679550879768
5809 7.226150564259948 31.42781854243531 -7.525462494482503
5810 5.837503998296111 47.87582666152853 -0.1538894555184118
5811 14.38699042056674 22.60224726856886 -3.873876710206411
5812 4.346663485851978 40.91657035939192 7.738612013861473
5813 -0.4817150169392883 40.2281144661809 -3.663652777441639
5814 20.92437174572031 24.37866263089154 -8.866763851232923
5815 6.478937712726764 5.280474278036088 -28.81045758722151
5816 10.31890870926713 12.48331404881311 -9.42787981345394
5817 22.18177697634598 21.23194661353563 -1.747498523484156
5818 -4.905173089768751 18.81517157538783 -8.704311127296739
5819 6.545116017145702 42.89119631036678 -1.316673666599972
5820 18.90798072075475 23.08011047394004 -0.9130460540687961
5821 16.95269753083059 25.43663687941067 -10.10682447288914
5822 8.881291872584594 9.207476698199843 -9.368405233336482
5823 -3.181025808790842 23.03078390270667 -8.351095879276729
5824 13.37342432021815 2.243149644537665 -14.46833469728968
5825 2.8178750574224 25.87144289341234 -6.624296581424222
5826 0.4027652069008256 9.362155885090264 -21.06220922955366
5827 5.476422452658857 14.21190714817332 -16.95599697382502
5828 -4.434401242916021 40.12540712595327 -7.623113268784506
5829 17.49977892328137 25.6825460929938 -2.950210270627917
5830 15.5139777138772 7.918198734917088 -10.9816657019254
5831 -1.159770117812578 23.07611993614718 -20.7489808450438
5832 15.69778321431457 3.159837735416569 -11.32137197992974
5833 14.4558453193564 5.320644990867404 -12.90126404321635
5834 15.03786419313211 3.814591610078842 -13.09199793101619
5835 14.79032181828693 3.570322918248031 -8.929690861630831
5836 18.99614803107128 28.23879927979704 -14.47445187580206
5837 -14.03170690727279 35.35440128156888 -14.24932849232185
5838 14.91933960158113 1.378338334270294 -8.205310297239571
5839 -5.838838344063108 3.451607124846241 -14.50482400407909
5840 6.958954415991252 35.86630642211629 -11.27100690095991
5841 4.671280311783717 48.54047056405924 -7.055121106656272
5842 12.2272263659647 2.311044757718661 -6.968845196000498
5843 -18.82087500202363 20.43196860669826 -6.965964854585169
5844 5.419741288959865 18.74152791855371 -7.638307557274238
5845 14.51918121247413 34.8953598714653 -13.67648965998249
5846 -19.65626615583801 24.18782145894144 -8.105097499893631
5847 14.46365618853166 7.591002156157262 -4.874047418248933
5848 11.92517477152324 2.289298614238861 -15.58676031326726
5849 -17.01590702360862 25.64432062998198 -4.92879678875937
5850 -1.716864445618668 25.36504591532699 -6.848665885395715
5851 12.22863210463691 11.96587754848363 -9.126728997315666
5852 8.839744689363739 4.909950464836323 -11.81969447790305
5853 5.184916200957284 7.051639934969595 -31.00215860409072
5854 -0.7187934186089129 16.57791267836169 -11.57302659222861
5855 17.2870054384694 21.74748707365568 0.1353064303350615
5856 7.467321131225168 39.04338140279952 -16.83444460246634
5857 13.4310761001971 8.750641429439671 -3.774697650524299
5858 5.493746567283717 17.30912041370711 -18.80662041069916
5859 5.573280453092407 40.5976034240142 -17.90690009352705
5860 5.273653210184892 44.78113611268214 3.451078234046447
5861 15.79461346339559 33.52808913687212 -12.73838090021805
5862 12.18221065872868 34.6560157579373 -16.47796392267901
5863 15.68669279035707 32.69750041829803 -12.57618296281603
5864 6.587617025480205 42.69559452207841 3.44968647481643
5865 -14.99675915415635 31.94938863691651 -14.77893849517766
5866 -7.120210786235541 41.76026483064485 -8.539026724519033
5867 8.965908393453539 31.31790415867529 -12.21397755693307
5868 0.6661634845702997 43.8175953632451 6.136916149988069
5869 -1.527629737573499 40.9385603542742 -3.759902190578737
5870 1.532662792659606 39.32002455205748 -3.025171703876279
5871 3.11353035136445 41.63475048601018 -2.339503221703972
5872 6.416534189622102 42.96441216251515 2.037960940955458
5873 -18.61311561782194 23.11053404079642 -9.016039554241047
5874 4.85933393169796 42.17069533778604 8.715784350524135
5875 6.18607063674858 29.00987377847142 -8.536234551509773
5876 3.148706428482412 43.08527961012037 7.648496401436759
5877 3.177121044349141 46.83872829930059 0.7183508404476715
5878 7.215816194528879 28.78045683977609 -8.667932352951347
5879 17.81591106792336 31.31070596478842 -14.57625245355417
5880 15.17303136443095 31.85337262324652 -12.471402778039
5881 12.7305407670484 19.79168124487223 -12.804202809737
5882 15.68233732028457 31.19109208245294 -16.29943264485624
5883 2.449808088774528 48.56000768664274 -2.91387000066185
5884 8.978271939124291 37.32263606113503 -12.92140314056069
5885 -15.91350146521275 31.93362676501321 -13.72866005348162
5886 7.247963098845316 44.9593214604385 -13.57197953198089
5887 11.26738457131811 36.57596984901167 -16.70879392375518
5888 -4.244538329545744 3.182579227995713 -9.316777405985677
5889 8.952013056907086 37.96853741464632 -13.73775107375237
5890 10.7188456387309 37.44685638288057 -13.42769938905213
5891 6.06816616506386 44.96666709059662 -2.837345272521697
5892 7.475568644566474 46.83387992082928 -6.655113992868992
5893 5.704224042932797 48.77799137936142 -8.070219133681645
5894 1.227556735969706 34.14182798549709 -3.490834142459126
5895 6.077247856230254 48.21741073763244 -11.4261208734203
5896 -4.095904983878264 25.65624723484536 -9.850688990950939
5897 -8.232378538136008 12.01809868142753 -9.122535591907479
5898 -9.68432122946521 4.349786414084717 -14.10196382634236
5899 -15.65869935920208 26.59406740870745 -13.02989670798508
5900 5.201344880621564 20.93949676045968 -22.03428885491583
5901 14.4150889641663 33.93517879390249 -11.33989272019632
5902 6.689701187436555 35.79916227568272 -5.729010040409381
5903 8.636926956141755 44.42436566231783 -12.98286236039363
5904 15.95812020924227 36.06233996066617 -16.78285756488043
5905 14.82682855447694 29.42072476431864 -15.75283130641993
5906 1.868406663817415 42.70297514567055 8.799847119080132
5907 13.24465583689597 36.78847964524205 -10.83860307001819
5908 10.27413836753971 38.40300081457369 -15.40924060140891
5909 10.47048500329058 37.8754471732878 -8.403969873627448
5910 -1.174812669029552 15.09486177779164 -16.65223013651141
5911 7.976710447607402 38.60709579285984 -7.387744975944689
5912 6.87376567929712 37.6325855591262 -5.929097027543624
5913 -5.383658644164682 14.24768417517238 -12.92824289726279
5914 -4.563529757746032 5.981629755870598 -10.63631635375361
5915 6.133539780941198 29.46348802221169 -6.949045822614406
5916 -4.423246823936875 4.61755276804206 -11.69661227407728
5917 -10.07059809591223 40.62241146552837 -8.582521316302261
5918 4.438775867081008 11.52117056963672 -19.7829653924286
5919 -9.78252900821302 7.407341583573798 -4.823517036829346
5920 19.96388852533258 28.9064762393352 -9.274956982421228
5921 14.64730498126973 30.53441817730272 -15.68764325435269
5922 -5.969516385771827 12.78451606715124 -9.667385659300724
5923 -3.700820130562872 28.94563712850245 -13.61893578941784
5924 8.964480561838593 24.94517219475647 -16.38861905525749
5925 7.933742779582394 37.77872477669257 -9.36064885437875
5926 14.90167790353721 2.00690485778485 -10.1040522567499
5927 -14.58193574945578 28.87523605094343 -14.09780672959241
5928 -4.024009573517964 3.986241462777973 -11.61251244802728
5929 14.89873356134651 6.509758093315257 -11.65252790513631
5930 8.884243858164291 36.16253036524422 -15.18340114878324
5931 -8.833863769046525 1.964268904474491 -12.80779622558782
5932 7.740789103060875 31.23242510654011 -8.58811182545244
5933 14.71804530024315 28.34320200494096 -10.6875122606817
5934 -6.243703750704917 10.70842002391345 -9.805677898427035
5935 -11.68522797831332 2.137244853221447 -7.521575137338298
5936 16.47149326126141 25.65143473905211 -4.960985205074239
5937 13.26650622885288 31.9762971882242 -16.01120376415652
5938 -1.016452184079889 14.73812787004352 -15.33257259669973
5939 8.948727339457321 4.021576636993798 -10.80375955896041
5940 6.794087105110544 41.89808105625004 -4.315654330228602
5941 -4.66023359820757 5.074641514830571 -12.7866230406255
5942 10.1814228578102 15.79733303176877 -15.45291033649551
5943 13.95934217467261 29.6089724844584 -13.75503081706212
5944 -4.286209903789461 43.9531051535706 -1.339826857485314
5945 8.322727688804012 34.06311713297995 -14.63566231312817
5946 8.767034938781149 26.72651786657949 -15.49454853937686
5947 15.85880256355482 29.97443359706248 -16.23592497843208
5948 14.32684875018731 5.428749306903799 -9.204291862816918
5949 -18.14736402402872 23.05581059445978 -5.815185858549761
5950 11.83343236518483 1.267374293975876 -6.945643382593031
5951 -7.479093343882131 36.00719452906213 -9.17524240216532
5952 4.757959100782901 49.08956290933435 -2.581558105248315
5953 -8.585950486633385 34.49294812097088 -14.91133002294382
5954 14.51234833030574 10.32958010598803 -8.815155497786833
5955 16.05042907233313 33.97101974494569 -15.47988787667362
5956 0.3260115268485959 36.55684633268406 -3.555716824594341
5957 8.013650245504508 23.3918271678219 -19.75154158509665
5958 -2.658982524925447 41.70558683303796 -1.776423066559744
5959 16.85609160522533 26.40668939919987 -5.24626949776597
5960 5.215467770729363 5.246152891915107 -28.84531127151889
5961 -5.053909113659057 38.58250859946155 -7.549364292794248
5962 12.40582353453706 14.49276739404825 -12.7670951543651
5963 -7.538484223103433 35.3694443499248 -8.20825754941251
5964 -13.52610372097301 29.47730191509824 -14.07113386510107
5965 3.917349100667803 35.40881817498799 -4.32197839529812
5966 -10.07011537950833 31.59269679612277 -12.12470799225412
5967 5.058342744653531 15.83677460937982 -14.4182125939046
5968 -10.21313263464065 2.985729507930977 -8.695898248621809
5969 8.301241170485543 14.22685418814024 -25.91620165302053
5970 9.930178706392271 8.288399587030312 -5.190484873477402
5971 -6.661814978721329 16.2455839943327 -15.76291751436648
5972 10.57207171092297 37.03034074869308 -16.17542264562487
5973 -2.973743207311352 45.37598493283695 -7.628819734229585
5974 -8.441083247286988 1.50682963526967 -15.36582398010217
5975 -4.407122466653874 19.68071322499785 -18.83088024188072
5976 2.563704684479975 14.60260234117716 -27.9328012417931
5977 7.474765724483198 46.20925102191038 -10.51677418544429
5978 5.808396193538294 10.48410382422945 -31.94681165364772
5979 -0.09575739243595616 26.79881224690845 -20.82265531148416
5980 13.41334984660146 10.41678377498028 -11.25120147849023
5981 -16.37194005037965 28.58703165906726 -8.026076399878242
5982 11.28875156961552 5.087371870543034 -8.446617143440118
5983 -13.86442499081064 27.75150085577325 -11.06693843051213
5984 1.066401223042377 13.89828532727676 -27.82800193780014
5985 11.42331492814449 40.43919050924021 -13.90715199695434
5986 9.734880364721205 35.68608742219352 -10.40760574335727
5987 9.616889855477599 4.620064365006753 -38.81324102094075
5988 5.191821211560571 8.20669255216654 -32.60674880669015
5989 8.687153158986542 7.986162075562412 -29.24005186745799
5990 -6.306460052895839 1.485932068854258 -14.50905307900061
5991 3.890802269544787 9.732593644227117 -31.53990273402507
5992 -4.51901371020318 9.469774482838341 -9.61356780716093
5993 9.173985218368465 7.831658665182353 -32.87909792393882
5994 6.539678690627693 12.47934673726875 -26.90927320240989
5995 6.587135248713761 41.88521043628611 -7.847163997557922
5996 9.437269688418834 12.80666996794583 -7.765856097377252
5997 -3.173334755662331 29.91556550837259 -7.37090017897217
5998 3.573765440322393 8.510872498152352 -20.85803421237467
5999 6.206754019050257 14.88259499733087 -14.97450776754231
6000 5.287285870801525 6.455510170665824 -26.08395478103236
6001 -2.641332125398968 16.28817334624092 -14.59415368537454
6002 12.45697707259598 1.420118569666507 -15.91417545745464
6003 14.05452593025667 4.388864834406497 -14.38825900605076
6004 11.50863327071623 7.821510311340168 -6.340903260458696
6005 8.812402169980325 39.49081909158145 -15.69308773703141
6006 9.425113458001505 5.67110424557198 -10.70904302601655
6007 6.296885567682667 9.4675503572336 -22.84068253189958
6008 -5.080683301277579 41.03859025599287 -11.72550650276609
6009 14.03824305469718 31.15122700346378 -15.19994505926663
6010 13.06060409057987 34.85158087109975 -9.518340666466184
6011 15.48603130894631 3.572096799109604 -9.657882880450151
6012 17.22462088412802 31.35072180251904 -15.90238846529231
6013 -7.214242507010541 41.59939182777192 -12.91773856689591
6014 -4.22406784030139 1.821466369772593 -11.83481875854711
6015 12.06859846454905 15.55641849289544 -14.00912607049335
6016 8.058189141245656 28.85259104561512 -9.469657692509093
6017 8.442279165061857 13.45573240633704 -8.542122734537145
6018 -4.477241020592512 38.00612123143348 -15.33317211424026
6019 11.3306686628061 41.14561055499859 -10.91653112337544
6020 14.70791064146867 30.53612077899642 -12.01072791575836
6021 14.92429080816688 36.22623317865738 -14.93466672323907
6022 -11.53200238217433 31.46132587075089 -13.89204053113534
6023 9.261856261783732 37.19471054443294 -13.69585832529635
6024 11.82312851872194 8.996429614635128 -5.450445593197554
6025 8.554937485440151 31.22278117120119 -10.77173956473768
6026 15.30689279504744 10.17049868411101 -6.358483651809296
6027 8.461059402737201 13.46546912488003 -26.11513780983733
6028 15.69862928993592 32.90499286919012 -13.89673436796325
6029 9.098568104826839 35.47060365385268 -14.21436133812609
6030 -12.59593318793287 33.50248416344616 -11.69853659179931
6031 13.49089474366569 31.24698820038083 -13.0981705009959
6032 -15.02067008780134 27.48981627440334 -7.510780572170765
6033 -9.552294955930824 10.26660067271917 -10.65045653927281
6034 8.817366481429008 36.28608934303633 -14.54540732061786
6035 -18.23912213710091 25.25970286533705 -5.076651532126181
6036 -9.742554631445154 12.26890224432456 -9.479001058394148
6037 8.54571627664814 3.966170948038473 -11.81779737509677
6038 11.22577124226745 2.731227115220193 -11.09648056769987
6039 10.45305972039273 3.103320550106172 -8.529430164381054
6040 -2.007325390814618 23.82368506335881 -21.74250421867217
6041 -5.824399747602956 41.67201168294098 -11.96943085822886
6042 -1.913891161334184 20.88730932151647 -22.3160094250676
6043 -3.395522924602576 42.31390840897602 -1.359720491300238
6044 8.016815981861567 13.22338660702001 -9.499575876340177
6045 14.72617200401309 30.92260072864183 -13.23560558988351
6046 12.39664815368264 32.71158120630797 -15.01807555336046
6047 -6.297381526205179 1.686171485242386 -12.79166908322093
6048 11.30719755007293 6.187854832991792 -10.39670530749584
6049 -8.749599316461458 3.244350890991761 -8.443256138021047
6050 1.417366330629556 33.39708086205937 -3.161824093082084
6051 -1.249793192824643 23.56094178690286 -6.590756285494441
6052 1.63819112218011 11.43251819311786 -22.74376304126127
6053 -1.062813710439087 47.24634053426858 -11.82414519453395
6054 6.295692781536138 21.49333492179435 -21.91836575808559
6055 10.91637542004627 6.72841051163301 -7.688620772819396
6056 10.54910932621823 37.78319066845754 -10.95406045900336
6057 8.371481828534863 3.561900427516743 -12.64878149213212
6058 13.64487892956626 36.79942928061818 -11.77137368871434
6059 -3.876400002278171 30.33669087463838 -14.38808116262208
6060 11.16995957963157 5.860409144512349 -6.918869017457111
6061 16.66636507948266 25.90586648647624 -5.9458526623109
6062 -4.772185662903566 31.20199780212153 -14.24304135154776
6063 -5.04483907414464 12.49228039816918 -6.812532174270412
6064 -5.370091924611594 40.35255293418633 -8.353085705119245
6065 17.09155631642976 26.94845203648552 -14.09429663870675
6066 -2.468179718994747 41.952276842342 1.985162678860157
6067 -19.58001267760277 27.16454042886545 -10.22578421288631
6068 4.672663017950144 41.74177529382795 6.665075958216225
6069 3.77822500691797 46.36499701525481 1.83844169035484
6070 -5.296047178889883 4.644469834719136 -9.392440215212343
6071 5.730013660956272 45.99567071988614 -8.171049267286742
6072 15.45770059332395 29.62196740967515 -11.44765755936193
6073 13.57482586383358 35.55901373142132 -17.1185053418188
6074 7.196488275542479 17.66498973523461 -18.7339886518185
6075 10.47641484490845 6.231870390204282 -14.83256010912684
6076 8.444187259516482 36.76434981056091 -10.94578061594741
6077 -18.31837130122596 26.6537537953611 -8.701865564012735
6078 5.095782897420367 41.86218731340112 5.35494470776753
6079 8.41673321675581 32.33253915934882 -14.24645283024152
6080 9.077159499575263 7.633528090312247 -31.01606382479306
6081 6.951835082942476 7.802758562939433 -33.80144426537908
6082 7.229511488374473 13.76400627216372 -27.59305926471533
6083 7.208537273123259 9.582337268708615 -27.19385056837218
6084 -10.88599677977342 39.51006350275406 -10.42432305310349
6085 8.923188876325856 42.8487340205588 -13.30696213851403
6086 13.27382699412216 38.36801449054374 -13.63547882990795
6087 9.448543463580126 20.69091765004117 -17.96906709467814
6088 11.11391731440963 31.92923959238978 -13.30937090794943
6089 19.23682986769977 27.19729792837934 -12.51324901172663
6090 -8.536355573661149 19.07651055860355 -13.991978077092
6091 20.50275210283841 22.92677205106553 -2.386947685143803
6092 5.851523818054059 40.98922043309277 -4.432459726518411
6093 14.64929416654788 8.790456519233693 -9.920246578427527
6094 -10.11451434237242 35.18669529599534 -7.101451250567653
6095 -0.3893447394595433 30.63762762643076 -12.9773150986511
6096 16.44125304162952 33.45799424143958 -14.85984538878549
6097 -2.645941842079982 15.33735723580937 -15.69852343257606
6098 11.54256282366645 37.97640512241613 -16.74097342535502
6099 -6.371464778664897 41.64366965012252 -9.740618963462374
6100 -10.60740204779654 10.52866945754659 -9.365328413822882
6101 13.7365636886102 7.115670183637329 -4.559369023144341
6102 14.42189525975729 12.50909037996534 -9.100927253747004
6103 9.684727313373953 2.2056602297018 -11.19357326952154
6104 10.94960711001415 8.355137980199412 -5.571669201334693
6105 16.80487111544848 25.91535454997702 -11.65350892678571
6106 5.449286344218444 11.51703362327578 -31.76184881679553
6107 1.150743155982087 23.7537257709695 -5.255859160471962
6108 3.44719703909222 43.6835814233359 5.944405462824952
6109 8.581129105838535 7.085334581692671 -11.4266528669752
6110 5.306224927347376 33.69279704527039 -4.217912051013641
6111 9.919270547348443 6.584628551744956 -9.079335135297157
6112 12.92117296307767 2.477410511446962 -12.42746195116517
6113 -8.108596026466223 10.39443614513977 -9.706187772826846
6114 -7.986196977416768 13.49139586126675 -10.85930191255607
6115 10.64394842321151 37.75323803184028 -15.77196805092603
6116 -13.49629526276252 31.03216496421462 -14.63015866579352
6117 -12.20586535095427 30.20259451971756 -14.26368166089148
6118 5.001181434262935 35.42964161933682 -3.854278347802899
6119 6.039177052838527 10.687264274104 -29.30799643228206
6120 -4.447517576194405 30.26607251734071 -15.02927242093144
6121 -14.29165668598955 28.17646338454862 -7.944588462882817
6122 -16.28042003265508 31.12681529798483 -10.00588860992841
6123 -12.94810123393284 31.57679167105994 -15.2087936695672
6124 7.245261836897186 36.29562203516793 -13.24495884668874
6125 13.88340225824495 35.63390005285581 -12.44623045814549
6126 -19.58788399229964 25.0887509213976 -8.250560345501636
6127 5.730057779720133 31.36398046079963 -17.3429594820728
6128 9.34811623926805 31.69585575003212 -11.73328936313636
6129 -13.36790930564852 30.6912377671875 -9.597035938771661
6130 -1.260927433069321 47.15300952992504 -12.99920777226343
6131 -1.712230679254818 14.59614523552978 -19.99636529605628
6132 9.329319938690297 8.86841186659276 -6.136791232578543
6133 1.23698609042408 37.58121017373577 -3.642767228371542
6134 17.72305564826607 26.98020009814798 -5.916429023602145
6135 1.36412488558437 40.80622944328766 9.98575349178914
6136 1.852260469503921 45.93458306954692 2.647207429680363
6137 10.36902564275488 7.522091860237778 -6.1885408172752
6138 -10.99970918531614 36.38035880444657 -11.43036416172057
6139 -14.08341237240184 26.05307579958018 -10.99914036762033
6140 -1.818994711839824 15.65316011554534 -15.0123673004428
6141 -1.742587213959406 40.76845730374283 -16.82308329539861
6142 -3.551099174029202 44.53004234992903 -2.742510473153987
6143 -3.403592152091708 42.22962284860929 -15.58797447951274
6144 -8.27263505629027 9.302475463269493 -14.04961146676805
6145 -15.98031409576793 24.75984438639745 -7.170114306556491
6146 -6.475164762937442 37.07764463679077 -11.98932201711901
6147 -8.289486213835231 36.02390787982228 -13.29448682125472
6148 -3.953373782226595 41.30062338333242 -14.21672496212997
6149 10.94237052266521 7.31892105357505 -6.931706400646418
6150 13.80725498247854 9.746045634100938 -12.82300858069521
6151 -18.57662029503961 25.89895461644634 -5.482743812230455
6152 -1.373589389748911 39.50794329966924 -3.493518446087716
6153 7.110821688870165 21.05802322669499 -21.8008768014425
6154 -7.649341015928691 3.334329248079551 -15.34319338241295
6155 5.287471538861427 46.51962181215248 0.8824066505445323
6156 14.78798306107892 13.52764213966021 -9.763156812824755
6157 20.60795094134646 28.47636323867122 -8.744821017076102
6158 -5.152581624795238 13.74514860931793 -6.833042656649405
6159 15.98700908864555 31.88439346277921 -11.58186049340535
6160 -5.054539094447496 41.49071553835868 -12.70931973676973
6161 -2.225539623212523 19.38763786243143 -9.201098444559035
6162 2.197584277968867 14.80305933284868 -13.62828995994684
6163 9.288110683899438 38.7225077477126 -14.59724767879653
6164 -2.781888556615939 30.27787360645197 -15.93533459509061
6165 7.395418773867609 19.09769506556628 -9.627251461731488
6166 5.40763354930264 17.56853834181569 -9.148291863913109
6167 8.557247320149946 8.421559780750849 -13.37303501159891
6168 10.58451486733438 9.224727464829662 -13.29196661668064
6169 7.912466733003609 21.80975580989303 -20.54405831506176
6170 13.97836941464851 1.580215910653419 -7.796263292221046
6171 6.691775260771074 43.10566145637743 0.3648474896041991
6172 18.21900444457685 28.76186232693032 -15.64328820673496
6173 -1.382485993885412 38.80398952731185 -4.831485780303316
6174 15.02201934921219 33.17592369387669 -11.62530579235735
6175 20.79271513702939 29.53209052752206 -9.420061255872666
6176 -9.601677371189107 32.57362967445217 -12.98077626865376
6177 3.903506658760259 44.08601208248375 -0.01418407096341978
6178 -10.13249732010228 38.99074514371631 -11.69812345780717
6179 10.15385106862492 2.632782509723131 -14.42321969401925
6180 9.558344669555215 31.40716398924121 -12.21433953096662
6181 16.24495439554736 31.26694409372315 -12.55325239127786
6182 8.801019997953258 16.8544411174621 -9.249438357980983
6183 -18.77265724989456 21.28020699095856 -3.860865147790029
6184 5.845293482523688 19.32351920027143 -6.908483489844442
6185 -17.72550075109536 19.16101438354469 -7.505688416983029
6186 8.454171680848232 18.06312929678803 -17.46925655401603
6187 -0.7966523414346334 26.2741153855182 -9.942583062007822
6188 9.090378895607277 18.23435535247697 -8.346439472218318
6189 -20.29636966214301 19.07833490528812 -6.341573943238508
6190 8.522910040010526 22.21077048482048 -10.75159484045301
6191 -5.080048799427564 26.72435235472409 -14.05900934039071
6192 -12.4676852692848 31.65420820052455 -12.46389910983543
6193 5.162120733603468 39.83059111254958 -4.468294033467752
6194 -1.032907193819011 39.78206958789434 -4.4942128878706
6195 -20.17528326551454 24.05048635317226 -7.010953748061556
6196 13.9055687085523 5.694488440742996 -14.07659822011908
6197 11.34348061120643 35.3957794764866 -16.91379106656793
6198 7.524782903843406 44.34268487053897 -1.339915638554193
6199 -4.683546577706968 13.35309101334729 -11.63086225242176
6200 7.794899437053662 42.639503395145 -3.084756457345931
6201 11.21152456802947 33.65835396001156 -15.44796518449222
6202 3.958747153349834 6.63575162790123 -25.47610271561803
6203 12.64095984203496 1.418320738723765 -14.81515863515163
6204 7.936740817971837 17.8709150644568 -9.46192924363149
6205 -15.46024921275623 28.29465218590178 -7.13700233203525
6206 2.788555423789997 46.4384841069875 2.149193059520734
6207 14.86629508199076 29.29367296918396 -10.75985733874248
6208 20.45700089005867 27.29553833669579 -12.96420558367127
6209 12.18669217941021 37.30375672406331 -17.40279446277459
6210 2.107281648892264 43.9095608678647 5.6921968935449
6211 17.21761474145089 30.02007039684667 -11.6590000358968
6212 9.424966839401529 8.464033579930033 -6.932770324525759
6213 -3.818971898243897 42.52933018208454 -14.26709254717511
6214 -3.133853221963827 18.25695158875102 -9.86757158641022
6215 6.279714619822066 47.13786426101564 0.9936759672690363
6216 6.315158349224705 19.28797820532114 -22.35019641873141
6217 -3.274211773086567 20.9073833701382 -8.924578652080669
6218 10.40400995155335 8.754620480749875 -14.27430559203388
6219 13.55723088072359 1.751545345100332 -9.311116870748998
6220 19.42267267865302 29.26833453902698 -15.59559766370514
6221 14.74351087619398 32.36308453910643 -11.44786276903815
6222 9.276844922493881 21.63692988543465 -9.721298255025076
6223 -11.56836704358833 31.00536895421959 -12.71850716451969
6224 0.04679873165157966 39.50083864361501 -6.565756174258482
6225 14.3039295854607 5.121777159031554 -14.41319094099348
6226 7.89867362715167 44.52109960197438 -2.820442002612891
6227 4.769696450365775 6.947714622996682 -24.33810644946811
6228 20.64152149889546 28.30811795289199 -13.999443598582
